2012.11.29 14:00:00.635,0.33834,0.33876,0.03,0.02
2012.11.29 14:00:02.905,0.33834,0.33867,0.04,0.02
2012.11.29 14:00:03.025,0.33835,0.33869,0.03,0.02
2012.11.29 14:00:03.460,0.33839,0.33879,0.02,0.02
2012.11.29 14:00:03.515,0.33839,0.33875,0.03,0.04
2012.11.29 14:00:03.576,0.33844,0.33886,0.03,0.02
2012.11.29 14:00:05.295,0.33837,0.33872,0.05,0.02
2012.11.29 14:00:05.355,0.33838,0.33878,0.03,0.02
2012.11.29 14:00:05.414,0.33834,0.33866,0.03,0.03
2012.11.29 14:00:06.210,0.33834,0.33875,0.05,0.02
2012.11.29 14:00:06.265,0.33834,0.33866,0.05,0.03
2012.11.29 14:00:09.493,0.33834,0.33867,0.03,0.02
2012.11.29 14:00:10.305,0.33837,0.3387,0.03,0.02
2012.11.29 14:00:10.624,0.33839,0.33876,0.02,0.04
2012.11.29 14:00:11.440,0.33836,0.33876,0.03,0.02
2012.11.29 14:00:11.975,0.33836,0.33866,0.02,0.02
2012.11.29 14:00:12.592,0.33836,0.3387,0.03,0.02
2012.11.29 14:00:13.226,0.33836,0.33867,0.02,0.03
2012.11.29 14:00:14.315,0.33836,0.3387,0.03,0.03
2012.11.29 14:00:15.085,0.33836,0.33869,0.02,0.02
2012.11.29 14:00:23.355,0.33833,0.33866,0.03,0.02
2012.11.29 14:00:23.415,0.33834,0.33876,0.05,0.02
2012.11.29 14:00:24.515,0.33834,0.33867,0.03,0.02
2012.11.29 14:00:25.755,0.33843,0.33881,0.03,0.04
2012.11.29 14:00:25.875,0.33843,0.33875,0.04,0.02
2012.11.29 14:00:27.090,0.33844,0.33876,0.03,0.03
2012.11.29 14:00:27.275,0.33849,0.33886,0.02,0.04
2012.11.29 14:00:27.335,0.33846,0.33879,0.03,0.02
2012.11.29 14:00:28.595,0.33853,0.33887,0.02,0.02
2012.11.29 14:00:28.655,0.33847,0.33881,0.03,0.02
2012.11.29 14:00:28.715,0.33851,0.33883,0.03,0.02
2012.11.29 14:00:29.626,0.33864,0.33894,0.02,0.02
2012.11.29 14:00:29.685,0.33859,0.3389,0.03,0.02
2012.11.29 14:00:29.924,0.33856,0.33887,0.03,0.04
2012.11.29 14:00:30.659,0.33858,0.339,0.03,0.03
2012.11.29 14:00:30.995,0.33856,0.33896,0.03,0.02
2012.11.29 14:00:31.583,0.33855,0.33896,0.03,0.02
2012.11.29 14:00:32.304,0.33855,0.3389,0.03,0.02
2012.11.29 14:00:32.365,0.33859,0.33899,0.02,0.02
2012.11.29 14:00:32.645,0.33854,0.33896,0.03,0.02
2012.11.29 14:00:33.115,0.33853,0.33892,0.03,0.02
2012.11.29 14:00:33.236,0.33853,0.33884,0.03,0.02
2012.11.29 14:00:33.790,0.33853,0.33893,0.03,0.03
2012.11.29 14:00:34.116,0.33846,0.33877,0.02,0.02
2012.11.29 14:00:34.565,0.33847,0.33888,0.03,0.03
2012.11.29 14:00:38.480,0.33846,0.33886,0.03,0.02
2012.11.29 14:00:39.011,0.33844,0.33876,0.03,0.03
2012.11.29 14:00:39.285,0.33848,0.33887,0.02,0.02
2012.11.29 14:00:39.825,0.33848,0.33881,0.02,0.02
2012.11.29 14:00:40.305,0.33853,0.33894,0.04,0.02
2012.11.29 14:00:41.300,0.3385,0.33884,0.05,0.02
2012.11.29 14:00:41.475,0.3385,0.3389,0.03,0.02
2012.11.29 14:00:41.894,0.33845,0.33876,0.03,0.02
2012.11.29 14:00:41.955,0.33847,0.33887,0.03,0.02
2012.11.29 14:00:42.405,0.33844,0.33876,0.03,0.03
2012.11.29 14:00:42.585,0.33844,0.33882,0.03,0.02
2012.11.29 14:00:43.275,0.33844,0.3388,0.05,0.03
2012.11.29 14:00:43.495,0.33849,0.3389,0.03,0.02
2012.11.29 14:00:44.355,0.33863,0.33895,0.02,0.02
2012.11.29 14:00:44.475,0.33863,0.33901,0.03,0.02
2012.11.29 14:00:45.475,0.3386,0.33894,0.03,0.02
2012.11.29 14:00:45.540,0.33865,0.33906,0.03,0.03
2012.11.29 14:00:45.596,0.33864,0.33895,0.02,0.02
2012.11.29 14:00:45.775,0.33864,0.33904,0.03,0.03
2012.11.29 14:00:45.989,0.33859,0.33894,0.02,0.03
2012.11.29 14:00:46.115,0.33864,0.33902,0.03,0.03
2012.11.29 14:00:50.904,0.33857,0.33897,0.03,0.02
2012.11.29 14:00:50.965,0.33857,0.33889,0.02,0.02
2012.11.29 14:00:51.788,0.33854,0.33888,0.03,0.02
2012.11.29 14:00:54.345,0.33857,0.3389,0.02,0.02
2012.11.29 14:00:58.369,0.33861,0.33902,0.03,0.03
2012.11.29 14:00:58.485,0.33861,0.33892,0.03,0.02
2012.11.29 14:00:59.145,0.33863,0.33903,0.04,0.02
2012.11.29 14:01:00.615,0.33864,0.33896,0.03,0.04
2012.11.29 14:01:00.735,0.33874,0.3391,0.03,0.02
2012.11.29 14:01:01.295,0.33866,0.33899,0.03,0.02
2012.11.29 14:01:01.679,0.33874,0.33915,0.03,0.03
2012.11.29 14:01:02.345,0.3387,0.33903,0.03,0.02
2012.11.29 14:01:03.152,0.33873,0.33906,0.03,0.02
2012.11.29 14:01:03.769,0.33877,0.33917,0.03,0.02
2012.11.29 14:01:05.069,0.33873,0.33913,0.05,0.02
2012.11.29 14:01:05.125,0.3387,0.33903,0.05,0.02
2012.11.29 14:01:06.375,0.33873,0.33904,0.03,0.02
2012.11.29 14:01:08.135,0.33873,0.33906,0.05,0.02
2012.11.29 14:01:08.195,0.33875,0.33916,0.03,0.04
2012.11.29 14:01:08.865,0.33871,0.33905,0.03,0.02
2012.11.29 14:01:09.275,0.33871,0.33912,0.03,0.03
2012.11.29 14:01:09.435,0.33866,0.339,0.03,0.02
2012.11.29 14:01:09.495,0.33868,0.33909,0.03,0.03
2012.11.29 14:01:09.955,0.3387,0.33912,0.02,0.03
2012.11.29 14:01:10.168,0.33867,0.33899,0.03,0.02
2012.11.29 14:01:10.901,0.33867,0.33901,0.03,0.02
2012.11.29 14:01:11.295,0.33869,0.33902,0.03,0.02
2012.11.29 14:01:11.355,0.33874,0.33912,0.03,0.03
2012.11.29 14:01:11.915,0.33873,0.33913,0.04,0.02
2012.11.29 14:01:11.975,0.33873,0.33906,0.04,0.02
2012.11.29 14:01:12.338,0.33876,0.33917,0.02,0.03
2012.11.29 14:01:12.515,0.33876,0.33909,0.03,0.02
2012.11.29 14:01:12.575,0.33891,0.33933,0.02,0.02
2012.11.29 14:01:12.635,0.33886,0.33917,0.02,0.02
2012.11.29 14:01:12.775,0.33893,0.33923,0.02,0.02
2012.11.29 14:01:13.135,0.33889,0.33931,0.03,0.02
2012.11.29 14:01:13.195,0.33889,0.33924,0.02,0.02
2012.11.29 14:01:13.905,0.33894,0.33932,0.03,0.02
2012.11.29 14:01:15.205,0.33894,0.33929,0.03,0.02
2012.11.29 14:01:15.325,0.33884,0.33918,0.03,0.03
2012.11.29 14:01:15.845,0.33886,0.33919,0.03,0.02
2012.11.29 14:01:15.905,0.33894,0.33934,0.03,0.02
2012.11.29 14:01:16.425,0.33893,0.33925,0.03,0.02
2012.11.29 14:01:16.959,0.33893,0.33935,0.05,0.03
2012.11.29 14:01:17.022,0.33888,0.33922,0.05,0.02
2012.11.29 14:01:17.241,0.3389,0.33923,0.05,0.02
2012.11.29 14:01:19.775,0.33893,0.33926,0.03,0.04
2012.11.29 14:01:20.036,0.33899,0.33939,0.02,0.04
2012.11.29 14:01:20.646,0.33893,0.33927,0.03,0.02
2012.11.29 14:01:21.155,0.33904,0.33936,0.02,0.02
2012.11.29 14:01:21.365,0.33898,0.33939,0.02,0.03
2012.11.29 14:01:21.485,0.33889,0.33922,0.03,0.02
2012.11.29 14:01:21.605,0.33894,0.33934,0.03,0.02
2012.11.29 14:01:22.690,0.33886,0.3392,0.05,0.03
2012.11.29 14:01:29.016,0.33894,0.3393,0.03,0.02
2012.11.29 14:01:29.385,0.33891,0.33923,0.03,0.02
2012.11.29 14:01:29.445,0.33895,0.33937,0.03,0.02
2012.11.29 14:01:30.675,0.33898,0.33939,0.03,0.02
2012.11.29 14:01:31.236,0.33894,0.33927,0.03,0.02
2012.11.29 14:01:32.345,0.33904,0.33942,0.03,0.03
2012.11.29 14:01:34.355,0.33899,0.33937,0.02,0.04
2012.11.29 14:01:36.495,0.33894,0.33926,0.03,0.02
2012.11.29 14:01:41.845,0.33894,0.33928,0.03,0.02
2012.11.29 14:01:44.335,0.33904,0.33938,0.03,0.02
2012.11.29 14:01:44.455,0.33903,0.33942,0.03,0.05
2012.11.29 14:01:45.135,0.33903,0.33943,0.04,0.02
2012.11.29 14:01:45.295,0.33897,0.33933,0.03,0.02
2012.11.29 14:01:49.815,0.33903,0.33938,0.05,0.02
2012.11.29 14:01:49.875,0.33909,0.33949,0.03,0.02
2012.11.29 14:01:50.055,0.33904,0.33945,0.05,0.03
2012.11.29 14:01:50.443,0.33904,0.33936,0.04,0.02
2012.11.29 14:01:51.308,0.33914,0.33949,0.03,0.02
2012.11.29 14:01:51.365,0.33904,0.33938,0.03,0.02
2012.11.29 14:01:51.425,0.33905,0.33945,0.03,0.02
2012.11.29 14:01:51.487,0.33904,0.33936,0.03,0.02
2012.11.29 14:01:51.806,0.33901,0.33934,0.04,0.02
2012.11.29 14:01:52.335,0.33913,0.3395,0.03,0.03
2012.11.29 14:01:52.455,0.33906,0.33939,0.03,0.02
2012.11.29 14:01:52.515,0.33913,0.33952,0.03,0.02
2012.11.29 14:01:52.824,0.3391,0.33944,0.03,0.02
2012.11.29 14:01:53.505,0.33917,0.33957,0.03,0.02
2012.11.29 14:01:55.335,0.33913,0.33947,0.03,0.02
2012.11.29 14:01:56.335,0.33914,0.33948,0.03,0.02
2012.11.29 14:01:56.455,0.33913,0.33953,0.05,0.02
2012.11.29 14:01:56.515,0.3391,0.33944,0.04,0.02
2012.11.29 14:01:57.095,0.33915,0.33956,0.03,0.02
2012.11.29 14:01:57.481,0.33919,0.33952,0.02,0.02
2012.11.29 14:01:57.985,0.33923,0.33958,0.03,0.02
2012.11.29 14:01:58.105,0.33918,0.3395,0.03,0.02
2012.11.29 14:01:58.526,0.33923,0.33962,0.03,0.03
2012.11.29 14:01:58.646,0.33924,0.33956,0.03,0.04
2012.11.29 14:01:58.801,0.33924,0.33956,0.03,0.03
2012.11.29 14:01:58.995,0.33925,0.33965,0.03,0.02
2012.11.29 14:01:59.398,0.33927,0.33969,0.03,0.02
2012.11.29 14:02:00.065,0.33925,0.33965,0.03,0.03
2012.11.29 14:02:00.556,0.33924,0.33956,0.03,0.04
2012.11.29 14:02:01.048,0.33925,0.33967,0.03,0.02
2012.11.29 14:02:01.235,0.33925,0.33958,0.03,0.02
2012.11.29 14:02:01.545,0.33924,0.33956,0.05,0.04
2012.11.29 14:02:02.315,0.33921,0.33954,0.05,0.02
2012.11.29 14:02:02.391,0.33924,0.33956,0.05,0.03
2012.11.29 14:02:02.916,0.33925,0.33966,0.02,0.03
2012.11.29 14:02:02.975,0.33925,0.33958,0.02,0.02
2012.11.29 14:02:03.468,0.33928,0.33969,0.02,0.02
2012.11.29 14:02:06.205,0.33923,0.33957,0.03,0.03
2012.11.29 14:02:06.640,0.33928,0.3396,0.02,0.02
2012.11.29 14:02:07.226,0.33924,0.33956,0.03,0.03
2012.11.29 14:02:08.365,0.33923,0.33956,0.03,0.02
2012.11.29 14:02:08.665,0.33923,0.33962,0.03,0.02
2012.11.29 14:02:09.313,0.3392,0.33953,0.03,0.02
2012.11.29 14:02:15.015,0.33915,0.33946,0.02,0.02
2012.11.29 14:02:15.075,0.33913,0.33946,0.04,0.02
2012.11.29 14:02:15.576,0.33914,0.33951,0.03,0.02
2012.11.29 14:02:15.695,0.33913,0.33949,0.03,0.02
2012.11.29 14:02:15.815,0.33911,0.33945,0.05,0.02
2012.11.29 14:02:15.935,0.33914,0.33946,0.04,0.02
2012.11.29 14:02:16.285,0.33914,0.3395,0.05,0.02
2012.11.29 14:02:16.345,0.33917,0.33959,0.03,0.03
2012.11.29 14:02:17.365,0.33913,0.33944,0.02,0.02
2012.11.29 14:02:17.555,0.33911,0.33951,0.03,0.02
2012.11.29 14:02:18.272,0.33912,0.33952,0.03,0.02
2012.11.29 14:02:19.095,0.33908,0.33948,0.02,0.03
2012.11.29 14:02:19.215,0.33907,0.33939,0.02,0.02
2012.11.29 14:02:19.416,0.33913,0.33949,0.03,0.02
2012.11.29 14:02:19.535,0.33916,0.33957,0.03,0.02
2012.11.29 14:02:19.595,0.33914,0.33946,0.03,0.03
2012.11.29 14:02:20.515,0.33916,0.33951,0.03,0.02
2012.11.29 14:02:20.575,0.33915,0.33946,0.03,0.03
2012.11.29 14:02:20.637,0.33916,0.33956,0.03,0.02
2012.11.29 14:02:21.225,0.33917,0.33958,0.03,0.02
2012.11.29 14:02:22.085,0.33918,0.33959,0.03,0.03
2012.11.29 14:02:22.145,0.33918,0.33951,0.03,0.02
2012.11.29 14:02:22.605,0.33915,0.33949,0.03,0.02
2012.11.29 14:02:26.684,0.33913,0.33946,0.03,0.02
2012.11.29 14:02:26.875,0.33914,0.33953,0.03,0.04
2012.11.29 14:02:27.015,0.33912,0.33945,0.03,0.02
2012.11.29 14:02:27.906,0.33908,0.33941,0.03,0.02
2012.11.29 14:02:33.315,0.33911,0.33945,0.05,0.02
2012.11.29 14:02:36.567,0.33913,0.3395,0.03,0.04
2012.11.29 14:02:37.828,0.33907,0.33947,0.03,0.02
2012.11.29 14:02:39.745,0.33905,0.33942,0.02,0.04
2012.11.29 14:02:40.335,0.33904,0.33936,0.05,0.03
2012.11.29 14:02:40.395,0.33904,0.3394,0.03,0.05
2012.11.29 14:02:44.795,0.33896,0.33934,0.02,0.03
2012.11.29 14:02:45.225,0.33894,0.33933,0.02,0.03
2012.11.29 14:02:47.309,0.33893,0.33932,0.02,0.02
2012.11.29 14:02:47.840,0.33897,0.33936,0.02,0.03
2012.11.29 14:02:48.195,0.33906,0.33946,0.03,0.02
2012.11.29 14:02:48.655,0.33908,0.3395,0.03,0.02
2012.11.29 14:02:50.789,0.33908,0.3394,0.03,0.02
2012.11.29 14:02:50.977,0.33906,0.33946,0.03,0.02
2012.11.29 14:02:51.205,0.3391,0.33952,0.03,0.05
2012.11.29 14:02:51.645,0.3391,0.33942,0.03,0.02
2012.11.29 14:02:53.235,0.33914,0.33952,0.03,0.02
2012.11.29 14:02:53.295,0.33912,0.33945,0.03,0.02
2012.11.29 14:02:53.778,0.33914,0.33956,0.04,0.02
2012.11.29 14:02:54.135,0.33916,0.33956,0.03,0.02
2012.11.29 14:02:54.195,0.33916,0.33949,0.03,0.02
2012.11.29 14:02:54.525,0.33916,0.3395,0.03,0.02
2012.11.29 14:02:56.382,0.33916,0.33949,0.03,0.02
2012.11.29 14:02:57.157,0.33916,0.33947,0.03,0.02
2012.11.29 14:02:57.298,0.33914,0.33954,0.05,0.02
2012.11.29 14:02:57.955,0.33913,0.33946,0.03,0.02
2012.11.29 14:02:59.177,0.33913,0.33952,0.03,0.02
2012.11.29 14:02:59.936,0.33912,0.33943,0.02,0.02
2012.11.29 14:03:02.075,0.33912,0.33945,0.02,0.02
2012.11.29 14:03:03.895,0.33914,0.33946,0.03,0.03
2012.11.29 14:03:04.075,0.33915,0.33957,0.03,0.03
2012.11.29 14:03:07.175,0.33914,0.33948,0.03,0.02
2012.11.29 14:03:10.189,0.3392,0.33962,0.02,0.05
2012.11.29 14:03:11.743,0.33915,0.33948,0.03,0.02
2012.11.29 14:03:12.655,0.33913,0.33952,0.03,0.03
2012.11.29 14:03:12.993,0.33909,0.33943,0.03,0.02
2012.11.29 14:03:17.987,0.33913,0.33952,0.03,0.03
2012.11.29 14:03:21.446,0.33913,0.33949,0.03,0.02
2012.11.29 14:03:22.485,0.33907,0.33948,0.03,0.02
2012.11.29 14:03:30.425,0.33903,0.33943,0.05,0.02
2012.11.29 14:03:30.926,0.33903,0.33934,0.04,0.02
2012.11.29 14:03:30.985,0.33903,0.33939,0.03,0.02
2012.11.29 14:03:37.517,0.33899,0.33933,0.02,0.02
2012.11.29 14:03:38.344,0.33898,0.33938,0.03,0.02
2012.11.29 14:03:41.606,0.33904,0.33935,0.02,0.02
2012.11.29 14:03:42.035,0.33904,0.33936,0.03,0.03
2012.11.29 14:03:42.186,0.33904,0.33942,0.03,0.02
2012.11.29 14:03:53.678,0.33903,0.33944,0.05,0.02
2012.11.29 14:03:54.305,0.33903,0.33937,0.05,0.03
2012.11.29 14:03:57.302,0.33903,0.33936,0.03,0.03
2012.11.29 14:03:57.475,0.33903,0.33941,0.03,0.03
2012.11.29 14:04:02.235,0.33903,0.33941,0.03,0.03
2012.11.29 14:04:02.295,0.33905,0.33945,0.02,0.02
2012.11.29 14:04:02.415,0.33909,0.33941,0.03,0.02
2012.11.29 14:04:02.875,0.33909,0.33949,0.03,0.02
2012.11.29 14:04:03.865,0.33914,0.33953,0.03,0.02
2012.11.29 14:04:03.925,0.33914,0.33946,0.03,0.03
2012.11.29 14:04:05.065,0.33914,0.33946,0.03,0.03
2012.11.29 14:04:06.915,0.3392,0.3396,0.03,0.02
2012.11.29 14:04:07.445,0.33914,0.33946,0.03,0.02
2012.11.29 14:04:07.625,0.33914,0.3395,0.03,0.04
2012.11.29 14:04:08.126,0.3391,0.33942,0.03,0.02
2012.11.29 14:04:08.925,0.33906,0.3394,0.03,0.02
2012.11.29 14:04:09.285,0.33913,0.33945,0.02,0.02
2012.11.29 14:04:09.345,0.33913,0.33955,0.05,0.03
2012.11.29 14:04:09.405,0.33913,0.33947,0.05,0.03
2012.11.29 14:04:10.355,0.33914,0.33946,0.03,0.03
2012.11.29 14:04:10.895,0.33913,0.33953,0.05,0.03
2012.11.29 14:04:11.126,0.33914,0.33951,0.03,0.03
2012.11.29 14:04:12.046,0.33914,0.33952,0.03,0.02
2012.11.29 14:04:12.773,0.33912,0.33945,0.03,0.02
2012.11.29 14:04:20.726,0.33909,0.33943,0.03,0.02
2012.11.29 14:04:20.785,0.33907,0.33947,0.03,0.02
2012.11.29 14:04:22.736,0.33907,0.3394,0.02,0.02
2012.11.29 14:04:28.160,0.33907,0.33942,0.03,0.02
2012.11.29 14:04:29.625,0.33914,0.3395,0.03,0.03
2012.11.29 14:04:29.875,0.33911,0.33945,0.03,0.02
2012.11.29 14:04:30.084,0.33916,0.33952,0.02,0.02
2012.11.29 14:04:30.205,0.33929,0.33971,0.02,0.02
2012.11.29 14:04:30.265,0.33934,0.3397,0.03,0.03
2012.11.29 14:04:30.805,0.33929,0.3397,0.03,0.02
2012.11.29 14:04:31.153,0.33926,0.33966,0.03,0.02
2012.11.29 14:04:32.105,0.33926,0.3396,0.03,0.02
2012.11.29 14:04:32.925,0.33927,0.33961,0.03,0.02
2012.11.29 14:04:32.985,0.33934,0.3397,0.03,0.03
2012.11.29 14:04:33.525,0.33933,0.33972,0.03,0.03
2012.11.29 14:04:35.625,0.33926,0.33961,0.02,0.02
2012.11.29 14:04:36.046,0.33927,0.33969,0.03,0.02
2012.11.29 14:04:36.385,0.33929,0.3397,0.03,0.03
2012.11.29 14:04:36.445,0.33929,0.33962,0.03,0.02
2012.11.29 14:04:36.835,0.33934,0.33972,0.03,0.02
2012.11.29 14:04:47.275,0.33924,0.33956,0.03,0.02
2012.11.29 14:04:47.335,0.33923,0.33957,0.05,0.02
2012.11.29 14:04:47.475,0.33919,0.33953,0.03,0.02
2012.11.29 14:04:47.655,0.33919,0.33956,0.02,0.02
2012.11.29 14:04:47.726,0.33917,0.33958,0.03,0.03
2012.11.29 14:04:48.019,0.33911,0.33945,0.03,0.02
2012.11.29 14:04:48.075,0.33913,0.33952,0.03,0.03
2012.11.29 14:04:51.545,0.33914,0.3395,0.03,0.02
2012.11.29 14:04:52.755,0.33907,0.33941,0.03,0.03
2012.11.29 14:04:53.816,0.33908,0.33948,0.03,0.02
2012.11.29 14:04:55.456,0.33905,0.33946,0.03,0.02
2012.11.29 14:05:06.375,0.33905,0.33942,0.03,0.02
2012.11.29 14:05:12.564,0.33905,0.3394,0.03,0.02
2012.11.29 14:05:12.625,0.33904,0.33941,0.02,0.02
2012.11.29 14:05:12.685,0.33904,0.33936,0.03,0.04
2012.11.29 14:05:14.345,0.33889,0.33925,0.02,0.02
2012.11.29 14:05:14.405,0.33885,0.33917,0.03,0.02
2012.11.29 14:05:15.034,0.33885,0.33917,0.03,0.02
2012.11.29 14:05:15.755,0.33885,0.33917,0.02,0.02
2012.11.29 14:05:15.815,0.33882,0.33922,0.03,0.02
2012.11.29 14:05:16.165,0.33884,0.33925,0.03,0.03
2012.11.29 14:05:16.405,0.33887,0.33925,0.02,0.03
2012.11.29 14:05:16.466,0.33887,0.33927,0.02,0.02
2012.11.29 14:05:17.015,0.33887,0.33928,0.02,0.03
2012.11.29 14:05:19.856,0.33885,0.33916,0.02,0.02
2012.11.29 14:05:20.193,0.33881,0.33916,0.02,0.04
2012.11.29 14:05:20.455,0.33884,0.33924,0.03,0.02
2012.11.29 14:05:21.485,0.33883,0.33917,0.03,0.02
2012.11.29 14:05:22.295,0.33877,0.33912,0.03,0.02
2012.11.29 14:05:26.675,0.33875,0.33915,0.03,0.02
2012.11.29 14:05:35.165,0.33877,0.33917,0.03,0.02
2012.11.29 14:05:35.745,0.3388,0.33922,0.03,0.02
2012.11.29 14:05:36.155,0.33881,0.33915,0.03,0.02
2012.11.29 14:05:37.135,0.33884,0.33923,0.03,0.02
2012.11.29 14:05:37.612,0.33884,0.33916,0.03,0.04
2012.11.29 14:05:40.255,0.33883,0.33918,0.03,0.02
2012.11.29 14:05:42.065,0.3388,0.33914,0.03,0.02
2012.11.29 14:05:42.125,0.33883,0.33917,0.03,0.02
2012.11.29 14:05:44.205,0.33877,0.33916,0.02,0.02
2012.11.29 14:05:45.045,0.33875,0.33916,0.02,0.03
2012.11.29 14:05:51.345,0.33883,0.33917,0.03,0.03
2012.11.29 14:05:52.345,0.33883,0.33915,0.03,0.02
2012.11.29 14:05:52.763,0.33883,0.33917,0.03,0.03
2012.11.29 14:05:57.075,0.33884,0.33924,0.03,0.03
2012.11.29 14:05:58.443,0.33877,0.33913,0.03,0.02
2012.11.29 14:05:58.495,0.33877,0.33907,0.02,0.02
2012.11.29 14:05:59.316,0.33877,0.33907,0.03,0.02
2012.11.29 14:06:03.195,0.33875,0.33915,0.03,0.02
2012.11.29 14:06:03.256,0.33875,0.33906,0.03,0.03
2012.11.29 14:06:03.315,0.33871,0.33907,0.02,0.02
2012.11.29 14:06:03.375,0.33867,0.33903,0.03,0.02
2012.11.29 14:06:03.976,0.33868,0.33907,0.03,0.04
2012.11.29 14:06:11.290,0.33868,0.33902,0.03,0.02
2012.11.29 14:06:19.475,0.33866,0.33898,0.03,0.03
2012.11.29 14:06:22.635,0.33868,0.3391,0.03,0.02
2012.11.29 14:06:22.755,0.33868,0.33901,0.03,0.02
2012.11.29 14:06:28.535,0.33868,0.33899,0.03,0.03
2012.11.29 14:06:28.596,0.33866,0.33896,0.02,0.02
2012.11.29 14:06:29.237,0.33866,0.33899,0.03,0.02
2012.11.29 14:06:30.405,0.33866,0.33901,0.03,0.02
2012.11.29 14:06:31.445,0.33865,0.33904,0.02,0.03
2012.11.29 14:06:31.656,0.33858,0.339,0.03,0.02
2012.11.29 14:06:31.857,0.33857,0.33899,0.03,0.02
2012.11.29 14:06:32.225,0.33864,0.33901,0.03,0.02
2012.11.29 14:06:35.145,0.33857,0.3389,0.03,0.02
2012.11.29 14:06:35.207,0.33857,0.33897,0.03,0.02
2012.11.29 14:06:36.166,0.33859,0.33901,0.03,0.02
2012.11.29 14:06:36.228,0.33859,0.33893,0.03,0.02
2012.11.29 14:06:38.766,0.33863,0.33897,0.03,0.02
2012.11.29 14:06:39.936,0.33857,0.33887,0.03,0.02
2012.11.29 14:06:40.276,0.33851,0.33884,0.03,0.02
2012.11.29 14:06:40.345,0.33854,0.33891,0.03,0.03
2012.11.29 14:06:40.812,0.33853,0.33886,0.03,0.02
2012.11.29 14:06:41.298,0.33854,0.33886,0.03,0.02
2012.11.29 14:06:41.655,0.33854,0.33894,0.05,0.02
2012.11.29 14:06:42.275,0.33854,0.33886,0.04,0.04
2012.11.29 14:06:43.846,0.33854,0.33891,0.03,0.03
2012.11.29 14:06:43.965,0.3385,0.33882,0.02,0.02
2012.11.29 14:06:44.085,0.33847,0.33877,0.02,0.02
2012.11.29 14:06:44.595,0.33848,0.33888,0.03,0.03
2012.11.29 14:06:44.716,0.33848,0.33883,0.03,0.02
2012.11.29 14:06:44.865,0.33853,0.33885,0.03,0.02
2012.11.29 14:06:45.385,0.33853,0.33883,0.02,0.02
2012.11.29 14:06:46.024,0.33851,0.33885,0.03,0.02
2012.11.29 14:06:46.606,0.33854,0.33886,0.03,0.03
2012.11.29 14:06:47.165,0.33854,0.33886,0.03,0.02
2012.11.29 14:06:53.025,0.33855,0.33887,0.02,0.02
2012.11.29 14:06:53.085,0.33855,0.33889,0.03,0.02
2012.11.29 14:06:53.675,0.33855,0.33887,0.03,0.03
2012.11.29 14:06:54.436,0.33854,0.33891,0.03,0.02
2012.11.29 14:06:54.954,0.33854,0.33888,0.03,0.02
2012.11.29 14:06:55.203,0.33844,0.33876,0.03,0.02
2012.11.29 14:06:55.665,0.33846,0.33886,0.03,0.02
2012.11.29 14:06:58.228,0.33843,0.33877,0.03,0.03
2012.11.29 14:06:58.286,0.33844,0.33883,0.03,0.03
2012.11.29 14:06:58.804,0.33843,0.33881,0.03,0.03
2012.11.29 14:07:02.336,0.3384,0.33877,0.02,0.02
2012.11.29 14:07:02.878,0.33834,0.33874,0.05,0.02
2012.11.29 14:07:03.459,0.33835,0.33867,0.03,0.03
2012.11.29 14:07:06.745,0.33833,0.33866,0.03,0.02
2012.11.29 14:07:06.805,0.33834,0.33872,0.03,0.02
2012.11.29 14:07:07.266,0.33831,0.33865,0.03,0.02
2012.11.29 14:07:09.885,0.33827,0.33868,0.03,0.02
2012.11.29 14:07:10.766,0.33826,0.33867,0.03,0.03
2012.11.29 14:07:11.965,0.33826,0.33856,0.02,0.02
2012.11.29 14:07:12.025,0.33824,0.33864,0.05,0.02
2012.11.29 14:07:13.255,0.33824,0.33856,0.02,0.02
2012.11.29 14:07:13.316,0.33823,0.33862,0.03,0.02
2012.11.29 14:07:13.565,0.33824,0.33855,0.03,0.02
2012.11.29 14:07:14.283,0.33824,0.33855,0.03,0.03
2012.11.29 14:07:16.155,0.33821,0.33854,0.03,0.02
2012.11.29 14:07:16.782,0.3382,0.33853,0.03,0.02
2012.11.29 14:07:19.346,0.33814,0.3385,0.02,0.02
2012.11.29 14:07:23.706,0.33814,0.33848,0.03,0.03
2012.11.29 14:07:27.925,0.33814,0.33846,0.03,0.04
2012.11.29 14:07:28.492,0.33814,0.33852,0.03,0.02
2012.11.29 14:07:29.093,0.33813,0.33853,0.05,0.03
2012.11.29 14:07:31.293,0.33815,0.33855,0.03,0.03
2012.11.29 14:07:31.347,0.33815,0.33852,0.03,0.02
2012.11.29 14:07:31.875,0.33815,0.33854,0.02,0.02
2012.11.29 14:07:31.948,0.33824,0.33856,0.02,0.02
2012.11.29 14:07:32.965,0.33813,0.33846,0.03,0.02
2012.11.29 14:07:33.026,0.33813,0.33851,0.03,0.02
2012.11.29 14:07:36.985,0.33813,0.33846,0.03,0.02
2012.11.29 14:07:37.047,0.33808,0.33842,0.03,0.02
2012.11.29 14:07:37.565,0.33806,0.33846,0.03,0.02
2012.11.29 14:07:37.686,0.33806,0.33843,0.03,0.02
2012.11.29 14:07:40.616,0.33814,0.33849,0.03,0.02
2012.11.29 14:07:42.264,0.3381,0.33844,0.03,0.02
2012.11.29 14:07:42.794,0.33815,0.33856,0.03,0.02
2012.11.29 14:07:42.855,0.33815,0.33851,0.03,0.02
2012.11.29 14:07:43.046,0.33812,0.33848,0.03,0.03
2012.11.29 14:07:43.122,0.3381,0.33852,0.03,0.02
2012.11.29 14:07:43.735,0.33811,0.33851,0.03,0.02
2012.11.29 14:07:46.625,0.33811,0.33845,0.03,0.02
2012.11.29 14:07:48.635,0.33807,0.33847,0.03,0.02
2012.11.29 14:07:49.915,0.33813,0.33845,0.03,0.02
2012.11.29 14:07:49.975,0.33813,0.33851,0.03,0.03
2012.11.29 14:07:51.373,0.33813,0.33847,0.03,0.04
2012.11.29 14:07:51.874,0.33814,0.33851,0.03,0.02
2012.11.29 14:07:55.135,0.33811,0.33845,0.03,0.02
2012.11.29 14:07:55.256,0.33808,0.33849,0.02,0.02
2012.11.29 14:07:55.675,0.33814,0.3385,0.03,0.02
2012.11.29 14:07:56.742,0.33814,0.33852,0.03,0.02
2012.11.29 14:07:56.796,0.33814,0.33851,0.03,0.02
2012.11.29 14:08:00.185,0.33814,0.33854,0.03,0.03
2012.11.29 14:08:00.245,0.33814,0.33848,0.03,0.02
2012.11.29 14:08:01.125,0.33815,0.33851,0.02,0.03
2012.11.29 14:08:01.185,0.33816,0.33857,0.03,0.02
2012.11.29 14:08:03.036,0.33828,0.33868,0.03,0.02
2012.11.29 14:08:03.355,0.33833,0.33864,0.02,0.02
2012.11.29 14:08:03.536,0.33833,0.33865,0.03,0.02
2012.11.29 14:08:03.655,0.33836,0.33869,0.03,0.02
2012.11.29 14:08:03.785,0.33839,0.33873,0.03,0.02
2012.11.29 14:08:03.846,0.33843,0.33877,0.02,0.02
2012.11.29 14:08:04.785,0.33838,0.33872,0.03,0.02
2012.11.29 14:08:04.845,0.33844,0.33877,0.03,0.02
2012.11.29 14:08:04.906,0.33837,0.33871,0.03,0.02
2012.11.29 14:08:05.417,0.33834,0.33868,0.03,0.02
2012.11.29 14:08:08.343,0.33836,0.33869,0.03,0.02
2012.11.29 14:08:09.001,0.33836,0.33871,0.03,0.02
2012.11.29 14:08:11.250,0.33839,0.33876,0.02,0.03
2012.11.29 14:08:11.365,0.33844,0.33884,0.03,0.03
2012.11.29 14:08:12.102,0.33844,0.33883,0.03,0.02
2012.11.29 14:08:12.235,0.33844,0.3388,0.03,0.02
2012.11.29 14:08:12.355,0.33847,0.33889,0.03,0.02
2012.11.29 14:08:12.859,0.33847,0.33883,0.03,0.02
2012.11.29 14:08:12.915,0.33854,0.33886,0.02,0.02
2012.11.29 14:08:13.675,0.33847,0.3388,0.03,0.02
2012.11.29 14:08:13.903,0.33847,0.33887,0.03,0.02
2012.11.29 14:08:17.658,0.33848,0.33881,0.03,0.02
2012.11.29 14:08:17.715,0.33853,0.3389,0.03,0.02
2012.11.29 14:08:19.265,0.33849,0.3389,0.03,0.03
2012.11.29 14:08:19.385,0.33847,0.33887,0.03,0.02
2012.11.29 14:08:19.856,0.33847,0.33881,0.03,0.02
2012.11.29 14:08:23.316,0.33848,0.33889,0.03,0.02
2012.11.29 14:08:24.635,0.33854,0.33892,0.03,0.02
2012.11.29 14:08:25.187,0.33854,0.33885,0.02,0.02
2012.11.29 14:08:30.385,0.33836,0.33867,0.02,0.02
2012.11.29 14:08:30.445,0.3383,0.33867,0.02,0.03
2012.11.29 14:08:30.506,0.3383,0.33864,0.03,0.02
2012.11.29 14:08:35.185,0.33831,0.33866,0.03,0.03
2012.11.29 14:08:35.252,0.33835,0.33876,0.03,0.03
2012.11.29 14:08:35.306,0.33835,0.33872,0.03,0.02
2012.11.29 14:08:35.486,0.33837,0.33879,0.02,0.03
2012.11.29 14:08:36.027,0.33836,0.33876,0.03,0.02
2012.11.29 14:08:43.552,0.33837,0.33874,0.02,0.02
2012.11.29 14:08:43.666,0.33844,0.33879,0.03,0.02
2012.11.29 14:08:47.041,0.33841,0.33876,0.03,0.03
2012.11.29 14:08:47.096,0.33844,0.33881,0.03,0.02
2012.11.29 14:08:50.876,0.33844,0.33876,0.03,0.03
2012.11.29 14:08:50.936,0.33844,0.33883,0.03,0.02
2012.11.29 14:08:51.480,0.33844,0.33879,0.03,0.03
2012.11.29 14:08:51.926,0.33845,0.33882,0.03,0.02
2012.11.29 14:08:52.373,0.33853,0.3389,0.03,0.02
2012.11.29 14:08:52.546,0.3385,0.33883,0.03,0.02
2012.11.29 14:08:54.025,0.33854,0.3389,0.03,0.02
2012.11.29 14:08:55.916,0.33853,0.33886,0.03,0.02
2012.11.29 14:08:58.956,0.3385,0.33884,0.03,0.02
2012.11.29 14:09:02.356,0.33853,0.33886,0.03,0.02
2012.11.29 14:09:04.265,0.33848,0.33889,0.03,0.02
2012.11.29 14:09:05.696,0.33847,0.33888,0.03,0.02
2012.11.29 14:09:09.526,0.33847,0.33881,0.03,0.02
2012.11.29 14:09:10.135,0.33848,0.33883,0.03,0.02
2012.11.29 14:09:10.942,0.33851,0.33891,0.03,0.02
2012.11.29 14:09:12.356,0.33848,0.33883,0.02,0.02
2012.11.29 14:09:12.416,0.33847,0.33887,0.03,0.02
2012.11.29 14:09:12.934,0.33848,0.33886,0.03,0.02
2012.11.29 14:09:16.356,0.33836,0.33867,0.02,0.02
2012.11.29 14:09:16.475,0.33834,0.33874,0.03,0.02
2012.11.29 14:09:17.006,0.33835,0.33867,0.03,0.02
2012.11.29 14:09:21.756,0.33835,0.33869,0.03,0.02
2012.11.29 14:09:24.176,0.33843,0.3388,0.02,0.02
2012.11.29 14:09:24.296,0.33847,0.33882,0.02,0.02
2012.11.29 14:09:24.476,0.33853,0.33885,0.03,0.02
2012.11.29 14:09:24.547,0.33853,0.33885,0.03,0.02
2012.11.29 14:09:24.657,0.33853,0.33893,0.03,0.03
2012.11.29 14:09:39.046,0.33852,0.33884,0.03,0.02
2012.11.29 14:09:39.366,0.33843,0.33876,0.03,0.02
2012.11.29 14:09:39.688,0.33843,0.33881,0.03,0.02
2012.11.29 14:09:39.876,0.33843,0.33883,0.05,0.02
2012.11.29 14:09:41.646,0.33845,0.33887,0.03,0.03
2012.11.29 14:09:43.247,0.33843,0.33876,0.03,0.02
2012.11.29 14:09:44.206,0.33845,0.33885,0.03,0.02
2012.11.29 14:09:44.756,0.33848,0.33888,0.03,0.02
2012.11.29 14:09:45.286,0.33853,0.33892,0.03,0.02
2012.11.29 14:09:46.346,0.33853,0.33885,0.03,0.02
2012.11.29 14:09:46.406,0.33853,0.33894,0.05,0.03
2012.11.29 14:09:49.916,0.33854,0.33886,0.03,0.03
2012.11.29 14:09:55.626,0.33864,0.33894,0.02,0.02
2012.11.29 14:09:56.036,0.33864,0.33902,0.03,0.03
2012.11.29 14:09:58.026,0.33866,0.33906,0.03,0.02
2012.11.29 14:09:58.530,0.33866,0.33899,0.03,0.02
2012.11.29 14:09:58.586,0.33868,0.33909,0.03,0.02
2012.11.29 14:10:02.616,0.33863,0.33897,0.03,0.02
2012.11.29 14:10:02.677,0.33863,0.33903,0.05,0.03
2012.11.29 14:10:02.736,0.3386,0.33894,0.04,0.02
2012.11.29 14:10:02.855,0.33863,0.33902,0.03,0.03
2012.11.29 14:10:03.326,0.33864,0.33904,0.02,0.02
2012.11.29 14:10:07.806,0.33864,0.33896,0.04,0.03
2012.11.29 14:10:10.766,0.33864,0.33902,0.03,0.02
2012.11.29 14:10:13.390,0.33861,0.33893,0.03,0.02
2012.11.29 14:10:19.099,0.33861,0.33895,0.03,0.02
2012.11.29 14:10:22.806,0.33861,0.33893,0.03,0.02
2012.11.29 14:10:23.582,0.33863,0.33897,0.02,0.02
2012.11.29 14:10:24.210,0.33863,0.33903,0.03,0.03
2012.11.29 14:10:28.966,0.33863,0.33904,0.03,0.02
2012.11.29 14:10:29.313,0.33874,0.3391,0.03,0.02
2012.11.29 14:10:29.443,0.3387,0.33902,0.03,0.02
2012.11.29 14:10:29.968,0.33873,0.33904,0.02,0.02
2012.11.29 14:10:30.150,0.33873,0.33913,0.03,0.03
2012.11.29 14:10:31.346,0.33873,0.33907,0.03,0.03
2012.11.29 14:10:31.406,0.33874,0.33914,0.03,0.02
2012.11.29 14:10:31.726,0.33874,0.33906,0.02,0.02
2012.11.29 14:10:32.342,0.33874,0.33913,0.03,0.02
2012.11.29 14:10:33.155,0.33874,0.33908,0.03,0.02
2012.11.29 14:10:33.673,0.33875,0.33916,0.03,0.05
2012.11.29 14:10:33.993,0.33878,0.33916,0.02,0.02
2012.11.29 14:10:34.397,0.33875,0.3391,0.03,0.02
2012.11.29 14:10:35.856,0.33874,0.33906,0.03,0.03
2012.11.29 14:10:35.916,0.33875,0.33915,0.02,0.03
2012.11.29 14:10:36.891,0.33873,0.33913,0.05,0.02
2012.11.29 14:10:39.308,0.33873,0.33907,0.05,0.03
2012.11.29 14:10:39.366,0.33875,0.33907,0.02,0.02
2012.11.29 14:10:39.686,0.33883,0.33915,0.02,0.02
2012.11.29 14:10:39.930,0.33884,0.33926,0.03,0.02
2012.11.29 14:10:40.370,0.33886,0.33926,0.03,0.04
2012.11.29 14:10:40.736,0.33885,0.3392,0.03,0.02
2012.11.29 14:10:41.106,0.33888,0.33921,0.03,0.02
2012.11.29 14:10:48.076,0.33885,0.33919,0.03,0.03
2012.11.29 14:10:48.196,0.33886,0.33926,0.03,0.02
2012.11.29 14:10:52.207,0.33886,0.3392,0.03,0.02
2012.11.29 14:10:57.056,0.33883,0.33923,0.03,0.03
2012.11.29 14:10:57.759,0.33878,0.33913,0.02,0.03
2012.11.29 14:10:57.816,0.33879,0.33919,0.03,0.02
2012.11.29 14:11:00.846,0.33874,0.33909,0.03,0.02
2012.11.29 14:11:01.031,0.33874,0.33914,0.03,0.02
2012.11.29 14:11:01.593,0.33873,0.33913,0.03,0.03
2012.11.29 14:11:02.956,0.33871,0.33911,0.02,0.03
2012.11.29 14:11:05.539,0.33874,0.33913,0.03,0.02
2012.11.29 14:11:06.566,0.33873,0.33907,0.03,0.03
2012.11.29 14:11:06.965,0.33874,0.33914,0.05,0.02
2012.11.29 14:11:09.696,0.33866,0.33898,0.03,0.02
2012.11.29 14:11:10.006,0.33859,0.33891,0.02,0.02
2012.11.29 14:11:10.066,0.33853,0.33887,0.03,0.03
2012.11.29 14:11:10.126,0.33855,0.33895,0.03,0.02
2012.11.29 14:11:10.714,0.33854,0.33895,0.03,0.02
2012.11.29 14:11:10.799,0.33854,0.3389,0.03,0.02
2012.11.29 14:11:12.826,0.33853,0.33893,0.03,0.02
2012.11.29 14:11:13.356,0.33853,0.33893,0.05,0.02
2012.11.29 14:11:13.416,0.33855,0.33895,0.03,0.02
2012.11.29 14:11:13.746,0.33854,0.33891,0.03,0.02
2012.11.29 14:11:14.217,0.33848,0.33883,0.03,0.02
2012.11.29 14:11:16.308,0.33848,0.33881,0.02,0.02
2012.11.29 14:11:17.629,0.33844,0.33886,0.05,0.02
2012.11.29 14:11:20.206,0.33844,0.33878,0.02,0.03
2012.11.29 14:11:20.616,0.33844,0.33877,0.02,0.03
2012.11.29 14:11:20.736,0.33843,0.33875,0.03,0.02
2012.11.29 14:11:20.876,0.33843,0.33877,0.03,0.03
2012.11.29 14:11:20.936,0.33844,0.33886,0.03,0.02
2012.11.29 14:11:21.926,0.33844,0.33877,0.03,0.02
2012.11.29 14:11:22.046,0.33843,0.33882,0.03,0.02
2012.11.29 14:11:22.243,0.33843,0.33877,0.03,0.03
2012.11.29 14:11:26.746,0.33843,0.33882,0.03,0.03
2012.11.29 14:11:30.546,0.33841,0.33875,0.03,0.02
2012.11.29 14:11:30.660,0.33839,0.3388,0.02,0.03
2012.11.29 14:11:35.757,0.33836,0.33871,0.03,0.02
2012.11.29 14:11:35.996,0.33826,0.33866,0.03,0.02
2012.11.29 14:11:37.959,0.33827,0.33869,0.03,0.02
2012.11.29 14:11:38.216,0.33833,0.33867,0.03,0.02
2012.11.29 14:11:39.086,0.33829,0.33871,0.03,0.02
2012.11.29 14:11:39.146,0.33829,0.33865,0.03,0.02
2012.11.29 14:11:39.326,0.33827,0.33869,0.03,0.02
2012.11.29 14:11:39.386,0.33827,0.33863,0.03,0.02
2012.11.29 14:11:39.446,0.33827,0.33866,0.02,0.03
2012.11.29 14:11:41.566,0.33833,0.3387,0.03,0.02
2012.11.29 14:11:42.967,0.33833,0.33867,0.03,0.03
2012.11.29 14:11:43.566,0.33831,0.33873,0.03,0.02
2012.11.29 14:11:43.897,0.33836,0.3387,0.03,0.02
2012.11.29 14:11:44.206,0.33836,0.33872,0.03,0.02
2012.11.29 14:11:45.007,0.33843,0.33881,0.03,0.02
2012.11.29 14:11:45.186,0.33843,0.33877,0.03,0.04
2012.11.29 14:11:45.526,0.33843,0.33881,0.03,0.03
2012.11.29 14:11:46.756,0.33836,0.33877,0.03,0.03
2012.11.29 14:11:46.816,0.33836,0.33873,0.03,0.02
2012.11.29 14:11:51.356,0.33834,0.33873,0.03,0.02
2012.11.29 14:11:51.760,0.33834,0.33869,0.03,0.02
2012.11.29 14:11:52.314,0.33834,0.33872,0.03,0.02
2012.11.29 14:11:52.886,0.33834,0.33866,0.03,0.03
2012.11.29 14:11:57.796,0.33835,0.33875,0.03,0.02
2012.11.29 14:11:58.969,0.33833,0.33874,0.03,0.02
2012.11.29 14:12:06.196,0.33834,0.33871,0.02,0.02
2012.11.29 14:12:06.316,0.33835,0.33875,0.03,0.02
2012.11.29 14:12:07.029,0.33836,0.33876,0.03,0.02
2012.11.29 14:12:07.342,0.33836,0.33867,0.02,0.03
2012.11.29 14:12:08.019,0.33834,0.33873,0.03,0.02
2012.11.29 14:12:10.796,0.33834,0.33871,0.03,0.02
2012.11.29 14:12:10.879,0.33835,0.33875,0.03,0.02
2012.11.29 14:12:12.228,0.33835,0.33872,0.03,0.02
2012.11.29 14:12:14.006,0.33835,0.33871,0.03,0.02
2012.11.29 14:12:17.996,0.33834,0.33873,0.03,0.02
2012.11.29 14:12:18.356,0.33834,0.33866,0.02,0.02
2012.11.29 14:12:26.726,0.33834,0.33866,0.03,0.03
2012.11.29 14:12:26.846,0.33834,0.33871,0.03,0.02
2012.11.29 14:12:27.157,0.33834,0.33868,0.03,0.02
2012.11.29 14:12:27.546,0.33831,0.33865,0.03,0.02
2012.11.29 14:12:27.806,0.33824,0.33863,0.03,0.02
2012.11.29 14:12:28.266,0.33822,0.33856,0.03,0.03
2012.11.29 14:12:28.326,0.3382,0.33856,0.02,0.03
2012.11.29 14:12:28.386,0.33814,0.33851,0.05,0.02
2012.11.29 14:12:28.896,0.33814,0.33852,0.03,0.02
2012.11.29 14:12:29.016,0.33813,0.33847,0.02,0.03
2012.11.29 14:12:31.296,0.33814,0.33846,0.03,0.03
2012.11.29 14:12:32.056,0.33815,0.33857,0.03,0.03
2012.11.29 14:12:33.476,0.33815,0.33854,0.02,0.02
2012.11.29 14:12:33.778,0.33813,0.33847,0.03,0.03
2012.11.29 14:12:34.486,0.33813,0.33851,0.03,0.02
2012.11.29 14:12:36.886,0.33815,0.33856,0.03,0.02
2012.11.29 14:12:37.346,0.33816,0.33853,0.02,0.02
2012.11.29 14:12:37.986,0.33815,0.33847,0.04,0.02
2012.11.29 14:12:38.058,0.33817,0.33857,0.03,0.02
2012.11.29 14:12:38.116,0.33824,0.33856,0.02,0.03
2012.11.29 14:12:38.713,0.33817,0.33853,0.03,0.02
2012.11.29 14:12:38.826,0.33816,0.33855,0.02,0.02
2012.11.29 14:12:38.886,0.33815,0.33851,0.03,0.02
2012.11.29 14:12:42.876,0.33824,0.33858,0.03,0.02
2012.11.29 14:12:42.936,0.33824,0.33863,0.03,0.02
2012.11.29 14:12:43.543,0.33823,0.3386,0.03,0.02
2012.11.29 14:12:43.874,0.33823,0.33864,0.05,0.02
2012.11.29 14:12:50.161,0.33824,0.33857,0.03,0.02
2012.11.29 14:12:51.258,0.33824,0.3386,0.03,0.02
2012.11.29 14:12:51.536,0.33824,0.33865,0.05,0.02
2012.11.29 14:12:52.366,0.33825,0.33865,0.03,0.02
2012.11.29 14:12:52.881,0.33825,0.33861,0.03,0.02
2012.11.29 14:12:55.406,0.3383,0.33866,0.02,0.03
2012.11.29 14:12:55.466,0.33834,0.3387,0.03,0.02
2012.11.29 14:12:56.024,0.33833,0.33865,0.02,0.02
2012.11.29 14:12:56.496,0.33827,0.33861,0.03,0.02
2012.11.29 14:12:56.556,0.33824,0.33865,0.05,0.03
2012.11.29 14:12:57.264,0.33824,0.33856,0.05,0.02
2012.11.29 14:12:58.266,0.33824,0.33856,0.04,0.03
2012.11.29 14:12:58.326,0.33824,0.33861,0.03,0.02
2012.11.29 14:13:01.138,0.33821,0.33855,0.03,0.02
2012.11.29 14:13:01.196,0.33824,0.3386,0.03,0.02
2012.11.29 14:13:02.277,0.33821,0.33855,0.03,0.02
2012.11.29 14:13:03.886,0.33821,0.33854,0.03,0.02
2012.11.29 14:13:04.264,0.33824,0.33858,0.03,0.02
2012.11.29 14:13:04.646,0.3382,0.33854,0.03,0.02
2012.11.29 14:13:05.656,0.33824,0.33856,0.03,0.04
2012.11.29 14:13:05.716,0.33824,0.33862,0.03,0.04
2012.11.29 14:13:06.937,0.33827,0.33862,0.03,0.02
2012.11.29 14:13:08.716,0.3383,0.33864,0.03,0.02
2012.11.29 14:13:09.184,0.33827,0.33863,0.03,0.02
2012.11.29 14:13:09.426,0.33834,0.33866,0.03,0.03
2012.11.29 14:13:12.270,0.33843,0.33875,0.02,0.02
2012.11.29 14:13:15.486,0.33843,0.33881,0.03,0.03
2012.11.29 14:13:18.826,0.33843,0.33883,0.04,0.02
2012.11.29 14:13:18.886,0.33843,0.33877,0.05,0.03
2012.11.29 14:13:19.286,0.33843,0.33876,0.03,0.03
2012.11.29 14:13:19.496,0.33843,0.3388,0.03,0.02
2012.11.29 14:13:20.106,0.33843,0.33877,0.03,0.05
2012.11.29 14:13:20.166,0.33835,0.33867,0.03,0.03
2012.11.29 14:13:28.756,0.33833,0.33867,0.02,0.02
2012.11.29 14:13:29.016,0.3383,0.33864,0.03,0.02
2012.11.29 14:13:29.136,0.33834,0.33873,0.03,0.02
2012.11.29 14:13:32.250,0.33833,0.33867,0.05,0.04
2012.11.29 14:13:32.675,0.33835,0.33866,0.03,0.02
2012.11.29 14:13:35.126,0.33838,0.3388,0.03,0.03
2012.11.29 14:13:35.536,0.33838,0.33871,0.03,0.02
2012.11.29 14:13:36.396,0.33835,0.33866,0.03,0.02
2012.11.29 14:13:36.456,0.33835,0.33876,0.03,0.02
2012.11.29 14:13:45.246,0.33834,0.33866,0.03,0.03
2012.11.29 14:13:45.588,0.33833,0.33865,0.04,0.02
2012.11.29 14:13:46.526,0.33833,0.33866,0.04,0.02
2012.11.29 14:13:51.067,0.33834,0.33866,0.03,0.02
2012.11.29 14:13:51.196,0.33837,0.33877,0.03,0.03
2012.11.29 14:13:51.766,0.33838,0.33878,0.03,0.02
2012.11.29 14:13:52.367,0.33841,0.33883,0.03,0.03
2012.11.29 14:13:57.296,0.33841,0.33875,0.03,0.02
2012.11.29 14:14:00.696,0.33843,0.33883,0.03,0.03
2012.11.29 14:14:06.927,0.33845,0.33877,0.02,0.02
2012.11.29 14:14:07.606,0.33848,0.3388,0.03,0.02
2012.11.29 14:14:07.936,0.3385,0.3389,0.03,0.02
2012.11.29 14:14:14.346,0.33853,0.33885,0.03,0.02
2012.11.29 14:14:14.406,0.33853,0.33892,0.03,0.02
2012.11.29 14:14:15.336,0.33853,0.33886,0.03,0.02
2012.11.29 14:14:15.884,0.33853,0.33887,0.05,0.02
2012.11.29 14:14:17.447,0.33854,0.33895,0.03,0.03
2012.11.29 14:14:18.107,0.33853,0.33894,0.05,0.03
2012.11.29 14:14:18.726,0.33854,0.33885,0.03,0.02
2012.11.29 14:14:19.197,0.33854,0.3389,0.03,0.02
2012.11.29 14:14:19.967,0.33853,0.33891,0.03,0.02
2012.11.29 14:14:20.686,0.33853,0.33892,0.03,0.02
2012.11.29 14:14:23.056,0.33852,0.33884,0.02,0.02
2012.11.29 14:14:26.026,0.33847,0.33882,0.03,0.03
2012.11.29 14:14:26.086,0.33854,0.33887,0.03,0.02
2012.11.29 14:14:26.306,0.33844,0.33879,0.03,0.02
2012.11.29 14:14:26.516,0.33843,0.33884,0.05,0.03
2012.11.29 14:14:26.576,0.33843,0.33876,0.04,0.02
2012.11.29 14:14:27.086,0.33843,0.33883,0.03,0.03
2012.11.29 14:14:29.146,0.3384,0.33874,0.03,0.02
2012.11.29 14:14:29.266,0.33839,0.3388,0.03,0.03
2012.11.29 14:14:30.037,0.33839,0.33876,0.03,0.04
2012.11.29 14:14:30.447,0.33843,0.33882,0.03,0.02
2012.11.29 14:14:30.797,0.33844,0.33876,0.03,0.03
2012.11.29 14:14:31.986,0.33844,0.33884,0.05,0.02
2012.11.29 14:14:37.158,0.33847,0.33887,0.03,0.02
2012.11.29 14:14:38.387,0.33847,0.33885,0.03,0.02
2012.11.29 14:14:38.446,0.33854,0.3389,0.03,0.02
2012.11.29 14:14:39.086,0.33853,0.33886,0.03,0.02
2012.11.29 14:14:40.857,0.33854,0.33893,0.03,0.03
2012.11.29 14:14:41.222,0.33857,0.3389,0.03,0.02
2012.11.29 14:14:45.520,0.33855,0.33886,0.03,0.02
2012.11.29 14:14:45.576,0.33855,0.33889,0.03,0.02
2012.11.29 14:14:46.286,0.33856,0.33897,0.03,0.03
2012.11.29 14:14:46.346,0.33856,0.3389,0.03,0.02
2012.11.29 14:14:50.566,0.33854,0.33886,0.05,0.02
2012.11.29 14:14:50.746,0.33854,0.33892,0.03,0.02
2012.11.29 14:14:51.656,0.33853,0.33884,0.03,0.02
2012.11.29 14:14:53.857,0.33848,0.33888,0.02,0.03
2012.11.29 14:14:55.460,0.33847,0.3388,0.02,0.02
2012.11.29 14:14:59.646,0.33847,0.33882,0.03,0.02
2012.11.29 14:15:06.561,0.33846,0.33886,0.03,0.02
2012.11.29 14:15:06.627,0.33846,0.33878,0.03,0.02
2012.11.29 14:15:10.246,0.33846,0.33879,0.03,0.02
2012.11.29 14:15:10.925,0.33847,0.33882,0.03,0.02
2012.11.29 14:15:13.166,0.33847,0.33884,0.03,0.02
2012.11.29 14:15:13.226,0.33851,0.33891,0.03,0.02
2012.11.29 14:15:23.168,0.33854,0.33886,0.03,0.03
2012.11.29 14:15:23.744,0.33853,0.33893,0.05,0.03
2012.11.29 14:15:24.268,0.33853,0.33887,0.05,0.03
2012.11.29 14:15:30.346,0.33854,0.33894,0.05,0.02
2012.11.29 14:15:30.407,0.3386,0.33893,0.03,0.02
2012.11.29 14:15:30.507,0.33864,0.339,0.03,0.02
2012.11.29 14:15:31.726,0.33856,0.33891,0.03,0.02
2012.11.29 14:15:32.461,0.33859,0.33892,0.02,0.02
2012.11.29 14:15:35.686,0.33864,0.33904,0.04,0.02
2012.11.29 14:15:35.746,0.33864,0.33898,0.05,0.02
2012.11.29 14:15:36.426,0.33864,0.33896,0.03,0.02
2012.11.29 14:15:36.486,0.33863,0.33901,0.03,0.02
2012.11.29 14:15:36.546,0.33859,0.33893,0.03,0.02
2012.11.29 14:15:36.937,0.33859,0.33891,0.03,0.02
2012.11.29 14:15:37.057,0.33856,0.33886,0.02,0.02
2012.11.29 14:15:37.586,0.33854,0.33886,0.03,0.04
2012.11.29 14:15:38.356,0.33853,0.3389,0.03,0.02
2012.11.29 14:15:38.537,0.33848,0.33888,0.03,0.02
2012.11.29 14:15:51.156,0.33848,0.33885,0.03,0.02
2012.11.29 14:15:51.784,0.33854,0.33886,0.02,0.02
2012.11.29 14:15:53.496,0.33848,0.33887,0.03,0.02
2012.11.29 14:15:54.147,0.33847,0.33888,0.03,0.02
2012.11.29 14:16:02.406,0.33845,0.33885,0.03,0.03
2012.11.29 14:16:03.917,0.33845,0.3388,0.03,0.02
2012.11.29 14:16:04.716,0.33846,0.33886,0.03,0.02
2012.11.29 14:16:19.196,0.33853,0.33889,0.03,0.02
2012.11.29 14:16:19.256,0.3385,0.33884,0.03,0.02
2012.11.29 14:16:20.206,0.33854,0.33891,0.03,0.02
2012.11.29 14:16:23.566,0.33854,0.33891,0.03,0.02
2012.11.29 14:16:25.135,0.33853,0.33893,0.03,0.04
2012.11.29 14:16:25.635,0.33854,0.33889,0.03,0.02
2012.11.29 14:16:25.695,0.33854,0.33894,0.05,0.02
2012.11.29 14:16:26.673,0.33855,0.33895,0.03,0.02
2012.11.29 14:16:27.370,0.33856,0.33897,0.03,0.03
2012.11.29 14:16:27.905,0.33854,0.33891,0.03,0.02
2012.11.29 14:16:27.973,0.33853,0.33886,0.03,0.02
2012.11.29 14:16:28.443,0.33854,0.3389,0.03,0.02
2012.11.29 14:16:31.133,0.33851,0.33885,0.03,0.02
2012.11.29 14:16:32.463,0.33851,0.33883,0.03,0.02
2012.11.29 14:16:37.783,0.33854,0.33891,0.03,0.02
2012.11.29 14:16:38.332,0.33854,0.33886,0.02,0.02
2012.11.29 14:16:38.841,0.33854,0.3389,0.03,0.02
2012.11.29 14:16:39.203,0.33846,0.33887,0.03,0.03
2012.11.29 14:16:39.325,0.33846,0.33877,0.03,0.02
2012.11.29 14:16:39.884,0.33844,0.33884,0.03,0.02
2012.11.29 14:16:40.883,0.33847,0.33886,0.03,0.02
2012.11.29 14:16:41.313,0.33854,0.33889,0.03,0.02
2012.11.29 14:16:42.881,0.33854,0.33886,0.03,0.03
2012.11.29 14:16:42.945,0.33854,0.33894,0.05,0.03
2012.11.29 14:16:43.004,0.33854,0.33889,0.05,0.02
2012.11.29 14:16:43.452,0.33856,0.33897,0.03,0.03
2012.11.29 14:16:44.003,0.33854,0.33894,0.05,0.02
2012.11.29 14:16:45.144,0.33854,0.33886,0.04,0.02
2012.11.29 14:16:45.730,0.33854,0.33889,0.05,0.02
2012.11.29 14:16:47.233,0.33853,0.33891,0.03,0.03
2012.11.29 14:16:47.293,0.3385,0.33882,0.03,0.02
2012.11.29 14:16:50.249,0.33854,0.33893,0.03,0.02
2012.11.29 14:16:51.169,0.33853,0.33885,0.03,0.02
2012.11.29 14:16:52.303,0.33853,0.33887,0.03,0.04
2012.11.29 14:16:53.323,0.33853,0.33894,0.05,0.02
2012.11.29 14:16:53.763,0.33855,0.33897,0.03,0.03
2012.11.29 14:16:54.878,0.33855,0.33889,0.03,0.02
2012.11.29 14:16:55.097,0.33855,0.33892,0.03,0.02
2012.11.29 14:16:55.153,0.33857,0.33898,0.03,0.02
2012.11.29 14:17:01.973,0.33855,0.33897,0.03,0.05
2012.11.29 14:17:03.123,0.33855,0.33891,0.03,0.02
2012.11.29 14:17:03.582,0.33864,0.33894,0.02,0.02
2012.11.29 14:17:05.853,0.33863,0.33905,0.04,0.02
2012.11.29 14:17:06.293,0.33864,0.33896,0.02,0.03
2012.11.29 14:17:06.371,0.33866,0.33906,0.03,0.04
2012.11.29 14:17:06.423,0.33864,0.33898,0.03,0.02
2012.11.29 14:17:08.403,0.33867,0.33908,0.03,0.02
2012.11.29 14:17:08.792,0.33874,0.3391,0.03,0.02
2012.11.29 14:17:09.613,0.33874,0.33906,0.02,0.03
2012.11.29 14:17:11.333,0.33874,0.33906,0.03,0.03
2012.11.29 14:17:11.393,0.33874,0.33914,0.03,0.03
2012.11.29 14:17:11.924,0.33873,0.33907,0.04,0.02
2012.11.29 14:17:12.460,0.33874,0.33904,0.02,0.02
2012.11.29 14:17:15.470,0.33873,0.33913,0.03,0.03
2012.11.29 14:17:16.234,0.33872,0.33904,0.02,0.02
2012.11.29 14:17:16.580,0.33875,0.33917,0.03,0.02
2012.11.29 14:17:17.160,0.33877,0.33917,0.02,0.02
2012.11.29 14:17:19.771,0.33878,0.33919,0.02,0.02
2012.11.29 14:17:19.823,0.33875,0.33908,0.03,0.02
2012.11.29 14:17:21.103,0.33883,0.33923,0.04,0.02
2012.11.29 14:17:21.164,0.3388,0.33914,0.05,0.02
2012.11.29 14:17:22.303,0.33886,0.33928,0.03,0.03
2012.11.29 14:17:22.363,0.33884,0.33916,0.03,0.03
2012.11.29 14:17:24.253,0.33886,0.33919,0.03,0.02
2012.11.29 14:17:24.313,0.33888,0.33929,0.03,0.02
2012.11.29 14:17:24.970,0.33887,0.33927,0.03,0.02
2012.11.29 14:17:25.301,0.33889,0.33931,0.03,0.02
2012.11.29 14:17:28.344,0.33893,0.33927,0.02,0.02
2012.11.29 14:17:29.053,0.33883,0.33917,0.03,0.04
2012.11.29 14:17:29.113,0.33886,0.33927,0.03,0.04
2012.11.29 14:17:29.293,0.33884,0.33917,0.02,0.02
2012.11.29 14:17:29.413,0.33884,0.33917,0.05,0.02
2012.11.29 14:17:29.543,0.33886,0.33926,0.02,0.04
2012.11.29 14:17:29.943,0.33889,0.33929,0.03,0.02
2012.11.29 14:17:31.313,0.33886,0.33919,0.03,0.02
2012.11.29 14:17:31.973,0.33884,0.33917,0.03,0.02
2012.11.29 14:17:32.033,0.33887,0.33927,0.02,0.02
2012.11.29 14:17:32.378,0.33884,0.33917,0.03,0.03
2012.11.29 14:17:34.973,0.33889,0.3393,0.02,0.02
2012.11.29 14:17:35.095,0.33886,0.33921,0.03,0.02
2012.11.29 14:17:35.534,0.33894,0.33932,0.03,0.03
2012.11.29 14:17:36.074,0.33894,0.33926,0.03,0.03
2012.11.29 14:17:36.193,0.33894,0.33929,0.05,0.02
2012.11.29 14:17:36.661,0.33898,0.3394,0.03,0.02
2012.11.29 14:17:37.853,0.33904,0.33935,0.02,0.03
2012.11.29 14:17:37.913,0.33904,0.33942,0.03,0.03
2012.11.29 14:17:38.703,0.33898,0.3394,0.03,0.02
2012.11.29 14:17:39.123,0.33894,0.33928,0.03,0.02
2012.11.29 14:17:39.670,0.33898,0.3393,0.02,0.02
2012.11.29 14:17:40.247,0.33899,0.33939,0.03,0.02
2012.11.29 14:17:46.575,0.33894,0.33926,0.03,0.03
2012.11.29 14:17:46.633,0.33897,0.33937,0.03,0.02
2012.11.29 14:17:48.067,0.33899,0.33931,0.03,0.02
2012.11.29 14:17:48.704,0.33896,0.33929,0.03,0.02
2012.11.29 14:17:54.813,0.33899,0.33931,0.03,0.02
2012.11.29 14:17:55.143,0.339,0.33933,0.03,0.02
2012.11.29 14:18:02.690,0.33899,0.33939,0.03,0.02
2012.11.29 14:18:03.234,0.33896,0.33927,0.03,0.03
2012.11.29 14:18:03.623,0.33896,0.33937,0.03,0.03
2012.11.29 14:18:04.003,0.33894,0.33926,0.03,0.03
2012.11.29 14:18:04.063,0.33894,0.33934,0.05,0.02
2012.11.29 14:18:06.613,0.33893,0.33932,0.03,0.04
2012.11.29 14:18:07.778,0.33893,0.3393,0.03,0.02
2012.11.29 14:18:09.164,0.33888,0.3392,0.02,0.02
2012.11.29 14:18:09.813,0.33887,0.33927,0.03,0.02
2012.11.29 14:18:10.420,0.33884,0.33917,0.03,0.03
2012.11.29 14:18:12.670,0.33884,0.33926,0.03,0.02
2012.11.29 14:18:18.203,0.33885,0.3392,0.03,0.02
2012.11.29 14:18:18.710,0.33888,0.3393,0.03,0.02
2012.11.29 14:18:20.434,0.33888,0.33924,0.03,0.02
2012.11.29 14:18:20.553,0.33893,0.33925,0.03,0.02
2012.11.29 14:18:21.690,0.33894,0.33936,0.03,0.02
2012.11.29 14:18:21.743,0.33894,0.33926,0.05,0.03
2012.11.29 14:18:22.273,0.33896,0.33929,0.03,0.02
2012.11.29 14:18:22.393,0.33896,0.33937,0.03,0.03
2012.11.29 14:18:23.092,0.33894,0.33927,0.03,0.02
2012.11.29 14:18:23.503,0.33895,0.33935,0.03,0.02
2012.11.29 14:18:25.004,0.33891,0.33925,0.03,0.02
2012.11.29 14:18:25.063,0.33893,0.33927,0.03,0.02
2012.11.29 14:18:31.243,0.33889,0.33923,0.03,0.02
2012.11.29 14:18:31.303,0.33887,0.33928,0.03,0.02
2012.11.29 14:18:33.073,0.33883,0.33917,0.03,0.02
2012.11.29 14:18:39.819,0.33884,0.33921,0.03,0.03
2012.11.29 14:18:40.053,0.33877,0.33917,0.03,0.02
2012.11.29 14:18:41.352,0.33874,0.33906,0.03,0.02
2012.11.29 14:18:41.696,0.33881,0.33923,0.03,0.02
2012.11.29 14:18:41.753,0.33881,0.33914,0.03,0.02
2012.11.29 14:18:42.683,0.33885,0.33926,0.03,0.03
2012.11.29 14:18:43.203,0.33894,0.33926,0.02,0.02
2012.11.29 14:18:43.505,0.33891,0.33924,0.03,0.02
2012.11.29 14:18:46.343,0.33903,0.33943,0.03,0.03
2012.11.29 14:18:46.414,0.33901,0.33933,0.02,0.02
2012.11.29 14:18:46.913,0.33898,0.3394,0.03,0.02
2012.11.29 14:18:47.414,0.33898,0.33936,0.02,0.03
2012.11.29 14:18:47.583,0.33895,0.33937,0.03,0.03
2012.11.29 14:18:47.763,0.33893,0.33932,0.03,0.03
2012.11.29 14:18:48.273,0.33894,0.33926,0.03,0.02
2012.11.29 14:18:50.029,0.33893,0.33924,0.02,0.02
2012.11.29 14:18:50.223,0.33888,0.3393,0.03,0.03
2012.11.29 14:18:50.473,0.33883,0.33916,0.03,0.02
2012.11.29 14:18:50.533,0.33884,0.33924,0.03,0.03
2012.11.29 14:18:52.403,0.33884,0.33926,0.03,0.02
2012.11.29 14:18:52.643,0.33883,0.33922,0.03,0.02
2012.11.29 14:18:54.993,0.33878,0.33912,0.03,0.02
2012.11.29 14:18:55.053,0.33878,0.33919,0.03,0.02
2012.11.29 14:18:55.113,0.33878,0.33911,0.03,0.02
2012.11.29 14:18:56.367,0.33878,0.33913,0.03,0.02
2012.11.29 14:18:57.363,0.33885,0.3392,0.02,0.02
2012.11.29 14:18:57.423,0.33894,0.33926,0.02,0.02
2012.11.29 14:18:57.941,0.33894,0.3393,0.03,0.02
2012.11.29 14:18:59.344,0.33893,0.33925,0.02,0.02
2012.11.29 14:18:59.463,0.33894,0.33926,0.03,0.03
2012.11.29 14:19:00.310,0.33896,0.33937,0.03,0.03
2012.11.29 14:19:00.764,0.33896,0.33936,0.03,0.02
2012.11.29 14:19:01.069,0.33894,0.33931,0.03,0.02
2012.11.29 14:19:01.184,0.33891,0.33923,0.03,0.02
2012.11.29 14:19:05.879,0.33891,0.33923,0.03,0.02
2012.11.29 14:19:06.889,0.33891,0.33924,0.03,0.02
2012.11.29 14:19:08.305,0.33891,0.33923,0.03,0.02
2012.11.29 14:19:11.583,0.33886,0.3392,0.03,0.02
2012.11.29 14:19:11.644,0.33885,0.33916,0.03,0.03
2012.11.29 14:19:12.313,0.33885,0.33926,0.03,0.04
2012.11.29 14:19:12.593,0.33885,0.33917,0.02,0.03
2012.11.29 14:19:13.134,0.33885,0.33916,0.03,0.02
2012.11.29 14:19:17.693,0.33885,0.33917,0.03,0.04
2012.11.29 14:19:31.273,0.33884,0.33915,0.03,0.02
2012.11.29 14:19:44.523,0.33884,0.33925,0.03,0.02
2012.11.29 14:19:46.563,0.33883,0.33923,0.03,0.03
2012.11.29 14:19:50.394,0.33881,0.33921,0.03,0.02
2012.11.29 14:19:50.513,0.33879,0.33917,0.03,0.02
2012.11.29 14:19:51.259,0.33879,0.3392,0.03,0.02
2012.11.29 14:19:58.449,0.3388,0.3392,0.03,0.02
2012.11.29 14:19:58.504,0.3388,0.33916,0.03,0.04
2012.11.29 14:19:59.056,0.33884,0.33921,0.03,0.02
2012.11.29 14:19:59.113,0.33884,0.33925,0.03,0.04
2012.11.29 14:20:01.924,0.33888,0.3393,0.03,0.04
2012.11.29 14:20:02.495,0.33892,0.33927,0.02,0.02
2012.11.29 14:20:02.614,0.33896,0.33936,0.03,0.02
2012.11.29 14:20:06.918,0.33894,0.33934,0.05,0.02
2012.11.29 14:20:07.093,0.33894,0.33935,0.05,0.03
2012.11.29 14:20:09.780,0.33891,0.33925,0.03,0.02
2012.11.29 14:20:09.984,0.33891,0.33931,0.03,0.02
2012.11.29 14:20:15.308,0.33891,0.33923,0.03,0.02
2012.11.29 14:20:15.761,0.33887,0.33921,0.03,0.02
2012.11.29 14:20:16.441,0.33887,0.3392,0.03,0.02
2012.11.29 14:20:20.514,0.33894,0.33925,0.02,0.02
2012.11.29 14:20:21.445,0.3389,0.33922,0.03,0.02
2012.11.29 14:20:26.488,0.33888,0.33929,0.03,0.02
2012.11.29 14:20:42.264,0.33885,0.33917,0.03,0.02
2012.11.29 14:20:43.444,0.33885,0.33925,0.03,0.03
2012.11.29 14:20:45.471,0.33885,0.33916,0.02,0.04
2012.11.29 14:20:49.293,0.33885,0.33916,0.02,0.03
2012.11.29 14:20:53.384,0.33881,0.33915,0.03,0.02
2012.11.29 14:20:53.444,0.33884,0.33916,0.02,0.02
2012.11.29 14:20:55.544,0.3388,0.33914,0.05,0.02
2012.11.29 14:20:55.604,0.3388,0.33917,0.03,0.04
2012.11.29 14:20:57.665,0.3388,0.33912,0.03,0.02
2012.11.29 14:20:58.054,0.33878,0.3392,0.03,0.02
2012.11.29 14:21:16.994,0.33878,0.33911,0.03,0.02
2012.11.29 14:21:23.025,0.33878,0.3391,0.02,0.02
2012.11.29 14:21:23.168,0.33874,0.33915,0.03,0.02
2012.11.29 14:21:23.593,0.33874,0.33907,0.03,0.02
2012.11.29 14:21:30.724,0.33874,0.3391,0.03,0.03
2012.11.29 14:21:30.927,0.33874,0.33906,0.03,0.03
2012.11.29 14:21:30.995,0.33866,0.33899,0.02,0.02
2012.11.29 14:21:31.844,0.33864,0.33902,0.03,0.02
2012.11.29 14:21:31.904,0.33864,0.33896,0.03,0.03
2012.11.29 14:21:35.778,0.33864,0.33895,0.03,0.02
2012.11.29 14:21:35.894,0.33859,0.339,0.03,0.02
2012.11.29 14:21:36.426,0.33859,0.33901,0.03,0.02
2012.11.29 14:21:37.388,0.33862,0.33903,0.03,0.03
2012.11.29 14:21:37.759,0.33864,0.33896,0.03,0.03
2012.11.29 14:21:39.294,0.33859,0.33898,0.02,0.02
2012.11.29 14:21:40.393,0.33864,0.339,0.03,0.03
2012.11.29 14:21:41.386,0.33857,0.33899,0.03,0.02
2012.11.29 14:21:42.337,0.33858,0.339,0.03,0.02
2012.11.29 14:21:47.114,0.33858,0.3389,0.03,0.02
2012.11.29 14:21:47.405,0.33858,0.33893,0.03,0.02
2012.11.29 14:21:48.835,0.33858,0.33891,0.03,0.02
2012.11.29 14:21:50.678,0.3386,0.339,0.03,0.02
2012.11.29 14:21:51.227,0.33863,0.33905,0.02,0.02
2012.11.29 14:21:51.284,0.33863,0.33895,0.04,0.03
2012.11.29 14:21:51.344,0.33863,0.33896,0.05,0.02
2012.11.29 14:21:53.274,0.3386,0.33894,0.05,0.02
2012.11.29 14:21:53.984,0.33858,0.33898,0.03,0.02
2012.11.29 14:21:55.534,0.33853,0.33887,0.03,0.03
2012.11.29 14:21:56.070,0.33853,0.33885,0.03,0.02
2012.11.29 14:21:56.696,0.33855,0.33895,0.03,0.03
2012.11.29 14:21:56.814,0.33855,0.3389,0.03,0.02
2012.11.29 14:21:57.549,0.33855,0.33888,0.03,0.02
2012.11.29 14:21:58.085,0.33854,0.33896,0.03,0.03
2012.11.29 14:21:58.494,0.33864,0.33896,0.03,0.02
2012.11.29 14:21:58.758,0.33859,0.33893,0.03,0.02
2012.11.29 14:21:59.522,0.33861,0.33895,0.03,0.02
2012.11.29 14:21:59.584,0.33864,0.33904,0.03,0.03
2012.11.29 14:22:00.044,0.33865,0.33907,0.03,0.02
2012.11.29 14:22:01.874,0.33866,0.339,0.03,0.02
2012.11.29 14:22:01.934,0.3387,0.33902,0.03,0.02
2012.11.29 14:22:05.974,0.3387,0.33904,0.03,0.02
2012.11.29 14:22:07.494,0.33862,0.33901,0.02,0.03
2012.11.29 14:22:07.941,0.33863,0.33895,0.03,0.02
2012.11.29 14:22:10.774,0.33853,0.33886,0.03,0.02
2012.11.29 14:22:11.653,0.33853,0.33887,0.03,0.03
2012.11.29 14:22:11.904,0.33855,0.33897,0.03,0.05
2012.11.29 14:22:12.533,0.33857,0.33897,0.03,0.04
2012.11.29 14:22:12.920,0.33853,0.33886,0.03,0.02
2012.11.29 14:22:12.974,0.33853,0.33891,0.03,0.03
2012.11.29 14:22:16.399,0.3385,0.33883,0.03,0.02
2012.11.29 14:22:16.836,0.33848,0.3389,0.03,0.02
2012.11.29 14:22:23.367,0.33848,0.33881,0.02,0.02
2012.11.29 14:22:28.434,0.33845,0.33877,0.03,0.03
2012.11.29 14:22:28.494,0.33845,0.33885,0.03,0.02
2012.11.29 14:22:30.423,0.33844,0.33886,0.03,0.02
2012.11.29 14:22:30.962,0.33844,0.33876,0.05,0.03
2012.11.29 14:22:31.884,0.33844,0.33876,0.05,0.04
2012.11.29 14:22:31.944,0.33843,0.33877,0.03,0.02
2012.11.29 14:22:38.128,0.33844,0.33876,0.03,0.03
2012.11.29 14:22:38.455,0.33843,0.33877,0.03,0.02
2012.11.29 14:22:38.633,0.33845,0.33886,0.03,0.02
2012.11.29 14:22:41.324,0.33854,0.33886,0.02,0.02
2012.11.29 14:22:41.702,0.33847,0.33881,0.03,0.02
2012.11.29 14:22:41.834,0.33853,0.33885,0.03,0.02
2012.11.29 14:22:43.464,0.33854,0.33886,0.03,0.03
2012.11.29 14:22:44.574,0.33854,0.33895,0.03,0.03
2012.11.29 14:22:45.310,0.33854,0.33886,0.02,0.03
2012.11.29 14:22:49.944,0.33854,0.33891,0.03,0.02
2012.11.29 14:22:50.004,0.33855,0.33896,0.03,0.02
2012.11.29 14:22:50.543,0.33858,0.33898,0.03,0.02
2012.11.29 14:22:55.943,0.33863,0.33901,0.03,0.03
2012.11.29 14:22:56.399,0.33863,0.33896,0.03,0.02
2012.11.29 14:22:56.466,0.33864,0.33903,0.03,0.02
2012.11.29 14:23:04.894,0.33865,0.33905,0.02,0.02
2012.11.29 14:23:05.095,0.33865,0.33897,0.02,0.02
2012.11.29 14:23:06.244,0.33867,0.33899,0.02,0.02
2012.11.29 14:23:07.324,0.33873,0.33907,0.02,0.02
2012.11.29 14:23:07.399,0.33873,0.33904,0.03,0.02
2012.11.29 14:23:23.753,0.33877,0.33913,0.02,0.04
2012.11.29 14:23:23.814,0.33879,0.33919,0.03,0.02
2012.11.29 14:23:24.270,0.33883,0.33923,0.03,0.03
2012.11.29 14:23:24.444,0.33883,0.33915,0.02,0.02
2012.11.29 14:23:33.154,0.33884,0.33921,0.03,0.02
2012.11.29 14:23:33.770,0.33884,0.33915,0.02,0.02
2012.11.29 14:23:34.584,0.33884,0.33916,0.03,0.03
2012.11.29 14:23:34.714,0.33886,0.33926,0.03,0.02
2012.11.29 14:23:36.519,0.33883,0.33917,0.03,0.05
2012.11.29 14:23:36.574,0.33884,0.33921,0.03,0.02
2012.11.29 14:23:36.635,0.33881,0.33914,0.03,0.02
2012.11.29 14:23:40.844,0.33877,0.33918,0.03,0.03
2012.11.29 14:23:41.644,0.33884,0.33916,0.02,0.02
2012.11.29 14:23:41.714,0.3388,0.33912,0.03,0.02
2012.11.29 14:23:48.076,0.33877,0.3391,0.03,0.02
2012.11.29 14:23:52.694,0.33878,0.33917,0.02,0.04
2012.11.29 14:23:55.414,0.33879,0.33913,0.03,0.02
2012.11.29 14:23:57.934,0.33884,0.33922,0.03,0.03
2012.11.29 14:23:58.054,0.33881,0.33913,0.02,0.02
2012.11.29 14:23:58.774,0.33883,0.33917,0.02,0.02
2012.11.29 14:23:58.874,0.33883,0.33923,0.04,0.02
2012.11.29 14:24:05.315,0.33883,0.33915,0.02,0.02
2012.11.29 14:24:10.564,0.33883,0.33917,0.05,0.03
2012.11.29 14:24:14.814,0.3388,0.33914,0.04,0.02
2012.11.29 14:24:14.934,0.33877,0.33912,0.03,0.02
2012.11.29 14:24:18.814,0.33876,0.33916,0.03,0.02
2012.11.29 14:24:19.714,0.33878,0.33919,0.03,0.03
2012.11.29 14:24:21.114,0.33878,0.33911,0.03,0.02
2012.11.29 14:24:21.631,0.33877,0.33917,0.03,0.02
2012.11.29 14:24:24.604,0.33878,0.33919,0.03,0.03
2012.11.29 14:24:24.724,0.33878,0.33912,0.03,0.02
2012.11.29 14:24:25.024,0.3388,0.33914,0.03,0.02
2012.11.29 14:24:25.515,0.33883,0.33917,0.03,0.03
2012.11.29 14:24:25.694,0.33884,0.33925,0.05,0.03
2012.11.29 14:24:26.554,0.33883,0.33917,0.03,0.02
2012.11.29 14:24:27.174,0.33884,0.33923,0.03,0.03
2012.11.29 14:24:29.754,0.33882,0.33914,0.02,0.02
2012.11.29 14:24:29.815,0.33884,0.33919,0.03,0.02
2012.11.29 14:24:29.881,0.33879,0.33912,0.03,0.02
2012.11.29 14:24:32.074,0.33878,0.33913,0.03,0.02
2012.11.29 14:24:32.134,0.33884,0.33916,0.02,0.02
2012.11.29 14:24:32.194,0.33884,0.33916,0.03,0.03
2012.11.29 14:24:35.434,0.33883,0.33915,0.02,0.02
2012.11.29 14:24:44.514,0.33887,0.33927,0.03,0.02
2012.11.29 14:24:45.112,0.33884,0.33919,0.03,0.02
2012.11.29 14:24:49.534,0.33886,0.33926,0.03,0.02
2012.11.29 14:24:50.084,0.33884,0.33924,0.03,0.02
2012.11.29 14:24:50.235,0.33884,0.33916,0.03,0.03
2012.11.29 14:24:51.934,0.33888,0.33928,0.03,0.02
2012.11.29 14:24:52.043,0.33888,0.33921,0.03,0.02
2012.11.29 14:24:58.014,0.33894,0.33931,0.03,0.02
2012.11.29 14:24:58.075,0.33894,0.33924,0.02,0.02
2012.11.29 14:24:58.134,0.33897,0.33938,0.03,0.02
2012.11.29 14:24:58.194,0.33897,0.33929,0.03,0.02
2012.11.29 14:25:01.053,0.33899,0.3394,0.03,0.02
2012.11.29 14:25:01.114,0.33899,0.33931,0.03,0.02
2012.11.29 14:25:01.769,0.33904,0.33934,0.02,0.02
2012.11.29 14:25:02.481,0.33903,0.3394,0.03,0.02
2012.11.29 14:25:03.774,0.33904,0.33944,0.03,0.03
2012.11.29 14:25:06.565,0.33903,0.33941,0.03,0.02
2012.11.29 14:25:08.604,0.33904,0.33944,0.02,0.02
2012.11.29 14:25:08.725,0.33904,0.33938,0.03,0.02
2012.11.29 14:25:09.654,0.33904,0.33936,0.04,0.03
2012.11.29 14:25:10.384,0.33904,0.33936,0.05,0.02
2012.11.29 14:25:10.444,0.33908,0.33949,0.03,0.03
2012.11.29 14:25:10.984,0.33906,0.33946,0.03,0.02
2012.11.29 14:25:14.494,0.33905,0.33947,0.03,0.03
2012.11.29 14:25:14.554,0.33905,0.33937,0.02,0.02
2012.11.29 14:25:14.614,0.33904,0.33943,0.03,0.02
2012.11.29 14:25:15.994,0.33905,0.33946,0.03,0.03
2012.11.29 14:25:16.054,0.33905,0.33939,0.02,0.02
2012.11.29 14:25:18.594,0.33905,0.3394,0.03,0.02
2012.11.29 14:25:18.754,0.33908,0.33948,0.03,0.02
2012.11.29 14:25:26.105,0.33908,0.33942,0.03,0.02
2012.11.29 14:25:27.894,0.33908,0.33939,0.03,0.02
2012.11.29 14:25:28.014,0.33905,0.33945,0.03,0.02
2012.11.29 14:25:29.404,0.33901,0.33935,0.03,0.02
2012.11.29 14:25:29.464,0.33904,0.3394,0.03,0.02
2012.11.29 14:25:30.144,0.33904,0.33939,0.03,0.02
2012.11.29 14:25:30.761,0.33898,0.33932,0.03,0.02
2012.11.29 14:25:41.604,0.33896,0.33936,0.03,0.02
2012.11.29 14:25:42.034,0.33903,0.33939,0.03,0.02
2012.11.29 14:25:44.594,0.33894,0.33926,0.03,0.02
2012.11.29 14:25:45.030,0.33894,0.33934,0.05,0.02
2012.11.29 14:25:45.542,0.33894,0.33934,0.03,0.03
2012.11.29 14:25:47.154,0.33894,0.33932,0.03,0.02
2012.11.29 14:25:49.374,0.33888,0.33924,0.02,0.02
2012.11.29 14:25:51.474,0.33887,0.33922,0.03,0.02
2012.11.29 14:25:53.334,0.33887,0.3392,0.02,0.02
2012.11.29 14:25:53.394,0.33884,0.33926,0.05,0.05
2012.11.29 14:25:53.514,0.33884,0.33919,0.05,0.02
2012.11.29 14:25:53.583,0.33884,0.33923,0.03,0.02
2012.11.29 14:25:54.275,0.33884,0.33918,0.03,0.02
2012.11.29 14:25:54.394,0.33884,0.33926,0.05,0.03
2012.11.29 14:25:54.854,0.33885,0.33922,0.02,0.02
2012.11.29 14:25:54.914,0.33887,0.33927,0.03,0.02
2012.11.29 14:25:56.364,0.33894,0.33929,0.03,0.02
2012.11.29 14:26:00.853,0.33886,0.33926,0.03,0.02
2012.11.29 14:26:00.914,0.33886,0.33921,0.03,0.02
2012.11.29 14:26:02.335,0.33884,0.33922,0.03,0.02
2012.11.29 14:26:02.395,0.33884,0.33919,0.03,0.02
2012.11.29 14:26:06.384,0.33884,0.33916,0.03,0.03
2012.11.29 14:26:13.445,0.33882,0.33916,0.03,0.03
2012.11.29 14:26:14.069,0.33881,0.33921,0.03,0.03
2012.11.29 14:26:14.243,0.33876,0.33916,0.03,0.02
2012.11.29 14:26:23.244,0.33876,0.3391,0.03,0.02
2012.11.29 14:26:25.564,0.33874,0.33908,0.03,0.02
2012.11.29 14:26:25.624,0.33871,0.33904,0.03,0.02
2012.11.29 14:26:26.214,0.33874,0.33906,0.02,0.03
2012.11.29 14:26:27.697,0.33869,0.33901,0.02,0.02
2012.11.29 14:26:27.814,0.33866,0.33907,0.03,0.03
2012.11.29 14:26:28.674,0.33866,0.33903,0.03,0.02
2012.11.29 14:26:29.327,0.33866,0.33902,0.03,0.02
2012.11.29 14:26:38.454,0.33866,0.339,0.03,0.02
2012.11.29 14:26:39.374,0.33866,0.33902,0.03,0.02
2012.11.29 14:26:39.924,0.33865,0.33897,0.02,0.02
2012.11.29 14:26:39.984,0.33863,0.339,0.05,0.02
2012.11.29 14:26:40.682,0.33863,0.33897,0.05,0.03
2012.11.29 14:26:41.354,0.33863,0.33902,0.03,0.02
2012.11.29 14:26:45.374,0.33864,0.33897,0.02,0.02
2012.11.29 14:26:45.434,0.33866,0.33906,0.03,0.02
2012.11.29 14:26:47.055,0.33864,0.33903,0.03,0.02
2012.11.29 14:26:47.484,0.33874,0.33906,0.02,0.03
2012.11.29 14:26:47.876,0.33874,0.33904,0.02,0.02
2012.11.29 14:26:51.825,0.33874,0.33906,0.03,0.02
2012.11.29 14:26:52.282,0.33874,0.33907,0.03,0.02
2012.11.29 14:26:55.099,0.33874,0.3391,0.03,0.02
2012.11.29 14:26:55.642,0.33884,0.33918,0.03,0.02
2012.11.29 14:26:55.971,0.33884,0.3392,0.03,0.02
2012.11.29 14:27:00.464,0.33884,0.33916,0.03,0.02
2012.11.29 14:27:00.584,0.33884,0.33924,0.05,0.03
2012.11.29 14:27:01.014,0.33884,0.33916,0.02,0.03
2012.11.29 14:27:03.545,0.33876,0.33907,0.03,0.02
2012.11.29 14:27:03.664,0.33879,0.33915,0.02,0.03
2012.11.29 14:27:03.724,0.33875,0.33907,0.03,0.03
2012.11.29 14:27:05.454,0.33874,0.33914,0.03,0.02
2012.11.29 14:27:06.002,0.33874,0.33907,0.02,0.03
2012.11.29 14:27:07.384,0.33874,0.33906,0.05,0.02
2012.11.29 14:27:12.294,0.33875,0.33915,0.03,0.02
2012.11.29 14:27:12.844,0.33874,0.33914,0.03,0.02
2012.11.29 14:27:13.164,0.33873,0.33906,0.03,0.02
2012.11.29 14:27:14.096,0.33873,0.33905,0.03,0.02
2012.11.29 14:27:14.214,0.33873,0.33907,0.03,0.02
2012.11.29 14:27:18.114,0.3387,0.33903,0.03,0.02
2012.11.29 14:27:18.864,0.33873,0.33905,0.03,0.02
2012.11.29 14:27:19.394,0.33873,0.33907,0.03,0.02
2012.11.29 14:27:20.475,0.33874,0.33906,0.03,0.02
2012.11.29 14:27:38.919,0.33873,0.33906,0.03,0.02
2012.11.29 14:27:42.716,0.33873,0.33907,0.03,0.03
2012.11.29 14:27:43.311,0.33873,0.33912,0.03,0.02
2012.11.29 14:27:44.904,0.33879,0.3392,0.03,0.02
2012.11.29 14:27:45.642,0.33883,0.33914,0.02,0.02
2012.11.29 14:27:48.834,0.33883,0.33915,0.03,0.02
2012.11.29 14:27:49.623,0.33884,0.3392,0.03,0.03
2012.11.29 14:27:53.165,0.33883,0.33916,0.03,0.02
2012.11.29 14:27:53.786,0.33884,0.33922,0.03,0.02
2012.11.29 14:27:54.255,0.33884,0.33916,0.03,0.02
2012.11.29 14:27:54.314,0.33884,0.33924,0.03,0.02
2012.11.29 14:27:59.384,0.33884,0.33925,0.05,0.02
2012.11.29 14:28:10.374,0.33886,0.33927,0.03,0.03
2012.11.29 14:28:10.901,0.33886,0.3392,0.03,0.02
2012.11.29 14:28:14.094,0.3389,0.33923,0.03,0.02
2012.11.29 14:28:14.354,0.33893,0.33924,0.03,0.02
2012.11.29 14:28:15.604,0.33893,0.33932,0.03,0.03
2012.11.29 14:28:17.934,0.33893,0.33931,0.03,0.02
2012.11.29 14:28:18.445,0.33893,0.33926,0.03,0.02
2012.11.29 14:28:20.101,0.33894,0.33934,0.03,0.03
2012.11.29 14:28:20.315,0.33894,0.33928,0.03,0.02
2012.11.29 14:28:22.886,0.33895,0.33937,0.03,0.03
2012.11.29 14:28:23.394,0.33899,0.33932,0.03,0.02
2012.11.29 14:28:23.454,0.33904,0.33936,0.02,0.02
2012.11.29 14:28:23.525,0.33901,0.33934,0.03,0.02
2012.11.29 14:28:26.554,0.33894,0.33927,0.03,0.02
2012.11.29 14:28:26.614,0.33895,0.33935,0.03,0.03
2012.11.29 14:28:32.694,0.33893,0.33927,0.03,0.05
2012.11.29 14:28:32.814,0.33894,0.3393,0.03,0.02
2012.11.29 14:28:34.205,0.33893,0.33927,0.03,0.03
2012.11.29 14:28:34.324,0.33894,0.33933,0.03,0.02
2012.11.29 14:28:34.974,0.33892,0.33925,0.03,0.02
2012.11.29 14:28:35.034,0.33894,0.33929,0.03,0.02
2012.11.29 14:28:36.235,0.33889,0.33924,0.02,0.02
2012.11.29 14:28:37.095,0.33889,0.33921,0.02,0.02
2012.11.29 14:28:37.154,0.33885,0.33925,0.03,0.02
2012.11.29 14:28:37.914,0.33894,0.33929,0.03,0.02
2012.11.29 14:28:38.674,0.33885,0.33925,0.03,0.02
2012.11.29 14:28:40.735,0.33888,0.33922,0.03,0.02
2012.11.29 14:28:41.624,0.33893,0.33928,0.03,0.02
2012.11.29 14:28:47.112,0.33891,0.33924,0.03,0.02
2012.11.29 14:28:49.164,0.33894,0.33929,0.03,0.03
2012.11.29 14:28:50.239,0.33894,0.33933,0.03,0.02
2012.11.29 14:28:50.295,0.33893,0.33927,0.03,0.03
2012.11.29 14:28:52.794,0.33893,0.33933,0.05,0.03
2012.11.29 14:28:52.914,0.33894,0.3393,0.03,0.02
2012.11.29 14:28:53.914,0.33898,0.3393,0.03,0.02
2012.11.29 14:28:54.195,0.33899,0.33933,0.03,0.02
2012.11.29 14:28:57.250,0.33897,0.33932,0.03,0.02
2012.11.29 14:29:00.240,0.33903,0.33941,0.03,0.03
2012.11.29 14:29:00.961,0.33901,0.33935,0.03,0.02
2012.11.29 14:29:04.938,0.33903,0.33937,0.03,0.04
2012.11.29 14:29:07.640,0.33904,0.33942,0.03,0.03
2012.11.29 14:29:08.353,0.33903,0.33937,0.03,0.03
2012.11.29 14:29:09.657,0.33903,0.33937,0.03,0.02
2012.11.29 14:29:14.024,0.33904,0.33944,0.05,0.02
2012.11.29 14:29:14.374,0.33905,0.33942,0.02,0.02
2012.11.29 14:29:14.494,0.33909,0.33946,0.03,0.02
2012.11.29 14:29:14.570,0.33906,0.33946,0.03,0.02
2012.11.29 14:29:17.814,0.33907,0.33947,0.03,0.02
2012.11.29 14:29:17.874,0.33914,0.33946,0.02,0.04
2012.11.29 14:29:19.035,0.33914,0.33946,0.03,0.04
2012.11.29 14:29:19.652,0.33914,0.33954,0.03,0.02
2012.11.29 14:29:20.114,0.33914,0.33946,0.03,0.03
2012.11.29 14:29:20.174,0.33915,0.33956,0.03,0.03
2012.11.29 14:29:20.644,0.33925,0.33957,0.03,0.02
2012.11.29 14:29:21.164,0.33922,0.33955,0.02,0.02
2012.11.29 14:29:21.815,0.33924,0.33956,0.03,0.02
2012.11.29 14:29:21.875,0.33924,0.33965,0.03,0.02
2012.11.29 14:29:22.365,0.33926,0.3396,0.03,0.02
2012.11.29 14:29:22.584,0.33926,0.33965,0.02,0.02
2012.11.29 14:29:22.994,0.33927,0.33967,0.02,0.02
2012.11.29 14:29:26.596,0.33927,0.3396,0.02,0.02
2012.11.29 14:29:28.984,0.33928,0.33962,0.03,0.02
2012.11.29 14:29:29.044,0.33933,0.3397,0.03,0.02
2012.11.29 14:29:29.474,0.33934,0.33973,0.03,0.03
2012.11.29 14:29:31.114,0.33934,0.33973,0.03,0.02
2012.11.29 14:29:31.769,0.33934,0.33974,0.03,0.02
2012.11.29 14:29:32.332,0.33933,0.33963,0.02,0.02
2012.11.29 14:29:32.706,0.33926,0.33962,0.03,0.02
2012.11.29 14:29:32.764,0.33929,0.33971,0.03,0.02
2012.11.29 14:29:32.976,0.33927,0.33967,0.03,0.02
2012.11.29 14:29:33.654,0.33929,0.33971,0.02,0.03
2012.11.29 14:29:34.635,0.33938,0.3398,0.03,0.03
2012.11.29 14:29:34.694,0.33938,0.33971,0.03,0.02
2012.11.29 14:29:35.949,0.33951,0.33991,0.02,0.02
2012.11.29 14:29:36.004,0.33943,0.33977,0.03,0.04
2012.11.29 14:29:36.125,0.33949,0.33982,0.03,0.03
2012.11.29 14:29:36.435,0.33953,0.33984,0.03,0.02
2012.11.29 14:29:36.555,0.33954,0.33994,0.04,0.02
2012.11.29 14:29:37.609,0.33954,0.33992,0.03,0.02
2012.11.29 14:29:37.839,0.33948,0.33982,0.02,0.02
2012.11.29 14:29:38.284,0.33954,0.3399,0.03,0.02
2012.11.29 14:29:38.423,0.3395,0.33986,0.03,0.03
2012.11.29 14:29:39.015,0.3395,0.33985,0.02,0.02
2012.11.29 14:29:39.259,0.33953,0.33987,0.03,0.04
2012.11.29 14:29:40.051,0.33946,0.33983,0.02,0.02
2012.11.29 14:29:40.104,0.33943,0.33977,0.03,0.02
2012.11.29 14:29:40.404,0.33944,0.3398,0.03,0.02
2012.11.29 14:29:40.945,0.33935,0.33968,0.03,0.02
2012.11.29 14:29:41.064,0.33938,0.33979,0.03,0.03
2012.11.29 14:29:41.325,0.33938,0.3397,0.03,0.02
2012.11.29 14:29:45.544,0.33938,0.33971,0.03,0.02
2012.11.29 14:29:46.994,0.33938,0.3397,0.03,0.02
2012.11.29 14:29:47.125,0.33938,0.33973,0.03,0.02
2012.11.29 14:29:53.885,0.33943,0.33977,0.03,0.03
2012.11.29 14:29:54.005,0.33944,0.33977,0.03,0.02
2012.11.29 14:29:54.365,0.33939,0.33977,0.03,0.02
2012.11.29 14:29:58.082,0.33937,0.33978,0.03,0.02
2012.11.29 14:29:58.155,0.33937,0.33977,0.03,0.02
2012.11.29 14:29:58.486,0.33937,0.33974,0.03,0.02
2012.11.29 14:30:00.455,0.3394,0.33982,0.03,0.03
2012.11.29 14:30:00.835,0.3394,0.33975,0.03,0.02
2012.11.29 14:30:00.956,0.33938,0.33972,0.03,0.02
2012.11.29 14:30:01.306,0.33939,0.33976,0.02,0.02
2012.11.29 14:30:01.364,0.33942,0.33982,0.03,0.02
2012.11.29 14:30:01.901,0.33943,0.33976,0.03,0.02
2012.11.29 14:30:02.254,0.33951,0.33984,0.02,0.02
2012.11.29 14:30:02.435,0.33946,0.33988,0.03,0.02
2012.11.29 14:30:03.986,0.33954,0.33996,0.02,0.03
2012.11.29 14:30:04.044,0.33956,0.33992,0.02,0.03
2012.11.29 14:30:04.104,0.33959,0.34001,0.03,0.02
2012.11.29 14:30:04.225,0.33956,0.33997,0.02,0.02
2012.11.29 14:30:04.284,0.33955,0.33986,0.03,0.02
2012.11.29 14:30:06.034,0.33955,0.33986,0.03,0.02
2012.11.29 14:30:06.094,0.33954,0.33995,0.03,0.03
2012.11.29 14:30:06.179,0.33956,0.33996,0.02,0.02
2012.11.29 14:30:06.234,0.33954,0.33989,0.03,0.02
2012.11.29 14:30:06.763,0.33956,0.33989,0.03,0.02
2012.11.29 14:30:07.413,0.33953,0.33987,0.03,0.02
2012.11.29 14:30:07.474,0.33954,0.33994,0.03,0.03
2012.11.29 14:30:07.975,0.33953,0.33989,0.03,0.02
2012.11.29 14:30:08.035,0.33953,0.33989,0.03,0.02
2012.11.29 14:30:08.095,0.3395,0.33983,0.03,0.02
2012.11.29 14:30:09.830,0.3396,0.34,0.03,0.02
2012.11.29 14:30:09.884,0.33955,0.33987,0.03,0.02
2012.11.29 14:30:10.493,0.3396,0.33992,0.03,0.02
2012.11.29 14:30:10.685,0.33964,0.34002,0.03,0.02
2012.11.29 14:30:10.825,0.33962,0.33995,0.03,0.02
2012.11.29 14:30:12.455,0.33957,0.33999,0.03,0.02
2012.11.29 14:30:12.549,0.33954,0.33986,0.03,0.02
2012.11.29 14:30:12.665,0.33954,0.33994,0.03,0.03
2012.11.29 14:30:13.035,0.33954,0.33986,0.03,0.03
2012.11.29 14:30:13.100,0.33951,0.33983,0.03,0.02
2012.11.29 14:30:13.424,0.33964,0.33996,0.03,0.02
2012.11.29 14:30:14.514,0.33955,0.33996,0.03,0.03
2012.11.29 14:30:14.828,0.33964,0.33994,0.02,0.02
2012.11.29 14:30:18.575,0.33964,0.34004,0.03,0.02
2012.11.29 14:30:19.124,0.33964,0.33996,0.03,0.02
2012.11.29 14:30:19.657,0.33963,0.33997,0.03,0.03
2012.11.29 14:30:20.059,0.33965,0.34006,0.03,0.02
2012.11.29 14:30:22.679,0.3396,0.33993,0.03,0.02
2012.11.29 14:30:22.735,0.33964,0.34001,0.03,0.03
2012.11.29 14:30:23.928,0.33963,0.33996,0.03,0.02
2012.11.29 14:30:24.055,0.33958,0.33991,0.03,0.03
2012.11.29 14:30:24.554,0.33964,0.34,0.03,0.03
2012.11.29 14:30:26.616,0.33959,0.33992,0.03,0.02
2012.11.29 14:30:28.374,0.33964,0.33995,0.03,0.02
2012.11.29 14:30:28.495,0.33963,0.34001,0.03,0.02
2012.11.29 14:30:31.245,0.33964,0.34001,0.03,0.02
2012.11.29 14:30:33.364,0.33957,0.33997,0.03,0.02
2012.11.29 14:30:33.895,0.33957,0.33992,0.03,0.02
2012.11.29 14:30:33.986,0.33957,0.33993,0.03,0.02
2012.11.29 14:30:36.314,0.33963,0.33999,0.03,0.02
2012.11.29 14:30:36.851,0.33964,0.33999,0.03,0.02
2012.11.29 14:30:37.164,0.33963,0.33997,0.03,0.02
2012.11.29 14:30:38.015,0.33961,0.33994,0.02,0.03
2012.11.29 14:30:38.480,0.33958,0.33991,0.03,0.03
2012.11.29 14:30:38.889,0.33956,0.33996,0.03,0.02
2012.11.29 14:30:39.403,0.33947,0.33977,0.02,0.02
2012.11.29 14:30:39.464,0.33947,0.33983,0.02,0.03
2012.11.29 14:30:39.644,0.33945,0.3398,0.03,0.03
2012.11.29 14:30:39.964,0.33945,0.33977,0.03,0.03
2012.11.29 14:30:40.025,0.33943,0.33982,0.03,0.02
2012.11.29 14:30:41.885,0.33946,0.33983,0.02,0.02
2012.11.29 14:30:41.945,0.33947,0.33988,0.03,0.02
2012.11.29 14:30:42.485,0.33949,0.33989,0.03,0.02
2012.11.29 14:30:42.615,0.33949,0.33986,0.03,0.02
2012.11.29 14:30:43.234,0.33953,0.33992,0.03,0.03
2012.11.29 14:30:43.913,0.33953,0.33987,0.03,0.04
2012.11.29 14:30:45.465,0.33954,0.33988,0.03,0.02
2012.11.29 14:30:49.134,0.33953,0.33986,0.03,0.02
2012.11.29 14:30:50.174,0.33953,0.33992,0.03,0.03
2012.11.29 14:30:50.234,0.33954,0.33985,0.02,0.02
2012.11.29 14:30:51.184,0.3395,0.33983,0.02,0.02
2012.11.29 14:30:51.824,0.33945,0.33984,0.02,0.02
2012.11.29 14:30:56.674,0.33954,0.33984,0.02,0.02
2012.11.29 14:30:57.421,0.33945,0.33984,0.02,0.02
2012.11.29 14:31:05.454,0.33954,0.33984,0.02,0.02
2012.11.29 14:31:06.344,0.33945,0.33984,0.02,0.02
2012.11.29 14:31:17.088,0.33946,0.33985,0.02,0.02
2012.11.29 14:32:03.008,0.33946,0.33984,0.02,0.02
2012.11.29 14:32:03.315,0.33947,0.33982,0.03,0.02
2012.11.29 14:32:03.639,0.33945,0.33981,0.03,0.02
2012.11.29 14:32:04.674,0.33947,0.33987,0.03,0.02
2012.11.29 14:32:04.806,0.33944,0.33978,0.03,0.03
2012.11.29 14:32:04.866,0.33945,0.33987,0.03,0.03
2012.11.29 14:32:05.385,0.33946,0.33987,0.03,0.02
2012.11.29 14:32:05.445,0.33944,0.33982,0.03,0.02
2012.11.29 14:32:05.863,0.3394,0.33974,0.03,0.02
2012.11.29 14:32:06.210,0.33944,0.33976,0.02,0.02
2012.11.29 14:32:06.665,0.33938,0.33978,0.03,0.02
2012.11.29 14:32:06.725,0.33938,0.3397,0.03,0.02
2012.11.29 14:32:07.025,0.33936,0.33966,0.02,0.03
2012.11.29 14:32:07.805,0.33933,0.33966,0.03,0.02
2012.11.29 14:32:08.045,0.33933,0.33973,0.05,0.02
2012.11.29 14:32:08.505,0.3393,0.33964,0.05,0.02
2012.11.29 14:32:08.635,0.33933,0.33971,0.03,0.02
2012.11.29 14:32:09.185,0.33933,0.33967,0.02,0.02
2012.11.29 14:32:09.245,0.33929,0.33962,0.03,0.02
2012.11.29 14:32:09.927,0.33933,0.33967,0.03,0.05
2012.11.29 14:32:12.824,0.33925,0.33964,0.02,0.02
2012.11.29 14:32:13.008,0.33923,0.33963,0.05,0.02
2012.11.29 14:32:15.835,0.33923,0.33957,0.03,0.02
2012.11.29 14:32:16.338,0.33923,0.3396,0.03,0.02
2012.11.29 14:32:16.646,0.3391,0.33947,0.02,0.03
2012.11.29 14:32:17.152,0.33908,0.33946,0.02,0.04
2012.11.29 14:32:17.444,0.33913,0.33946,0.03,0.02
2012.11.29 14:32:18.176,0.33905,0.33943,0.02,0.02
2012.11.29 14:32:21.545,0.33914,0.33954,0.03,0.03
2012.11.29 14:32:22.116,0.33913,0.33947,0.03,0.03
2012.11.29 14:32:22.496,0.33915,0.33955,0.03,0.03
2012.11.29 14:32:22.926,0.33915,0.33949,0.03,0.02
2012.11.29 14:32:23.478,0.33923,0.33961,0.03,0.02
2012.11.29 14:32:23.595,0.33923,0.33954,0.03,0.02
2012.11.29 14:32:24.137,0.33923,0.33963,0.03,0.03
2012.11.29 14:32:25.025,0.33923,0.33963,0.03,0.03
2012.11.29 14:32:25.400,0.33916,0.33946,0.02,0.02
2012.11.29 14:32:25.515,0.33916,0.33947,0.02,0.02
2012.11.29 14:32:25.635,0.33911,0.33944,0.03,0.02
2012.11.29 14:32:27.768,0.33914,0.33954,0.03,0.02
2012.11.29 14:32:28.075,0.33916,0.33951,0.03,0.02
2012.11.29 14:32:28.625,0.33922,0.33962,0.03,0.02
2012.11.29 14:32:29.162,0.3392,0.3396,0.03,0.02
2012.11.29 14:32:29.355,0.33917,0.3395,0.03,0.02
2012.11.29 14:32:29.415,0.33917,0.33957,0.03,0.02
2012.11.29 14:32:30.807,0.33918,0.33958,0.03,0.02
2012.11.29 14:32:31.845,0.33914,0.33954,0.03,0.02
2012.11.29 14:32:36.406,0.3391,0.33945,0.03,0.02
2012.11.29 14:32:36.465,0.33913,0.33952,0.03,0.02
2012.11.29 14:32:39.747,0.33917,0.33958,0.03,0.03
2012.11.29 14:32:39.806,0.33917,0.3395,0.03,0.02
2012.11.29 14:32:41.726,0.33919,0.33959,0.03,0.02
2012.11.29 14:32:44.208,0.33924,0.33964,0.03,0.02
2012.11.29 14:32:44.427,0.3392,0.33953,0.05,0.02
2012.11.29 14:32:45.375,0.33923,0.33955,0.04,0.02
2012.11.29 14:32:46.536,0.33925,0.33965,0.02,0.02
2012.11.29 14:32:47.045,0.33925,0.33956,0.02,0.02
2012.11.29 14:32:48.266,0.33925,0.33958,0.03,0.02
2012.11.29 14:32:48.445,0.33928,0.33969,0.03,0.03
2012.11.29 14:32:48.955,0.33928,0.33962,0.03,0.02
2012.11.29 14:32:49.075,0.33934,0.33964,0.02,0.02
2012.11.29 14:32:49.477,0.33933,0.33972,0.03,0.02
2012.11.29 14:32:50.011,0.33934,0.33975,0.03,0.02
2012.11.29 14:32:50.956,0.33933,0.33965,0.04,0.02
2012.11.29 14:32:51.027,0.33933,0.33966,0.03,0.02
2012.11.29 14:32:51.845,0.33938,0.33978,0.03,0.02
2012.11.29 14:32:52.815,0.33935,0.33969,0.03,0.02
2012.11.29 14:32:54.155,0.33943,0.33982,0.03,0.02
2012.11.29 14:32:54.376,0.33939,0.33972,0.03,0.02
2012.11.29 14:32:54.972,0.33943,0.33984,0.04,0.02
2012.11.29 14:32:55.025,0.33946,0.33986,0.02,0.02
2012.11.29 14:32:55.085,0.33946,0.33979,0.02,0.02
2012.11.29 14:32:55.145,0.33949,0.33991,0.02,0.02
2012.11.29 14:32:55.366,0.33953,0.33987,0.03,0.03
2012.11.29 14:32:57.335,0.33942,0.33978,0.02,0.02
2012.11.29 14:32:57.899,0.33944,0.33974,0.02,0.02
2012.11.29 14:32:59.095,0.33944,0.3398,0.03,0.02
2012.11.29 14:32:59.662,0.33944,0.33986,0.03,0.02
2012.11.29 14:33:00.825,0.33944,0.33978,0.03,0.02
2012.11.29 14:33:04.835,0.33951,0.33991,0.02,0.02
2012.11.29 14:33:05.197,0.33951,0.33983,0.02,0.02
2012.11.29 14:33:05.375,0.33953,0.33993,0.04,0.02
2012.11.29 14:33:08.465,0.33953,0.33993,0.03,0.03
2012.11.29 14:33:09.557,0.33953,0.33992,0.03,0.02
2012.11.29 14:33:11.562,0.33953,0.33985,0.03,0.02
2012.11.29 14:33:12.616,0.33954,0.33994,0.03,0.02
2012.11.29 14:33:14.826,0.33954,0.33986,0.04,0.03
2012.11.29 14:33:15.415,0.33954,0.3399,0.05,0.02
2012.11.29 14:33:15.507,0.33957,0.33998,0.03,0.03
2012.11.29 14:33:16.797,0.33954,0.33987,0.03,0.02
2012.11.29 14:33:17.574,0.33957,0.33989,0.02,0.02
2012.11.29 14:33:18.205,0.33954,0.33989,0.03,0.02
2012.11.29 14:33:20.266,0.33957,0.3399,0.02,0.02
2012.11.29 14:33:20.385,0.33961,0.34002,0.03,0.03
2012.11.29 14:33:21.705,0.33964,0.34004,0.03,0.03
2012.11.29 14:33:21.800,0.33964,0.33996,0.03,0.03
2012.11.29 14:33:21.916,0.33968,0.34009,0.03,0.02
2012.11.29 14:33:22.316,0.33971,0.34013,0.03,0.03
2012.11.29 14:33:22.625,0.33983,0.34015,0.04,0.02
2012.11.29 14:33:22.903,0.33976,0.34009,0.03,0.02
2012.11.29 14:33:23.045,0.3398,0.34012,0.03,0.02
2012.11.29 14:33:23.647,0.33983,0.34015,0.02,0.02
2012.11.29 14:33:24.444,0.3398,0.34012,0.03,0.02
2012.11.29 14:33:24.635,0.33978,0.34014,0.03,0.03
2012.11.29 14:33:24.695,0.33984,0.34024,0.03,0.02
2012.11.29 14:33:25.736,0.33977,0.34011,0.03,0.02
2012.11.29 14:33:26.588,0.33982,0.34022,0.03,0.02
2012.11.29 14:33:26.917,0.33979,0.34026,0.03,0.02
2012.11.29 14:33:26.975,0.33994,0.34041,0.03,0.02
2012.11.29 14:33:27.155,0.34002,0.34037,0.02,0.02
2012.11.29 14:33:27.465,0.34001,0.34034,0.02,0.02
2012.11.29 14:33:27.525,0.34009,0.34051,0.03,0.02
2012.11.29 14:33:27.585,0.34003,0.34036,0.03,0.03
2012.11.29 14:33:27.745,0.34004,0.34037,0.03,0.02
2012.11.29 14:33:27.805,0.34012,0.34052,0.03,0.02
2012.11.29 14:33:28.045,0.34008,0.34048,0.03,0.02
2012.11.29 14:33:28.786,0.34002,0.34042,0.03,0.02
2012.11.29 14:33:28.845,0.33993,0.34029,0.03,0.02
2012.11.29 14:33:28.916,0.33997,0.34031,0.03,0.02
2012.11.29 14:33:29.336,0.34008,0.3405,0.03,0.03
2012.11.29 14:33:29.574,0.34006,0.34046,0.02,0.02
2012.11.29 14:33:29.995,0.34004,0.34044,0.02,0.02
2012.11.29 14:33:30.252,0.33999,0.34034,0.03,0.03
2012.11.29 14:33:30.373,0.33993,0.3403,0.03,0.02
2012.11.29 14:33:30.494,0.33998,0.3403,0.03,0.02
2012.11.29 14:33:31.024,0.33998,0.34033,0.03,0.02
2012.11.29 14:33:31.214,0.34006,0.34047,0.02,0.02
2012.11.29 14:33:31.613,0.34009,0.34046,0.02,0.02
2012.11.29 14:33:32.133,0.34009,0.34045,0.03,0.02
2012.11.29 14:33:32.193,0.34017,0.34059,0.03,0.03
2012.11.29 14:33:32.254,0.34024,0.34055,0.02,0.02
2012.11.29 14:33:32.384,0.34022,0.34062,0.02,0.02
2012.11.29 14:33:32.445,0.34015,0.34048,0.02,0.02
2012.11.29 14:33:32.564,0.34017,0.3405,0.03,0.03
2012.11.29 14:33:32.623,0.34024,0.34065,0.04,0.02
2012.11.29 14:33:32.998,0.34012,0.34045,0.04,0.02
2012.11.29 14:33:33.066,0.34024,0.34056,0.03,0.04
2012.11.29 14:33:33.725,0.34018,0.34058,0.02,0.02
2012.11.29 14:33:34.654,0.3402,0.34062,0.02,0.05
2012.11.29 14:33:34.827,0.34015,0.34055,0.03,0.02
2012.11.29 14:33:34.884,0.3401,0.34042,0.03,0.02
2012.11.29 14:33:35.214,0.34011,0.34046,0.03,0.04
2012.11.29 14:33:35.543,0.3401,0.34044,0.03,0.02
2012.11.29 14:33:35.664,0.34024,0.34064,0.04,0.02
2012.11.29 14:33:35.723,0.3403,0.34083,0.04,0.02
2012.11.29 14:33:35.783,0.34044,0.34083,0.02,0.02
2012.11.29 14:33:36.150,0.34044,0.34075,0.03,0.02
2012.11.29 14:33:36.264,0.34049,0.34091,0.02,0.03
2012.11.29 14:33:36.590,0.34044,0.3408,0.03,0.02
2012.11.29 14:33:36.713,0.34052,0.34092,0.03,0.02
2012.11.29 14:33:37.054,0.3405,0.34086,0.02,0.02
2012.11.29 14:33:37.433,0.34038,0.34075,0.03,0.02
2012.11.29 14:33:37.553,0.34044,0.3408,0.03,0.02
2012.11.29 14:33:37.613,0.34052,0.34092,0.03,0.02
2012.11.29 14:33:37.975,0.34039,0.34073,0.03,0.02
2012.11.29 14:33:38.753,0.34036,0.34068,0.03,0.02
2012.11.29 14:33:38.854,0.34028,0.34062,0.03,0.02
2012.11.29 14:33:38.984,0.34031,0.34064,0.03,0.02
2012.11.29 14:33:39.534,0.34033,0.34075,0.04,0.03
2012.11.29 14:33:39.835,0.34035,0.34076,0.03,0.03
2012.11.29 14:33:40.165,0.34039,0.34081,0.03,0.05
2012.11.29 14:33:40.691,0.34033,0.34065,0.03,0.02
2012.11.29 14:33:42.245,0.34037,0.34077,0.02,0.02
2012.11.29 14:33:42.375,0.34034,0.34069,0.03,0.03
2012.11.29 14:33:43.634,0.34032,0.34066,0.03,0.02
2012.11.29 14:33:44.004,0.34032,0.34073,0.02,0.02
2012.11.29 14:33:44.064,0.34032,0.34068,0.03,0.02
2012.11.29 14:33:44.243,0.34034,0.3407,0.02,0.02
2012.11.29 14:33:44.856,0.34034,0.34073,0.02,0.02
2012.11.29 14:33:46.223,0.34034,0.34073,0.03,0.04
2012.11.29 14:33:46.674,0.34033,0.34073,0.05,0.03
2012.11.29 14:33:47.504,0.34033,0.3407,0.03,0.02
2012.11.29 14:33:47.864,0.34034,0.34075,0.03,0.02
2012.11.29 14:33:48.261,0.34047,0.34087,0.03,0.02
2012.11.29 14:33:48.384,0.34043,0.34083,0.02,0.02
2012.11.29 14:33:48.864,0.34045,0.34087,0.03,0.03
2012.11.29 14:33:49.267,0.34043,0.34075,0.03,0.02
2012.11.29 14:33:49.384,0.34045,0.34077,0.03,0.02
2012.11.29 14:33:49.553,0.3405,0.3409,0.02,0.02
2012.11.29 14:33:49.884,0.34048,0.34082,0.05,0.03
2012.11.29 14:33:50.034,0.3405,0.34084,0.04,0.02
2012.11.29 14:33:50.256,0.34049,0.34082,0.02,0.03
2012.11.29 14:33:50.374,0.3405,0.34083,0.03,0.02
2012.11.29 14:33:50.920,0.34052,0.34092,0.03,0.02
2012.11.29 14:33:53.875,0.34047,0.34081,0.03,0.02
2012.11.29 14:33:54.126,0.34048,0.34089,0.03,0.03
2012.11.29 14:33:54.740,0.34049,0.34086,0.02,0.04
2012.11.29 14:33:55.225,0.34047,0.34087,0.03,0.02
2012.11.29 14:33:55.555,0.34053,0.34095,0.03,0.02
2012.11.29 14:33:56.674,0.34053,0.34085,0.03,0.02
2012.11.29 14:33:57.234,0.34046,0.34081,0.03,0.02
2012.11.29 14:33:57.414,0.34049,0.34089,0.02,0.02
2012.11.29 14:33:57.970,0.34048,0.34086,0.03,0.02
2012.11.29 14:33:58.223,0.34045,0.3408,0.03,0.02
2012.11.29 14:33:58.284,0.34044,0.34084,0.03,0.02
2012.11.29 14:33:58.343,0.34044,0.34076,0.03,0.04
2012.11.29 14:33:59.004,0.34053,0.34093,0.03,0.03
2012.11.29 14:33:59.374,0.34043,0.34082,0.03,0.02
2012.11.29 14:33:59.563,0.34044,0.34085,0.03,0.02
2012.11.29 14:33:59.893,0.34043,0.34083,0.03,0.02
2012.11.29 14:33:59.953,0.34043,0.34075,0.03,0.02
2012.11.29 14:34:00.454,0.34042,0.34082,0.03,0.03
2012.11.29 14:34:01.085,0.34042,0.34074,0.03,0.02
2012.11.29 14:34:01.144,0.3404,0.3408,0.03,0.02
2012.11.29 14:34:01.700,0.34037,0.34071,0.03,0.02
2012.11.29 14:34:01.754,0.34036,0.34076,0.03,0.04
2012.11.29 14:34:01.813,0.34036,0.34067,0.03,0.02
2012.11.29 14:34:02.124,0.34038,0.3408,0.03,0.02
2012.11.29 14:34:02.184,0.34038,0.34072,0.03,0.02
2012.11.29 14:34:02.692,0.34039,0.34077,0.03,0.04
2012.11.29 14:34:05.613,0.34038,0.3408,0.03,0.02
2012.11.29 14:34:05.673,0.34035,0.34069,0.03,0.02
2012.11.29 14:34:06.743,0.34036,0.34076,0.03,0.02
2012.11.29 14:34:09.925,0.34036,0.34068,0.02,0.02
2012.11.29 14:34:11.304,0.34033,0.34067,0.03,0.04
2012.11.29 14:34:11.764,0.34039,0.34081,0.03,0.02
2012.11.29 14:34:11.824,0.34034,0.34068,0.03,0.02
2012.11.29 14:34:12.224,0.34051,0.34091,0.03,0.02
2012.11.29 14:34:12.495,0.34051,0.34084,0.03,0.02
2012.11.29 14:34:12.674,0.34057,0.34098,0.02,0.02
2012.11.29 14:34:14.163,0.34057,0.3409,0.02,0.02
2012.11.29 14:34:14.224,0.3406,0.34097,0.02,0.04
2012.11.29 14:34:14.284,0.3406,0.34093,0.03,0.02
2012.11.29 14:34:14.344,0.34063,0.34097,0.04,0.02
2012.11.29 14:34:15.011,0.34064,0.34105,0.04,0.02
2012.11.29 14:34:16.293,0.34063,0.34102,0.03,0.02
2012.11.29 14:34:17.994,0.34057,0.34092,0.02,0.02
2012.11.29 14:34:18.724,0.34054,0.34086,0.03,0.02
2012.11.29 14:34:19.135,0.34058,0.34099,0.03,0.02
2012.11.29 14:34:20.493,0.34052,0.34086,0.03,0.02
2012.11.29 14:34:20.553,0.34055,0.34086,0.02,0.02
2012.11.29 14:34:22.322,0.34055,0.34086,0.02,0.03
2012.11.29 14:34:22.444,0.34057,0.34097,0.03,0.02
2012.11.29 14:34:23.166,0.34053,0.34093,0.05,0.02
2012.11.29 14:34:23.364,0.34053,0.34086,0.03,0.03
2012.11.29 14:34:24.015,0.34054,0.34096,0.05,0.02
2012.11.29 14:34:24.574,0.34054,0.34086,0.05,0.03
2012.11.29 14:34:25.003,0.34053,0.34091,0.03,0.03
2012.11.29 14:34:25.464,0.34055,0.34095,0.02,0.03
2012.11.29 14:34:25.572,0.34055,0.34086,0.02,0.02
2012.11.29 14:34:26.114,0.34054,0.34087,0.03,0.02
2012.11.29 14:34:26.174,0.34055,0.34096,0.03,0.04
2012.11.29 14:34:26.385,0.34053,0.34093,0.03,0.02
2012.11.29 14:34:26.444,0.34053,0.34084,0.03,0.02
2012.11.29 14:34:26.595,0.34053,0.34087,0.03,0.04
2012.11.29 14:34:27.084,0.34056,0.34096,0.02,0.03
2012.11.29 14:34:28.404,0.34058,0.341,0.03,0.02
2012.11.29 14:34:28.631,0.34055,0.34088,0.03,0.02
2012.11.29 14:34:29.264,0.34059,0.34101,0.02,0.05
2012.11.29 14:34:29.384,0.34056,0.34096,0.03,0.02
2012.11.29 14:34:29.834,0.34054,0.34094,0.03,0.02
2012.11.29 14:34:29.894,0.34053,0.34086,0.03,0.02
2012.11.29 14:34:31.095,0.34054,0.34092,0.03,0.02
2012.11.29 14:34:31.844,0.34056,0.34096,0.03,0.02
2012.11.29 14:34:32.444,0.34058,0.34099,0.02,0.02
2012.11.29 14:34:32.504,0.34055,0.34095,0.02,0.02
2012.11.29 14:34:33.059,0.34054,0.34086,0.03,0.03
2012.11.29 14:34:35.144,0.34053,0.3409,0.03,0.02
2012.11.29 14:34:35.203,0.34049,0.34081,0.02,0.03
2012.11.29 14:34:36.333,0.34051,0.34087,0.02,0.05
2012.11.29 14:34:36.394,0.34053,0.34087,0.05,0.02
2012.11.29 14:34:36.454,0.34053,0.34086,0.05,0.02
2012.11.29 14:34:36.835,0.34053,0.34086,0.03,0.03
2012.11.29 14:34:36.954,0.34058,0.34099,0.02,0.03
2012.11.29 14:34:40.894,0.34055,0.34089,0.03,0.02
2012.11.29 14:34:42.104,0.34058,0.34092,0.03,0.02
2012.11.29 14:34:42.224,0.34061,0.34102,0.02,0.03
2012.11.29 14:34:42.523,0.34061,0.34096,0.03,0.02
2012.11.29 14:34:42.644,0.34064,0.34096,0.03,0.02
2012.11.29 14:34:45.874,0.3406,0.34095,0.03,0.02
2012.11.29 14:34:46.100,0.34063,0.34103,0.04,0.02
2012.11.29 14:34:46.611,0.34064,0.34096,0.02,0.02
2012.11.29 14:34:47.064,0.34064,0.34102,0.03,0.02
2012.11.29 14:34:47.498,0.3406,0.34096,0.02,0.02
2012.11.29 14:34:47.936,0.34062,0.34102,0.03,0.02
2012.11.29 14:34:48.294,0.34065,0.34105,0.03,0.02
2012.11.29 14:34:50.374,0.34084,0.34116,0.02,0.02
2012.11.29 14:34:50.434,0.34082,0.34115,0.03,0.02
2012.11.29 14:34:50.743,0.3408,0.34112,0.03,0.02
2012.11.29 14:34:51.383,0.34083,0.34113,0.02,0.02
2012.11.29 14:34:52.308,0.34084,0.34116,0.02,0.03
2012.11.29 14:34:52.854,0.34083,0.34113,0.03,0.02
2012.11.29 14:34:53.443,0.34084,0.34116,0.02,0.03
2012.11.29 14:34:53.504,0.34081,0.34115,0.03,0.02
2012.11.29 14:34:54.278,0.3408,0.34113,0.03,0.02
2012.11.29 14:34:54.929,0.34084,0.34116,0.02,0.03
2012.11.29 14:34:55.654,0.34084,0.34118,0.03,0.02
2012.11.29 14:34:56.074,0.34085,0.34117,0.03,0.04
2012.11.29 14:34:56.544,0.34084,0.34124,0.03,0.03
2012.11.29 14:34:56.784,0.34078,0.3412,0.03,0.02
2012.11.29 14:34:57.145,0.34073,0.34107,0.03,0.03
2012.11.29 14:34:57.484,0.34075,0.34108,0.03,0.03
2012.11.29 14:34:59.004,0.34074,0.34116,0.03,0.04
2012.11.29 14:34:59.194,0.34071,0.34112,0.03,0.03
2012.11.29 14:34:59.344,0.34067,0.34109,0.03,0.04
2012.11.29 14:34:59.645,0.34067,0.34097,0.02,0.02
2012.11.29 14:34:59.884,0.34068,0.3411,0.03,0.02
2012.11.29 14:35:00.863,0.34065,0.34106,0.02,0.02
2012.11.29 14:35:01.364,0.34064,0.34096,0.03,0.02
2012.11.29 14:35:01.424,0.34064,0.34105,0.03,0.04
2012.11.29 14:35:02.674,0.34065,0.34106,0.02,0.03
2012.11.29 14:35:03.394,0.34065,0.34102,0.02,0.02
2012.11.29 14:35:04.426,0.34065,0.34105,0.02,0.02
2012.11.29 14:35:04.944,0.34065,0.34106,0.03,0.03
2012.11.29 14:35:08.754,0.34065,0.34102,0.02,0.02
2012.11.29 14:35:10.223,0.34076,0.34116,0.03,0.02
2012.11.29 14:35:10.284,0.34074,0.34108,0.03,0.02
2012.11.29 14:35:10.375,0.34076,0.34109,0.03,0.02
2012.11.29 14:35:10.844,0.34079,0.3412,0.03,0.02
2012.11.29 14:35:12.383,0.34074,0.34113,0.03,0.03
2012.11.29 14:35:12.504,0.34073,0.34107,0.03,0.04
2012.11.29 14:35:13.826,0.34072,0.34104,0.03,0.02
2012.11.29 14:35:14.466,0.34068,0.34101,0.02,0.02
2012.11.29 14:35:14.644,0.34069,0.3411,0.03,0.05
2012.11.29 14:35:15.676,0.34069,0.341,0.03,0.02
2012.11.29 14:35:15.734,0.34064,0.34102,0.03,0.02
2012.11.29 14:35:15.794,0.34061,0.34094,0.02,0.02
2012.11.29 14:35:16.324,0.34062,0.34103,0.03,0.03
2012.11.29 14:35:16.924,0.34059,0.34101,0.03,0.02
2012.11.29 14:35:17.575,0.34059,0.34094,0.03,0.02
2012.11.29 14:35:17.634,0.34062,0.34103,0.02,0.03
2012.11.29 14:35:17.695,0.34061,0.34101,0.03,0.03
2012.11.29 14:35:18.133,0.34064,0.34104,0.03,0.02
2012.11.29 14:35:18.903,0.34066,0.34106,0.03,0.02
2012.11.29 14:35:19.573,0.34065,0.34106,0.03,0.03
2012.11.29 14:35:20.223,0.34064,0.34104,0.05,0.02
2012.11.29 14:35:20.884,0.3407,0.3411,0.03,0.02
2012.11.29 14:35:25.873,0.34073,0.34113,0.03,0.02
2012.11.29 14:35:25.946,0.3407,0.34104,0.03,0.02
2012.11.29 14:35:26.074,0.34072,0.34109,0.03,0.02
2012.11.29 14:35:26.134,0.34078,0.34119,0.03,0.02
2012.11.29 14:35:26.584,0.34073,0.34113,0.03,0.03
2012.11.29 14:35:27.254,0.34072,0.34105,0.02,0.02
2012.11.29 14:35:29.114,0.3407,0.34104,0.03,0.02
2012.11.29 14:35:29.528,0.34075,0.34107,0.02,0.02
2012.11.29 14:35:30.304,0.34073,0.34113,0.03,0.02
2012.11.29 14:35:31.764,0.34074,0.34116,0.05,0.05
2012.11.29 14:35:32.175,0.34078,0.3412,0.02,0.03
2012.11.29 14:35:33.444,0.34075,0.34108,0.03,0.02
2012.11.29 14:35:37.058,0.34085,0.34127,0.02,0.02
2012.11.29 14:35:37.135,0.34078,0.34113,0.02,0.02
2012.11.29 14:35:37.733,0.34083,0.34114,0.02,0.02
2012.11.29 14:35:37.823,0.34083,0.34122,0.03,0.02
2012.11.29 14:35:38.504,0.34084,0.34116,0.03,0.04
2012.11.29 14:35:38.624,0.34074,0.34115,0.03,0.02
2012.11.29 14:35:39.134,0.34074,0.34113,0.03,0.04
2012.11.29 14:35:39.784,0.34074,0.34113,0.03,0.02
2012.11.29 14:35:40.444,0.34074,0.3411,0.03,0.03
2012.11.29 14:35:41.884,0.34073,0.34113,0.03,0.03
2012.11.29 14:35:43.824,0.34075,0.34116,0.03,0.03
2012.11.29 14:35:44.264,0.34081,0.34121,0.03,0.02
2012.11.29 14:35:44.324,0.34083,0.34115,0.02,0.02
2012.11.29 14:35:44.385,0.34085,0.34125,0.02,0.02
2012.11.29 14:35:44.444,0.34083,0.34116,0.03,0.02
2012.11.29 14:35:45.091,0.34083,0.34114,0.03,0.02
2012.11.29 14:35:45.633,0.34084,0.34123,0.03,0.02
2012.11.29 14:35:47.234,0.34084,0.34116,0.03,0.04
2012.11.29 14:35:47.414,0.34079,0.34119,0.03,0.02
2012.11.29 14:35:47.724,0.34074,0.34113,0.02,0.02
2012.11.29 14:35:48.406,0.34074,0.34106,0.03,0.02
2012.11.29 14:35:48.524,0.34073,0.34112,0.03,0.03
2012.11.29 14:35:49.339,0.34073,0.34107,0.03,0.03
2012.11.29 14:35:50.011,0.34066,0.34103,0.03,0.02
2012.11.29 14:35:50.624,0.34069,0.3411,0.02,0.02
2012.11.29 14:35:52.804,0.34069,0.34106,0.02,0.03
2012.11.29 14:35:56.873,0.34067,0.34105,0.02,0.02
2012.11.29 14:36:04.411,0.34073,0.34106,0.03,0.02
2012.11.29 14:36:04.604,0.34074,0.3411,0.02,0.02
2012.11.29 14:36:04.664,0.34074,0.34113,0.03,0.02
2012.11.29 14:36:04.965,0.34078,0.34119,0.03,0.02
2012.11.29 14:36:05.024,0.34078,0.34113,0.03,0.02
2012.11.29 14:36:05.570,0.34084,0.34117,0.03,0.03
2012.11.29 14:36:05.864,0.34084,0.34124,0.03,0.02
2012.11.29 14:36:06.074,0.34094,0.34129,0.03,0.02
2012.11.29 14:36:06.434,0.34094,0.34134,0.03,0.02
2012.11.29 14:36:06.494,0.34094,0.34128,0.03,0.02
2012.11.29 14:36:06.624,0.34095,0.34135,0.03,0.02
2012.11.29 14:36:07.364,0.34093,0.34134,0.05,0.02
2012.11.29 14:36:07.931,0.34094,0.34134,0.05,0.02
2012.11.29 14:36:07.997,0.34103,0.34137,0.03,0.03
2012.11.29 14:36:08.216,0.34098,0.34131,0.03,0.02
2012.11.29 14:36:08.606,0.34104,0.34145,0.03,0.02
2012.11.29 14:36:09.164,0.34103,0.34142,0.03,0.02
2012.11.29 14:36:10.471,0.341,0.34133,0.03,0.02
2012.11.29 14:36:10.584,0.34104,0.34144,0.03,0.03
2012.11.29 14:36:11.266,0.34109,0.3415,0.03,0.03
2012.11.29 14:36:11.394,0.34105,0.34146,0.03,0.02
2012.11.29 14:36:11.462,0.34105,0.3414,0.03,0.02
2012.11.29 14:36:12.034,0.34099,0.34134,0.03,0.03
2012.11.29 14:36:12.784,0.34103,0.34137,0.02,0.02
2012.11.29 14:36:13.324,0.34104,0.34136,0.02,0.02
2012.11.29 14:36:13.551,0.34097,0.34131,0.03,0.03
2012.11.29 14:36:13.905,0.34094,0.34131,0.03,0.02
2012.11.29 14:36:14.464,0.34094,0.34132,0.03,0.02
2012.11.29 14:36:15.014,0.34093,0.34134,0.05,0.02
2012.11.29 14:36:15.135,0.34096,0.34134,0.02,0.03
2012.11.29 14:36:15.254,0.34104,0.34144,0.03,0.02
2012.11.29 14:36:15.794,0.34105,0.34145,0.03,0.04
2012.11.29 14:36:16.334,0.34105,0.34136,0.03,0.03
2012.11.29 14:36:16.951,0.34102,0.34136,0.03,0.03
2012.11.29 14:36:19.275,0.34104,0.34136,0.03,0.03
2012.11.29 14:36:21.639,0.34104,0.34141,0.03,0.03
2012.11.29 14:36:24.374,0.34106,0.34141,0.02,0.02
2012.11.29 14:36:24.434,0.34106,0.34146,0.03,0.02
2012.11.29 14:36:25.574,0.34118,0.34155,0.02,0.02
2012.11.29 14:36:25.864,0.34122,0.34162,0.03,0.03
2012.11.29 14:36:26.152,0.34123,0.34162,0.03,0.04
2012.11.29 14:36:27.414,0.34124,0.34159,0.03,0.03
2012.11.29 14:36:28.324,0.34118,0.34152,0.03,0.02
2012.11.29 14:36:28.445,0.34123,0.34157,0.03,0.05
2012.11.29 14:36:28.685,0.34116,0.34151,0.03,0.02
2012.11.29 14:36:28.964,0.34114,0.34154,0.02,0.02
2012.11.29 14:36:29.084,0.34111,0.34144,0.03,0.02
2012.11.29 14:36:29.964,0.34117,0.34149,0.03,0.03
2012.11.29 14:36:30.284,0.34118,0.34151,0.03,0.02
2012.11.29 14:36:30.864,0.34114,0.34146,0.03,0.04
2012.11.29 14:36:31.385,0.34113,0.34147,0.03,0.03
2012.11.29 14:36:32.195,0.34117,0.34149,0.03,0.02
2012.11.29 14:36:33.074,0.34115,0.34157,0.03,0.03
2012.11.29 14:36:34.384,0.34111,0.34147,0.03,0.02
2012.11.29 14:36:34.742,0.34113,0.34155,0.05,0.02
2012.11.29 14:36:34.956,0.34113,0.34151,0.03,0.04
2012.11.29 14:36:35.262,0.3411,0.34143,0.03,0.02
2012.11.29 14:36:36.032,0.34104,0.34139,0.03,0.02
2012.11.29 14:36:36.094,0.34113,0.34146,0.03,0.02
2012.11.29 14:36:36.609,0.34106,0.34136,0.02,0.03
2012.11.29 14:36:38.702,0.34107,0.34148,0.03,0.03
2012.11.29 14:36:39.494,0.34104,0.34136,0.03,0.02
2012.11.29 14:36:39.554,0.34104,0.34136,0.03,0.03
2012.11.29 14:36:40.834,0.34103,0.34135,0.03,0.02
2012.11.29 14:36:40.954,0.341,0.3414,0.03,0.02
2012.11.29 14:36:41.341,0.34102,0.34143,0.03,0.03
2012.11.29 14:36:41.931,0.34104,0.34141,0.03,0.02
2012.11.29 14:36:42.262,0.34104,0.3414,0.03,0.02
2012.11.29 14:36:42.984,0.341,0.34134,0.03,0.02
2012.11.29 14:36:43.104,0.34103,0.34136,0.03,0.02
2012.11.29 14:36:43.542,0.34104,0.34143,0.03,0.02
2012.11.29 14:36:44.084,0.34103,0.34135,0.04,0.02
2012.11.29 14:36:44.444,0.34104,0.34141,0.03,0.02
2012.11.29 14:36:54.384,0.34103,0.34136,0.03,0.02
2012.11.29 14:36:54.504,0.34089,0.34123,0.03,0.02
2012.11.29 14:36:54.564,0.34088,0.34129,0.03,0.02
2012.11.29 14:36:54.666,0.34086,0.34126,0.03,0.02
2012.11.29 14:36:55.241,0.34085,0.34125,0.03,0.03
2012.11.29 14:36:55.414,0.34084,0.34119,0.05,0.02
2012.11.29 14:36:55.922,0.34083,0.34117,0.03,0.02
2012.11.29 14:36:58.164,0.34083,0.34115,0.03,0.02
2012.11.29 14:36:58.714,0.34084,0.34116,0.03,0.03
2012.11.29 14:37:01.931,0.34083,0.34118,0.03,0.02
2012.11.29 14:37:05.164,0.34084,0.34119,0.03,0.02
2012.11.29 14:37:05.486,0.34086,0.34122,0.02,0.03
2012.11.29 14:37:05.793,0.34091,0.34132,0.03,0.02
2012.11.29 14:37:05.882,0.34093,0.34131,0.03,0.03
2012.11.29 14:37:06.054,0.34091,0.34131,0.03,0.03
2012.11.29 14:37:06.504,0.34094,0.34135,0.03,0.03
2012.11.29 14:37:06.974,0.34096,0.34137,0.03,0.02
2012.11.29 14:37:07.041,0.34096,0.34129,0.03,0.02
2012.11.29 14:37:07.575,0.34097,0.34138,0.03,0.02
2012.11.29 14:37:08.044,0.34094,0.34133,0.03,0.03
2012.11.29 14:37:08.449,0.34091,0.34124,0.02,0.02
2012.11.29 14:37:08.772,0.34094,0.34129,0.03,0.02
2012.11.29 14:37:08.824,0.34085,0.34116,0.03,0.03
2012.11.29 14:37:09.757,0.34088,0.34122,0.03,0.02
2012.11.29 14:37:09.994,0.34093,0.34131,0.03,0.02
2012.11.29 14:37:10.444,0.34087,0.34122,0.03,0.02
2012.11.29 14:37:10.805,0.34085,0.34121,0.03,0.03
2012.11.29 14:37:11.712,0.34087,0.34127,0.03,0.02
2012.11.29 14:37:12.034,0.34087,0.34122,0.03,0.02
2012.11.29 14:37:12.094,0.34086,0.3412,0.03,0.02
2012.11.29 14:37:12.614,0.34087,0.34127,0.03,0.02
2012.11.29 14:37:13.284,0.34087,0.34122,0.03,0.02
2012.11.29 14:37:13.404,0.3409,0.34124,0.03,0.02
2012.11.29 14:37:14.384,0.34087,0.34128,0.03,0.03
2012.11.29 14:37:14.934,0.34091,0.34123,0.03,0.02
2012.11.29 14:37:15.570,0.34094,0.3413,0.03,0.03
2012.11.29 14:37:16.374,0.34094,0.34125,0.02,0.02
2012.11.29 14:37:16.494,0.3409,0.34123,0.03,0.02
2012.11.29 14:37:16.824,0.34089,0.34122,0.03,0.02
2012.11.29 14:37:17.244,0.34087,0.34127,0.03,0.02
2012.11.29 14:37:17.364,0.34084,0.34116,0.03,0.02
2012.11.29 14:37:20.564,0.34083,0.34117,0.03,0.02
2012.11.29 14:37:20.624,0.34083,0.34115,0.03,0.02
2012.11.29 14:37:22.094,0.34085,0.34125,0.03,0.02
2012.11.29 14:37:22.265,0.34083,0.34123,0.03,0.03
2012.11.29 14:37:22.586,0.34082,0.34119,0.03,0.02
2012.11.29 14:37:22.724,0.34082,0.34113,0.02,0.02
2012.11.29 14:37:23.259,0.34083,0.34115,0.03,0.02
2012.11.29 14:37:23.384,0.34078,0.34119,0.03,0.03
2012.11.29 14:37:23.624,0.34081,0.34115,0.03,0.02
2012.11.29 14:37:24.320,0.34084,0.34116,0.02,0.02
2012.11.29 14:37:26.404,0.34079,0.34113,0.03,0.02
2012.11.29 14:37:26.801,0.34077,0.34117,0.03,0.02
2012.11.29 14:37:28.561,0.34078,0.34118,0.03,0.02
2012.11.29 14:37:30.414,0.34078,0.34111,0.03,0.02
2012.11.29 14:37:30.474,0.34076,0.34116,0.03,0.02
2012.11.29 14:37:30.654,0.34076,0.34112,0.03,0.02
2012.11.29 14:37:30.775,0.3407,0.34106,0.03,0.02
2012.11.29 14:37:30.964,0.34074,0.34106,0.03,0.03
2012.11.29 14:37:31.714,0.34074,0.34115,0.03,0.03
2012.11.29 14:37:32.064,0.34077,0.34117,0.03,0.03
2012.11.29 14:37:33.002,0.34074,0.34115,0.03,0.03
2012.11.29 14:37:34.185,0.34073,0.34107,0.05,0.02
2012.11.29 14:37:36.194,0.34074,0.34115,0.05,0.03
2012.11.29 14:37:39.754,0.34078,0.34111,0.03,0.02
2012.11.29 14:37:40.321,0.34081,0.34122,0.02,0.03
2012.11.29 14:37:40.981,0.34084,0.34124,0.03,0.02
2012.11.29 14:37:41.059,0.34084,0.34116,0.03,0.03
2012.11.29 14:37:43.348,0.34077,0.34111,0.03,0.02
2012.11.29 14:37:44.785,0.34076,0.34109,0.03,0.02
2012.11.29 14:37:45.294,0.34079,0.34121,0.03,0.02
2012.11.29 14:37:45.824,0.34078,0.34119,0.03,0.02
2012.11.29 14:37:46.410,0.34083,0.34117,0.02,0.04
2012.11.29 14:37:46.584,0.34075,0.3411,0.03,0.02
2012.11.29 14:37:46.644,0.34075,0.34107,0.03,0.02
2012.11.29 14:37:47.274,0.34081,0.34121,0.03,0.02
2012.11.29 14:37:48.024,0.34083,0.3412,0.03,0.03
2012.11.29 14:37:48.384,0.34075,0.34115,0.03,0.03
2012.11.29 14:37:48.534,0.34073,0.34105,0.03,0.02
2012.11.29 14:37:49.162,0.34076,0.34107,0.02,0.02
2012.11.29 14:37:50.467,0.3407,0.34103,0.03,0.02
2012.11.29 14:37:51.284,0.34073,0.34106,0.03,0.02
2012.11.29 14:37:51.344,0.34078,0.34117,0.02,0.04
2012.11.29 14:37:51.694,0.34075,0.34109,0.02,0.02
2012.11.29 14:37:51.895,0.34073,0.34107,0.03,0.02
2012.11.29 14:37:52.402,0.34077,0.34117,0.02,0.02
2012.11.29 14:37:53.287,0.34071,0.34105,0.03,0.02
2012.11.29 14:37:53.845,0.34075,0.34116,0.02,0.03
2012.11.29 14:37:54.731,0.34075,0.34106,0.02,0.03
2012.11.29 14:37:54.821,0.34077,0.34117,0.03,0.02
2012.11.29 14:37:55.224,0.34073,0.34105,0.03,0.02
2012.11.29 14:37:55.737,0.34073,0.34107,0.03,0.02
2012.11.29 14:37:57.130,0.34079,0.34119,0.02,0.02
2012.11.29 14:37:57.674,0.34083,0.34117,0.02,0.02
2012.11.29 14:37:57.734,0.34083,0.34116,0.03,0.02
2012.11.29 14:37:57.933,0.3407,0.34105,0.03,0.02
2012.11.29 14:37:58.150,0.34073,0.34107,0.03,0.04
2012.11.29 14:37:58.831,0.34077,0.34118,0.02,0.03
2012.11.29 14:38:00.425,0.34071,0.34105,0.03,0.02
2012.11.29 14:38:00.604,0.34074,0.34114,0.05,0.03
2012.11.29 14:38:03.034,0.34077,0.34117,0.03,0.02
2012.11.29 14:38:03.574,0.34073,0.34107,0.03,0.02
2012.11.29 14:38:04.564,0.34071,0.34106,0.03,0.04
2012.11.29 14:38:04.904,0.34074,0.34114,0.04,0.03
2012.11.29 14:38:05.420,0.34074,0.34113,0.03,0.02
2012.11.29 14:38:06.684,0.34068,0.34101,0.04,0.02
2012.11.29 14:38:07.234,0.34062,0.34098,0.02,0.02
2012.11.29 14:38:07.294,0.34074,0.34106,0.03,0.02
2012.11.29 14:38:07.354,0.34062,0.34095,0.03,0.02
2012.11.29 14:38:07.725,0.34066,0.34097,0.02,0.02
2012.11.29 14:38:07.994,0.34064,0.341,0.03,0.02
2012.11.29 14:38:08.195,0.3407,0.34103,0.03,0.02
2012.11.29 14:38:08.276,0.34073,0.34114,0.04,0.02
2012.11.29 14:38:08.940,0.34075,0.34116,0.03,0.03
2012.11.29 14:38:09.935,0.34073,0.34105,0.03,0.02
2012.11.29 14:38:09.994,0.34078,0.34118,0.03,0.02
2012.11.29 14:38:10.055,0.34074,0.34108,0.03,0.03
2012.11.29 14:38:10.394,0.3407,0.34103,0.03,0.02
2012.11.29 14:38:10.852,0.34074,0.34114,0.03,0.02
2012.11.29 14:38:11.884,0.34073,0.34104,0.03,0.02
2012.11.29 14:38:11.944,0.34074,0.34107,0.03,0.03
2012.11.29 14:38:14.641,0.3407,0.34104,0.03,0.02
2012.11.29 14:38:14.694,0.34074,0.34107,0.02,0.02
2012.11.29 14:38:15.334,0.34076,0.34116,0.03,0.02
2012.11.29 14:38:15.394,0.3407,0.34106,0.03,0.02
2012.11.29 14:38:15.914,0.34077,0.34118,0.03,0.02
2012.11.29 14:38:17.734,0.34083,0.34124,0.04,0.03
2012.11.29 14:38:17.825,0.3408,0.34113,0.04,0.02
2012.11.29 14:38:18.280,0.34085,0.34127,0.03,0.03
2012.11.29 14:38:19.410,0.34087,0.34127,0.03,0.02
2012.11.29 14:38:19.464,0.34084,0.34116,0.03,0.04
2012.11.29 14:38:20.004,0.3409,0.3413,0.02,0.02
2012.11.29 14:38:21.009,0.34085,0.34117,0.03,0.02
2012.11.29 14:38:21.125,0.34086,0.34119,0.03,0.02
2012.11.29 14:38:21.184,0.34094,0.34132,0.03,0.02
2012.11.29 14:38:21.364,0.34089,0.34121,0.03,0.02
2012.11.29 14:38:21.424,0.34095,0.34136,0.03,0.02
2012.11.29 14:38:21.544,0.34095,0.34136,0.03,0.03
2012.11.29 14:38:21.754,0.34085,0.34125,0.03,0.02
2012.11.29 14:38:21.814,0.34084,0.34115,0.02,0.02
2012.11.29 14:38:22.209,0.34079,0.34112,0.03,0.02
2012.11.29 14:38:23.314,0.34079,0.34115,0.03,0.02
2012.11.29 14:38:23.564,0.34097,0.34137,0.03,0.02
2012.11.29 14:38:23.684,0.34092,0.34127,0.03,0.02
2012.11.29 14:38:23.804,0.34103,0.3414,0.03,0.02
2012.11.29 14:38:24.401,0.34104,0.34141,0.03,0.02
2012.11.29 14:38:25.145,0.341,0.34136,0.02,0.02
2012.11.29 14:38:25.694,0.34104,0.34136,0.02,0.02
2012.11.29 14:38:26.056,0.34097,0.34131,0.03,0.02
2012.11.29 14:38:26.410,0.34105,0.34137,0.02,0.02
2012.11.29 14:38:27.484,0.34107,0.34147,0.03,0.02
2012.11.29 14:38:27.544,0.34099,0.34134,0.03,0.02
2012.11.29 14:38:27.994,0.34105,0.34146,0.02,0.02
2012.11.29 14:38:28.234,0.34104,0.34136,0.02,0.02
2012.11.29 14:38:28.844,0.34095,0.34127,0.03,0.02
2012.11.29 14:38:28.904,0.34089,0.34122,0.03,0.02
2012.11.29 14:38:29.258,0.34086,0.3412,0.03,0.02
2012.11.29 14:38:29.314,0.34093,0.34133,0.03,0.03
2012.11.29 14:38:29.435,0.34085,0.34117,0.03,0.02
2012.11.29 14:38:30.944,0.34094,0.34128,0.03,0.02
2012.11.29 14:38:31.474,0.34093,0.3413,0.03,0.02
2012.11.29 14:38:31.571,0.34093,0.34133,0.04,0.02
2012.11.29 14:38:31.824,0.34099,0.34129,0.02,0.02
2012.11.29 14:38:31.933,0.34104,0.34136,0.02,0.03
2012.11.29 14:38:32.064,0.34094,0.34126,0.03,0.02
2012.11.29 14:38:32.304,0.34094,0.34128,0.03,0.03
2012.11.29 14:38:32.484,0.3409,0.34122,0.02,0.02
2012.11.29 14:38:32.604,0.3409,0.34125,0.02,0.02
2012.11.29 14:38:32.724,0.34093,0.34127,0.03,0.02
2012.11.29 14:38:32.844,0.34096,0.34129,0.03,0.02
2012.11.29 14:38:32.904,0.34103,0.34142,0.03,0.03
2012.11.29 14:38:33.384,0.34103,0.34142,0.03,0.02
2012.11.29 14:38:34.124,0.34095,0.3413,0.03,0.02
2012.11.29 14:38:34.646,0.3409,0.34124,0.03,0.02
2012.11.29 14:38:34.721,0.34095,0.34136,0.03,0.03
2012.11.29 14:38:35.384,0.34103,0.34139,0.03,0.02
2012.11.29 14:38:35.444,0.34095,0.34129,0.03,0.02
2012.11.29 14:38:35.515,0.34094,0.34127,0.03,0.02
2012.11.29 14:38:36.065,0.34096,0.34137,0.03,0.03
2012.11.29 14:38:37.926,0.34097,0.34137,0.02,0.02
2012.11.29 14:38:38.236,0.34097,0.34129,0.02,0.02
2012.11.29 14:38:38.354,0.34104,0.34141,0.03,0.02
2012.11.29 14:38:40.024,0.34099,0.34139,0.03,0.02
2012.11.29 14:38:40.419,0.34094,0.34127,0.03,0.02
2012.11.29 14:38:41.114,0.34094,0.34125,0.03,0.02
2012.11.29 14:38:41.234,0.34097,0.34138,0.03,0.02
2012.11.29 14:38:41.414,0.34094,0.34127,0.03,0.02
2012.11.29 14:38:41.844,0.34103,0.34142,0.03,0.02
2012.11.29 14:38:42.534,0.34094,0.34126,0.03,0.02
2012.11.29 14:38:42.654,0.34097,0.34138,0.03,0.02
2012.11.29 14:38:44.324,0.34099,0.3414,0.02,0.02
2012.11.29 14:38:44.554,0.34103,0.34144,0.03,0.02
2012.11.29 14:38:45.084,0.34098,0.3413,0.03,0.02
2012.11.29 14:38:45.704,0.34098,0.34133,0.04,0.02
2012.11.29 14:38:46.234,0.34103,0.34143,0.03,0.03
2012.11.29 14:38:46.654,0.34094,0.34128,0.03,0.02
2012.11.29 14:38:46.934,0.34091,0.34126,0.02,0.02
2012.11.29 14:38:46.994,0.34094,0.34126,0.02,0.04
2012.11.29 14:38:47.056,0.34095,0.34135,0.03,0.04
2012.11.29 14:38:48.324,0.3409,0.34123,0.03,0.02
2012.11.29 14:38:49.198,0.34094,0.3413,0.03,0.02
2012.11.29 14:38:49.862,0.34094,0.34124,0.02,0.02
2012.11.29 14:38:51.032,0.34079,0.34115,0.03,0.02
2012.11.29 14:38:51.094,0.34084,0.34115,0.02,0.02
2012.11.29 14:38:51.594,0.34084,0.34116,0.05,0.03
2012.11.29 14:38:51.654,0.34094,0.34127,0.02,0.02
2012.11.29 14:38:51.714,0.3409,0.34124,0.03,0.02
2012.11.29 14:38:52.494,0.34104,0.34144,0.02,0.03
2012.11.29 14:38:52.614,0.34101,0.34133,0.02,0.03
2012.11.29 14:38:53.201,0.34103,0.34134,0.02,0.02
2012.11.29 14:38:53.400,0.34104,0.34142,0.03,0.02
2012.11.29 14:38:53.584,0.34105,0.34147,0.02,0.03
2012.11.29 14:38:55.394,0.34095,0.3413,0.03,0.02
2012.11.29 14:38:55.914,0.34104,0.34136,0.02,0.02
2012.11.29 14:38:56.504,0.3409,0.34125,0.03,0.02
2012.11.29 14:38:56.624,0.34095,0.34127,0.02,0.02
2012.11.29 14:38:56.904,0.34098,0.3414,0.03,0.02
2012.11.29 14:38:57.214,0.34103,0.34133,0.04,0.02
2012.11.29 14:38:58.364,0.34103,0.34142,0.03,0.03
2012.11.29 14:38:59.555,0.34103,0.34143,0.04,0.02
2012.11.29 14:38:59.664,0.34096,0.34132,0.05,0.02
2012.11.29 14:39:01.574,0.34085,0.34119,0.03,0.02
2012.11.29 14:39:01.970,0.34089,0.34131,0.02,0.02
2012.11.29 14:39:02.482,0.3409,0.3413,0.03,0.02
2012.11.29 14:39:04.156,0.34088,0.3412,0.03,0.02
2012.11.29 14:39:04.225,0.34093,0.34124,0.02,0.02
2012.11.29 14:39:04.284,0.34089,0.34123,0.03,0.02
2012.11.29 14:39:04.344,0.34095,0.34127,0.02,0.02
2012.11.29 14:39:04.728,0.34094,0.34126,0.02,0.02
2012.11.29 14:39:05.084,0.34091,0.34124,0.03,0.02
2012.11.29 14:39:05.207,0.34096,0.34136,0.03,0.02
2012.11.29 14:39:05.524,0.34093,0.34127,0.02,0.02
2012.11.29 14:39:06.624,0.34094,0.34126,0.03,0.03
2012.11.29 14:39:06.684,0.34082,0.34115,0.02,0.02
2012.11.29 14:39:07.434,0.34087,0.34127,0.02,0.02
2012.11.29 14:39:08.825,0.34084,0.34117,0.03,0.02
2012.11.29 14:39:08.884,0.34086,0.3412,0.03,0.02
2012.11.29 14:39:09.196,0.34084,0.34116,0.03,0.02
2012.11.29 14:39:10.254,0.34084,0.34118,0.03,0.03
2012.11.29 14:39:10.781,0.34085,0.34121,0.03,0.02
2012.11.29 14:39:12.844,0.34093,0.34127,0.04,0.02
2012.11.29 14:39:13.154,0.34093,0.34127,0.02,0.02
2012.11.29 14:39:13.704,0.34094,0.34126,0.02,0.02
2012.11.29 14:39:14.433,0.34086,0.3412,0.03,0.02
2012.11.29 14:39:15.616,0.34082,0.34117,0.03,0.02
2012.11.29 14:39:15.674,0.34094,0.34126,0.03,0.02
2012.11.29 14:39:16.084,0.3408,0.34115,0.02,0.02
2012.11.29 14:39:16.144,0.34084,0.34125,0.03,0.03
2012.11.29 14:39:17.244,0.34086,0.34127,0.03,0.02
2012.11.29 14:39:17.304,0.34083,0.34117,0.03,0.05
2012.11.29 14:39:19.074,0.34083,0.34121,0.03,0.03
2012.11.29 14:39:19.547,0.34077,0.3411,0.03,0.02
2012.11.29 14:39:19.635,0.34074,0.34109,0.03,0.03
2012.11.29 14:39:23.162,0.34073,0.34106,0.03,0.02
2012.11.29 14:39:23.680,0.34077,0.34117,0.03,0.02
2012.11.29 14:39:24.120,0.34079,0.3412,0.03,0.03
2012.11.29 14:39:24.669,0.34084,0.34121,0.03,0.03
2012.11.29 14:39:25.019,0.3408,0.34113,0.02,0.02
2012.11.29 14:39:25.805,0.34076,0.34111,0.02,0.02
2012.11.29 14:39:25.925,0.34083,0.34117,0.03,0.02
2012.11.29 14:39:26.428,0.34077,0.34112,0.03,0.03
2012.11.29 14:39:26.664,0.34084,0.34121,0.03,0.03
2012.11.29 14:39:27.214,0.34083,0.34121,0.03,0.02
2012.11.29 14:39:27.624,0.34078,0.34114,0.03,0.02
2012.11.29 14:39:28.161,0.34083,0.34117,0.02,0.02
2012.11.29 14:39:28.314,0.34084,0.34121,0.03,0.02
2012.11.29 14:39:32.144,0.34081,0.34113,0.02,0.03
2012.11.29 14:39:32.204,0.34085,0.34126,0.02,0.03
2012.11.29 14:39:33.062,0.34083,0.34115,0.03,0.02
2012.11.29 14:39:34.801,0.34079,0.34112,0.03,0.02
2012.11.29 14:39:34.854,0.34083,0.34122,0.03,0.02
2012.11.29 14:39:35.244,0.34075,0.3411,0.03,0.02
2012.11.29 14:39:35.364,0.34083,0.34119,0.03,0.02
2012.11.29 14:39:36.211,0.34078,0.34111,0.03,0.02
2012.11.29 14:39:37.844,0.34076,0.34109,0.03,0.02
2012.11.29 14:39:38.864,0.34083,0.34115,0.02,0.02
2012.11.29 14:39:40.344,0.34074,0.3411,0.03,0.03
2012.11.29 14:39:41.605,0.34074,0.34107,0.03,0.02
2012.11.29 14:39:44.074,0.34079,0.3412,0.03,0.02
2012.11.29 14:39:44.671,0.34084,0.34121,0.03,0.03
2012.11.29 14:39:45.094,0.34081,0.34115,0.03,0.02
2012.11.29 14:39:45.474,0.3408,0.34112,0.03,0.02
2012.11.29 14:39:45.585,0.3408,0.34113,0.03,0.02
2012.11.29 14:39:45.724,0.34083,0.34116,0.03,0.02
2012.11.29 14:39:45.784,0.34093,0.3413,0.03,0.02
2012.11.29 14:39:46.735,0.34094,0.34131,0.03,0.03
2012.11.29 14:39:47.411,0.34084,0.34118,0.03,0.02
2012.11.29 14:39:48.010,0.34084,0.34123,0.03,0.02
2012.11.29 14:39:48.333,0.34082,0.34116,0.03,0.03
2012.11.29 14:39:49.071,0.34083,0.34117,0.04,0.03
2012.11.29 14:39:50.744,0.34078,0.34114,0.05,0.02
2012.11.29 14:39:53.027,0.34079,0.34111,0.03,0.02
2012.11.29 14:39:53.514,0.34084,0.34116,0.02,0.02
2012.11.29 14:39:53.755,0.34085,0.34126,0.03,0.03
2012.11.29 14:39:53.934,0.34084,0.34126,0.05,0.03
2012.11.29 14:39:54.236,0.3408,0.34116,0.03,0.02
2012.11.29 14:39:54.794,0.34103,0.34135,0.02,0.03
2012.11.29 14:39:55.192,0.34104,0.34136,0.02,0.02
2012.11.29 14:39:55.254,0.34097,0.34129,0.03,0.02
2012.11.29 14:39:55.907,0.34103,0.34137,0.02,0.02
2012.11.29 14:40:00.694,0.34098,0.34132,0.03,0.02
2012.11.29 14:40:00.814,0.34103,0.34142,0.03,0.02
2012.11.29 14:40:02.181,0.34095,0.34131,0.03,0.02
2012.11.29 14:40:02.714,0.34104,0.34135,0.02,0.02
2012.11.29 14:40:03.084,0.34097,0.34137,0.02,0.02
2012.11.29 14:40:03.500,0.34093,0.34125,0.03,0.02
2012.11.29 14:40:04.729,0.34103,0.3414,0.03,0.02
2012.11.29 14:40:05.544,0.34094,0.34127,0.02,0.02
2012.11.29 14:40:07.554,0.34104,0.34139,0.03,0.02
2012.11.29 14:40:08.374,0.34091,0.34125,0.03,0.02
2012.11.29 14:40:08.434,0.34096,0.34136,0.03,0.02
2012.11.29 14:40:09.174,0.34095,0.34136,0.02,0.03
2012.11.29 14:40:10.574,0.34095,0.34127,0.02,0.04
2012.11.29 14:40:10.966,0.34103,0.34138,0.02,0.02
2012.11.29 14:40:11.085,0.34152,0.34187,0.02,0.02
2012.11.29 14:40:11.264,0.34164,0.34194,0.02,0.02
2012.11.29 14:40:11.384,0.34154,0.34196,0.02,0.03
2012.11.29 14:40:11.634,0.34153,0.34195,0.02,0.03
2012.11.29 14:40:11.975,0.34155,0.34196,0.03,0.03
2012.11.29 14:40:12.504,0.34164,0.34196,0.02,0.02
2012.11.29 14:40:12.565,0.34174,0.34206,0.02,0.03
2012.11.29 14:40:12.694,0.34165,0.34211,0.03,0.02
2012.11.29 14:40:12.900,0.34164,0.34211,0.03,0.02
2012.11.29 14:40:13.424,0.34173,0.34204,0.02,0.02
2012.11.29 14:40:13.696,0.34169,0.34201,0.03,0.02
2012.11.29 14:40:14.246,0.34179,0.34214,0.02,0.02
2012.11.29 14:40:14.365,0.34181,0.34223,0.02,0.02
2012.11.29 14:40:14.424,0.34173,0.34207,0.03,0.02
2012.11.29 14:40:14.604,0.3417,0.34207,0.03,0.02
2012.11.29 14:40:14.724,0.34175,0.34212,0.03,0.02
2012.11.29 14:40:14.784,0.34183,0.3423,0.04,0.03
2012.11.29 14:40:15.144,0.34183,0.34225,0.02,0.02
2012.11.29 14:40:15.267,0.34183,0.34226,0.02,0.02
2012.11.29 14:40:15.524,0.34178,0.34211,0.03,0.02
2012.11.29 14:40:16.584,0.34172,0.34205,0.03,0.02
2012.11.29 14:40:16.884,0.34183,0.34215,0.03,0.02
2012.11.29 14:40:16.944,0.34168,0.34201,0.03,0.02
2012.11.29 14:40:17.184,0.34174,0.34213,0.03,0.02
2012.11.29 14:40:17.494,0.34174,0.34209,0.03,0.02
2012.11.29 14:40:17.924,0.34168,0.34202,0.03,0.02
2012.11.29 14:40:17.984,0.34173,0.34212,0.03,0.02
2012.11.29 14:40:18.225,0.34173,0.34207,0.03,0.03
2012.11.29 14:40:18.285,0.34174,0.34219,0.03,0.02
2012.11.29 14:40:18.825,0.34179,0.34216,0.02,0.02
2012.11.29 14:40:18.884,0.34178,0.34217,0.03,0.03
2012.11.29 14:40:19.144,0.34174,0.34204,0.02,0.02
2012.11.29 14:40:19.204,0.34174,0.34215,0.03,0.02
2012.11.29 14:40:19.464,0.34173,0.34204,0.04,0.02
2012.11.29 14:40:19.524,0.34173,0.34212,0.03,0.02
2012.11.29 14:40:19.584,0.34166,0.34199,0.03,0.02
2012.11.29 14:40:19.764,0.34169,0.3421,0.02,0.02
2012.11.29 14:40:20.064,0.34168,0.34207,0.03,0.02
2012.11.29 14:40:20.434,0.34169,0.34206,0.02,0.03
2012.11.29 14:40:20.499,0.34169,0.34206,0.03,0.03
2012.11.29 14:40:20.744,0.34158,0.34194,0.03,0.02
2012.11.29 14:40:21.064,0.34158,0.34205,0.04,0.03
2012.11.29 14:40:21.124,0.34158,0.34194,0.05,0.02
2012.11.29 14:40:21.304,0.34156,0.34192,0.05,0.02
2012.11.29 14:40:21.854,0.34156,0.34191,0.05,0.02
2012.11.29 14:40:22.154,0.34161,0.34203,0.02,0.02
2012.11.29 14:40:22.394,0.34159,0.34201,0.05,0.03
2012.11.29 14:40:22.524,0.34164,0.34199,0.03,0.03
2012.11.29 14:40:22.644,0.3415,0.34185,0.03,0.02
2012.11.29 14:40:23.064,0.34164,0.34196,0.03,0.03
2012.11.29 14:40:23.630,0.34164,0.34196,0.03,0.02
2012.11.29 14:40:23.695,0.34153,0.34186,0.03,0.02
2012.11.29 14:40:23.914,0.34158,0.34192,0.03,0.02
2012.11.29 14:40:24.129,0.34156,0.34191,0.03,0.02
2012.11.29 14:40:24.314,0.3416,0.34193,0.03,0.02
2012.11.29 14:40:24.374,0.34159,0.34191,0.03,0.02
2012.11.29 14:40:24.456,0.34163,0.34202,0.03,0.03
2012.11.29 14:40:25.470,0.34173,0.34214,0.03,0.03
2012.11.29 14:40:25.555,0.34173,0.34203,0.02,0.02
2012.11.29 14:40:26.078,0.34173,0.34216,0.02,0.02
2012.11.29 14:40:26.325,0.34172,0.34207,0.03,0.02
2012.11.29 14:40:26.445,0.3417,0.34205,0.03,0.02
2012.11.29 14:40:27.414,0.34174,0.3422,0.02,0.02
2012.11.29 14:40:27.534,0.34174,0.34207,0.03,0.02
2012.11.29 14:40:28.638,0.34175,0.34215,0.02,0.02
2012.11.29 14:40:28.964,0.3417,0.34204,0.03,0.02
2012.11.29 14:40:29.084,0.34174,0.34208,0.03,0.02
2012.11.29 14:40:29.204,0.34178,0.3422,0.03,0.03
2012.11.29 14:40:29.324,0.34174,0.34208,0.03,0.02
2012.11.29 14:40:30.057,0.34179,0.3422,0.02,0.03
2012.11.29 14:40:30.295,0.34183,0.34216,0.03,0.02
2012.11.29 14:40:30.959,0.34171,0.34206,0.02,0.02
2012.11.29 14:40:32.412,0.34175,0.34206,0.02,0.02
2012.11.29 14:40:32.994,0.34177,0.34213,0.03,0.02
2012.11.29 14:40:33.114,0.34175,0.3421,0.03,0.02
2012.11.29 14:40:33.334,0.34175,0.34213,0.03,0.02
2012.11.29 14:40:33.485,0.34178,0.34223,0.02,0.02
2012.11.29 14:40:33.544,0.34178,0.34215,0.02,0.02
2012.11.29 14:40:33.604,0.34183,0.34229,0.03,0.02
2012.11.29 14:40:33.814,0.3418,0.34217,0.05,0.03
2012.11.29 14:40:33.874,0.34191,0.34232,0.02,0.03
2012.11.29 14:40:33.994,0.34191,0.34223,0.03,0.02
2012.11.29 14:40:34.114,0.34194,0.34236,0.02,0.03
2012.11.29 14:40:34.234,0.34194,0.34232,0.03,0.02
2012.11.29 14:40:34.534,0.34194,0.34236,0.02,0.02
2012.11.29 14:40:34.976,0.34198,0.34237,0.05,0.02
2012.11.29 14:40:35.517,0.34189,0.34222,0.03,0.02
2012.11.29 14:40:35.584,0.34194,0.34236,0.02,0.02
2012.11.29 14:40:35.644,0.34187,0.3422,0.03,0.02
2012.11.29 14:40:35.774,0.34192,0.34233,0.02,0.02
2012.11.29 14:40:35.836,0.34201,0.34246,0.02,0.02
2012.11.29 14:40:35.975,0.34197,0.34244,0.02,0.03
2012.11.29 14:40:36.071,0.34195,0.34241,0.03,0.03
2012.11.29 14:40:36.435,0.34195,0.34231,0.02,0.02
2012.11.29 14:40:36.554,0.34204,0.34236,0.03,0.02
2012.11.29 14:40:36.675,0.34193,0.34233,0.05,0.02
2012.11.29 14:40:37.255,0.34194,0.34226,0.02,0.03
2012.11.29 14:40:37.591,0.342,0.34236,0.02,0.02
2012.11.29 14:40:37.644,0.34195,0.34236,0.02,0.03
2012.11.29 14:40:37.874,0.34195,0.34236,0.03,0.03
2012.11.29 14:40:37.994,0.34199,0.34241,0.03,0.03
2012.11.29 14:40:38.054,0.34197,0.34237,0.03,0.02
2012.11.29 14:40:38.314,0.34194,0.34234,0.04,0.02
2012.11.29 14:40:38.494,0.34195,0.34241,0.03,0.02
2012.11.29 14:40:38.815,0.34189,0.34226,0.03,0.02
2012.11.29 14:40:38.874,0.34194,0.34236,0.02,0.03
2012.11.29 14:40:39.476,0.34189,0.34221,0.03,0.02
2012.11.29 14:40:39.534,0.34188,0.34233,0.04,0.02
2012.11.29 14:40:40.884,0.34184,0.34217,0.03,0.02
2012.11.29 14:40:41.028,0.34183,0.34227,0.03,0.02
2012.11.29 14:40:41.084,0.34183,0.34217,0.03,0.02
2012.11.29 14:40:41.264,0.34189,0.34231,0.05,0.03
2012.11.29 14:40:41.495,0.34187,0.34227,0.03,0.02
2012.11.29 14:40:41.964,0.34184,0.34225,0.03,0.02
2012.11.29 14:40:42.494,0.34184,0.34215,0.02,0.02
2012.11.29 14:40:43.036,0.34176,0.34211,0.03,0.02
2012.11.29 14:40:43.164,0.34183,0.34221,0.03,0.03
2012.11.29 14:40:43.464,0.34183,0.34215,0.02,0.02
2012.11.29 14:40:43.524,0.34183,0.34217,0.03,0.02
2012.11.29 14:40:44.062,0.34179,0.34216,0.03,0.02
2012.11.29 14:40:44.214,0.34175,0.34208,0.03,0.02
2012.11.29 14:40:45.635,0.34173,0.34207,0.03,0.02
2012.11.29 14:40:45.708,0.34175,0.34215,0.03,0.02
2012.11.29 14:40:45.765,0.34171,0.34203,0.03,0.02
2012.11.29 14:40:46.404,0.34173,0.34206,0.04,0.02
2012.11.29 14:40:46.614,0.34175,0.34217,0.02,0.03
2012.11.29 14:40:47.137,0.34175,0.34211,0.03,0.02
2012.11.29 14:40:47.194,0.34184,0.34216,0.02,0.02
2012.11.29 14:40:47.904,0.34172,0.34207,0.02,0.02
2012.11.29 14:40:48.024,0.34183,0.34217,0.03,0.02
2012.11.29 14:40:48.604,0.34176,0.34211,0.02,0.02
2012.11.29 14:40:49.178,0.34179,0.3422,0.05,0.02
2012.11.29 14:40:49.665,0.34173,0.34209,0.03,0.02
2012.11.29 14:40:49.944,0.34179,0.34216,0.03,0.02
2012.11.29 14:40:50.554,0.34175,0.34216,0.03,0.03
2012.11.29 14:40:51.224,0.34175,0.3421,0.03,0.02
2012.11.29 14:40:51.284,0.34179,0.34219,0.03,0.03
2012.11.29 14:40:52.554,0.34178,0.34215,0.03,0.02
2012.11.29 14:40:52.785,0.34176,0.34213,0.03,0.02
2012.11.29 14:40:52.905,0.34174,0.34207,0.03,0.02
2012.11.29 14:40:52.964,0.34174,0.34215,0.02,0.02
2012.11.29 14:40:53.614,0.34171,0.34207,0.03,0.02
2012.11.29 14:40:53.954,0.34174,0.34213,0.03,0.02
2012.11.29 14:40:54.492,0.34174,0.34205,0.03,0.02
2012.11.29 14:40:54.635,0.34173,0.3421,0.03,0.02
2012.11.29 14:40:55.098,0.34169,0.34206,0.02,0.02
2012.11.29 14:40:57.204,0.3417,0.34202,0.03,0.02
2012.11.29 14:40:57.514,0.34174,0.34216,0.03,0.03
2012.11.29 14:40:58.121,0.3417,0.34205,0.03,0.02
2012.11.29 14:40:58.776,0.34174,0.34207,0.03,0.02
2012.11.29 14:40:59.334,0.34169,0.34204,0.03,0.02
2012.11.29 14:40:59.394,0.34174,0.34206,0.02,0.02
2012.11.29 14:41:00.944,0.34171,0.34205,0.02,0.02
2012.11.29 14:41:01.004,0.34174,0.34207,0.03,0.02
2012.11.29 14:41:01.064,0.34174,0.34215,0.05,0.02
2012.11.29 14:41:01.244,0.34171,0.34209,0.02,0.02
2012.11.29 14:41:01.304,0.34171,0.34209,0.02,0.02
2012.11.29 14:41:01.366,0.34174,0.34215,0.02,0.02
2012.11.29 14:41:01.632,0.34174,0.34212,0.03,0.02
2012.11.29 14:41:01.937,0.34173,0.34215,0.02,0.02
2012.11.29 14:41:02.631,0.34173,0.34208,0.03,0.02
2012.11.29 14:41:03.414,0.34174,0.34209,0.02,0.02
2012.11.29 14:41:03.505,0.34175,0.34211,0.02,0.02
2012.11.29 14:41:03.685,0.34179,0.3422,0.06,0.03
2012.11.29 14:41:04.270,0.34179,0.3422,0.03,0.03
2012.11.29 14:41:04.603,0.34172,0.34206,0.03,0.02
2012.11.29 14:41:04.693,0.34174,0.34209,0.02,0.02
2012.11.29 14:41:05.392,0.34172,0.34205,0.03,0.02
2012.11.29 14:41:05.454,0.34173,0.34208,0.03,0.03
2012.11.29 14:41:05.614,0.34184,0.34216,0.02,0.03
2012.11.29 14:41:05.945,0.34184,0.34216,0.02,0.02
2012.11.29 14:41:06.665,0.34176,0.34209,0.03,0.02
2012.11.29 14:41:07.214,0.34173,0.34215,0.03,0.02
2012.11.29 14:41:07.275,0.34173,0.34205,0.03,0.02
2012.11.29 14:41:07.394,0.34179,0.34215,0.02,0.03
2012.11.29 14:41:07.478,0.34179,0.34216,0.03,0.02
2012.11.29 14:41:08.138,0.34179,0.34219,0.03,0.03
2012.11.29 14:41:10.088,0.34175,0.34207,0.02,0.02
2012.11.29 14:41:10.144,0.34175,0.34216,0.03,0.03
2012.11.29 14:41:10.651,0.34171,0.34207,0.03,0.03
2012.11.29 14:41:11.444,0.34174,0.34211,0.03,0.02
2012.11.29 14:41:11.518,0.34171,0.34203,0.03,0.02
2012.11.29 14:41:12.074,0.34173,0.34206,0.03,0.02
2012.11.29 14:41:12.385,0.34173,0.34207,0.03,0.02
2012.11.29 14:41:12.918,0.34173,0.34213,0.05,0.02
2012.11.29 14:41:13.034,0.34173,0.34213,0.03,0.02
2012.11.29 14:41:13.094,0.34171,0.34206,0.03,0.03
2012.11.29 14:41:13.275,0.34163,0.34204,0.05,0.02
2012.11.29 14:41:13.334,0.34163,0.34197,0.05,0.02
2012.11.29 14:41:14.294,0.34164,0.34205,0.02,0.02
2012.11.29 14:41:14.684,0.34164,0.34205,0.03,0.02
2012.11.29 14:41:15.251,0.34164,0.34197,0.03,0.02
2012.11.29 14:41:15.304,0.34164,0.34205,0.02,0.02
2012.11.29 14:41:15.508,0.34164,0.34205,0.03,0.02
2012.11.29 14:41:16.204,0.3417,0.34212,0.02,0.03
2012.11.29 14:41:16.265,0.34165,0.342,0.03,0.02
2012.11.29 14:41:16.444,0.34162,0.34208,0.03,0.02
2012.11.29 14:41:17.054,0.34168,0.34207,0.03,0.03
2012.11.29 14:41:17.114,0.34165,0.34197,0.03,0.02
2012.11.29 14:41:17.654,0.34164,0.34205,0.03,0.03
2012.11.29 14:41:17.956,0.3416,0.34195,0.03,0.03
2012.11.29 14:41:18.625,0.34163,0.34202,0.03,0.03
2012.11.29 14:41:19.156,0.34161,0.34192,0.02,0.02
2012.11.29 14:41:19.548,0.34163,0.34201,0.03,0.02
2012.11.29 14:41:20.098,0.34164,0.34198,0.03,0.02
2012.11.29 14:41:22.804,0.3416,0.34194,0.03,0.02
2012.11.29 14:41:23.105,0.34157,0.3419,0.03,0.02
2012.11.29 14:41:24.704,0.34164,0.342,0.03,0.03
2012.11.29 14:41:24.764,0.34163,0.34195,0.02,0.02
2012.11.29 14:41:25.054,0.34157,0.34191,0.03,0.02
2012.11.29 14:41:25.594,0.34154,0.34189,0.03,0.02
2012.11.29 14:41:28.455,0.34153,0.34186,0.03,0.02
2012.11.29 14:41:28.514,0.34153,0.34195,0.05,0.02
2012.11.29 14:41:29.045,0.34153,0.34194,0.03,0.02
2012.11.29 14:41:29.164,0.34161,0.34195,0.03,0.02
2012.11.29 14:41:29.665,0.34159,0.34192,0.03,0.02
2012.11.29 14:41:29.844,0.34164,0.34202,0.03,0.03
2012.11.29 14:41:29.904,0.34164,0.34197,0.03,0.02
2012.11.29 14:41:30.024,0.34174,0.34205,0.02,0.02
2012.11.29 14:41:30.432,0.34174,0.34206,0.03,0.02
2012.11.29 14:41:31.305,0.34173,0.3421,0.03,0.02
2012.11.29 14:41:31.815,0.34174,0.34204,0.02,0.02
2012.11.29 14:41:32.334,0.34174,0.34211,0.03,0.02
2012.11.29 14:41:32.778,0.34167,0.34203,0.03,0.02
2012.11.29 14:41:33.324,0.34172,0.34205,0.03,0.02
2012.11.29 14:41:33.474,0.34174,0.34207,0.03,0.03
2012.11.29 14:41:33.594,0.34184,0.34219,0.03,0.02
2012.11.29 14:41:33.655,0.34183,0.34217,0.03,0.03
2012.11.29 14:41:33.716,0.34176,0.34209,0.03,0.02
2012.11.29 14:41:34.087,0.34183,0.34218,0.03,0.02
2012.11.29 14:41:34.324,0.34184,0.34224,0.03,0.02
2012.11.29 14:41:34.674,0.34193,0.34227,0.02,0.02
2012.11.29 14:41:34.734,0.34186,0.34221,0.03,0.02
2012.11.29 14:41:35.105,0.34193,0.34233,0.03,0.02
2012.11.29 14:41:35.345,0.34194,0.34224,0.02,0.02
2012.11.29 14:41:35.544,0.34203,0.3424,0.03,0.02
2012.11.29 14:41:35.846,0.34204,0.34242,0.03,0.02
2012.11.29 14:41:35.905,0.34204,0.34239,0.03,0.02
2012.11.29 14:41:35.964,0.34204,0.34242,0.03,0.02
2012.11.29 14:41:36.464,0.34198,0.34232,0.03,0.02
2012.11.29 14:41:36.534,0.34206,0.34246,0.02,0.02
2012.11.29 14:41:36.728,0.34203,0.34245,0.04,0.02
2012.11.29 14:41:37.644,0.34203,0.34243,0.03,0.02
2012.11.29 14:41:37.825,0.34199,0.34233,0.03,0.02
2012.11.29 14:41:37.944,0.34206,0.34246,0.03,0.02
2012.11.29 14:41:38.136,0.34202,0.34235,0.03,0.02
2012.11.29 14:41:38.534,0.34211,0.3425,0.03,0.02
2012.11.29 14:41:38.656,0.34204,0.34244,0.04,0.03
2012.11.29 14:41:38.835,0.34204,0.34239,0.03,0.03
2012.11.29 14:41:38.964,0.34194,0.34228,0.03,0.02
2012.11.29 14:41:39.150,0.34204,0.34236,0.03,0.02
2012.11.29 14:41:39.337,0.34189,0.34221,0.03,0.02
2012.11.29 14:41:39.626,0.34203,0.34235,0.02,0.03
2012.11.29 14:41:40.018,0.34193,0.3423,0.03,0.02
2012.11.29 14:41:40.521,0.34193,0.34227,0.02,0.02
2012.11.29 14:41:40.855,0.34184,0.34218,0.03,0.02
2012.11.29 14:41:41.367,0.34193,0.34223,0.02,0.02
2012.11.29 14:41:41.852,0.34193,0.34225,0.02,0.02
2012.11.29 14:41:42.424,0.34183,0.34224,0.03,0.03
2012.11.29 14:41:42.484,0.3418,0.34213,0.03,0.02
2012.11.29 14:41:42.878,0.34183,0.34222,0.03,0.03
2012.11.29 14:41:42.995,0.34174,0.34209,0.03,0.02
2012.11.29 14:41:43.196,0.34174,0.34216,0.03,0.02
2012.11.29 14:41:43.255,0.34174,0.34211,0.03,0.03
2012.11.29 14:41:43.314,0.3418,0.34221,0.02,0.02
2012.11.29 14:41:43.835,0.34183,0.34217,0.02,0.02
2012.11.29 14:41:44.204,0.34184,0.34218,0.03,0.02
2012.11.29 14:41:44.267,0.34174,0.3421,0.03,0.03
2012.11.29 14:41:44.846,0.34177,0.34218,0.03,0.02
2012.11.29 14:41:45.025,0.34173,0.34206,0.05,0.02
2012.11.29 14:41:45.537,0.34173,0.34214,0.03,0.02
2012.11.29 14:41:46.015,0.34176,0.34216,0.03,0.02
2012.11.29 14:41:46.074,0.34176,0.34208,0.03,0.02
2012.11.29 14:41:46.194,0.34184,0.34223,0.03,0.02
2012.11.29 14:41:46.314,0.34187,0.34227,0.03,0.02
2012.11.29 14:41:46.916,0.34183,0.34225,0.05,0.02
2012.11.29 14:41:46.986,0.34183,0.34215,0.04,0.02
2012.11.29 14:41:47.717,0.34185,0.34227,0.03,0.03
2012.11.29 14:41:49.824,0.34183,0.34223,0.03,0.02
2012.11.29 14:41:49.884,0.34193,0.34225,0.02,0.02
2012.11.29 14:41:50.016,0.3419,0.34222,0.02,0.02
2012.11.29 14:41:51.598,0.34191,0.34224,0.03,0.02
2012.11.29 14:41:51.975,0.34194,0.34233,0.03,0.02
2012.11.29 14:41:52.714,0.34192,0.34226,0.02,0.04
2012.11.29 14:41:52.865,0.34194,0.34236,0.04,0.03
2012.11.29 14:41:53.224,0.34194,0.34227,0.03,0.02
2012.11.29 14:41:55.114,0.34204,0.34238,0.03,0.02
2012.11.29 14:41:55.277,0.34198,0.34232,0.02,0.03
2012.11.29 14:41:55.334,0.34204,0.34246,0.03,0.02
2012.11.29 14:41:55.454,0.34207,0.34247,0.03,0.02
2012.11.29 14:41:55.634,0.34204,0.34236,0.02,0.02
2012.11.29 14:41:55.694,0.34204,0.34244,0.03,0.02
2012.11.29 14:41:56.215,0.34204,0.34234,0.02,0.02
2012.11.29 14:41:56.744,0.342,0.34233,0.03,0.02
2012.11.29 14:41:56.864,0.34193,0.34233,0.03,0.02
2012.11.29 14:41:56.994,0.34188,0.34222,0.03,0.02
2012.11.29 14:41:58.244,0.3418,0.34216,0.03,0.02
2012.11.29 14:41:58.644,0.34183,0.34221,0.03,0.02
2012.11.29 14:41:58.704,0.34179,0.34214,0.03,0.02
2012.11.29 14:41:58.995,0.34193,0.34225,0.03,0.02
2012.11.29 14:41:59.595,0.34193,0.34227,0.03,0.02
2012.11.29 14:41:59.666,0.34194,0.34226,0.02,0.02
2012.11.29 14:42:00.054,0.34204,0.34234,0.02,0.02
2012.11.29 14:42:00.114,0.34204,0.34235,0.05,0.02
2012.11.29 14:42:00.235,0.34203,0.34234,0.02,0.02
2012.11.29 14:42:00.295,0.34203,0.3424,0.03,0.02
2012.11.29 14:42:00.414,0.34198,0.34233,0.03,0.03
2012.11.29 14:42:01.494,0.34214,0.34246,0.02,0.03
2012.11.29 14:42:01.614,0.34204,0.34237,0.03,0.02
2012.11.29 14:42:01.674,0.34216,0.34254,0.02,0.02
2012.11.29 14:42:01.794,0.34234,0.34266,0.02,0.03
2012.11.29 14:42:02.034,0.34216,0.34254,0.02,0.02
2012.11.29 14:42:02.102,0.34224,0.34256,0.02,0.04
2012.11.29 14:42:02.264,0.34216,0.34256,0.02,0.03
2012.11.29 14:42:02.384,0.34226,0.34267,0.03,0.02
2012.11.29 14:42:03.325,0.34223,0.34259,0.03,0.02
2012.11.29 14:42:03.384,0.34223,0.34263,0.04,0.02
2012.11.29 14:42:03.475,0.34218,0.34252,0.05,0.02
2012.11.29 14:42:05.054,0.34224,0.34261,0.03,0.02
2012.11.29 14:42:05.175,0.34217,0.3425,0.03,0.02
2012.11.29 14:42:07.345,0.34223,0.34257,0.03,0.02
2012.11.29 14:42:07.824,0.34211,0.34245,0.03,0.02
2012.11.29 14:42:07.884,0.34214,0.34253,0.03,0.02
2012.11.29 14:42:07.944,0.3421,0.34243,0.03,0.02
2012.11.29 14:42:08.455,0.34213,0.34251,0.03,0.02
2012.11.29 14:42:08.785,0.34214,0.34254,0.03,0.02
2012.11.29 14:42:09.095,0.34213,0.34248,0.03,0.02
2012.11.29 14:42:09.154,0.34203,0.34237,0.03,0.02
2012.11.29 14:42:10.504,0.34203,0.34234,0.03,0.02
2012.11.29 14:42:10.576,0.34203,0.34241,0.03,0.03
2012.11.29 14:42:10.635,0.34203,0.34235,0.02,0.02
2012.11.29 14:42:10.964,0.34204,0.34241,0.03,0.02
2012.11.29 14:42:11.314,0.34203,0.34242,0.03,0.02
2012.11.29 14:42:11.374,0.34202,0.34235,0.02,0.02
2012.11.29 14:42:11.494,0.34199,0.34234,0.03,0.02
2012.11.29 14:42:11.554,0.34204,0.34236,0.02,0.02
2012.11.29 14:42:11.614,0.34198,0.34231,0.03,0.02
2012.11.29 14:42:12.054,0.34203,0.34233,0.02,0.02
2012.11.29 14:42:12.116,0.342,0.34234,0.03,0.02
2012.11.29 14:42:12.174,0.34204,0.34245,0.03,0.02
2012.11.29 14:42:12.332,0.34204,0.34237,0.03,0.02
2012.11.29 14:42:14.395,0.34213,0.34247,0.02,0.02
2012.11.29 14:42:14.455,0.34209,0.34242,0.03,0.02
2012.11.29 14:42:14.514,0.34203,0.34237,0.02,0.02
2012.11.29 14:42:14.942,0.34191,0.34226,0.03,0.02
2012.11.29 14:42:14.994,0.34203,0.34237,0.03,0.03
2012.11.29 14:42:15.114,0.34194,0.34234,0.03,0.02
2012.11.29 14:42:15.205,0.34194,0.3423,0.03,0.02
2012.11.29 14:42:15.324,0.34203,0.3424,0.03,0.03
2012.11.29 14:42:15.654,0.34194,0.34229,0.03,0.02
2012.11.29 14:42:16.581,0.34196,0.34231,0.03,0.02
2012.11.29 14:42:17.134,0.34195,0.34228,0.03,0.02
2012.11.29 14:42:17.195,0.34194,0.34234,0.03,0.02
2012.11.29 14:42:17.702,0.34194,0.34234,0.03,0.02
2012.11.29 14:42:19.504,0.34194,0.34234,0.03,0.02
2012.11.29 14:42:19.745,0.34191,0.34224,0.05,0.02
2012.11.29 14:42:20.401,0.34193,0.34226,0.03,0.02
2012.11.29 14:42:22.160,0.34187,0.34223,0.03,0.02
2012.11.29 14:42:22.275,0.34193,0.34229,0.03,0.02
2012.11.29 14:42:22.394,0.34185,0.34221,0.03,0.02
2012.11.29 14:42:22.454,0.34193,0.34227,0.03,0.02
2012.11.29 14:42:24.204,0.3419,0.3423,0.02,0.02
2012.11.29 14:42:24.264,0.3419,0.34226,0.03,0.04
2012.11.29 14:42:25.214,0.34182,0.34217,0.03,0.02
2012.11.29 14:42:25.274,0.34184,0.34223,0.03,0.02
2012.11.29 14:42:26.089,0.34184,0.34218,0.03,0.02
2012.11.29 14:42:26.905,0.34177,0.34217,0.03,0.03
2012.11.29 14:42:26.964,0.34175,0.34209,0.03,0.02
2012.11.29 14:42:27.175,0.34175,0.3421,0.03,0.02
2012.11.29 14:42:27.634,0.34176,0.34216,0.03,0.02
2012.11.29 14:42:28.769,0.34177,0.34219,0.03,0.02
2012.11.29 14:42:28.834,0.34183,0.34214,0.02,0.02
2012.11.29 14:42:29.744,0.34177,0.34217,0.03,0.02
2012.11.29 14:42:29.865,0.34175,0.34216,0.03,0.02
2012.11.29 14:42:29.924,0.34175,0.3421,0.03,0.02
2012.11.29 14:42:31.454,0.34173,0.34209,0.03,0.02
2012.11.29 14:42:31.574,0.34174,0.34206,0.03,0.02
2012.11.29 14:42:31.634,0.34169,0.34202,0.03,0.02
2012.11.29 14:42:32.152,0.34173,0.34207,0.03,0.02
2012.11.29 14:42:32.665,0.34173,0.34203,0.02,0.02
2012.11.29 14:42:32.976,0.34173,0.34205,0.02,0.02
2012.11.29 14:42:33.836,0.34173,0.34205,0.03,0.02
2012.11.29 14:42:34.405,0.34183,0.34216,0.03,0.02
2012.11.29 14:42:34.464,0.34183,0.34214,0.02,0.02
2012.11.29 14:42:36.178,0.34193,0.34224,0.02,0.02
2012.11.29 14:42:36.374,0.34184,0.34218,0.02,0.02
2012.11.29 14:42:36.554,0.34186,0.3422,0.03,0.02
2012.11.29 14:42:36.614,0.34194,0.3423,0.03,0.02
2012.11.29 14:42:36.794,0.34188,0.34223,0.03,0.02
2012.11.29 14:42:37.087,0.34183,0.34219,0.03,0.02
2012.11.29 14:42:37.145,0.34184,0.34219,0.03,0.03
2012.11.29 14:42:37.204,0.34176,0.3421,0.03,0.02
2012.11.29 14:42:37.335,0.34176,0.3421,0.03,0.02
2012.11.29 14:42:37.952,0.34183,0.34217,0.03,0.02
2012.11.29 14:42:38.504,0.34184,0.34224,0.03,0.02
2012.11.29 14:42:38.565,0.34183,0.34217,0.03,0.03
2012.11.29 14:42:38.624,0.34182,0.34216,0.02,0.02
2012.11.29 14:42:38.685,0.34184,0.34222,0.03,0.04
2012.11.29 14:42:39.584,0.34184,0.34224,0.03,0.04
2012.11.29 14:42:39.644,0.34184,0.34216,0.03,0.02
2012.11.29 14:42:39.704,0.34186,0.34226,0.03,0.02
2012.11.29 14:42:42.494,0.34194,0.3423,0.03,0.03
2012.11.29 14:42:42.964,0.34184,0.34224,0.02,0.02
2012.11.29 14:42:43.024,0.34183,0.34219,0.05,0.02
2012.11.29 14:42:43.395,0.34184,0.34217,0.03,0.02
2012.11.29 14:42:44.353,0.34184,0.3422,0.03,0.04
2012.11.29 14:42:44.425,0.34184,0.34214,0.02,0.02
2012.11.29 14:42:44.669,0.34178,0.34211,0.03,0.02
2012.11.29 14:42:45.124,0.34177,0.34207,0.02,0.02
2012.11.29 14:42:45.184,0.34173,0.34213,0.03,0.02
2012.11.29 14:42:45.244,0.34174,0.34204,0.02,0.02
2012.11.29 14:42:45.535,0.34174,0.34206,0.03,0.03
2012.11.29 14:42:45.595,0.34185,0.34225,0.02,0.02
2012.11.29 14:42:45.655,0.34185,0.34217,0.03,0.02
2012.11.29 14:42:45.861,0.34185,0.3422,0.03,0.03
2012.11.29 14:42:45.978,0.34189,0.3423,0.03,0.03
2012.11.29 14:42:46.165,0.3419,0.34223,0.03,0.02
2012.11.29 14:42:46.224,0.34184,0.34217,0.02,0.03
2012.11.29 14:42:46.503,0.34181,0.34215,0.03,0.02
2012.11.29 14:42:47.235,0.34183,0.3422,0.03,0.02
2012.11.29 14:42:47.576,0.34183,0.34217,0.04,0.04
2012.11.29 14:42:52.976,0.34185,0.34226,0.03,0.03
2012.11.29 14:42:53.564,0.34184,0.34215,0.02,0.02
2012.11.29 14:42:55.626,0.34184,0.34224,0.03,0.03
2012.11.29 14:42:55.855,0.34184,0.34218,0.03,0.02
2012.11.29 14:42:55.935,0.34186,0.34226,0.03,0.02
2012.11.29 14:42:56.791,0.34183,0.34216,0.03,0.02
2012.11.29 14:42:56.844,0.34184,0.34225,0.05,0.02
2012.11.29 14:42:58.155,0.34183,0.34217,0.03,0.02
2012.11.29 14:42:58.576,0.34183,0.3422,0.03,0.03
2012.11.29 14:42:58.635,0.34183,0.34215,0.03,0.02
2012.11.29 14:42:58.825,0.34183,0.34217,0.03,0.03
2012.11.29 14:42:59.204,0.34177,0.3421,0.03,0.02
2012.11.29 14:43:01.101,0.34179,0.34212,0.03,0.02
2012.11.29 14:43:01.665,0.34184,0.34219,0.03,0.02
2012.11.29 14:43:02.055,0.34184,0.34214,0.03,0.02
2012.11.29 14:43:02.234,0.34174,0.34209,0.05,0.02
2012.11.29 14:43:04.016,0.34175,0.34216,0.03,0.03
2012.11.29 14:43:04.650,0.34176,0.34216,0.03,0.02
2012.11.29 14:43:04.864,0.34174,0.34215,0.05,0.02
2012.11.29 14:43:05.385,0.34174,0.34207,0.03,0.03
2012.11.29 14:43:05.504,0.34176,0.34217,0.03,0.04
2012.11.29 14:43:06.215,0.34182,0.34222,0.03,0.02
2012.11.29 14:43:06.335,0.34179,0.34215,0.03,0.02
2012.11.29 14:43:06.395,0.3418,0.3422,0.03,0.02
2012.11.29 14:43:06.456,0.3418,0.34212,0.03,0.02
2012.11.29 14:43:07.407,0.34183,0.34213,0.02,0.02
2012.11.29 14:43:07.475,0.34184,0.34216,0.02,0.02
2012.11.29 14:43:08.135,0.34181,0.34214,0.03,0.02
2012.11.29 14:43:09.775,0.34184,0.34223,0.03,0.02
2012.11.29 14:43:10.063,0.34183,0.34217,0.03,0.02
2012.11.29 14:43:10.296,0.34185,0.34226,0.02,0.03
2012.11.29 14:43:11.315,0.34183,0.34221,0.03,0.02
2012.11.29 14:43:12.111,0.34179,0.34213,0.03,0.02
2012.11.29 14:43:14.145,0.34183,0.3422,0.03,0.02
2012.11.29 14:43:14.677,0.3418,0.34214,0.03,0.02
2012.11.29 14:43:16.137,0.3418,0.34212,0.03,0.03
2012.11.29 14:43:16.254,0.3418,0.34214,0.03,0.02
2012.11.29 14:43:16.366,0.34176,0.34209,0.03,0.02
2012.11.29 14:43:16.425,0.34184,0.34219,0.03,0.03
2012.11.29 14:43:17.004,0.34184,0.34221,0.03,0.03
2012.11.29 14:43:17.064,0.34176,0.34212,0.03,0.03
2012.11.29 14:43:18.435,0.3419,0.3423,0.02,0.02
2012.11.29 14:43:18.494,0.34179,0.34214,0.03,0.02
2012.11.29 14:43:19.015,0.34183,0.34217,0.03,0.02
2012.11.29 14:43:19.201,0.34179,0.34212,0.03,0.02
2012.11.29 14:43:22.476,0.34184,0.3422,0.03,0.02
2012.11.29 14:43:22.715,0.34178,0.3421,0.03,0.02
2012.11.29 14:43:22.834,0.34173,0.34208,0.03,0.03
2012.11.29 14:43:24.009,0.34174,0.34215,0.03,0.02
2012.11.29 14:43:24.076,0.34173,0.34206,0.02,0.02
2012.11.29 14:43:25.354,0.34173,0.34213,0.04,0.02
2012.11.29 14:43:25.474,0.34174,0.34211,0.03,0.03
2012.11.29 14:43:28.754,0.34168,0.34201,0.03,0.02
2012.11.29 14:43:29.385,0.3417,0.34204,0.03,0.02
2012.11.29 14:43:29.444,0.34173,0.34212,0.03,0.02
2012.11.29 14:43:30.125,0.34169,0.34201,0.03,0.02
2012.11.29 14:43:30.185,0.34173,0.34207,0.03,0.02
2012.11.29 14:43:30.244,0.34165,0.342,0.03,0.02
2012.11.29 14:43:30.821,0.34174,0.34206,0.02,0.02
2012.11.29 14:43:30.934,0.34174,0.34206,0.03,0.03
2012.11.29 14:43:31.491,0.34164,0.34206,0.05,0.05
2012.11.29 14:43:32.825,0.34171,0.34206,0.02,0.04
2012.11.29 14:43:32.896,0.34184,0.34216,0.02,0.03
2012.11.29 14:43:35.176,0.34181,0.34213,0.03,0.02
2012.11.29 14:43:35.297,0.34184,0.34222,0.03,0.02
2012.11.29 14:43:36.085,0.34183,0.34215,0.03,0.02
2012.11.29 14:43:36.284,0.34194,0.34226,0.02,0.03
2012.11.29 14:43:36.779,0.34193,0.34227,0.02,0.04
2012.11.29 14:43:37.635,0.34178,0.34212,0.05,0.03
2012.11.29 14:43:38.144,0.34176,0.34211,0.04,0.02
2012.11.29 14:43:38.204,0.34183,0.3422,0.03,0.02
2012.11.29 14:43:40.965,0.3418,0.34211,0.03,0.02
2012.11.29 14:43:41.305,0.34177,0.34209,0.03,0.02
2012.11.29 14:43:41.911,0.34183,0.34219,0.03,0.02
2012.11.29 14:43:43.649,0.34166,0.34201,0.03,0.02
2012.11.29 14:43:44.234,0.34168,0.34203,0.02,0.02
2012.11.29 14:43:45.467,0.34167,0.34202,0.02,0.02
2012.11.29 14:43:45.870,0.34174,0.34212,0.03,0.02
2012.11.29 14:43:46.087,0.34174,0.3421,0.03,0.02
2012.11.29 14:43:46.554,0.34168,0.342,0.02,0.02
2012.11.29 14:43:47.445,0.34164,0.34196,0.03,0.02
2012.11.29 14:43:48.006,0.34164,0.34204,0.03,0.02
2012.11.29 14:43:48.185,0.34164,0.342,0.03,0.02
2012.11.29 14:43:48.425,0.34164,0.34196,0.03,0.02
2012.11.29 14:43:48.836,0.34164,0.34205,0.05,0.02
2012.11.29 14:43:49.165,0.34161,0.34195,0.05,0.02
2012.11.29 14:43:49.224,0.34164,0.34201,0.03,0.02
2012.11.29 14:43:49.516,0.34163,0.34196,0.03,0.02
2012.11.29 14:43:49.745,0.34164,0.34206,0.03,0.02
2012.11.29 14:43:49.935,0.34163,0.34202,0.03,0.02
2012.11.29 14:43:50.504,0.34163,0.34203,0.05,0.02
2012.11.29 14:43:51.255,0.34164,0.34198,0.03,0.02
2012.11.29 14:43:51.314,0.34155,0.3419,0.03,0.02
2012.11.29 14:43:51.435,0.34161,0.34194,0.03,0.02
2012.11.29 14:43:52.042,0.3416,0.34192,0.02,0.02
2012.11.29 14:43:52.816,0.34163,0.34199,0.03,0.02
2012.11.29 14:43:54.325,0.34164,0.34195,0.02,0.02
2012.11.29 14:43:54.596,0.34163,0.342,0.03,0.03
2012.11.29 14:43:54.654,0.34163,0.34195,0.02,0.02
2012.11.29 14:43:56.978,0.34163,0.34195,0.03,0.02
2012.11.29 14:43:57.045,0.34163,0.34203,0.03,0.02
2012.11.29 14:43:57.424,0.34174,0.34206,0.02,0.03
2012.11.29 14:43:57.961,0.34174,0.34206,0.03,0.02
2012.11.29 14:43:58.555,0.34161,0.34196,0.05,0.02
2012.11.29 14:43:58.734,0.34164,0.34196,0.02,0.02
2012.11.29 14:43:58.794,0.3416,0.34195,0.03,0.02
2012.11.29 14:44:00.534,0.34163,0.34204,0.04,0.02
2012.11.29 14:44:01.035,0.34163,0.34197,0.02,0.02
2012.11.29 14:44:01.394,0.34163,0.34201,0.03,0.02
2012.11.29 14:44:02.580,0.3416,0.34192,0.03,0.02
2012.11.29 14:44:07.765,0.34163,0.34199,0.03,0.02
2012.11.29 14:44:09.195,0.34158,0.34192,0.03,0.02
2012.11.29 14:44:10.184,0.34163,0.34197,0.03,0.03
2012.11.29 14:44:10.245,0.34173,0.34203,0.02,0.02
2012.11.29 14:44:10.752,0.34173,0.34207,0.03,0.04
2012.11.29 14:44:12.627,0.34173,0.34212,0.03,0.02
2012.11.29 14:44:13.169,0.34168,0.34201,0.03,0.02
2012.11.29 14:44:15.805,0.34174,0.3421,0.03,0.02
2012.11.29 14:44:16.336,0.34173,0.34212,0.03,0.02
2012.11.29 14:44:16.875,0.34184,0.34215,0.02,0.02
2012.11.29 14:44:17.295,0.34183,0.34217,0.02,0.02
2012.11.29 14:44:17.477,0.34184,0.3422,0.03,0.02
2012.11.29 14:44:17.596,0.34181,0.34214,0.03,0.02
2012.11.29 14:44:17.756,0.34176,0.34209,0.03,0.02
2012.11.29 14:44:18.385,0.34183,0.34215,0.03,0.02
2012.11.29 14:44:18.445,0.34186,0.34226,0.02,0.02
2012.11.29 14:44:21.334,0.34183,0.34217,0.03,0.02
2012.11.29 14:44:23.605,0.34194,0.3423,0.03,0.03
2012.11.29 14:44:26.555,0.34184,0.34218,0.03,0.02
2012.11.29 14:44:28.105,0.34186,0.34219,0.03,0.02
2012.11.29 14:44:30.814,0.34189,0.34222,0.03,0.02
2012.11.29 14:44:30.875,0.34194,0.34234,0.04,0.03
2012.11.29 14:44:32.473,0.34191,0.34225,0.04,0.02
2012.11.29 14:44:33.065,0.34194,0.34226,0.03,0.02
2012.11.29 14:44:34.561,0.34192,0.34224,0.03,0.02
2012.11.29 14:44:35.083,0.34203,0.34234,0.02,0.02
2012.11.29 14:44:35.425,0.34204,0.34234,0.02,0.02
2012.11.29 14:44:35.984,0.34193,0.34227,0.03,0.02
2012.11.29 14:44:37.540,0.34198,0.34238,0.02,0.02
2012.11.29 14:44:38.587,0.34193,0.34225,0.03,0.02
2012.11.29 14:44:38.645,0.34196,0.34236,0.03,0.02
2012.11.29 14:44:39.315,0.34193,0.34235,0.04,0.03
2012.11.29 14:44:39.625,0.34187,0.34223,0.03,0.02
2012.11.29 14:44:39.855,0.34194,0.3423,0.03,0.02
2012.11.29 14:44:40.304,0.34199,0.3424,0.02,0.02
2012.11.29 14:44:40.435,0.34195,0.3423,0.02,0.02
2012.11.29 14:44:40.785,0.34195,0.34227,0.03,0.02
2012.11.29 14:44:41.335,0.34204,0.34241,0.03,0.02
2012.11.29 14:44:41.746,0.34204,0.34244,0.03,0.02
2012.11.29 14:44:41.806,0.34197,0.34232,0.03,0.02
2012.11.29 14:44:42.285,0.34199,0.34233,0.03,0.02
2012.11.29 14:44:42.644,0.34205,0.34245,0.03,0.02
2012.11.29 14:44:43.217,0.34213,0.34243,0.02,0.02
2012.11.29 14:44:43.975,0.34199,0.34232,0.03,0.02
2012.11.29 14:44:44.404,0.34204,0.34244,0.03,0.02
2012.11.29 14:44:44.942,0.34204,0.34244,0.03,0.03
2012.11.29 14:44:46.054,0.34199,0.34233,0.03,0.02
2012.11.29 14:44:46.117,0.34205,0.34245,0.03,0.02
2012.11.29 14:44:46.385,0.34203,0.34237,0.02,0.02
2012.11.29 14:44:46.932,0.34197,0.34232,0.03,0.03
2012.11.29 14:44:47.054,0.34204,0.34241,0.03,0.02
2012.11.29 14:44:47.539,0.34204,0.34236,0.02,0.02
2012.11.29 14:44:48.096,0.34203,0.34242,0.03,0.03
2012.11.29 14:44:48.465,0.34196,0.34231,0.03,0.02
2012.11.29 14:44:48.584,0.34208,0.34248,0.03,0.02
2012.11.29 14:44:49.235,0.34205,0.34246,0.03,0.03
2012.11.29 14:44:49.745,0.34207,0.34249,0.03,0.03
2012.11.29 14:44:49.995,0.34205,0.34247,0.03,0.03
2012.11.29 14:44:50.631,0.34206,0.34247,0.03,0.03
2012.11.29 14:44:50.745,0.34204,0.34245,0.02,0.03
2012.11.29 14:44:51.405,0.34204,0.34236,0.02,0.03
2012.11.29 14:44:52.065,0.34196,0.3423,0.05,0.02
2012.11.29 14:44:52.436,0.34204,0.34239,0.03,0.02
2012.11.29 14:44:52.687,0.34204,0.34241,0.03,0.02
2012.11.29 14:44:53.205,0.34204,0.3424,0.03,0.02
2012.11.29 14:44:53.715,0.34199,0.34235,0.03,0.02
2012.11.29 14:44:53.775,0.34213,0.34247,0.03,0.02
2012.11.29 14:44:53.834,0.34203,0.34238,0.02,0.02
2012.11.29 14:44:54.335,0.34214,0.3425,0.03,0.02
2012.11.29 14:44:54.908,0.34198,0.34233,0.03,0.02
2012.11.29 14:44:54.985,0.34203,0.34245,0.04,0.03
2012.11.29 14:44:55.123,0.34196,0.3423,0.05,0.02
2012.11.29 14:44:55.186,0.34203,0.34242,0.03,0.03
2012.11.29 14:44:55.355,0.34203,0.34237,0.02,0.02
2012.11.29 14:44:55.534,0.34203,0.34242,0.03,0.03
2012.11.29 14:44:55.594,0.34197,0.34231,0.03,0.02
2012.11.29 14:44:56.105,0.34194,0.3423,0.03,0.02
2012.11.29 14:44:56.165,0.34189,0.34221,0.05,0.02
2012.11.29 14:44:56.485,0.34189,0.34225,0.05,0.02
2012.11.29 14:44:56.545,0.34193,0.34227,0.03,0.02
2012.11.29 14:44:56.605,0.34183,0.34218,0.03,0.02
2012.11.29 14:44:57.076,0.34183,0.34217,0.03,0.02
2012.11.29 14:44:57.134,0.34183,0.34214,0.03,0.02
2012.11.29 14:44:57.475,0.34186,0.34218,0.02,0.02
2012.11.29 14:44:57.595,0.34197,0.34231,0.03,0.02
2012.11.29 14:44:57.975,0.34204,0.34242,0.03,0.02
2012.11.29 14:44:58.505,0.34204,0.34242,0.03,0.02
2012.11.29 14:44:59.185,0.34205,0.34246,0.03,0.03
2012.11.29 14:44:59.975,0.34204,0.34242,0.03,0.02
2012.11.29 14:45:00.405,0.34196,0.34228,0.03,0.02
2012.11.29 14:45:00.525,0.34203,0.34238,0.03,0.02
2012.11.29 14:45:01.295,0.34206,0.34246,0.03,0.02
2012.11.29 14:45:01.415,0.34213,0.34245,0.02,0.02
2012.11.29 14:45:01.691,0.34206,0.34238,0.03,0.02
2012.11.29 14:45:01.805,0.34214,0.34249,0.03,0.02
2012.11.29 14:45:02.505,0.34206,0.34241,0.03,0.02
2012.11.29 14:45:02.625,0.34205,0.34239,0.03,0.02
2012.11.29 14:45:03.739,0.34217,0.34257,0.02,0.02
2012.11.29 14:45:03.828,0.34214,0.34245,0.02,0.02
2012.11.29 14:45:04.035,0.34214,0.34251,0.02,0.03
2012.11.29 14:45:04.095,0.34216,0.34251,0.02,0.02
2012.11.29 14:45:04.155,0.34224,0.3426,0.03,0.03
2012.11.29 14:45:04.635,0.342,0.34237,0.03,0.03
2012.11.29 14:45:04.975,0.34203,0.34243,0.05,0.02
2012.11.29 14:45:05.524,0.34213,0.34245,0.02,0.02
2012.11.29 14:45:05.645,0.34203,0.34237,0.05,0.02
2012.11.29 14:45:05.705,0.34213,0.34251,0.03,0.03
2012.11.29 14:45:05.765,0.34214,0.34244,0.02,0.02
2012.11.29 14:45:06.145,0.34214,0.34249,0.03,0.02
2012.11.29 14:45:06.205,0.34214,0.34244,0.02,0.02
2012.11.29 14:45:06.710,0.34201,0.34234,0.03,0.02
2012.11.29 14:45:06.825,0.34211,0.34242,0.03,0.02
2012.11.29 14:45:06.885,0.34199,0.34231,0.03,0.02
2012.11.29 14:45:06.945,0.34203,0.34234,0.02,0.02
2012.11.29 14:45:07.014,0.34203,0.3424,0.03,0.02
2012.11.29 14:45:07.195,0.34197,0.3423,0.03,0.02
2012.11.29 14:45:07.315,0.34197,0.34233,0.03,0.02
2012.11.29 14:45:07.495,0.34203,0.34237,0.02,0.02
2012.11.29 14:45:08.005,0.34204,0.34245,0.02,0.02
2012.11.29 14:45:08.555,0.34204,0.34242,0.03,0.02
2012.11.29 14:45:08.795,0.34196,0.34229,0.03,0.02
2012.11.29 14:45:09.045,0.34193,0.34226,0.03,0.02
2012.11.29 14:45:09.227,0.34196,0.3423,0.03,0.02
2012.11.29 14:45:09.815,0.34203,0.34242,0.03,0.03
2012.11.29 14:45:11.405,0.34204,0.34241,0.03,0.02
2012.11.29 14:45:11.776,0.34203,0.34237,0.04,0.03
2012.11.29 14:45:12.025,0.34203,0.34237,0.05,0.05
2012.11.29 14:45:12.085,0.34209,0.3424,0.02,0.02
2012.11.29 14:45:12.265,0.34214,0.3425,0.03,0.03
2012.11.29 14:45:12.445,0.34205,0.34237,0.03,0.02
2012.11.29 14:45:13.055,0.34214,0.34256,0.02,0.02
2012.11.29 14:45:13.536,0.34223,0.34257,0.02,0.02
2012.11.29 14:45:13.595,0.34212,0.34248,0.03,0.02
2012.11.29 14:45:13.935,0.34209,0.34244,0.03,0.02
2012.11.29 14:45:14.794,0.34218,0.3426,0.03,0.03
2012.11.29 14:45:14.915,0.34218,0.34258,0.03,0.02
2012.11.29 14:45:15.327,0.34214,0.34248,0.03,0.02
2012.11.29 14:45:15.735,0.34223,0.34261,0.03,0.02
2012.11.29 14:45:15.925,0.34223,0.34261,0.03,0.03
2012.11.29 14:45:16.215,0.34213,0.34246,0.03,0.02
2012.11.29 14:45:16.915,0.34213,0.34247,0.03,0.02
2012.11.29 14:45:17.306,0.34215,0.3425,0.02,0.02
2012.11.29 14:45:19.755,0.34224,0.34256,0.02,0.02
2012.11.29 14:45:19.815,0.34221,0.34255,0.03,0.02
2012.11.29 14:45:19.875,0.34233,0.34265,0.03,0.02
2012.11.29 14:45:20.305,0.34234,0.34273,0.03,0.02
2012.11.29 14:45:20.365,0.34233,0.34264,0.02,0.02
2012.11.29 14:45:20.785,0.34234,0.34266,0.02,0.03
2012.11.29 14:45:20.915,0.34223,0.34259,0.03,0.02
2012.11.29 14:45:21.280,0.34235,0.34266,0.03,0.02
2012.11.29 14:45:21.765,0.34234,0.34274,0.05,0.02
2012.11.29 14:45:22.145,0.34231,0.34264,0.05,0.02
2012.11.29 14:45:22.205,0.34238,0.34279,0.03,0.03
2012.11.29 14:45:22.364,0.34232,0.34267,0.03,0.02
2012.11.29 14:45:22.925,0.34244,0.3428,0.03,0.02
2012.11.29 14:45:23.294,0.34244,0.34279,0.03,0.02
2012.11.29 14:45:24.105,0.34254,0.34286,0.02,0.02
2012.11.29 14:45:24.955,0.3424,0.34276,0.03,0.02
2012.11.29 14:45:25.824,0.34253,0.34289,0.03,0.02
2012.11.29 14:45:26.499,0.34253,0.34285,0.02,0.02
2012.11.29 14:45:27.985,0.34241,0.34273,0.03,0.02
2012.11.29 14:45:28.729,0.34242,0.34276,0.03,0.02
2012.11.29 14:45:28.966,0.34234,0.34269,0.03,0.02
2012.11.29 14:45:29.025,0.34236,0.34266,0.02,0.02
2012.11.29 14:45:29.085,0.34226,0.34261,0.03,0.02
2012.11.29 14:45:29.145,0.34235,0.34275,0.03,0.02
2012.11.29 14:45:29.279,0.34233,0.34272,0.03,0.02
2012.11.29 14:45:29.836,0.34225,0.3426,0.02,0.02
2012.11.29 14:45:29.895,0.34233,0.3427,0.03,0.02
2012.11.29 14:45:29.955,0.34223,0.34256,0.02,0.02
2012.11.29 14:45:30.135,0.34224,0.34265,0.03,0.02
2012.11.29 14:45:30.684,0.34224,0.34255,0.04,0.02
2012.11.29 14:45:30.814,0.34223,0.34261,0.03,0.02
2012.11.29 14:45:31.125,0.34234,0.34266,0.02,0.02
2012.11.29 14:45:31.185,0.3423,0.34263,0.03,0.02
2012.11.29 14:45:31.870,0.34244,0.34274,0.02,0.02
2012.11.29 14:45:32.105,0.34234,0.34266,0.04,0.02
2012.11.29 14:45:32.604,0.34234,0.34269,0.05,0.02
2012.11.29 14:45:32.665,0.34246,0.34286,0.03,0.02
2012.11.29 14:45:32.932,0.34254,0.34293,0.03,0.03
2012.11.29 14:45:33.526,0.34253,0.34287,0.02,0.02
2012.11.29 14:45:33.645,0.34253,0.34289,0.03,0.02
2012.11.29 14:45:34.126,0.34249,0.3429,0.03,0.03
2012.11.29 14:45:34.455,0.34252,0.3429,0.02,0.03
2012.11.29 14:45:34.515,0.34253,0.34294,0.03,0.02
2012.11.29 14:45:34.575,0.34253,0.34286,0.02,0.02
2012.11.29 14:45:34.963,0.34247,0.34285,0.03,0.03
2012.11.29 14:45:35.115,0.3425,0.34285,0.02,0.02
2012.11.29 14:45:35.635,0.34255,0.34295,0.03,0.02
2012.11.29 14:45:35.995,0.34263,0.34297,0.02,0.02
2012.11.29 14:45:36.175,0.34257,0.3429,0.04,0.02
2012.11.29 14:45:36.272,0.34253,0.34287,0.02,0.02
2012.11.29 14:45:36.535,0.34268,0.34308,0.03,0.02
2012.11.29 14:45:36.655,0.34289,0.3433,0.03,0.02
2012.11.29 14:45:36.806,0.3429,0.34333,0.02,0.02
2012.11.29 14:45:36.865,0.34291,0.34326,0.02,0.02
2012.11.29 14:45:37.185,0.34303,0.34336,0.03,0.02
2012.11.29 14:45:37.262,0.34293,0.34324,0.02,0.02
2012.11.29 14:45:37.374,0.34303,0.34339,0.03,0.02
2012.11.29 14:45:37.615,0.34314,0.34344,0.02,0.02
2012.11.29 14:45:37.735,0.34313,0.34345,0.02,0.02
2012.11.29 14:45:37.855,0.34316,0.34357,0.02,0.02
2012.11.29 14:45:38.195,0.34303,0.34341,0.03,0.03
2012.11.29 14:45:38.365,0.34303,0.34339,0.03,0.02
2012.11.29 14:45:38.475,0.34303,0.34335,0.03,0.02
2012.11.29 14:45:38.595,0.3429,0.34332,0.03,0.02
2012.11.29 14:45:39.026,0.3429,0.34321,0.02,0.02
2012.11.29 14:45:39.444,0.34294,0.34336,0.05,0.02
2012.11.29 14:45:39.745,0.34304,0.34335,0.03,0.02
2012.11.29 14:45:39.985,0.34303,0.34337,0.02,0.02
2012.11.29 14:45:40.377,0.34294,0.34325,0.02,0.02
2012.11.29 14:45:40.715,0.34293,0.34327,0.02,0.02
2012.11.29 14:45:40.925,0.34293,0.34328,0.03,0.02
2012.11.29 14:45:41.004,0.34293,0.34326,0.03,0.02
2012.11.29 14:45:41.255,0.34283,0.34318,0.03,0.02
2012.11.29 14:45:41.515,0.34279,0.3431,0.02,0.02
2012.11.29 14:45:41.732,0.34281,0.34313,0.02,0.02
2012.11.29 14:45:42.285,0.34275,0.34307,0.04,0.02
2012.11.29 14:45:42.345,0.34283,0.3432,0.03,0.02
2012.11.29 14:45:42.866,0.34274,0.34305,0.02,0.02
2012.11.29 14:45:42.925,0.34284,0.34316,0.02,0.02
2012.11.29 14:45:43.474,0.34276,0.34317,0.03,0.03
2012.11.29 14:45:43.714,0.3427,0.34302,0.02,0.02
2012.11.29 14:45:43.775,0.34273,0.34307,0.02,0.03
2012.11.29 14:45:43.834,0.34266,0.34299,0.03,0.02
2012.11.29 14:45:44.135,0.34274,0.3431,0.03,0.02
2012.11.29 14:45:44.315,0.34263,0.34297,0.03,0.02
2012.11.29 14:45:44.854,0.34273,0.34309,0.03,0.02
2012.11.29 14:45:45.305,0.34274,0.34306,0.03,0.03
2012.11.29 14:45:45.435,0.34267,0.34307,0.03,0.02
2012.11.29 14:45:45.798,0.34264,0.34305,0.02,0.03
2012.11.29 14:45:46.155,0.34269,0.34304,0.03,0.02
2012.11.29 14:45:46.666,0.34278,0.34318,0.03,0.02
2012.11.29 14:45:46.985,0.34275,0.34315,0.02,0.02
2012.11.29 14:45:47.105,0.34267,0.34302,0.04,0.02
2012.11.29 14:45:47.614,0.34275,0.34315,0.02,0.02
2012.11.29 14:45:47.944,0.34274,0.34315,0.03,0.03
2012.11.29 14:45:48.535,0.34275,0.34316,0.03,0.02
2012.11.29 14:45:49.146,0.34278,0.34319,0.03,0.02
2012.11.29 14:45:49.580,0.3427,0.34305,0.03,0.02
2012.11.29 14:45:49.704,0.34276,0.34316,0.02,0.02
2012.11.29 14:45:50.065,0.34274,0.34314,0.05,0.02
2012.11.29 14:45:50.425,0.34284,0.34319,0.03,0.02
2012.11.29 14:45:50.789,0.34267,0.34302,0.03,0.02
2012.11.29 14:45:50.965,0.34273,0.34305,0.03,0.02
2012.11.29 14:45:51.835,0.34283,0.34317,0.02,0.02
2012.11.29 14:45:52.233,0.34283,0.34319,0.03,0.02
2012.11.29 14:45:52.942,0.34278,0.34319,0.03,0.02
2012.11.29 14:45:53.005,0.34284,0.34321,0.03,0.03
2012.11.29 14:45:53.315,0.34277,0.34309,0.03,0.02
2012.11.29 14:45:53.375,0.34284,0.34316,0.04,0.03
2012.11.29 14:45:53.575,0.34284,0.34316,0.02,0.03
2012.11.29 14:45:53.695,0.34283,0.34314,0.02,0.02
2012.11.29 14:45:53.957,0.34279,0.34321,0.02,0.03
2012.11.29 14:45:54.896,0.34274,0.34309,0.03,0.02
2012.11.29 14:45:55.015,0.34273,0.34306,0.03,0.02
2012.11.29 14:45:55.195,0.34274,0.34315,0.04,0.02
2012.11.29 14:45:57.391,0.34271,0.34305,0.05,0.02
2012.11.29 14:45:58.045,0.34269,0.34303,0.05,0.02
2012.11.29 14:45:59.655,0.34274,0.34313,0.03,0.03
2012.11.29 14:45:59.955,0.34274,0.34316,0.03,0.02
2012.11.29 14:46:00.075,0.34273,0.34307,0.03,0.03
2012.11.29 14:46:00.576,0.34283,0.34314,0.03,0.02
2012.11.29 14:46:00.695,0.34274,0.34307,0.02,0.02
2012.11.29 14:46:00.875,0.34283,0.34317,0.03,0.02
2012.11.29 14:46:00.935,0.34277,0.34311,0.03,0.02
2012.11.29 14:46:00.995,0.34283,0.34322,0.03,0.03
2012.11.29 14:46:01.059,0.34283,0.3432,0.03,0.02
2012.11.29 14:46:01.185,0.34284,0.34323,0.03,0.03
2012.11.29 14:46:03.615,0.34284,0.34324,0.03,0.02
2012.11.29 14:46:03.675,0.3428,0.34315,0.03,0.02
2012.11.29 14:46:04.295,0.34286,0.34318,0.03,0.02
2012.11.29 14:46:04.355,0.34289,0.34329,0.02,0.02
2012.11.29 14:46:04.665,0.34289,0.34324,0.02,0.02
2012.11.29 14:46:04.946,0.3429,0.34326,0.03,0.02
2012.11.29 14:46:05.065,0.3429,0.34323,0.03,0.02
2012.11.29 14:46:05.574,0.34295,0.34336,0.03,0.03
2012.11.29 14:46:05.635,0.34292,0.34326,0.03,0.02
2012.11.29 14:46:05.814,0.34304,0.3434,0.03,0.03
2012.11.29 14:46:06.595,0.34304,0.3434,0.03,0.02
2012.11.29 14:46:06.786,0.34304,0.34346,0.05,0.02
2012.11.29 14:46:07.605,0.34304,0.34341,0.03,0.02
2012.11.29 14:46:07.895,0.34303,0.34335,0.02,0.03
2012.11.29 14:46:08.135,0.34313,0.34355,0.05,0.03
2012.11.29 14:46:08.685,0.34315,0.34347,0.02,0.02
2012.11.29 14:46:08.745,0.34313,0.34344,0.02,0.02
2012.11.29 14:46:08.805,0.34317,0.34357,0.03,0.02
2012.11.29 14:46:08.865,0.34313,0.34345,0.03,0.02
2012.11.29 14:46:08.925,0.34314,0.34354,0.03,0.02
2012.11.29 14:46:09.045,0.34311,0.34352,0.03,0.02
2012.11.29 14:46:09.105,0.34307,0.34342,0.03,0.02
2012.11.29 14:46:09.225,0.3431,0.34345,0.03,0.02
2012.11.29 14:46:09.285,0.34323,0.34354,0.02,0.03
2012.11.29 14:46:09.435,0.34323,0.34356,0.03,0.02
2012.11.29 14:46:09.675,0.34317,0.34357,0.03,0.02
2012.11.29 14:46:09.855,0.34317,0.34351,0.03,0.02
2012.11.29 14:46:10.115,0.34324,0.34361,0.03,0.02
2012.11.29 14:46:10.645,0.34323,0.3436,0.03,0.02
2012.11.29 14:46:10.714,0.3432,0.34354,0.03,0.02
2012.11.29 14:46:10.955,0.3432,0.34351,0.03,0.02
2012.11.29 14:46:11.265,0.34312,0.34345,0.03,0.02
2012.11.29 14:46:11.325,0.34316,0.34356,0.03,0.02
2012.11.29 14:46:11.445,0.34314,0.34353,0.03,0.02
2012.11.29 14:46:11.505,0.34314,0.34347,0.03,0.02
2012.11.29 14:46:11.565,0.34318,0.34359,0.03,0.02
2012.11.29 14:46:11.685,0.34315,0.34346,0.02,0.02
2012.11.29 14:46:11.745,0.34314,0.34353,0.03,0.03
2012.11.29 14:46:12.195,0.34304,0.34339,0.03,0.02
2012.11.29 14:46:12.315,0.34303,0.34344,0.03,0.02
2012.11.29 14:46:13.187,0.34304,0.34342,0.03,0.03
2012.11.29 14:46:13.257,0.34304,0.34334,0.02,0.02
2012.11.29 14:46:13.505,0.34303,0.34336,0.03,0.02
2012.11.29 14:46:13.583,0.34296,0.34327,0.03,0.02
2012.11.29 14:46:14.065,0.34293,0.34331,0.03,0.03
2012.11.29 14:46:14.125,0.34291,0.34325,0.03,0.02
2012.11.29 14:46:14.615,0.34295,0.34335,0.02,0.02
2012.11.29 14:46:15.215,0.34303,0.34337,0.03,0.02
2012.11.29 14:46:15.275,0.34303,0.34334,0.02,0.02
2012.11.29 14:46:16.045,0.34293,0.34333,0.05,0.02
2012.11.29 14:46:16.166,0.3429,0.34323,0.04,0.02
2012.11.29 14:46:16.525,0.34284,0.34319,0.03,0.02
2012.11.29 14:46:16.825,0.34284,0.34325,0.04,0.03
2012.11.29 14:46:16.945,0.34279,0.34315,0.05,0.03
2012.11.29 14:46:17.017,0.34289,0.34325,0.02,0.03
2012.11.29 14:46:17.075,0.34295,0.34337,0.02,0.03
2012.11.29 14:46:17.195,0.34298,0.34338,0.03,0.02
2012.11.29 14:46:17.255,0.34295,0.34326,0.02,0.03
2012.11.29 14:46:17.686,0.34298,0.3433,0.02,0.02
2012.11.29 14:46:17.805,0.34299,0.34333,0.03,0.02
2012.11.29 14:46:17.985,0.34304,0.34345,0.05,0.02
2012.11.29 14:46:18.235,0.34304,0.34339,0.04,0.02
2012.11.29 14:46:18.565,0.34303,0.34337,0.05,0.02
2012.11.29 14:46:18.895,0.34304,0.3434,0.03,0.03
2012.11.29 14:46:19.423,0.34313,0.34347,0.02,0.02
2012.11.29 14:46:19.675,0.34311,0.34343,0.02,0.02
2012.11.29 14:46:19.735,0.34314,0.34355,0.03,0.02
2012.11.29 14:46:19.795,0.34314,0.34347,0.03,0.02
2012.11.29 14:46:19.855,0.34318,0.34357,0.02,0.02
2012.11.29 14:46:20.295,0.34315,0.34356,0.02,0.03
2012.11.29 14:46:20.355,0.34314,0.34345,0.02,0.02
2012.11.29 14:46:20.625,0.34306,0.34346,0.02,0.05
2012.11.29 14:46:20.685,0.34304,0.34336,0.02,0.03
2012.11.29 14:46:20.805,0.34305,0.34345,0.03,0.02
2012.11.29 14:46:20.925,0.34309,0.3435,0.02,0.03
2012.11.29 14:46:21.275,0.34307,0.34347,0.02,0.04
2012.11.29 14:46:21.353,0.34305,0.34347,0.02,0.03
2012.11.29 14:46:22.705,0.34317,0.34348,0.02,0.02
2012.11.29 14:46:22.765,0.34313,0.34346,0.03,0.02
2012.11.29 14:46:23.576,0.34319,0.34359,0.02,0.02
2012.11.29 14:46:24.075,0.34323,0.34363,0.03,0.02
2012.11.29 14:46:24.135,0.34319,0.3436,0.02,0.03
2012.11.29 14:46:24.255,0.34324,0.34364,0.03,0.03
2012.11.29 14:46:24.576,0.34317,0.34349,0.03,0.02
2012.11.29 14:46:25.644,0.34328,0.34369,0.03,0.02
2012.11.29 14:46:25.705,0.3432,0.34355,0.03,0.02
2012.11.29 14:46:25.915,0.34324,0.34356,0.03,0.02
2012.11.29 14:46:25.975,0.3433,0.34372,0.02,0.02
2012.11.29 14:46:26.035,0.34325,0.34358,0.03,0.03
2012.11.29 14:46:26.155,0.3433,0.34363,0.03,0.02
2012.11.29 14:46:26.276,0.34324,0.34358,0.03,0.02
2012.11.29 14:46:26.335,0.34325,0.34366,0.02,0.03
2012.11.29 14:46:26.395,0.34324,0.34355,0.02,0.02
2012.11.29 14:46:26.575,0.34324,0.34364,0.05,0.02
2012.11.29 14:46:26.696,0.34317,0.34353,0.03,0.02
2012.11.29 14:46:26.815,0.34322,0.34356,0.03,0.02
2012.11.29 14:46:26.935,0.34325,0.34366,0.02,0.03
2012.11.29 14:46:27.483,0.34328,0.34369,0.03,0.03
2012.11.29 14:46:28.225,0.34322,0.34357,0.03,0.02
2012.11.29 14:46:28.405,0.34318,0.34353,0.05,0.02
2012.11.29 14:46:28.535,0.34317,0.34349,0.03,0.02
2012.11.29 14:46:28.595,0.34315,0.34355,0.03,0.02
2012.11.29 14:46:28.845,0.34315,0.34347,0.03,0.02
2012.11.29 14:46:29.026,0.34313,0.34352,0.03,0.03
2012.11.29 14:46:29.279,0.34304,0.34338,0.03,0.02
2012.11.29 14:46:29.395,0.34313,0.34347,0.03,0.02
2012.11.29 14:46:30.795,0.34315,0.34355,0.02,0.02
2012.11.29 14:46:30.855,0.34315,0.34349,0.02,0.03
2012.11.29 14:46:30.975,0.34311,0.34347,0.03,0.02
2012.11.29 14:46:31.547,0.34311,0.34345,0.02,0.02
2012.11.29 14:46:32.395,0.34308,0.34344,0.03,0.02
2012.11.29 14:46:32.455,0.34306,0.34341,0.03,0.02
2012.11.29 14:46:32.885,0.34313,0.34352,0.03,0.02
2012.11.29 14:46:33.225,0.34305,0.3434,0.03,0.02
2012.11.29 14:46:33.665,0.34304,0.34338,0.03,0.03
2012.11.29 14:46:35.015,0.34308,0.34341,0.03,0.02
2012.11.29 14:46:35.531,0.34312,0.34352,0.02,0.02
2012.11.29 14:46:35.606,0.34306,0.34346,0.03,0.02
2012.11.29 14:46:35.785,0.343,0.34335,0.03,0.02
2012.11.29 14:46:35.845,0.34303,0.34343,0.04,0.02
2012.11.29 14:46:36.085,0.34308,0.34349,0.03,0.03
2012.11.29 14:46:36.146,0.34323,0.34353,0.02,0.02
2012.11.29 14:46:36.532,0.34323,0.34357,0.02,0.02
2012.11.29 14:46:36.885,0.34323,0.34362,0.03,0.03
2012.11.29 14:46:37.135,0.34317,0.34351,0.03,0.02
2012.11.29 14:46:37.255,0.3432,0.34353,0.03,0.02
2012.11.29 14:46:37.315,0.34324,0.34364,0.02,0.03
2012.11.29 14:46:37.635,0.34343,0.34383,0.03,0.03
2012.11.29 14:46:37.695,0.34354,0.34386,0.02,0.04
2012.11.29 14:46:37.875,0.34354,0.34397,0.03,0.04
2012.11.29 14:46:37.935,0.34354,0.34389,0.02,0.02
2012.11.29 14:46:38.117,0.34361,0.34397,0.03,0.05
2012.11.29 14:46:38.175,0.34363,0.34401,0.03,0.03
2012.11.29 14:46:38.541,0.34364,0.34396,0.02,0.02
2012.11.29 14:46:39.615,0.34363,0.34397,0.02,0.03
2012.11.29 14:46:40.083,0.34373,0.34406,0.03,0.02
2012.11.29 14:46:40.255,0.34374,0.34417,0.02,0.02
2012.11.29 14:46:40.375,0.34371,0.34407,0.02,0.02
2012.11.29 14:46:40.685,0.34378,0.34418,0.03,0.02
2012.11.29 14:46:40.865,0.34394,0.34426,0.02,0.02
2012.11.29 14:46:40.925,0.34394,0.34432,0.03,0.02
2012.11.29 14:46:40.985,0.34389,0.34425,0.02,0.03
2012.11.29 14:46:41.105,0.34383,0.34419,0.03,0.02
2012.11.29 14:46:41.486,0.34394,0.34424,0.02,0.02
2012.11.29 14:46:42.166,0.34377,0.34412,0.03,0.02
2012.11.29 14:46:42.285,0.34373,0.34409,0.02,0.02
2012.11.29 14:46:42.465,0.34378,0.3442,0.02,0.02
2012.11.29 14:46:42.525,0.34374,0.34405,0.02,0.02
2012.11.29 14:46:42.585,0.34374,0.34415,0.04,0.02
2012.11.29 14:46:42.645,0.34369,0.34409,0.02,0.02
2012.11.29 14:46:42.708,0.34361,0.34395,0.03,0.02
2012.11.29 14:46:42.765,0.34367,0.34407,0.03,0.02
2012.11.29 14:46:42.846,0.34365,0.34406,0.03,0.03
2012.11.29 14:46:43.195,0.34367,0.34401,0.03,0.02
2012.11.29 14:46:43.255,0.34374,0.3441,0.03,0.02
2012.11.29 14:46:43.315,0.34374,0.34405,0.03,0.02
2012.11.29 14:46:43.375,0.34365,0.34398,0.03,0.02
2012.11.29 14:46:43.735,0.34356,0.34387,0.03,0.02
2012.11.29 14:46:43.795,0.34356,0.34387,0.03,0.02
2012.11.29 14:46:44.085,0.34354,0.34394,0.03,0.02
2012.11.29 14:46:44.205,0.34353,0.34392,0.03,0.03
2012.11.29 14:46:44.385,0.3436,0.34393,0.03,0.03
2012.11.29 14:46:44.445,0.34364,0.34405,0.03,0.02
2012.11.29 14:46:46.025,0.34363,0.34394,0.04,0.02
2012.11.29 14:46:46.085,0.34363,0.34402,0.03,0.02
2012.11.29 14:46:46.585,0.34356,0.34389,0.03,0.02
2012.11.29 14:46:47.125,0.34364,0.34396,0.02,0.02
2012.11.29 14:46:47.306,0.34354,0.34395,0.03,0.02
2012.11.29 14:46:47.425,0.34364,0.34398,0.03,0.02
2012.11.29 14:46:47.993,0.34364,0.34399,0.03,0.02
2012.11.29 14:46:48.295,0.34356,0.34396,0.03,0.04
2012.11.29 14:46:48.543,0.3435,0.34384,0.03,0.02
2012.11.29 14:46:48.656,0.34352,0.34387,0.03,0.02
2012.11.29 14:46:48.873,0.34362,0.34404,0.02,0.02
2012.11.29 14:46:49.115,0.34363,0.34402,0.03,0.03
2012.11.29 14:46:49.297,0.34363,0.34397,0.03,0.03
2012.11.29 14:46:49.465,0.3436,0.34395,0.03,0.02
2012.11.29 14:46:49.785,0.34363,0.34395,0.02,0.02
2012.11.29 14:46:49.845,0.34363,0.34395,0.03,0.02
2012.11.29 14:46:50.003,0.34363,0.34401,0.03,0.02
2012.11.29 14:46:50.245,0.34345,0.34385,0.03,0.02
2012.11.29 14:46:50.306,0.34348,0.34388,0.03,0.02
2012.11.29 14:46:50.594,0.34344,0.34385,0.05,0.02
2012.11.29 14:46:51.033,0.34343,0.34384,0.03,0.02
2012.11.29 14:46:51.275,0.34343,0.34377,0.03,0.02
2012.11.29 14:46:51.746,0.34343,0.34376,0.03,0.02
2012.11.29 14:46:51.865,0.34337,0.34371,0.03,0.02
2012.11.29 14:46:52.045,0.34333,0.34364,0.03,0.02
2012.11.29 14:46:52.475,0.34327,0.34361,0.02,0.02
2012.11.29 14:46:52.573,0.34324,0.34366,0.05,0.03
2012.11.29 14:46:52.746,0.34324,0.34359,0.05,0.02
2012.11.29 14:46:53.296,0.34323,0.34355,0.03,0.02
2012.11.29 14:46:53.355,0.34323,0.34359,0.03,0.02
2012.11.29 14:46:53.415,0.34323,0.34356,0.03,0.02
2012.11.29 14:46:53.536,0.34323,0.34362,0.03,0.03
2012.11.29 14:46:53.655,0.34334,0.34365,0.02,0.02
2012.11.29 14:46:54.233,0.34327,0.3436,0.03,0.02
2012.11.29 14:46:54.362,0.34326,0.34358,0.03,0.02
2012.11.29 14:46:54.565,0.34324,0.34356,0.03,0.02
2012.11.29 14:46:55.086,0.34323,0.34357,0.03,0.04
2012.11.29 14:46:55.624,0.34321,0.34355,0.03,0.02
2012.11.29 14:46:56.535,0.34326,0.34366,0.02,0.02
2012.11.29 14:46:56.595,0.34326,0.3436,0.03,0.02
2012.11.29 14:46:56.795,0.34323,0.34362,0.03,0.02
2012.11.29 14:46:57.360,0.34323,0.34357,0.05,0.02
2012.11.29 14:46:57.415,0.34323,0.34357,0.05,0.03
2012.11.29 14:46:57.535,0.34324,0.3436,0.03,0.02
2012.11.29 14:46:58.051,0.34323,0.34358,0.05,0.02
2012.11.29 14:46:58.175,0.34323,0.34356,0.05,0.02
2012.11.29 14:46:58.235,0.34323,0.3436,0.03,0.02
2012.11.29 14:46:58.295,0.34323,0.34358,0.03,0.02
2012.11.29 14:46:58.425,0.34323,0.34364,0.03,0.02
2012.11.29 14:46:58.843,0.34325,0.34365,0.03,0.02
2012.11.29 14:47:00.795,0.34327,0.34368,0.03,0.02
2012.11.29 14:47:01.125,0.34329,0.34364,0.03,0.02
2012.11.29 14:47:01.445,0.34333,0.34365,0.02,0.02
2012.11.29 14:47:01.796,0.34332,0.34364,0.03,0.02
2012.11.29 14:47:01.973,0.34334,0.34374,0.05,0.03
2012.11.29 14:47:02.505,0.34331,0.34365,0.05,0.02
2012.11.29 14:47:03.055,0.34329,0.34364,0.03,0.02
2012.11.29 14:47:03.185,0.34334,0.3437,0.03,0.02
2012.11.29 14:47:03.765,0.34333,0.34374,0.04,0.03
2012.11.29 14:47:04.085,0.34334,0.34369,0.03,0.02
2012.11.29 14:47:04.523,0.34333,0.34371,0.03,0.02
2012.11.29 14:47:04.745,0.34333,0.3437,0.03,0.03
2012.11.29 14:47:05.306,0.34333,0.34367,0.02,0.02
2012.11.29 14:47:05.903,0.34334,0.34374,0.03,0.02
2012.11.29 14:47:07.015,0.34323,0.34356,0.03,0.02
2012.11.29 14:47:07.075,0.34324,0.34366,0.03,0.02
2012.11.29 14:47:08.131,0.34319,0.34354,0.03,0.02
2012.11.29 14:47:08.196,0.34315,0.34349,0.03,0.02
2012.11.29 14:47:08.922,0.34314,0.34346,0.05,0.02
2012.11.29 14:47:08.975,0.34314,0.34346,0.04,0.03
2012.11.29 14:47:09.035,0.34314,0.34352,0.03,0.02
2012.11.29 14:47:09.166,0.34314,0.34348,0.03,0.02
2012.11.29 14:47:09.782,0.34314,0.34351,0.03,0.02
2012.11.29 14:47:10.155,0.34313,0.34353,0.05,0.02
2012.11.29 14:47:10.573,0.34313,0.34348,0.03,0.02
2012.11.29 14:47:10.635,0.34308,0.34341,0.03,0.02
2012.11.29 14:47:10.755,0.34311,0.34345,0.03,0.02
2012.11.29 14:47:11.276,0.34313,0.3435,0.03,0.02
2012.11.29 14:47:11.815,0.34314,0.3435,0.03,0.04
2012.11.29 14:47:12.233,0.34314,0.34346,0.03,0.03
2012.11.29 14:47:12.355,0.34306,0.3434,0.03,0.02
2012.11.29 14:47:12.903,0.34305,0.34338,0.03,0.02
2012.11.29 14:47:12.955,0.34304,0.34344,0.03,0.02
2012.11.29 14:47:13.577,0.34304,0.34345,0.05,0.03
2012.11.29 14:47:13.895,0.34303,0.34342,0.03,0.03
2012.11.29 14:47:14.135,0.34305,0.34345,0.03,0.02
2012.11.29 14:47:14.195,0.34305,0.34337,0.03,0.03
2012.11.29 14:47:14.325,0.34308,0.34339,0.03,0.03
2012.11.29 14:47:14.754,0.34308,0.34341,0.03,0.02
2012.11.29 14:47:14.852,0.3431,0.3435,0.03,0.02
2012.11.29 14:47:15.493,0.34305,0.34345,0.02,0.02
2012.11.29 14:47:15.555,0.34304,0.34337,0.03,0.02
2012.11.29 14:47:16.966,0.34306,0.34347,0.03,0.03
2012.11.29 14:47:17.565,0.34304,0.3434,0.03,0.03
2012.11.29 14:47:18.135,0.34304,0.34344,0.03,0.03
2012.11.29 14:47:18.642,0.34304,0.34346,0.04,0.02
2012.11.29 14:47:19.105,0.343,0.34334,0.03,0.03
2012.11.29 14:47:19.235,0.34303,0.34343,0.03,0.03
2012.11.29 14:47:19.632,0.34304,0.34345,0.03,0.02
2012.11.29 14:47:19.745,0.34296,0.34336,0.03,0.02
2012.11.29 14:47:20.414,0.34294,0.34334,0.03,0.03
2012.11.29 14:47:20.607,0.34294,0.34326,0.03,0.02
2012.11.29 14:47:21.085,0.34296,0.34336,0.03,0.02
2012.11.29 14:47:21.396,0.343,0.3434,0.03,0.02
2012.11.29 14:47:22.200,0.343,0.34332,0.03,0.02
2012.11.29 14:47:22.316,0.343,0.34333,0.03,0.02
2012.11.29 14:47:23.461,0.34303,0.34343,0.04,0.02
2012.11.29 14:47:23.785,0.34305,0.34338,0.03,0.02
2012.11.29 14:47:24.186,0.343,0.34336,0.03,0.03
2012.11.29 14:47:24.245,0.34304,0.34342,0.03,0.02
2012.11.29 14:47:24.557,0.34304,0.34341,0.03,0.02
2012.11.29 14:47:24.915,0.34304,0.34336,0.02,0.02
2012.11.29 14:47:25.531,0.34304,0.3434,0.03,0.03
2012.11.29 14:47:26.041,0.34304,0.34336,0.02,0.02
2012.11.29 14:47:27.556,0.34294,0.34336,0.03,0.03
2012.11.29 14:47:27.709,0.34293,0.34327,0.03,0.04
2012.11.29 14:47:28.226,0.34295,0.34326,0.02,0.02
2012.11.29 14:47:29.185,0.34293,0.34328,0.03,0.02
2012.11.29 14:47:30.465,0.34288,0.3432,0.02,0.02
2012.11.29 14:47:30.944,0.34286,0.34318,0.03,0.02
2012.11.29 14:47:31.016,0.34286,0.3432,0.03,0.02
2012.11.29 14:47:31.603,0.34287,0.34327,0.03,0.04
2012.11.29 14:47:33.472,0.34285,0.34325,0.03,0.02
2012.11.29 14:47:33.525,0.34285,0.34318,0.03,0.02
2012.11.29 14:47:35.342,0.34284,0.34324,0.03,0.02
2012.11.29 14:47:35.675,0.34284,0.34316,0.03,0.02
2012.11.29 14:47:36.006,0.34283,0.34317,0.03,0.05
2012.11.29 14:47:36.065,0.34277,0.34311,0.03,0.02
2012.11.29 14:47:36.255,0.34277,0.34314,0.03,0.02
2012.11.29 14:47:36.375,0.34281,0.34321,0.03,0.02
2012.11.29 14:47:36.925,0.34284,0.34321,0.03,0.02
2012.11.29 14:47:37.229,0.34279,0.34314,0.03,0.02
2012.11.29 14:47:37.553,0.34292,0.34326,0.03,0.02
2012.11.29 14:47:38.962,0.34303,0.34335,0.02,0.03
2012.11.29 14:47:39.298,0.34298,0.34334,0.03,0.02
2012.11.29 14:47:40.555,0.34304,0.34336,0.02,0.05
2012.11.29 14:47:40.735,0.34304,0.34341,0.03,0.02
2012.11.29 14:47:41.215,0.34299,0.34333,0.03,0.02
2012.11.29 14:47:41.275,0.34288,0.34324,0.03,0.03
2012.11.29 14:47:41.335,0.34288,0.34324,0.03,0.03
2012.11.29 14:47:41.395,0.34288,0.34321,0.02,0.02
2012.11.29 14:47:41.455,0.34289,0.34326,0.03,0.02
2012.11.29 14:47:42.166,0.34289,0.34323,0.03,0.02
2012.11.29 14:47:42.331,0.34289,0.3432,0.03,0.02
2012.11.29 14:47:43.267,0.34284,0.3432,0.03,0.02
2012.11.29 14:47:43.802,0.34288,0.34327,0.02,0.02
2012.11.29 14:47:44.535,0.34286,0.34316,0.02,0.02
2012.11.29 14:47:44.705,0.34284,0.34316,0.03,0.03
2012.11.29 14:47:45.095,0.34284,0.34324,0.03,0.02
2012.11.29 14:47:45.345,0.34283,0.34322,0.03,0.02
2012.11.29 14:47:45.865,0.34283,0.34317,0.02,0.02
2012.11.29 14:47:46.225,0.34279,0.34316,0.03,0.02
2012.11.29 14:47:46.831,0.34283,0.34317,0.02,0.03
2012.11.29 14:47:47.715,0.34279,0.34312,0.02,0.02
2012.11.29 14:47:52.207,0.34273,0.34314,0.05,0.03
2012.11.29 14:47:52.356,0.34273,0.34307,0.05,0.03
2012.11.29 14:47:52.515,0.34277,0.34318,0.03,0.03
2012.11.29 14:47:53.143,0.34277,0.34309,0.03,0.02
2012.11.29 14:47:53.835,0.34274,0.34306,0.03,0.02
2012.11.29 14:47:53.895,0.34274,0.34308,0.03,0.02
2012.11.29 14:47:54.355,0.34269,0.34308,0.02,0.02
2012.11.29 14:47:54.658,0.34271,0.34304,0.03,0.02
2012.11.29 14:47:55.016,0.34273,0.34313,0.03,0.03
2012.11.29 14:47:55.455,0.34273,0.34311,0.03,0.02
2012.11.29 14:47:55.575,0.34271,0.34304,0.02,0.02
2012.11.29 14:47:56.015,0.34274,0.34312,0.03,0.03
2012.11.29 14:47:57.115,0.34275,0.34315,0.03,0.02
2012.11.29 14:47:57.435,0.34273,0.34307,0.03,0.02
2012.11.29 14:47:58.176,0.34275,0.34312,0.03,0.02
2012.11.29 14:47:58.237,0.34281,0.34321,0.02,0.02
2012.11.29 14:47:58.955,0.34284,0.34324,0.03,0.02
2012.11.29 14:48:00.335,0.34283,0.34315,0.04,0.02
2012.11.29 14:48:00.842,0.34283,0.34322,0.03,0.02
2012.11.29 14:48:01.345,0.34283,0.34317,0.02,0.02
2012.11.29 14:48:02.291,0.34285,0.34325,0.03,0.02
2012.11.29 14:48:02.405,0.34284,0.34323,0.03,0.02
2012.11.29 14:48:02.719,0.34284,0.34315,0.03,0.02
2012.11.29 14:48:03.237,0.34284,0.34324,0.03,0.03
2012.11.29 14:48:04.022,0.34285,0.34325,0.03,0.02
2012.11.29 14:48:06.155,0.34294,0.34325,0.02,0.02
2012.11.29 14:48:06.275,0.34288,0.34321,0.03,0.02
2012.11.29 14:48:06.863,0.34292,0.34324,0.03,0.02
2012.11.29 14:48:07.762,0.34294,0.34334,0.03,0.02
2012.11.29 14:48:07.826,0.34293,0.34326,0.02,0.03
2012.11.29 14:48:08.015,0.34295,0.34326,0.03,0.03
2012.11.29 14:48:11.482,0.34302,0.34333,0.03,0.02
2012.11.29 14:48:11.646,0.34289,0.34324,0.02,0.02
2012.11.29 14:48:12.192,0.34294,0.34324,0.02,0.02
2012.11.29 14:48:12.845,0.34284,0.34318,0.03,0.02
2012.11.29 14:48:15.152,0.34284,0.34323,0.03,0.02
2012.11.29 14:48:15.205,0.3428,0.34315,0.04,0.03
2012.11.29 14:48:15.871,0.34284,0.34326,0.04,0.02
2012.11.29 14:48:16.092,0.34281,0.34315,0.05,0.02
2012.11.29 14:48:16.315,0.34286,0.34327,0.02,0.02
2012.11.29 14:48:16.435,0.34286,0.34318,0.03,0.02
2012.11.29 14:48:16.616,0.34289,0.34329,0.03,0.02
2012.11.29 14:48:17.595,0.34293,0.3433,0.03,0.02
2012.11.29 14:48:17.956,0.34277,0.34313,0.03,0.02
2012.11.29 14:48:18.026,0.34283,0.3432,0.03,0.02
2012.11.29 14:48:19.226,0.34283,0.34317,0.03,0.03
2012.11.29 14:48:19.296,0.34275,0.34306,0.02,0.04
2012.11.29 14:48:19.851,0.34275,0.34308,0.02,0.02
2012.11.29 14:48:20.745,0.34278,0.34318,0.02,0.02
2012.11.29 14:48:20.805,0.34278,0.34312,0.03,0.02
2012.11.29 14:48:20.865,0.34281,0.34317,0.02,0.02
2012.11.29 14:48:21.176,0.34278,0.34317,0.03,0.02
2012.11.29 14:48:21.595,0.34278,0.34313,0.03,0.02
2012.11.29 14:48:21.655,0.34277,0.34319,0.03,0.02
2012.11.29 14:48:21.996,0.34274,0.34308,0.03,0.02
2012.11.29 14:48:22.355,0.34273,0.34308,0.03,0.03
2012.11.29 14:48:22.415,0.34274,0.34315,0.05,0.03
2012.11.29 14:48:24.131,0.34278,0.34318,0.03,0.02
2012.11.29 14:48:24.655,0.34274,0.34305,0.03,0.02
2012.11.29 14:48:24.715,0.34275,0.34316,0.03,0.02
2012.11.29 14:48:24.835,0.34275,0.34307,0.03,0.02
2012.11.29 14:48:25.850,0.34271,0.34304,0.03,0.02
2012.11.29 14:48:26.025,0.34273,0.34313,0.05,0.02
2012.11.29 14:48:26.355,0.34273,0.34307,0.03,0.02
2012.11.29 14:48:26.415,0.34269,0.34302,0.03,0.02
2012.11.29 14:48:26.815,0.34272,0.34313,0.02,0.02
2012.11.29 14:48:26.935,0.3427,0.3431,0.03,0.02
2012.11.29 14:48:27.572,0.34269,0.34302,0.03,0.02
2012.11.29 14:48:28.035,0.3427,0.34304,0.03,0.02
2012.11.29 14:48:28.101,0.34273,0.34313,0.03,0.03
2012.11.29 14:48:28.445,0.34274,0.34314,0.03,0.02
2012.11.29 14:48:28.685,0.34268,0.34309,0.03,0.03
2012.11.29 14:48:28.910,0.34265,0.34299,0.03,0.03
2012.11.29 14:48:29.196,0.34266,0.34306,0.03,0.02
2012.11.29 14:48:29.655,0.34268,0.34308,0.03,0.02
2012.11.29 14:48:31.181,0.34266,0.34307,0.03,0.03
2012.11.29 14:48:31.325,0.34262,0.34296,0.03,0.04
2012.11.29 14:48:31.401,0.34264,0.34304,0.05,0.02
2012.11.29 14:48:31.941,0.34263,0.34303,0.05,0.02
2012.11.29 14:48:32.079,0.34258,0.34291,0.05,0.02
2012.11.29 14:48:32.285,0.34259,0.34299,0.03,0.02
2012.11.29 14:48:32.345,0.34259,0.34292,0.03,0.02
2012.11.29 14:48:32.465,0.34263,0.34295,0.02,0.02
2012.11.29 14:48:32.671,0.34263,0.34302,0.03,0.03
2012.11.29 14:48:33.475,0.34258,0.34292,0.03,0.02
2012.11.29 14:48:34.278,0.34258,0.3429,0.02,0.02
2012.11.29 14:48:34.755,0.34253,0.34286,0.02,0.02
2012.11.29 14:48:34.815,0.34254,0.34295,0.03,0.02
2012.11.29 14:48:34.875,0.34254,0.34287,0.02,0.02
2012.11.29 14:48:35.548,0.34253,0.34293,0.05,0.02
2012.11.29 14:48:35.985,0.34255,0.34297,0.03,0.03
2012.11.29 14:48:36.195,0.34253,0.34292,0.03,0.02
2012.11.29 14:48:36.315,0.34253,0.3429,0.03,0.02
2012.11.29 14:48:36.855,0.34249,0.34291,0.03,0.02
2012.11.29 14:48:37.232,0.34249,0.34281,0.03,0.02
2012.11.29 14:48:38.171,0.34251,0.34291,0.03,0.02
2012.11.29 14:48:38.296,0.34251,0.34285,0.03,0.02
2012.11.29 14:48:38.386,0.34255,0.34297,0.02,0.03
2012.11.29 14:48:38.505,0.34253,0.34293,0.05,0.02
2012.11.29 14:48:38.625,0.34254,0.34291,0.03,0.02
2012.11.29 14:48:39.128,0.34251,0.34284,0.03,0.02
2012.11.29 14:48:39.651,0.34254,0.3429,0.03,0.02
2012.11.29 14:48:41.585,0.34253,0.34293,0.05,0.02
2012.11.29 14:48:41.645,0.34253,0.34285,0.05,0.02
2012.11.29 14:48:42.155,0.34255,0.34295,0.03,0.02
2012.11.29 14:48:43.065,0.34256,0.34296,0.03,0.02
2012.11.29 14:48:43.125,0.34254,0.34295,0.05,0.03
2012.11.29 14:48:43.245,0.34254,0.34286,0.05,0.02
2012.11.29 14:48:43.495,0.34257,0.34298,0.02,0.03
2012.11.29 14:48:44.108,0.34264,0.34294,0.02,0.02
2012.11.29 14:48:44.482,0.34263,0.34297,0.02,0.02
2012.11.29 14:48:44.873,0.3426,0.34292,0.04,0.02
2012.11.29 14:48:45.104,0.3426,0.34294,0.05,0.02
2012.11.29 14:48:45.475,0.34264,0.34296,0.03,0.03
2012.11.29 14:48:45.535,0.34265,0.34305,0.03,0.02
2012.11.29 14:48:45.845,0.34254,0.34286,0.03,0.02
2012.11.29 14:48:46.175,0.34254,0.3429,0.03,0.03
2012.11.29 14:48:46.655,0.34254,0.34291,0.03,0.02
2012.11.29 14:48:48.166,0.34251,0.34284,0.02,0.02
2012.11.29 14:48:48.385,0.34255,0.34297,0.02,0.02
2012.11.29 14:48:49.811,0.34247,0.34287,0.03,0.02
2012.11.29 14:48:49.985,0.34246,0.34276,0.02,0.02
2012.11.29 14:48:50.356,0.34245,0.34276,0.03,0.02
2012.11.29 14:48:51.031,0.34243,0.34281,0.03,0.02
2012.11.29 14:48:51.085,0.34244,0.34275,0.02,0.02
2012.11.29 14:48:51.817,0.34243,0.34277,0.02,0.02
2012.11.29 14:48:52.425,0.34244,0.34274,0.02,0.02
2012.11.29 14:48:54.265,0.34243,0.34277,0.03,0.03
2012.11.29 14:48:54.385,0.34245,0.34285,0.03,0.02
2012.11.29 14:48:56.205,0.34243,0.34282,0.03,0.02
2012.11.29 14:48:56.265,0.34241,0.34274,0.03,0.02
2012.11.29 14:48:57.975,0.34244,0.34283,0.03,0.02
2012.11.29 14:48:58.035,0.34244,0.34276,0.03,0.02
2012.11.29 14:48:58.565,0.34244,0.34285,0.05,0.03
2012.11.29 14:48:58.642,0.34244,0.34278,0.05,0.02
2012.11.29 14:48:58.753,0.34239,0.34274,0.04,0.02
2012.11.29 14:48:58.875,0.34237,0.3427,0.03,0.02
2012.11.29 14:48:58.966,0.34244,0.34279,0.03,0.03
2012.11.29 14:48:59.965,0.34235,0.3427,0.03,0.02
2012.11.29 14:49:00.648,0.34239,0.34277,0.02,0.02
2012.11.29 14:49:00.727,0.34236,0.34277,0.03,0.03
2012.11.29 14:49:02.702,0.34234,0.34266,0.03,0.02
2012.11.29 14:49:02.881,0.34234,0.34275,0.05,0.04
2012.11.29 14:49:04.922,0.34234,0.34269,0.05,0.02
2012.11.29 14:49:05.231,0.34236,0.34276,0.03,0.02
2012.11.29 14:49:05.847,0.34235,0.34275,0.03,0.03
2012.11.29 14:49:06.465,0.34236,0.3427,0.03,0.02
2012.11.29 14:49:06.720,0.34243,0.3428,0.03,0.02
2012.11.29 14:49:08.095,0.34241,0.34274,0.03,0.02
2012.11.29 14:49:08.155,0.34243,0.3428,0.03,0.02
2012.11.29 14:49:08.665,0.34243,0.34277,0.03,0.02
2012.11.29 14:49:09.063,0.34243,0.34277,0.05,0.02
2012.11.29 14:49:10.966,0.3424,0.34272,0.05,0.02
2012.11.29 14:49:11.699,0.34237,0.34271,0.03,0.03
2012.11.29 14:49:12.051,0.34244,0.34279,0.03,0.02
2012.11.29 14:49:12.815,0.34243,0.34273,0.02,0.02
2012.11.29 14:49:15.425,0.34239,0.34271,0.03,0.02
2012.11.29 14:49:16.495,0.34244,0.34283,0.03,0.02
2012.11.29 14:49:16.615,0.34243,0.34275,0.04,0.02
2012.11.29 14:49:16.675,0.34238,0.34272,0.04,0.02
2012.11.29 14:49:16.735,0.34243,0.34279,0.03,0.02
2012.11.29 14:49:19.030,0.34243,0.34282,0.03,0.02
2012.11.29 14:49:21.145,0.34244,0.34282,0.03,0.02
2012.11.29 14:49:21.283,0.3424,0.34274,0.03,0.02
2012.11.29 14:49:21.925,0.34238,0.34271,0.03,0.02
2012.11.29 14:49:21.985,0.34244,0.34282,0.03,0.03
2012.11.29 14:49:22.358,0.34243,0.34274,0.02,0.02
2012.11.29 14:49:22.416,0.34243,0.34283,0.04,0.02
2012.11.29 14:49:23.016,0.34244,0.34276,0.03,0.02
2012.11.29 14:49:23.075,0.34248,0.34288,0.03,0.02
2012.11.29 14:49:23.286,0.34245,0.34278,0.03,0.02
2012.11.29 14:49:27.190,0.34244,0.34276,0.03,0.02
2012.11.29 14:49:27.435,0.34245,0.34276,0.03,0.02
2012.11.29 14:49:29.488,0.34255,0.34296,0.02,0.03
2012.11.29 14:49:29.545,0.34251,0.34285,0.03,0.02
2012.11.29 14:49:29.955,0.34248,0.34282,0.05,0.02
2012.11.29 14:49:30.566,0.3425,0.34283,0.04,0.02
2012.11.29 14:49:31.455,0.34253,0.34286,0.04,0.02
2012.11.29 14:49:31.898,0.34256,0.34297,0.02,0.02
2012.11.29 14:49:33.485,0.3425,0.34284,0.03,0.02
2012.11.29 14:49:35.465,0.34245,0.34279,0.02,0.02
2012.11.29 14:49:35.585,0.34243,0.34275,0.04,0.02
2012.11.29 14:49:38.045,0.34243,0.34276,0.04,0.02
2012.11.29 14:49:39.332,0.34244,0.34278,0.03,0.02
2012.11.29 14:49:39.445,0.34246,0.34286,0.03,0.02
2012.11.29 14:49:39.565,0.34246,0.3428,0.03,0.02
2012.11.29 14:49:39.950,0.34249,0.3429,0.03,0.03
2012.11.29 14:49:40.645,0.34248,0.34282,0.03,0.02
2012.11.29 14:49:40.955,0.34253,0.34293,0.05,0.02
2012.11.29 14:49:41.195,0.34254,0.34292,0.03,0.03
2012.11.29 14:49:42.590,0.34243,0.34282,0.03,0.02
2012.11.29 14:49:42.716,0.34244,0.34276,0.02,0.02
2012.11.29 14:49:43.250,0.34248,0.34281,0.03,0.02
2012.11.29 14:49:43.404,0.34243,0.34274,0.02,0.02
2012.11.29 14:49:45.120,0.34238,0.34269,0.03,0.02
2012.11.29 14:49:45.177,0.3423,0.34263,0.03,0.02
2012.11.29 14:49:45.685,0.34227,0.34267,0.03,0.04
2012.11.29 14:49:45.755,0.34227,0.34261,0.03,0.02
2012.11.29 14:49:45.815,0.34227,0.34262,0.03,0.02
2012.11.29 14:49:46.011,0.34227,0.34261,0.03,0.02
2012.11.29 14:49:46.585,0.34236,0.34271,0.03,0.02
2012.11.29 14:49:46.705,0.34236,0.34269,0.02,0.02
2012.11.29 14:49:47.086,0.3424,0.34272,0.02,0.02
2012.11.29 14:49:47.605,0.34243,0.34275,0.02,0.02
2012.11.29 14:49:47.665,0.34243,0.34276,0.05,0.02
2012.11.29 14:49:51.981,0.34237,0.34271,0.03,0.02
2012.11.29 14:49:52.056,0.34236,0.3427,0.03,0.02
2012.11.29 14:49:53.049,0.34236,0.34268,0.02,0.02
2012.11.29 14:49:53.130,0.34234,0.34276,0.03,0.02
2012.11.29 14:49:53.643,0.34234,0.34269,0.05,0.02
2012.11.29 14:49:53.705,0.34236,0.34276,0.03,0.02
2012.11.29 14:49:54.193,0.34243,0.34282,0.03,0.03
2012.11.29 14:49:54.355,0.34239,0.34272,0.03,0.02
2012.11.29 14:49:55.155,0.34241,0.34275,0.03,0.02
2012.11.29 14:49:55.220,0.34244,0.34285,0.03,0.04
2012.11.29 14:49:56.526,0.34246,0.34282,0.02,0.02
2012.11.29 14:49:56.585,0.34253,0.34287,0.02,0.02
2012.11.29 14:49:56.915,0.34253,0.34293,0.03,0.03
2012.11.29 14:49:57.271,0.34246,0.34279,0.03,0.02
2012.11.29 14:49:57.830,0.34244,0.34283,0.03,0.03
2012.11.29 14:49:57.885,0.34241,0.34274,0.03,0.02
2012.11.29 14:49:58.263,0.34239,0.3428,0.03,0.02
2012.11.29 14:49:58.385,0.34237,0.34279,0.03,0.02
2012.11.29 14:49:58.925,0.34236,0.34266,0.02,0.02
2012.11.29 14:50:00.295,0.34234,0.34266,0.03,0.04
2012.11.29 14:50:01.516,0.34236,0.34268,0.03,0.02
2012.11.29 14:50:01.786,0.34233,0.34275,0.05,0.02
2012.11.29 14:50:01.966,0.34233,0.34268,0.05,0.02
2012.11.29 14:50:02.026,0.34236,0.34277,0.03,0.03
2012.11.29 14:50:03.835,0.34236,0.3427,0.03,0.02
2012.11.29 14:50:04.275,0.34236,0.34268,0.03,0.02
2012.11.29 14:50:05.605,0.34236,0.34276,0.02,0.02
2012.11.29 14:50:06.250,0.34235,0.34275,0.03,0.03
2012.11.29 14:50:07.025,0.34234,0.34273,0.03,0.03
2012.11.29 14:50:07.795,0.34236,0.34276,0.02,0.02
2012.11.29 14:50:07.855,0.34238,0.3427,0.03,0.02
2012.11.29 14:50:08.476,0.34244,0.3428,0.03,0.02
2012.11.29 14:50:09.475,0.34236,0.34268,0.03,0.02
2012.11.29 14:50:10.172,0.34237,0.34277,0.03,0.02
2012.11.29 14:50:12.035,0.34234,0.34266,0.05,0.02
2012.11.29 14:50:12.745,0.34236,0.34276,0.03,0.02
2012.11.29 14:50:12.805,0.34236,0.34268,0.03,0.02
2012.11.29 14:50:14.655,0.34233,0.34267,0.05,0.02
2012.11.29 14:50:15.483,0.34233,0.34266,0.05,0.02
2012.11.29 14:50:17.417,0.3423,0.34263,0.03,0.02
2012.11.29 14:50:17.476,0.34234,0.34272,0.03,0.03
2012.11.29 14:50:17.595,0.34228,0.3426,0.03,0.02
2012.11.29 14:50:17.655,0.34227,0.34267,0.03,0.02
2012.11.29 14:50:18.200,0.34228,0.3427,0.03,0.02
2012.11.29 14:50:18.803,0.34227,0.34267,0.03,0.02
2012.11.29 14:50:20.463,0.34227,0.34262,0.03,0.02
2012.11.29 14:50:20.719,0.34234,0.34272,0.03,0.03
2012.11.29 14:50:21.682,0.34227,0.34261,0.03,0.02
2012.11.29 14:50:25.097,0.3423,0.34263,0.02,0.02
2012.11.29 14:50:25.465,0.34233,0.34264,0.03,0.02
2012.11.29 14:50:27.970,0.34234,0.34266,0.03,0.04
2012.11.29 14:50:28.025,0.34234,0.34275,0.03,0.04
2012.11.29 14:50:28.634,0.34234,0.34275,0.05,0.04
2012.11.29 14:50:28.720,0.34234,0.34266,0.05,0.03
2012.11.29 14:50:29.337,0.34235,0.34277,0.03,0.03
2012.11.29 14:50:29.455,0.34233,0.34266,0.03,0.02
2012.11.29 14:50:29.515,0.34231,0.34264,0.02,0.02
2012.11.29 14:50:30.065,0.34231,0.34265,0.03,0.02
2012.11.29 14:50:30.125,0.34244,0.34276,0.02,0.02
2012.11.29 14:50:30.185,0.3424,0.34273,0.03,0.02
2012.11.29 14:50:30.619,0.34244,0.34286,0.03,0.03
2012.11.29 14:50:31.239,0.34243,0.34276,0.03,0.02
2012.11.29 14:50:33.375,0.34248,0.34287,0.02,0.02
2012.11.29 14:50:35.334,0.34248,0.34282,0.03,0.02
2012.11.29 14:50:35.455,0.34263,0.34297,0.02,0.02
2012.11.29 14:50:35.794,0.34254,0.34294,0.02,0.02
2012.11.29 14:50:36.094,0.34249,0.34291,0.02,0.02
2012.11.29 14:50:36.334,0.34247,0.34281,0.03,0.02
2012.11.29 14:50:37.025,0.34254,0.34286,0.02,0.02
2012.11.29 14:50:37.509,0.34253,0.34287,0.02,0.02
2012.11.29 14:50:40.647,0.34244,0.34278,0.03,0.02
2012.11.29 14:50:43.384,0.34249,0.3428,0.02,0.02
2012.11.29 14:50:44.475,0.34249,0.34282,0.02,0.02
2012.11.29 14:50:44.594,0.34253,0.34293,0.03,0.03
2012.11.29 14:50:48.415,0.34254,0.34292,0.03,0.02
2012.11.29 14:50:48.976,0.34253,0.34287,0.02,0.02
2012.11.29 14:50:50.995,0.34245,0.34281,0.03,0.03
2012.11.29 14:50:51.114,0.34247,0.34282,0.03,0.02
2012.11.29 14:50:51.655,0.34253,0.34288,0.03,0.02
2012.11.29 14:50:51.715,0.34261,0.34302,0.03,0.02
2012.11.29 14:50:52.815,0.34256,0.3429,0.03,0.03
2012.11.29 14:50:53.954,0.34264,0.34305,0.02,0.02
2012.11.29 14:50:54.233,0.34261,0.34293,0.04,0.02
2012.11.29 14:50:54.495,0.34259,0.34299,0.03,0.02
2012.11.29 14:50:55.055,0.34253,0.34288,0.03,0.03
2012.11.29 14:50:55.346,0.34256,0.34297,0.03,0.02
2012.11.29 14:50:56.264,0.34253,0.34286,0.03,0.02
2012.11.29 14:50:56.655,0.3426,0.34302,0.02,0.02
2012.11.29 14:50:58.275,0.34254,0.34287,0.03,0.02
2012.11.29 14:50:58.405,0.34255,0.34289,0.03,0.02
2012.11.29 14:50:58.465,0.34261,0.34295,0.03,0.02
2012.11.29 14:50:58.588,0.3426,0.34295,0.03,0.02
2012.11.29 14:50:59.196,0.34267,0.34308,0.02,0.03
2012.11.29 14:51:00.674,0.34264,0.34296,0.03,0.02
2012.11.29 14:51:01.224,0.34258,0.3429,0.04,0.02
2012.11.29 14:51:01.756,0.34258,0.34293,0.05,0.02
2012.11.29 14:51:02.335,0.34263,0.34295,0.04,0.02
2012.11.29 14:51:03.269,0.34258,0.3429,0.04,0.02
2012.11.29 14:51:03.325,0.34263,0.34301,0.03,0.02
2012.11.29 14:51:03.844,0.34263,0.343,0.03,0.02
2012.11.29 14:51:03.964,0.34264,0.34303,0.03,0.03
2012.11.29 14:51:04.144,0.34264,0.34299,0.03,0.02
2012.11.29 14:51:04.204,0.34269,0.34309,0.03,0.02
2012.11.29 14:51:04.605,0.34271,0.34313,0.03,0.03
2012.11.29 14:51:05.514,0.34269,0.34306,0.02,0.02
2012.11.29 14:51:06.344,0.34264,0.34299,0.02,0.02
2012.11.29 14:51:06.405,0.34267,0.34307,0.03,0.02
2012.11.29 14:51:08.022,0.34265,0.34307,0.03,0.03
2012.11.29 14:51:08.215,0.34263,0.34295,0.03,0.02
2012.11.29 14:51:08.755,0.34265,0.34298,0.03,0.02
2012.11.29 14:51:09.184,0.34263,0.34296,0.03,0.02
2012.11.29 14:51:09.370,0.34265,0.34298,0.03,0.02
2012.11.29 14:51:09.939,0.34266,0.34296,0.02,0.02
2012.11.29 14:51:10.055,0.34264,0.34296,0.03,0.02
2012.11.29 14:51:10.175,0.34272,0.34308,0.02,0.02
2012.11.29 14:51:10.547,0.34274,0.34306,0.02,0.04
2012.11.29 14:51:12.134,0.34275,0.34316,0.03,0.02
2012.11.29 14:51:14.438,0.34274,0.34315,0.03,0.02
2012.11.29 14:51:14.766,0.3427,0.34303,0.03,0.02
2012.11.29 14:51:15.175,0.34267,0.34299,0.03,0.03
2012.11.29 14:51:15.235,0.34263,0.34297,0.02,0.02
2012.11.29 14:51:15.355,0.34254,0.34286,0.03,0.03
2012.11.29 14:51:16.034,0.34254,0.34293,0.03,0.02
2012.11.29 14:51:16.418,0.34255,0.34295,0.03,0.02
2012.11.29 14:51:16.653,0.34255,0.34287,0.03,0.02
2012.11.29 14:51:16.968,0.34264,0.34299,0.03,0.02
2012.11.29 14:51:18.825,0.34254,0.34288,0.03,0.02
2012.11.29 14:51:18.885,0.34257,0.34297,0.03,0.02
2012.11.29 14:51:19.235,0.34271,0.34311,0.03,0.02
2012.11.29 14:51:19.295,0.34271,0.34303,0.02,0.03
2012.11.29 14:51:19.355,0.34274,0.34306,0.02,0.03
2012.11.29 14:51:19.415,0.34268,0.343,0.03,0.02
2012.11.29 14:51:19.816,0.34271,0.34303,0.03,0.02
2012.11.29 14:51:19.875,0.34275,0.34315,0.03,0.02
2012.11.29 14:51:20.728,0.34274,0.34314,0.03,0.02
2012.11.29 14:51:22.214,0.34274,0.34312,0.03,0.03
2012.11.29 14:51:22.525,0.34264,0.34297,0.03,0.02
2012.11.29 14:51:22.795,0.34267,0.34307,0.03,0.02
2012.11.29 14:51:22.855,0.34258,0.34293,0.03,0.02
2012.11.29 14:51:22.975,0.34259,0.34294,0.03,0.02
2012.11.29 14:51:23.035,0.34264,0.34299,0.03,0.02
2012.11.29 14:51:23.154,0.34264,0.34302,0.03,0.02
2012.11.29 14:51:25.155,0.34265,0.34305,0.02,0.02
2012.11.29 14:51:26.125,0.34264,0.34303,0.03,0.02
2012.11.29 14:51:26.866,0.34257,0.34292,0.03,0.02
2012.11.29 14:51:27.025,0.34263,0.34297,0.03,0.03
2012.11.29 14:51:27.090,0.34253,0.34286,0.03,0.02
2012.11.29 14:51:27.325,0.34256,0.34288,0.03,0.02
2012.11.29 14:51:27.445,0.34259,0.34293,0.03,0.02
2012.11.29 14:51:27.565,0.34264,0.34296,0.03,0.04
2012.11.29 14:51:28.078,0.34264,0.34294,0.02,0.02
2012.11.29 14:51:31.086,0.34264,0.34304,0.03,0.02
2012.11.29 14:51:31.678,0.34264,0.34298,0.04,0.02
2012.11.29 14:51:32.639,0.34266,0.34303,0.02,0.02
2012.11.29 14:51:32.829,0.34271,0.34312,0.03,0.03
2012.11.29 14:51:33.532,0.34268,0.34303,0.03,0.02
2012.11.29 14:51:37.928,0.34274,0.34315,0.04,0.03
2012.11.29 14:51:38.946,0.34275,0.34315,0.02,0.02
2012.11.29 14:51:39.006,0.34273,0.34307,0.03,0.02
2012.11.29 14:51:40.197,0.34271,0.34307,0.02,0.03
2012.11.29 14:51:40.715,0.34274,0.34312,0.03,0.02
2012.11.29 14:51:41.401,0.34274,0.34312,0.03,0.03
2012.11.29 14:51:41.935,0.34273,0.34307,0.04,0.02
2012.11.29 14:51:42.255,0.34275,0.34315,0.03,0.02
2012.11.29 14:51:42.381,0.34271,0.34306,0.03,0.02
2012.11.29 14:51:45.415,0.34275,0.34306,0.03,0.02
2012.11.29 14:51:45.986,0.34276,0.34316,0.02,0.04
2012.11.29 14:51:46.495,0.34269,0.34304,0.03,0.03
2012.11.29 14:51:46.615,0.34273,0.34309,0.03,0.03
2012.11.29 14:51:49.721,0.34263,0.34298,0.03,0.02
2012.11.29 14:51:49.776,0.34265,0.34305,0.03,0.02
2012.11.29 14:51:50.458,0.34263,0.34304,0.05,0.02
2012.11.29 14:51:50.969,0.34264,0.34296,0.03,0.03
2012.11.29 14:51:51.026,0.34266,0.34306,0.03,0.02
2012.11.29 14:51:53.050,0.34264,0.34296,0.03,0.02
2012.11.29 14:51:53.105,0.34264,0.34305,0.05,0.04
2012.11.29 14:51:55.815,0.34262,0.34293,0.02,0.02
2012.11.29 14:51:56.426,0.34262,0.34294,0.02,0.02
2012.11.29 14:51:56.887,0.34259,0.34292,0.03,0.02
2012.11.29 14:51:57.015,0.34264,0.343,0.03,0.03
2012.11.29 14:51:57.542,0.34264,0.34296,0.02,0.04
2012.11.29 14:51:58.288,0.34259,0.34292,0.02,0.02
2012.11.29 14:52:00.645,0.34263,0.34297,0.02,0.02
2012.11.29 14:52:02.016,0.34263,0.34295,0.03,0.02
2012.11.29 14:52:02.075,0.34263,0.34297,0.03,0.02
2012.11.29 14:52:02.675,0.34265,0.34306,0.03,0.03
2012.11.29 14:52:05.386,0.34263,0.34296,0.03,0.02
2012.11.29 14:52:08.136,0.34265,0.34299,0.03,0.02
2012.11.29 14:52:08.220,0.34273,0.34307,0.03,0.02
2012.11.29 14:52:09.185,0.34267,0.343,0.03,0.02
2012.11.29 14:52:09.801,0.34273,0.34307,0.02,0.02
2012.11.29 14:52:09.925,0.34268,0.34302,0.03,0.02
2012.11.29 14:52:10.472,0.34274,0.3431,0.03,0.03
2012.11.29 14:52:15.086,0.34273,0.34305,0.03,0.02
2012.11.29 14:52:15.205,0.34274,0.34314,0.02,0.02
2012.11.29 14:52:15.715,0.34276,0.34316,0.03,0.02
2012.11.29 14:52:15.774,0.34274,0.34306,0.03,0.02
2012.11.29 14:52:16.304,0.34273,0.34305,0.03,0.02
2012.11.29 14:52:16.824,0.34273,0.34313,0.05,0.02
2012.11.29 14:52:17.537,0.34276,0.34316,0.03,0.02
2012.11.29 14:52:24.065,0.34274,0.34315,0.05,0.03
2012.11.29 14:52:24.518,0.34274,0.34312,0.03,0.03
2012.11.29 14:52:25.921,0.34269,0.34301,0.03,0.02
2012.11.29 14:52:26.167,0.34273,0.34309,0.03,0.02
2012.11.29 14:52:26.255,0.34268,0.34301,0.03,0.02
2012.11.29 14:52:26.717,0.34274,0.3431,0.03,0.02
2012.11.29 14:52:29.055,0.34274,0.34306,0.03,0.04
2012.11.29 14:52:34.535,0.34274,0.34306,0.02,0.02
2012.11.29 14:52:34.935,0.34268,0.34302,0.03,0.02
2012.11.29 14:52:37.575,0.34266,0.343,0.03,0.02
2012.11.29 14:52:38.132,0.34265,0.34306,0.03,0.02
2012.11.29 14:52:38.865,0.34267,0.34307,0.03,0.02
2012.11.29 14:52:39.178,0.34267,0.343,0.02,0.02
2012.11.29 14:52:39.295,0.34265,0.34298,0.03,0.02
2012.11.29 14:52:39.865,0.34269,0.34301,0.03,0.02
2012.11.29 14:52:40.561,0.34274,0.34304,0.02,0.02
2012.11.29 14:52:41.077,0.34274,0.34306,0.03,0.04
2012.11.29 14:52:42.687,0.3427,0.34302,0.03,0.02
2012.11.29 14:52:43.251,0.34273,0.34307,0.02,0.02
2012.11.29 14:52:43.525,0.34267,0.34301,0.02,0.03
2012.11.29 14:52:43.645,0.34264,0.34296,0.03,0.02
2012.11.29 14:52:43.806,0.34263,0.34296,0.03,0.02
2012.11.29 14:52:44.506,0.34263,0.34297,0.03,0.02
2012.11.29 14:52:47.127,0.34263,0.343,0.03,0.02
2012.11.29 14:52:48.065,0.34264,0.343,0.03,0.02
2012.11.29 14:52:48.125,0.34264,0.34301,0.03,0.02
2012.11.29 14:52:51.335,0.34264,0.343,0.03,0.02
2012.11.29 14:52:51.675,0.34264,0.34301,0.03,0.02
2012.11.29 14:52:51.857,0.34274,0.34306,0.03,0.02
2012.11.29 14:52:54.824,0.34266,0.343,0.03,0.02
2012.11.29 14:52:54.896,0.34264,0.34305,0.03,0.02
2012.11.29 14:52:58.316,0.34274,0.34306,0.02,0.03
2012.11.29 14:52:59.140,0.34264,0.34299,0.03,0.02
2012.11.29 14:52:59.507,0.34265,0.34305,0.03,0.02
2012.11.29 14:53:00.735,0.34268,0.34301,0.03,0.02
2012.11.29 14:53:05.786,0.34273,0.34307,0.03,0.02
2012.11.29 14:53:06.471,0.34274,0.34304,0.02,0.02
2012.11.29 14:53:07.326,0.34274,0.3431,0.03,0.02
2012.11.29 14:53:08.275,0.34273,0.34305,0.03,0.02
2012.11.29 14:53:09.565,0.3427,0.34303,0.03,0.02
2012.11.29 14:53:10.123,0.34274,0.34305,0.02,0.03
2012.11.29 14:53:10.995,0.34274,0.34305,0.02,0.03
2012.11.29 14:53:11.745,0.34274,0.34306,0.03,0.03
2012.11.29 14:53:17.115,0.34258,0.3429,0.02,0.02
2012.11.29 14:53:17.235,0.34261,0.34294,0.03,0.02
2012.11.29 14:53:17.655,0.34263,0.34297,0.03,0.03
2012.11.29 14:53:18.335,0.34263,0.34295,0.03,0.03
2012.11.29 14:53:18.862,0.34264,0.34296,0.02,0.02
2012.11.29 14:53:18.955,0.34263,0.34295,0.02,0.02
2012.11.29 14:53:19.015,0.34263,0.34297,0.03,0.02
2012.11.29 14:53:19.075,0.34263,0.34295,0.03,0.03
2012.11.29 14:53:19.976,0.34262,0.34294,0.03,0.02
2012.11.29 14:53:25.266,0.34264,0.34296,0.03,0.03
2012.11.29 14:53:26.316,0.34262,0.34294,0.03,0.02
2012.11.29 14:53:26.864,0.34258,0.3429,0.03,0.02
2012.11.29 14:53:28.985,0.34253,0.34292,0.03,0.03
2012.11.29 14:53:30.245,0.34253,0.34287,0.03,0.02
2012.11.29 14:53:31.995,0.34243,0.34283,0.02,0.03
2012.11.29 14:53:32.778,0.34244,0.3428,0.03,0.02
2012.11.29 14:53:32.845,0.34243,0.34281,0.03,0.03
2012.11.29 14:53:41.417,0.34243,0.34276,0.03,0.02
2012.11.29 14:53:42.084,0.34243,0.34275,0.03,0.02
2012.11.29 14:53:42.425,0.34236,0.34266,0.02,0.03
2012.11.29 14:53:42.555,0.34234,0.34269,0.03,0.02
2012.11.29 14:53:43.135,0.34233,0.34273,0.03,0.02
2012.11.29 14:53:44.396,0.34233,0.34272,0.03,0.02
2012.11.29 14:53:45.466,0.34234,0.34268,0.03,0.02
2012.11.29 14:53:45.871,0.34233,0.34269,0.03,0.02
2012.11.29 14:53:47.605,0.34233,0.34267,0.03,0.04
2012.11.29 14:53:48.357,0.34233,0.34269,0.03,0.03
2012.11.29 14:53:51.765,0.34227,0.34266,0.02,0.02
2012.11.29 14:53:53.196,0.34233,0.34265,0.03,0.02
2012.11.29 14:53:54.225,0.34234,0.34268,0.03,0.02
2012.11.29 14:53:54.345,0.34234,0.34266,0.03,0.03
2012.11.29 14:53:54.785,0.34233,0.34269,0.03,0.02
2012.11.29 14:53:57.545,0.34234,0.34271,0.03,0.03
2012.11.29 14:54:00.745,0.34229,0.34267,0.02,0.03
2012.11.29 14:54:01.250,0.34231,0.34264,0.03,0.02
2012.11.29 14:54:01.852,0.34234,0.34266,0.03,0.03
2012.11.29 14:54:03.835,0.34233,0.34267,0.03,0.03
2012.11.29 14:54:04.815,0.34234,0.3427,0.03,0.02
2012.11.29 14:54:05.585,0.34234,0.34269,0.03,0.03
2012.11.29 14:54:08.275,0.34233,0.34269,0.03,0.02
2012.11.29 14:54:08.465,0.34234,0.34264,0.02,0.02
2012.11.29 14:54:08.966,0.34234,0.34268,0.03,0.02
2012.11.29 14:54:09.762,0.34234,0.34266,0.03,0.02
2012.11.29 14:54:12.675,0.34234,0.34265,0.03,0.02
2012.11.29 14:54:13.463,0.34229,0.34262,0.03,0.02
2012.11.29 14:54:14.131,0.34233,0.34265,0.03,0.03
2012.11.29 14:54:16.725,0.34233,0.34266,0.03,0.02
2012.11.29 14:54:17.286,0.34233,0.34264,0.03,0.02
2012.11.29 14:54:19.706,0.34229,0.34261,0.03,0.02
2012.11.29 14:54:19.826,0.34224,0.34258,0.03,0.02
2012.11.29 14:54:22.335,0.34224,0.34258,0.03,0.02
2012.11.29 14:54:22.865,0.34224,0.34261,0.03,0.02
2012.11.29 14:54:24.245,0.34223,0.34256,0.03,0.02
2012.11.29 14:54:28.526,0.34217,0.34254,0.03,0.02
2012.11.29 14:54:28.585,0.34217,0.3425,0.03,0.02
2012.11.29 14:54:29.105,0.34214,0.34254,0.05,0.02
2012.11.29 14:54:29.505,0.34214,0.34253,0.03,0.02
2012.11.29 14:54:30.053,0.34214,0.34252,0.03,0.02
2012.11.29 14:54:30.960,0.34218,0.34253,0.02,0.03
2012.11.29 14:54:31.316,0.34218,0.34257,0.02,0.02
2012.11.29 14:54:31.845,0.34224,0.34256,0.02,0.02
2012.11.29 14:54:32.925,0.34224,0.34256,0.03,0.02
2012.11.29 14:54:33.785,0.34217,0.34253,0.03,0.02
2012.11.29 14:54:33.966,0.34224,0.34256,0.03,0.03
2012.11.29 14:54:38.735,0.34224,0.34257,0.03,0.02
2012.11.29 14:54:39.286,0.34217,0.34251,0.03,0.02
2012.11.29 14:54:40.015,0.34215,0.34249,0.03,0.02
2012.11.29 14:54:40.075,0.34223,0.34254,0.03,0.02
2012.11.29 14:54:40.376,0.34214,0.34255,0.03,0.02
2012.11.29 14:54:41.556,0.34214,0.34252,0.03,0.04
2012.11.29 14:54:42.465,0.34214,0.34255,0.03,0.02
2012.11.29 14:54:43.155,0.34214,0.34249,0.03,0.02
2012.11.29 14:54:43.276,0.34222,0.34259,0.02,0.02
2012.11.29 14:54:43.335,0.34229,0.3426,0.03,0.02
2012.11.29 14:54:49.586,0.34224,0.34258,0.03,0.02
2012.11.29 14:54:49.765,0.34226,0.34259,0.03,0.02
2012.11.29 14:54:50.827,0.34233,0.34263,0.02,0.02
2012.11.29 14:54:51.547,0.34227,0.34259,0.03,0.02
2012.11.29 14:54:51.659,0.34223,0.34257,0.03,0.02
2012.11.29 14:54:52.037,0.34223,0.34257,0.03,0.04
2012.11.29 14:54:52.339,0.34221,0.34255,0.03,0.02
2012.11.29 14:54:58.157,0.34223,0.34256,0.03,0.02
2012.11.29 14:55:00.245,0.34214,0.34256,0.03,0.03
2012.11.29 14:55:00.835,0.34214,0.34254,0.03,0.02
2012.11.29 14:55:01.300,0.3422,0.34253,0.03,0.02
2012.11.29 14:55:02.375,0.34224,0.34256,0.03,0.02
2012.11.29 14:55:03.295,0.3422,0.34255,0.03,0.02
2012.11.29 14:55:06.595,0.34223,0.3426,0.03,0.04
2012.11.29 14:55:07.365,0.34223,0.34256,0.03,0.02
2012.11.29 14:55:07.895,0.34219,0.34253,0.03,0.02
2012.11.29 14:55:07.955,0.34224,0.34256,0.03,0.02
2012.11.29 14:55:08.480,0.34223,0.34259,0.03,0.02
2012.11.29 14:55:09.455,0.34223,0.34256,0.03,0.02
2012.11.29 14:55:09.951,0.34216,0.3425,0.03,0.02
2012.11.29 14:55:12.295,0.3422,0.34255,0.03,0.02
2012.11.29 14:55:17.215,0.34223,0.34261,0.03,0.03
2012.11.29 14:55:19.914,0.34223,0.34263,0.03,0.02
2012.11.29 14:55:21.055,0.34224,0.34263,0.03,0.02
2012.11.29 14:55:21.115,0.34224,0.3426,0.03,0.03
2012.11.29 14:55:23.578,0.34234,0.34264,0.02,0.02
2012.11.29 14:55:25.725,0.34223,0.3426,0.05,0.03
2012.11.29 14:55:25.905,0.34233,0.34267,0.02,0.02
2012.11.29 14:55:25.965,0.34233,0.34265,0.03,0.03
2012.11.29 14:55:26.085,0.34233,0.34267,0.03,0.03
2012.11.29 14:55:26.855,0.34234,0.34269,0.03,0.02
2012.11.29 14:55:27.475,0.34234,0.34266,0.03,0.03
2012.11.29 14:55:30.195,0.34234,0.34275,0.03,0.04
2012.11.29 14:55:30.731,0.34233,0.34268,0.05,0.02
2012.11.29 14:55:31.184,0.34243,0.34278,0.03,0.02
2012.11.29 14:55:31.249,0.3424,0.34274,0.03,0.02
2012.11.29 14:55:31.545,0.34244,0.34276,0.03,0.02
2012.11.29 14:55:31.965,0.34247,0.34287,0.03,0.02
2012.11.29 14:55:32.026,0.34244,0.34278,0.03,0.02
2012.11.29 14:55:32.145,0.34247,0.34281,0.03,0.02
2012.11.29 14:55:32.723,0.34254,0.34289,0.03,0.02
2012.11.29 14:55:33.935,0.34253,0.34291,0.03,0.02
2012.11.29 14:55:33.995,0.34253,0.34287,0.03,0.02
2012.11.29 14:55:34.175,0.34253,0.34285,0.03,0.02
2012.11.29 14:55:34.295,0.34247,0.34281,0.03,0.02
2012.11.29 14:55:34.416,0.34248,0.34282,0.03,0.02
2012.11.29 14:55:34.475,0.34254,0.34289,0.03,0.02
2012.11.29 14:55:34.715,0.34253,0.34289,0.03,0.02
2012.11.29 14:55:34.905,0.34253,0.34292,0.03,0.03
2012.11.29 14:55:35.485,0.34253,0.34289,0.03,0.04
2012.11.29 14:55:35.915,0.34254,0.34291,0.03,0.03
2012.11.29 14:55:36.765,0.34255,0.34296,0.03,0.03
2012.11.29 14:55:37.367,0.34254,0.34294,0.03,0.02
2012.11.29 14:55:37.594,0.34257,0.34297,0.03,0.02
2012.11.29 14:55:38.248,0.34263,0.34295,0.02,0.03
2012.11.29 14:55:40.474,0.34261,0.34294,0.03,0.02
2012.11.29 14:55:41.005,0.34254,0.34286,0.03,0.02
2012.11.29 14:55:41.774,0.34253,0.34292,0.03,0.02
2012.11.29 14:55:42.815,0.34253,0.34292,0.03,0.02
2012.11.29 14:55:42.995,0.34254,0.34294,0.03,0.02
2012.11.29 14:55:43.355,0.34254,0.3429,0.03,0.02
2012.11.29 14:55:43.545,0.34245,0.34286,0.03,0.05
2012.11.29 14:55:44.095,0.34253,0.34286,0.03,0.02
2012.11.29 14:55:44.426,0.34244,0.34276,0.03,0.03
2012.11.29 14:55:44.744,0.34243,0.34277,0.03,0.03
2012.11.29 14:55:47.667,0.3424,0.34272,0.03,0.02
2012.11.29 14:55:48.022,0.34233,0.34267,0.03,0.02
2012.11.29 14:55:56.465,0.34233,0.34272,0.02,0.02
2012.11.29 14:55:56.993,0.34243,0.34273,0.03,0.02
2012.11.29 14:55:58.246,0.34244,0.34276,0.02,0.03
2012.11.29 14:55:58.545,0.34233,0.3427,0.03,0.02
2012.11.29 14:55:58.795,0.34233,0.34275,0.05,0.02
2012.11.29 14:55:59.095,0.34233,0.34272,0.03,0.02
2012.11.29 14:55:59.443,0.34234,0.34275,0.03,0.02
2012.11.29 14:55:59.663,0.34234,0.34272,0.03,0.03
2012.11.29 14:56:00.165,0.34234,0.34273,0.03,0.03
2012.11.29 14:56:00.225,0.34234,0.34275,0.05,0.02
2012.11.29 14:56:00.575,0.34233,0.3427,0.03,0.02
2012.11.29 14:56:00.755,0.34243,0.34273,0.02,0.02
2012.11.29 14:56:01.462,0.34234,0.34273,0.03,0.02
2012.11.29 14:56:01.795,0.34234,0.34266,0.03,0.02
2012.11.29 14:56:02.305,0.34233,0.34273,0.03,0.03
2012.11.29 14:56:02.765,0.34234,0.34275,0.03,0.02
2012.11.29 14:56:02.885,0.34233,0.34273,0.03,0.03
2012.11.29 14:56:03.041,0.34244,0.34274,0.02,0.02
2012.11.29 14:56:03.565,0.34233,0.34271,0.02,0.02
2012.11.29 14:56:04.335,0.34243,0.34279,0.03,0.02
2012.11.29 14:56:04.764,0.34243,0.34281,0.03,0.02
2012.11.29 14:56:05.116,0.34248,0.34289,0.03,0.04
2012.11.29 14:56:05.235,0.34253,0.34285,0.03,0.02
2012.11.29 14:56:07.107,0.34253,0.34294,0.05,0.03
2012.11.29 14:56:07.645,0.34263,0.34293,0.03,0.02
2012.11.29 14:56:08.424,0.34264,0.34294,0.02,0.02
2012.11.29 14:56:09.085,0.34254,0.34289,0.03,0.02
2012.11.29 14:56:10.145,0.34253,0.34287,0.05,0.02
2012.11.29 14:56:10.216,0.3425,0.34284,0.04,0.02
2012.11.29 14:56:10.275,0.34254,0.34293,0.03,0.02
2012.11.29 14:56:10.395,0.34253,0.34289,0.03,0.02
2012.11.29 14:56:10.711,0.34249,0.34281,0.03,0.02
2012.11.29 14:56:13.007,0.34253,0.34285,0.03,0.02
2012.11.29 14:56:13.135,0.34253,0.34287,0.03,0.03
2012.11.29 14:56:14.455,0.34253,0.34287,0.03,0.02
2012.11.29 14:56:14.756,0.34253,0.34292,0.03,0.02
2012.11.29 14:56:15.098,0.34253,0.34286,0.03,0.02
2012.11.29 14:56:15.546,0.34254,0.3429,0.03,0.02
2012.11.29 14:56:15.975,0.34254,0.34289,0.03,0.02
2012.11.29 14:56:16.095,0.34254,0.34286,0.02,0.03
2012.11.29 14:56:16.620,0.34248,0.34282,0.03,0.02
2012.11.29 14:56:17.264,0.34253,0.3429,0.03,0.02
2012.11.29 14:56:17.814,0.34254,0.34293,0.03,0.02
2012.11.29 14:56:18.100,0.34253,0.34287,0.03,0.03
2012.11.29 14:56:18.544,0.34253,0.34292,0.03,0.02
2012.11.29 14:56:18.725,0.34258,0.343,0.03,0.02
2012.11.29 14:56:19.335,0.34264,0.34294,0.03,0.02
2012.11.29 14:56:20.515,0.34254,0.34288,0.03,0.02
2012.11.29 14:56:20.654,0.34253,0.34292,0.03,0.02
2012.11.29 14:56:21.505,0.34253,0.34287,0.03,0.02
2012.11.29 14:56:21.565,0.34254,0.3429,0.03,0.02
2012.11.29 14:56:22.085,0.34254,0.34291,0.03,0.02
2012.11.29 14:56:22.455,0.34253,0.34291,0.03,0.02
2012.11.29 14:56:24.195,0.3425,0.34283,0.03,0.02
2012.11.29 14:56:26.146,0.34247,0.34281,0.03,0.02
2012.11.29 14:56:26.224,0.34253,0.34285,0.03,0.02
2012.11.29 14:56:26.942,0.34244,0.34284,0.05,0.02
2012.11.29 14:56:27.265,0.34243,0.34283,0.03,0.02
2012.11.29 14:56:27.881,0.34244,0.34275,0.03,0.02
2012.11.29 14:56:28.335,0.34241,0.34279,0.02,0.03
2012.11.29 14:56:28.455,0.34243,0.34281,0.03,0.02
2012.11.29 14:56:28.995,0.34243,0.34278,0.03,0.02
2012.11.29 14:56:29.514,0.34244,0.34286,0.03,0.03
2012.11.29 14:56:30.165,0.34251,0.34283,0.03,0.02
2012.11.29 14:56:30.225,0.34254,0.34288,0.03,0.02
2012.11.29 14:56:31.985,0.34254,0.34288,0.03,0.03
2012.11.29 14:56:39.895,0.34253,0.34286,0.03,0.02
2012.11.29 14:56:39.955,0.3425,0.34284,0.03,0.02
2012.11.29 14:56:41.115,0.34254,0.34288,0.03,0.02
2012.11.29 14:56:42.955,0.34248,0.34282,0.03,0.02
2012.11.29 14:56:43.015,0.34246,0.34286,0.03,0.02
2012.11.29 14:56:43.555,0.34246,0.34278,0.02,0.02
2012.11.29 14:56:46.405,0.34253,0.34289,0.03,0.02
2012.11.29 14:56:46.465,0.3425,0.34283,0.03,0.02
2012.11.29 14:56:47.465,0.34249,0.34282,0.02,0.02
2012.11.29 14:56:47.525,0.34253,0.34286,0.03,0.02
2012.11.29 14:56:48.751,0.34254,0.34291,0.03,0.02
2012.11.29 14:56:48.830,0.34254,0.34286,0.02,0.02
2012.11.29 14:56:50.375,0.34249,0.34282,0.03,0.02
2012.11.29 14:56:52.355,0.34247,0.3428,0.03,0.02
2012.11.29 14:56:52.919,0.34244,0.34284,0.03,0.02
2012.11.29 14:56:55.723,0.34244,0.34282,0.03,0.02
2012.11.29 14:56:55.814,0.34244,0.34277,0.03,0.02
2012.11.29 14:56:56.458,0.34244,0.34276,0.03,0.02
2012.11.29 14:56:56.655,0.34243,0.34279,0.03,0.02
2012.11.29 14:56:57.207,0.34244,0.34281,0.03,0.04
2012.11.29 14:56:57.325,0.34254,0.34286,0.02,0.03
2012.11.29 14:56:57.476,0.34244,0.34279,0.02,0.02
2012.11.29 14:56:57.813,0.34244,0.34281,0.03,0.03
2012.11.29 14:56:58.265,0.34244,0.3428,0.03,0.02
2012.11.29 14:56:58.836,0.34244,0.34279,0.03,0.02
2012.11.29 14:56:59.747,0.34253,0.34283,0.02,0.02
2012.11.29 14:56:59.806,0.34243,0.34277,0.02,0.02
2012.11.29 14:57:00.533,0.34247,0.34279,0.03,0.02
2012.11.29 14:57:00.815,0.34243,0.3428,0.03,0.03
2012.11.29 14:57:01.333,0.34243,0.34279,0.03,0.02
2012.11.29 14:57:02.433,0.34244,0.34282,0.03,0.02
2012.11.29 14:57:02.895,0.34244,0.34278,0.03,0.02
2012.11.29 14:57:05.148,0.34254,0.34285,0.02,0.02
2012.11.29 14:57:05.855,0.34254,0.34289,0.03,0.02
2012.11.29 14:57:13.375,0.34253,0.3429,0.03,0.02
2012.11.29 14:57:15.023,0.34253,0.34287,0.03,0.03
2012.11.29 14:57:15.903,0.34253,0.34287,0.03,0.02
2012.11.29 14:57:16.695,0.34248,0.34281,0.03,0.02
2012.11.29 14:57:31.755,0.34253,0.34289,0.03,0.02
2012.11.29 14:57:32.522,0.34253,0.34284,0.02,0.02
2012.11.29 14:57:33.185,0.34266,0.34296,0.02,0.02
2012.11.29 14:57:33.506,0.34265,0.34307,0.03,0.02
2012.11.29 14:57:33.625,0.34267,0.34299,0.02,0.02
2012.11.29 14:57:33.755,0.34269,0.34299,0.02,0.02
2012.11.29 14:57:33.975,0.34269,0.34302,0.03,0.02
2012.11.29 14:57:34.235,0.34273,0.34305,0.02,0.02
2012.11.29 14:57:34.819,0.34274,0.34305,0.02,0.02
2012.11.29 14:57:35.202,0.34273,0.34307,0.03,0.03
2012.11.29 14:57:35.615,0.34273,0.34305,0.03,0.03
2012.11.29 14:57:36.155,0.34264,0.34299,0.03,0.03
2012.11.29 14:57:36.902,0.34264,0.34302,0.03,0.03
2012.11.29 14:57:37.556,0.34273,0.34304,0.02,0.02
2012.11.29 14:57:37.739,0.34264,0.34302,0.03,0.03
2012.11.29 14:57:37.942,0.34273,0.34304,0.02,0.02
2012.11.29 14:57:38.002,0.34273,0.34306,0.03,0.02
2012.11.29 14:57:38.115,0.34268,0.34301,0.03,0.02
2012.11.29 14:57:39.872,0.34264,0.34301,0.03,0.02
2012.11.29 14:57:41.865,0.34273,0.34307,0.03,0.04
2012.11.29 14:57:43.732,0.34274,0.34308,0.03,0.02
2012.11.29 14:57:43.916,0.34267,0.34299,0.02,0.02
2012.11.29 14:57:44.105,0.34273,0.34303,0.02,0.02
2012.11.29 14:57:44.405,0.34273,0.34307,0.03,0.02
2012.11.29 14:57:45.145,0.34274,0.34304,0.02,0.02
2012.11.29 14:57:45.206,0.34272,0.34304,0.03,0.02
2012.11.29 14:57:46.145,0.34274,0.34304,0.03,0.02
2012.11.29 14:57:46.536,0.34268,0.34301,0.03,0.03
2012.11.29 14:57:46.595,0.34274,0.34306,0.03,0.04
2012.11.29 14:57:52.455,0.34264,0.34299,0.02,0.03
2012.11.29 14:57:53.970,0.34266,0.34298,0.03,0.02
2012.11.29 14:57:56.352,0.34263,0.34302,0.03,0.02
2012.11.29 14:57:56.465,0.34263,0.34299,0.03,0.02
2012.11.29 14:57:56.705,0.34263,0.34297,0.03,0.02
2012.11.29 14:57:56.826,0.34263,0.34297,0.03,0.04
2012.11.29 14:57:56.897,0.3426,0.34296,0.03,0.03
2012.11.29 14:57:57.395,0.34253,0.3429,0.03,0.02
2012.11.29 14:57:57.725,0.34262,0.34296,0.03,0.03
2012.11.29 14:57:59.403,0.34263,0.34298,0.03,0.02
2012.11.29 14:57:59.988,0.34264,0.343,0.03,0.02
2012.11.29 14:58:00.500,0.34264,0.34297,0.03,0.02
2012.11.29 14:58:00.555,0.34264,0.34304,0.03,0.03
2012.11.29 14:58:01.915,0.34274,0.34304,0.02,0.02
2012.11.29 14:58:02.700,0.34263,0.34304,0.05,0.03
2012.11.29 14:58:03.976,0.34274,0.34304,0.02,0.02
2012.11.29 14:58:04.705,0.34274,0.34306,0.03,0.03
2012.11.29 14:58:06.385,0.34265,0.343,0.03,0.02
2012.11.29 14:58:06.845,0.34274,0.34308,0.03,0.02
2012.11.29 14:58:07.075,0.34274,0.34306,0.03,0.02
2012.11.29 14:58:07.895,0.34269,0.34302,0.03,0.02
2012.11.29 14:58:09.122,0.34274,0.34308,0.03,0.03
2012.11.29 14:58:09.456,0.34274,0.3431,0.03,0.02
2012.11.29 14:58:14.836,0.34274,0.34312,0.03,0.02
2012.11.29 14:58:16.415,0.34275,0.34312,0.02,0.02
2012.11.29 14:58:16.475,0.34275,0.34316,0.03,0.03
2012.11.29 14:58:16.535,0.34278,0.3431,0.03,0.02
2012.11.29 14:58:16.595,0.34274,0.34307,0.02,0.02
2012.11.29 14:58:16.655,0.3427,0.34304,0.03,0.02
2012.11.29 14:58:16.896,0.34268,0.34301,0.03,0.02
2012.11.29 14:58:17.855,0.34266,0.34306,0.03,0.02
2012.11.29 14:58:18.825,0.34266,0.34303,0.02,0.02
2012.11.29 14:58:19.424,0.34263,0.343,0.05,0.02
2012.11.29 14:58:21.065,0.34266,0.34306,0.03,0.02
2012.11.29 14:58:22.495,0.3427,0.34304,0.03,0.02
2012.11.29 14:58:23.053,0.34274,0.34306,0.02,0.03
2012.11.29 14:58:23.686,0.34273,0.34306,0.03,0.02
2012.11.29 14:58:23.872,0.34273,0.34309,0.03,0.02
2012.11.29 14:58:24.375,0.34273,0.3431,0.03,0.02
2012.11.29 14:58:25.876,0.34273,0.34314,0.03,0.03
2012.11.29 14:58:26.176,0.34273,0.34307,0.03,0.02
2012.11.29 14:58:26.715,0.34273,0.34309,0.03,0.02
2012.11.29 14:58:27.095,0.34274,0.34315,0.03,0.02
2012.11.29 14:58:27.745,0.34277,0.34311,0.03,0.02
2012.11.29 14:58:29.556,0.34284,0.34316,0.03,0.03
2012.11.29 14:58:30.191,0.34278,0.34311,0.03,0.02
2012.11.29 14:58:30.695,0.34273,0.34314,0.05,0.02
2012.11.29 14:58:35.335,0.34284,0.34314,0.02,0.02
2012.11.29 14:58:38.622,0.34273,0.34307,0.05,0.02
2012.11.29 14:58:39.575,0.34274,0.34306,0.03,0.03
2012.11.29 14:58:44.015,0.34273,0.34307,0.03,0.04
2012.11.29 14:58:44.405,0.34269,0.34301,0.03,0.02
2012.11.29 14:58:46.526,0.3426,0.34297,0.03,0.03
2012.11.29 14:58:46.966,0.34267,0.34309,0.03,0.03
2012.11.29 14:58:47.390,0.34273,0.34306,0.03,0.02
2012.11.29 14:58:48.045,0.34271,0.34304,0.03,0.02
2012.11.29 14:58:50.595,0.34273,0.3431,0.03,0.02
2012.11.29 14:58:53.685,0.34269,0.34303,0.03,0.02
2012.11.29 14:58:54.271,0.34274,0.34306,0.02,0.04
2012.11.29 14:58:54.612,0.34273,0.3431,0.03,0.02
2012.11.29 14:58:54.941,0.34273,0.34307,0.03,0.02
2012.11.29 14:58:56.095,0.34274,0.34306,0.03,0.03
2012.11.29 14:58:57.645,0.3427,0.34302,0.03,0.02
2012.11.29 14:58:58.131,0.34264,0.34304,0.03,0.02
2012.11.29 14:58:58.694,0.34263,0.34303,0.03,0.03
2012.11.29 14:58:58.835,0.34267,0.34306,0.02,0.02
2012.11.29 14:59:00.455,0.34273,0.34307,0.03,0.02
2012.11.29 14:59:00.834,0.34271,0.34304,0.03,0.02
2012.11.29 14:59:01.335,0.34273,0.3431,0.03,0.03
2012.11.29 14:59:02.145,0.34273,0.34305,0.03,0.02
2012.11.29 14:59:02.933,0.34273,0.34307,0.03,0.04
2012.11.29 14:59:04.811,0.3427,0.3431,0.02,0.02
2012.11.29 14:59:08.923,0.34265,0.34305,0.02,0.03
2012.11.29 14:59:13.881,0.34271,0.34303,0.03,0.03
2012.11.29 14:59:14.406,0.34265,0.34303,0.02,0.03
2012.11.29 14:59:17.086,0.34263,0.343,0.03,0.02
2012.11.29 14:59:19.418,0.34263,0.34301,0.03,0.02
2012.11.29 14:59:19.866,0.34267,0.34307,0.03,0.02
2012.11.29 14:59:20.546,0.34274,0.34311,0.03,0.02
2012.11.29 14:59:22.702,0.34274,0.34311,0.03,0.02
2012.11.29 14:59:23.217,0.34273,0.34306,0.03,0.02
2012.11.29 14:59:29.195,0.34274,0.3431,0.02,0.03
2012.11.29 14:59:32.329,0.34274,0.34312,0.03,0.03
2012.11.29 14:59:38.006,0.34274,0.34311,0.03,0.03
2012.11.29 14:59:38.365,0.34284,0.34316,0.02,0.03
2012.11.29 14:59:43.994,0.34283,0.34317,0.03,0.02
2012.11.29 14:59:44.245,0.34283,0.34317,0.03,0.02
2012.11.29 14:59:44.365,0.34284,0.34321,0.02,0.02
2012.11.29 14:59:46.881,0.34284,0.34316,0.03,0.02
2012.11.29 14:59:46.937,0.34284,0.34315,0.03,0.02
2012.11.29 14:59:47.325,0.34281,0.34319,0.02,0.02
2012.11.29 14:59:48.895,0.34283,0.34324,0.02,0.04
2012.11.29 14:59:51.776,0.34286,0.34323,0.02,0.02
2012.11.29 14:59:52.951,0.3429,0.34326,0.02,0.02
2012.11.29 14:59:53.387,0.3429,0.34327,0.02,0.03
2012.11.29 14:59:55.481,0.34292,0.34324,0.02,0.02
2012.11.29 14:59:55.596,0.34289,0.34324,0.02,0.03
2012.11.29 14:59:58.183,0.3429,0.34327,0.02,0.02
2012.11.29 14:59:58.336,0.34283,0.34324,0.02,0.03
2012.11.29 14:59:58.410,0.34287,0.34325,0.02,0.02
