2014.08.18 01:00:00.659,0.19512,0.19562,0.02,0.02
2014.08.18 01:00:00.760,0.19514,0.19562,0.02,0.02
2014.08.18 01:00:01.288,0.19513,0.19563,0.02,0.02
2014.08.18 01:00:01.818,0.19512,0.19562,0.02,0.02
2014.08.18 01:00:02.157,0.19514,0.19562,0.02,0.02
2014.08.18 01:00:02.389,0.19507,0.19557,0.02,0.02
2014.08.18 01:00:02.493,0.19509,0.19557,0.02,0.02
2014.08.18 01:00:02.926,0.19509,0.19559,0.02,0.02
2014.08.18 01:00:03.453,0.19508,0.19558,0.02,0.02
2014.08.18 01:00:04.666,0.19506,0.19554,0.02,0.02
2014.08.18 01:00:04.972,0.19509,0.19557,0.02,0.02
2014.08.18 01:00:05.022,0.19507,0.19557,0.02,0.02
2014.08.18 01:00:05.096,0.19504,0.19554,0.02,0.02
2014.08.18 01:00:05.427,0.19507,0.19557,0.02,0.02
2014.08.18 01:00:05.934,0.19508,0.19558,0.02,0.02
2014.08.18 01:00:06.573,0.19509,0.19557,0.02,0.02
2014.08.18 01:00:07.230,0.19508,0.19558,0.02,0.02
2014.08.18 01:00:07.560,0.1951,0.19558,0.02,0.02
2014.08.18 01:00:08.375,0.19509,0.19557,0.02,0.02
2014.08.18 01:00:09.665,0.19509,0.19556,0.02,0.02
2014.08.18 01:00:10.202,0.19509,0.19557,0.02,0.02
2014.08.18 01:00:11.954,0.19509,0.19556,0.02,0.02
2014.08.18 01:00:12.515,0.19508,0.19558,0.02,0.02
2014.08.18 01:00:15.043,0.19508,0.19557,0.02,0.02
2014.08.18 01:00:16.348,0.19509,0.19559,0.02,0.02
2014.08.18 01:00:16.459,0.19511,0.19559,0.02,0.02
2014.08.18 01:00:16.783,0.19509,0.19559,0.02,0.02
2014.08.18 01:00:17.318,0.19508,0.19558,0.02,0.02
2014.08.18 01:00:17.368,0.19511,0.19559,0.02,0.02
2014.08.18 01:00:17.720,0.19508,0.19558,0.02,0.02
2014.08.18 01:00:18.422,0.19511,0.19559,0.02,0.02
2014.08.18 01:00:18.862,0.19509,0.19559,0.02,0.02
2014.08.18 01:00:19.444,0.19508,0.19558,0.02,0.02
2014.08.18 01:00:20.932,0.19509,0.19559,0.02,0.02
2014.08.18 01:00:21.372,0.19509,0.19556,0.02,0.02
2014.08.18 01:00:21.812,0.19508,0.19558,0.02,0.02
2014.08.18 01:00:22.032,0.1951,0.19558,0.02,0.02
2014.08.18 01:00:22.141,0.19508,0.19558,0.02,0.02
2014.08.18 01:00:22.724,0.19509,0.19559,0.02,0.02
2014.08.18 01:00:24.122,0.19509,0.19557,0.02,0.02
2014.08.18 01:00:27.150,0.19509,0.19556,0.02,0.02
2014.08.18 01:00:27.260,0.19508,0.19558,0.02,0.02
2014.08.18 01:00:28.740,0.19509,0.19556,0.02,0.02
2014.08.18 01:00:29.350,0.19508,0.19557,0.02,0.02
2014.08.18 01:00:30.120,0.19508,0.19558,0.02,0.02
2014.08.18 01:00:30.669,0.19508,0.19557,0.02,0.02
2014.08.18 01:00:31.299,0.19509,0.19557,0.02,0.02
2014.08.18 01:00:31.879,0.19508,0.19557,0.02,0.02
2014.08.18 01:00:32.649,0.19509,0.19557,0.02,0.02
2014.08.18 01:00:33.308,0.19508,0.19557,0.02,0.02
2014.08.18 01:00:35.028,0.19508,0.19558,0.02,0.02
2014.08.18 01:00:36.458,0.19508,0.19557,0.02,0.02
2014.08.18 01:00:37.036,0.19509,0.19557,0.02,0.02
2014.08.18 01:00:39.068,0.19508,0.19557,0.02,0.02
2014.08.18 01:00:39.960,0.19509,0.19557,0.02,0.02
2014.08.18 01:00:40.827,0.19508,0.19557,0.02,0.02
2014.08.18 01:00:41.390,0.19509,0.19557,0.02,0.02
2014.08.18 01:00:41.891,0.19508,0.19556,0.02,0.02
2014.08.18 01:00:41.941,0.19508,0.19558,0.02,0.02
2014.08.18 01:00:42.876,0.19509,0.19556,0.02,0.02
2014.08.18 01:00:43.667,0.19508,0.19558,0.02,0.02
2014.08.18 01:00:43.869,0.19509,0.19556,0.02,0.02
2014.08.18 01:00:43.969,0.19508,0.19558,0.02,0.02
2014.08.18 01:00:47.425,0.19509,0.19556,0.02,0.02
2014.08.18 01:00:48.605,0.19508,0.19558,0.02,0.02
2014.08.18 01:00:53.404,0.19509,0.19559,0.02,0.02
2014.08.18 01:00:54.085,0.1951,0.1956,0.02,0.02
2014.08.18 01:00:55.673,0.19509,0.19559,0.02,0.02
2014.08.18 01:00:56.303,0.19508,0.19558,0.02,0.02
2014.08.18 01:00:58.711,0.1951,0.19558,0.01,0.02
2014.08.18 01:00:59.042,0.19512,0.19562,0.02,0.02
2014.08.18 01:00:59.373,0.19514,0.19562,0.02,0.02
2014.08.18 01:00:59.592,0.19512,0.19562,0.02,0.02
2014.08.18 01:01:00.383,0.19513,0.19563,0.02,0.02
2014.08.18 01:01:04.831,0.19513,0.19561,0.02,0.02
2014.08.18 01:01:07.737,0.19512,0.19562,0.02,0.02
2014.08.18 01:01:08.143,0.19509,0.19557,0.02,0.02
2014.08.18 01:01:08.650,0.19508,0.19558,0.02,0.02
2014.08.18 01:01:09.295,0.19507,0.19557,0.02,0.02
2014.08.18 01:01:11.987,0.19508,0.19558,0.02,0.02
2014.08.18 01:01:13.369,0.19508,0.19556,0.02,0.02
2014.08.18 01:01:13.808,0.19508,0.19558,0.02,0.02
2014.08.18 01:01:14.998,0.19507,0.19557,0.02,0.02
2014.08.18 01:01:15.564,0.19508,0.19558,0.02,0.02
2014.08.18 01:01:17.928,0.19508,0.19556,0.02,0.02
2014.08.18 01:01:25.406,0.19509,0.19557,0.02,0.02
2014.08.18 01:01:26.413,0.19509,0.19559,0.02,0.02
2014.08.18 01:01:26.514,0.19511,0.19559,0.02,0.02
2014.08.18 01:01:26.925,0.19507,0.19557,0.02,0.02
2014.08.18 01:01:27.448,0.19508,0.19558,0.02,0.02
2014.08.18 01:01:28.441,0.19509,0.19559,0.02,0.02
2014.08.18 01:01:28.542,0.19511,0.19559,0.02,0.02
2014.08.18 01:01:29.099,0.1951,0.19558,0.02,0.02
2014.08.18 01:01:29.758,0.19509,0.19557,0.02,0.02
2014.08.18 01:01:30.420,0.1951,0.19558,0.02,0.02
2014.08.18 01:01:31.924,0.19509,0.19557,0.02,0.02
2014.08.18 01:01:32.396,0.19509,0.19559,0.02,0.02
2014.08.18 01:01:34.219,0.19508,0.19558,0.02,0.02
2014.08.18 01:01:34.320,0.1951,0.19558,0.02,0.02
2014.08.18 01:01:35.753,0.19508,0.19558,0.02,0.02
2014.08.18 01:01:36.413,0.19509,0.19559,0.02,0.02
2014.08.18 01:01:37.782,0.19511,0.19559,0.02,0.02
2014.08.18 01:01:38.342,0.1951,0.1956,0.02,0.02
2014.08.18 01:01:38.671,0.1951,0.19558,0.02,0.02
2014.08.18 01:01:40.222,0.1951,0.1956,0.02,0.02
2014.08.18 01:01:44.871,0.19511,0.19559,0.02,0.02
2014.08.18 01:01:45.021,0.19515,0.19563,0.02,0.02
2014.08.18 01:01:45.750,0.19513,0.19563,0.02,0.02
2014.08.18 01:01:46.883,0.19511,0.19559,0.02,0.02
2014.08.18 01:01:46.984,0.19513,0.19563,0.02,0.02
2014.08.18 01:01:47.060,0.19509,0.19557,0.02,0.02
2014.08.18 01:01:47.830,0.19509,0.19559,0.02,0.02
2014.08.18 01:01:48.606,0.19509,0.19557,0.02,0.02
2014.08.18 01:02:02.492,0.19512,0.1956,0.02,0.02
2014.08.18 01:02:02.896,0.19514,0.19564,0.02,0.02
2014.08.18 01:02:03.433,0.19515,0.19563,0.02,0.02
2014.08.18 01:02:04.536,0.19514,0.19562,0.02,0.02
2014.08.18 01:02:05.994,0.19513,0.19563,0.02,0.02
2014.08.18 01:02:08.565,0.19514,0.19564,0.02,0.02
2014.08.18 01:02:09.355,0.19514,0.19562,0.02,0.02
2014.08.18 01:02:13.388,0.19514,0.19564,0.02,0.02
2014.08.18 01:02:16.393,0.19513,0.19563,0.02,0.02
2014.08.18 01:02:16.503,0.19515,0.19563,0.02,0.02
2014.08.18 01:02:17.922,0.19514,0.19562,0.02,0.02
2014.08.18 01:02:20.520,0.19515,0.19563,0.02,0.02
2014.08.18 01:02:21.901,0.19514,0.19562,0.02,0.02
2014.08.18 01:02:22.121,0.19514,0.19564,0.02,0.02
2014.08.18 01:02:25.935,0.19514,0.19562,0.02,0.02
2014.08.18 01:02:26.925,0.19515,0.19563,0.02,0.02
2014.08.18 01:02:28.650,0.19514,0.19564,0.02,0.02
2014.08.18 01:02:29.199,0.19515,0.19563,0.02,0.02
2014.08.18 01:02:30.939,0.19513,0.19563,0.02,0.02
2014.08.18 01:02:32.359,0.19514,0.19562,0.02,0.02
2014.08.18 01:02:37.597,0.19513,0.19563,0.02,0.02
2014.08.18 01:02:38.404,0.19514,0.19564,0.02,0.02
2014.08.18 01:02:39.154,0.19515,0.19565,0.02,0.02
2014.08.18 01:02:39.763,0.19516,0.19566,0.02,0.02
2014.08.18 01:02:42.036,0.19518,0.19568,0.02,0.02
2014.08.18 01:02:42.586,0.19516,0.19564,0.02,0.02
2014.08.18 01:02:42.740,0.19514,0.19563,0.02,0.02
2014.08.18 01:02:42.941,0.19516,0.19566,0.02,0.02
2014.08.18 01:02:43.043,0.19518,0.19568,0.02,0.02
2014.08.18 01:02:43.786,0.19519,0.19567,0.02,0.02
2014.08.18 01:02:48.615,0.19518,0.19568,0.02,0.02
2014.08.18 01:02:49.264,0.19519,0.19567,0.02,0.02
2014.08.18 01:02:54.393,0.19518,0.19568,0.02,0.02
2014.08.18 01:02:56.695,0.19519,0.19567,0.02,0.02
2014.08.18 01:02:57.273,0.19518,0.19568,0.02,0.02
2014.08.18 01:02:58.422,0.19515,0.19565,0.03,0.02
2014.08.18 01:02:58.923,0.19514,0.19562,0.02,0.02
2014.08.18 01:02:59.452,0.19515,0.19563,0.02,0.02
2014.08.18 01:02:59.511,0.19515,0.19565,0.02,0.02
2014.08.18 01:03:00.092,0.19517,0.19565,0.02,0.02
2014.08.18 01:03:00.499,0.19511,0.1957,0.02,0.03
2014.08.18 01:03:00.650,0.19514,0.19562,0.02,0.02
2014.08.18 01:03:01.233,0.19513,0.19563,0.02,0.02
2014.08.18 01:03:02.441,0.19514,0.19564,0.02,0.02
2014.08.18 01:03:03.215,0.19515,0.19565,0.02,0.02
2014.08.18 01:03:03.551,0.19515,0.19563,0.02,0.02
2014.08.18 01:03:03.641,0.19512,0.19562,0.02,0.02
2014.08.18 01:03:04.081,0.19514,0.19564,0.02,0.02
2014.08.18 01:03:05.071,0.19513,0.19563,0.02,0.02
2014.08.18 01:03:06.083,0.19512,0.19562,0.02,0.02
2014.08.18 01:03:08.969,0.19513,0.19563,0.02,0.02
2014.08.18 01:03:09.486,0.19514,0.19564,0.02,0.02
2014.08.18 01:03:13.555,0.19516,0.19564,0.02,0.02
2014.08.18 01:03:13.962,0.19513,0.19563,0.02,0.02
2014.08.18 01:03:14.178,0.19513,0.19561,0.02,0.02
2014.08.18 01:03:20.657,0.19514,0.19562,0.02,0.02
2014.08.18 01:03:21.022,0.19512,0.19562,0.02,0.02
2014.08.18 01:03:21.701,0.19513,0.19563,0.02,0.02
2014.08.18 01:03:22.606,0.19512,0.19562,0.02,0.02
2014.08.18 01:03:23.676,0.19513,0.19563,0.02,0.02
2014.08.18 01:03:25.876,0.19512,0.19562,0.02,0.02
2014.08.18 01:03:26.077,0.19514,0.19562,0.02,0.02
2014.08.18 01:03:27.474,0.19512,0.19562,0.02,0.02
2014.08.18 01:03:28.454,0.19513,0.19563,0.02,0.02
2014.08.18 01:03:29.052,0.19513,0.19561,0.02,0.02
2014.08.18 01:03:29.675,0.19513,0.19563,0.02,0.02
2014.08.18 01:03:30.414,0.19513,0.19561,0.02,0.02
2014.08.18 01:03:30.527,0.19513,0.19563,0.02,0.02
2014.08.18 01:03:31.530,0.19512,0.19562,0.02,0.02
2014.08.18 01:03:32.844,0.19513,0.19563,0.02,0.02
2014.08.18 01:03:33.356,0.19512,0.19562,0.02,0.02
2014.08.18 01:03:33.663,0.19514,0.19562,0.02,0.02
2014.08.18 01:03:33.883,0.19512,0.19562,0.02,0.02
2014.08.18 01:03:34.458,0.19509,0.19559,0.02,0.02
2014.08.18 01:03:34.963,0.19511,0.19559,0.02,0.02
2014.08.18 01:03:35.518,0.19512,0.1956,0.02,0.02
2014.08.18 01:03:35.870,0.1951,0.1956,0.02,0.02
2014.08.18 01:03:35.971,0.1951,0.19558,0.02,0.02
2014.08.18 01:03:36.392,0.19511,0.19561,0.02,0.02
2014.08.18 01:03:36.547,0.19511,0.19559,0.02,0.02
2014.08.18 01:03:37.101,0.19512,0.1956,0.02,0.02
2014.08.18 01:03:37.602,0.19511,0.19561,0.02,0.02
2014.08.18 01:03:37.932,0.19509,0.19559,0.02,0.02
2014.08.18 01:03:38.462,0.19511,0.19559,0.02,0.02
2014.08.18 01:03:38.588,0.19511,0.19561,0.02,0.02
2014.08.18 01:03:38.917,0.19509,0.19559,0.02,0.02
2014.08.18 01:03:39.443,0.19511,0.19561,0.02,0.02
2014.08.18 01:03:40.431,0.19509,0.19559,0.02,0.02
2014.08.18 01:03:45.380,0.19508,0.19558,0.02,0.02
2014.08.18 01:03:45.920,0.19509,0.19559,0.02,0.02
2014.08.18 01:03:48.079,0.19509,0.19557,0.02,0.02
2014.08.18 01:03:49.829,0.1951,0.19558,0.02,0.02
2014.08.18 01:03:52.483,0.19508,0.19556,0.02,0.02
2014.08.18 01:03:53.063,0.19509,0.19557,0.02,0.02
2014.08.18 01:03:53.208,0.19507,0.19557,0.02,0.02
2014.08.18 01:03:57.473,0.19508,0.19556,0.02,0.02
2014.08.18 01:03:57.665,0.19508,0.19558,0.02,0.02
2014.08.18 01:04:05.469,0.19511,0.19559,0.02,0.02
2014.08.18 01:04:06.005,0.1951,0.1956,0.02,0.02
2014.08.18 01:04:06.530,0.19511,0.19559,0.02,0.02
2014.08.18 01:04:06.580,0.19508,0.19558,0.02,0.02
2014.08.18 01:04:07.130,0.1951,0.19558,0.02,0.02
2014.08.18 01:04:10.421,0.19509,0.19557,0.02,0.02
2014.08.18 01:04:10.614,0.19507,0.19557,0.02,0.02
2014.08.18 01:04:11.224,0.19508,0.19558,0.02,0.02
2014.08.18 01:04:11.494,0.19508,0.19556,0.02,0.02
2014.08.18 01:04:12.194,0.19507,0.19557,0.02,0.02
2014.08.18 01:04:12.872,0.19508,0.19558,0.02,0.02
2014.08.18 01:04:13.455,0.19508,0.19556,0.02,0.02
2014.08.18 01:04:14.111,0.19509,0.19557,0.02,0.02
2014.08.18 01:04:14.162,0.19507,0.19557,0.02,0.02
2014.08.18 01:04:17.410,0.19504,0.19554,0.02,0.02
2014.08.18 01:04:17.824,0.19504,0.19552,0.02,0.02
2014.08.18 01:04:21.681,0.19503,0.19553,0.02,0.02
2014.08.18 01:04:24.861,0.19502,0.19552,0.02,0.02
2014.08.18 01:04:26.828,0.19503,0.19553,0.02,0.02
2014.08.18 01:04:29.519,0.19502,0.19552,0.02,0.02
2014.08.18 01:04:30.038,0.19503,0.19553,0.02,0.02
2014.08.18 01:04:30.558,0.19502,0.19552,0.02,0.02
2014.08.18 01:04:34.858,0.19503,0.19553,0.02,0.02
2014.08.18 01:04:35.297,0.19499,0.19549,0.02,0.02
2014.08.18 01:04:35.805,0.19498,0.19548,0.02,0.02
2014.08.18 01:04:38.392,0.19501,0.19551,0.02,0.02
2014.08.18 01:04:38.917,0.19503,0.19553,0.02,0.02
2014.08.18 01:04:39.282,0.19501,0.19551,0.02,0.02
2014.08.18 01:04:40.041,0.19501,0.19549,0.02,0.02
2014.08.18 01:04:40.116,0.19502,0.19552,0.02,0.02
2014.08.18 01:04:40.344,0.19504,0.19552,0.02,0.02
2014.08.18 01:04:40.847,0.19502,0.1955,0.02,0.02
2014.08.18 01:04:40.998,0.19497,0.19547,0.02,0.02
2014.08.18 01:04:45.435,0.19499,0.19549,0.02,0.02
2014.08.18 01:04:46.215,0.195,0.1955,0.02,0.02
2014.08.18 01:04:47.854,0.19498,0.19548,0.02,0.02
2014.08.18 01:04:48.612,0.19498,0.19546,0.02,0.02
2014.08.18 01:04:50.519,0.19496,0.19546,0.03,0.02
2014.08.18 01:04:50.620,0.19499,0.19547,0.02,0.02
2014.08.18 01:04:50.724,0.19493,0.19543,0.02,0.02
2014.08.18 01:04:51.080,0.19496,0.19544,0.02,0.02
2014.08.18 01:04:51.923,0.19495,0.19543,0.02,0.02
2014.08.18 01:04:52.394,0.19493,0.19541,0.02,0.02
2014.08.18 01:04:53.149,0.19492,0.19542,0.02,0.02
2014.08.18 01:04:53.983,0.19493,0.19543,0.02,0.02
2014.08.18 01:04:54.533,0.19492,0.19542,0.02,0.02
2014.08.18 01:04:54.894,0.19488,0.19536,0.02,0.02
2014.08.18 01:04:55.231,0.19488,0.19538,0.02,0.02
2014.08.18 01:04:55.422,0.19488,0.19536,0.02,0.02
2014.08.18 01:04:56.831,0.19489,0.19537,0.02,0.02
2014.08.18 01:04:56.927,0.19487,0.19537,0.02,0.02
2014.08.18 01:04:57.362,0.19489,0.19537,0.02,0.02
2014.08.18 01:04:57.899,0.19488,0.19536,0.02,0.02
2014.08.18 01:04:58.054,0.19483,0.19533,0.02,0.02
2014.08.18 01:04:58.154,0.1948,0.1953,0.02,0.02
2014.08.18 01:04:58.489,0.19477,0.19527,0.02,0.02
2014.08.18 01:04:58.832,0.19476,0.19524,0.02,0.02
2014.08.18 01:04:59.342,0.19477,0.19527,0.02,0.02
2014.08.18 01:04:59.891,0.19478,0.19528,0.02,0.02
2014.08.18 01:05:00.413,0.19479,0.19527,0.02,0.02
2014.08.18 01:05:00.881,0.19476,0.19524,0.02,0.02
2014.08.18 01:05:01.123,0.19477,0.19527,0.02,0.02
2014.08.18 01:05:01.644,0.19478,0.19526,0.02,0.02
2014.08.18 01:05:01.900,0.19478,0.19528,0.02,0.02
2014.08.18 01:05:02.293,0.19478,0.19526,0.02,0.02
2014.08.18 01:05:02.862,0.19477,0.19527,0.02,0.02
2014.08.18 01:05:03.503,0.19478,0.19528,0.02,0.02
2014.08.18 01:05:04.373,0.19478,0.19526,0.02,0.02
2014.08.18 01:05:05.143,0.19473,0.19521,0.02,0.02
2014.08.18 01:05:05.363,0.19473,0.19523,0.02,0.02
2014.08.18 01:05:07.012,0.19476,0.19524,0.02,0.02
2014.08.18 01:05:07.232,0.19473,0.19523,0.02,0.02
2014.08.18 01:05:07.342,0.19477,0.19524,0.02,0.02
2014.08.18 01:05:07.493,0.19478,0.19528,0.02,0.02
2014.08.18 01:05:10.417,0.19479,0.19527,0.02,0.02
2014.08.18 01:05:10.961,0.19478,0.19528,0.02,0.02
2014.08.18 01:05:12.041,0.19479,0.19527,0.02,0.02
2014.08.18 01:05:12.628,0.19478,0.19528,0.02,0.02
2014.08.18 01:05:13.360,0.19479,0.19527,0.02,0.02
2014.08.18 01:05:13.900,0.19478,0.19528,0.02,0.02
2014.08.18 01:05:18.779,0.19479,0.19527,0.02,0.02
2014.08.18 01:05:19.419,0.19478,0.19528,0.02,0.02
2014.08.18 01:05:19.758,0.19474,0.19522,0.02,0.02
2014.08.18 01:05:20.079,0.19474,0.19524,0.02,0.02
2014.08.18 01:05:20.738,0.19475,0.19525,0.02,0.02
2014.08.18 01:05:21.001,0.19473,0.19523,0.02,0.02
2014.08.18 01:05:22.358,0.19475,0.19525,0.02,0.02
2014.08.18 01:05:22.688,0.19472,0.19522,0.02,0.02
2014.08.18 01:05:23.166,0.19474,0.19522,0.02,0.02
2014.08.18 01:05:26.717,0.19474,0.19524,0.02,0.02
2014.08.18 01:05:26.982,0.19474,0.19522,0.02,0.02
2014.08.18 01:05:27.185,0.19475,0.19525,0.02,0.02
2014.08.18 01:05:27.288,0.19475,0.19523,0.02,0.02
2014.08.18 01:05:27.377,0.19473,0.19523,0.02,0.02
2014.08.18 01:05:27.951,0.19474,0.19522,0.02,0.02
2014.08.18 01:05:29.008,0.19473,0.19523,0.02,0.02
2014.08.18 01:05:29.886,0.19474,0.19522,0.02,0.02
2014.08.18 01:05:33.067,0.19473,0.19523,0.02,0.02
2014.08.18 01:05:33.705,0.19474,0.19521,0.02,0.02
2014.08.18 01:05:36.495,0.19473,0.19523,0.02,0.02
2014.08.18 01:05:38.014,0.19473,0.19522,0.02,0.02
2014.08.18 01:05:38.526,0.19473,0.19523,0.02,0.02
2014.08.18 01:05:39.470,0.19474,0.19521,0.02,0.02
2014.08.18 01:05:39.974,0.19473,0.19523,0.02,0.02
2014.08.18 01:05:40.514,0.19474,0.19522,0.02,0.02
2014.08.18 01:05:40.969,0.19475,0.19525,0.02,0.02
2014.08.18 01:05:41.223,0.19479,0.19527,0.02,0.02
2014.08.18 01:05:41.653,0.19474,0.19524,0.02,0.02
2014.08.18 01:05:41.843,0.19474,0.19522,0.02,0.02
2014.08.18 01:05:42.390,0.19473,0.19522,0.02,0.02
2014.08.18 01:05:43.383,0.19474,0.19522,0.02,0.02
2014.08.18 01:05:44.563,0.19474,0.19521,0.02,0.02
2014.08.18 01:05:46.421,0.19474,0.19524,0.02,0.02
2014.08.18 01:05:46.938,0.19472,0.19522,0.02,0.02
2014.08.18 01:05:47.610,0.19473,0.19523,0.02,0.02
2014.08.18 01:05:49.358,0.19473,0.19521,0.02,0.02
2014.08.18 01:05:49.966,0.19472,0.19522,0.02,0.02
2014.08.18 01:05:52.360,0.19473,0.19523,0.02,0.02
2014.08.18 01:05:54.740,0.19473,0.19521,0.02,0.02
2014.08.18 01:06:00.265,0.19473,0.19523,0.02,0.02
2014.08.18 01:06:00.580,0.19479,0.19527,0.02,0.02
2014.08.18 01:06:00.911,0.19474,0.19524,0.02,0.02
2014.08.18 01:06:01.128,0.19476,0.19524,0.02,0.02
2014.08.18 01:06:02.027,0.19477,0.19525,0.02,0.02
2014.08.18 01:06:02.108,0.19478,0.19528,0.02,0.02
2014.08.18 01:06:02.328,0.19478,0.19526,0.02,0.02
2014.08.18 01:06:02.841,0.19477,0.19527,0.02,0.02
2014.08.18 01:06:04.388,0.19478,0.19528,0.02,0.02
2014.08.18 01:06:05.408,0.19476,0.19524,0.02,0.02
2014.08.18 01:06:05.515,0.19476,0.19526,0.02,0.02
2014.08.18 01:06:05.816,0.19478,0.19528,0.02,0.02
2014.08.18 01:06:07.556,0.19478,0.19526,0.02,0.02
2014.08.18 01:06:07.776,0.19475,0.19525,0.02,0.02
2014.08.18 01:06:07.887,0.19474,0.19522,0.02,0.02
2014.08.18 01:06:08.454,0.19473,0.19523,0.02,0.02
2014.08.18 01:06:09.966,0.19472,0.19522,0.02,0.02
2014.08.18 01:06:10.485,0.19473,0.19521,0.04,0.02
2014.08.18 01:06:10.636,0.19476,0.19526,0.02,0.02
2014.08.18 01:06:10.736,0.19479,0.19527,0.02,0.02
2014.08.18 01:06:10.946,0.19477,0.19527,0.02,0.02
2014.08.18 01:06:11.427,0.19475,0.19523,0.02,0.02
2014.08.18 01:06:11.536,0.19473,0.19523,0.02,0.02
2014.08.18 01:06:11.637,0.19477,0.19525,0.02,0.02
2014.08.18 01:06:11.838,0.19478,0.19528,0.02,0.02
2014.08.18 01:06:12.266,0.19473,0.19523,0.02,0.02
2014.08.18 01:06:14.535,0.19474,0.19522,0.02,0.02
2014.08.18 01:06:16.428,0.19474,0.19524,0.02,0.02
2014.08.18 01:06:16.529,0.19477,0.19525,0.02,0.02
2014.08.18 01:06:16.834,0.19477,0.19527,0.02,0.02
2014.08.18 01:06:16.944,0.19472,0.19522,0.04,0.02
2014.08.18 01:06:17.914,0.19473,0.19523,0.02,0.02
2014.08.18 01:06:21.593,0.19472,0.19522,0.02,0.02
2014.08.18 01:06:23.113,0.19473,0.19523,0.02,0.02
2014.08.18 01:06:23.882,0.19473,0.19521,0.02,0.02
2014.08.18 01:06:25.512,0.19474,0.19522,0.02,0.02
2014.08.18 01:06:26.052,0.19471,0.19521,0.04,0.02
2014.08.18 01:06:26.162,0.19471,0.19519,0.04,0.02
2014.08.18 01:06:26.431,0.19473,0.19523,0.02,0.02
2014.08.18 01:06:26.602,0.19473,0.19521,0.02,0.02
2014.08.18 01:06:27.294,0.19474,0.19522,0.02,0.02
2014.08.18 01:06:27.911,0.19472,0.19522,0.02,0.02
2014.08.18 01:06:30.645,0.19473,0.19523,0.02,0.02
2014.08.18 01:06:31.964,0.19473,0.19521,0.02,0.02
2014.08.18 01:06:32.061,0.19473,0.19523,0.02,0.02
2014.08.18 01:06:32.575,0.19474,0.19522,0.02,0.02
2014.08.18 01:06:32.955,0.19472,0.19522,0.02,0.02
2014.08.18 01:06:33.380,0.19479,0.19527,0.02,0.02
2014.08.18 01:06:34.150,0.19473,0.19521,0.02,0.02
2014.08.18 01:06:34.710,0.19474,0.19522,0.02,0.02
2014.08.18 01:06:36.966,0.19472,0.19522,0.02,0.02
2014.08.18 01:06:37.069,0.19474,0.19522,0.02,0.02
2014.08.18 01:06:38.379,0.19472,0.19522,0.02,0.02
2014.08.18 01:06:38.709,0.19474,0.19522,0.02,0.02
2014.08.18 01:06:39.369,0.19473,0.19521,0.02,0.02
2014.08.18 01:06:39.683,0.19469,0.19519,0.02,0.02
2014.08.18 01:06:39.788,0.19472,0.19522,0.02,0.02
2014.08.18 01:06:40.118,0.19474,0.19522,0.02,0.02
2014.08.18 01:06:40.449,0.19469,0.19519,0.02,0.02
2014.08.18 01:06:40.668,0.19471,0.19519,0.02,0.02
2014.08.18 01:06:40.927,0.19471,0.19521,0.02,0.02
2014.08.18 01:06:41.438,0.19474,0.19522,0.02,0.02
2014.08.18 01:06:42.874,0.19472,0.19522,0.02,0.02
2014.08.18 01:06:43.849,0.19474,0.19522,0.02,0.02
2014.08.18 01:06:43.949,0.19472,0.19522,0.02,0.02
2014.08.18 01:06:44.050,0.19467,0.19517,0.02,0.02
2014.08.18 01:06:47.840,0.19468,0.19518,0.02,0.02
2014.08.18 01:06:48.450,0.19468,0.19516,0.02,0.02
2014.08.18 01:06:51.437,0.19468,0.19518,0.02,0.02
2014.08.18 01:06:52.395,0.19467,0.19517,0.02,0.02
2014.08.18 01:06:54.365,0.19468,0.19518,0.02,0.02
2014.08.18 01:06:55.125,0.19467,0.19517,0.02,0.02
2014.08.18 01:06:55.664,0.19468,0.19518,0.02,0.02
2014.08.18 01:06:56.434,0.19468,0.19516,0.02,0.02
2014.08.18 01:06:58.933,0.19469,0.19517,0.02,0.02
2014.08.18 01:06:59.392,0.19467,0.19517,0.02,0.02
2014.08.18 01:07:00.235,0.19468,0.19518,0.02,0.02
2014.08.18 01:07:01.863,0.19468,0.19516,0.02,0.02
2014.08.18 01:07:03.383,0.19468,0.19518,0.02,0.02
2014.08.18 01:07:04.362,0.19468,0.19516,0.02,0.02
2014.08.18 01:07:04.912,0.19468,0.19518,0.02,0.02
2014.08.18 01:07:06.039,0.19473,0.19523,0.02,0.02
2014.08.18 01:07:06.432,0.19467,0.19517,0.02,0.02
2014.08.18 01:07:06.956,0.19468,0.19518,0.02,0.02
2014.08.18 01:07:08.635,0.19467,0.19517,0.02,0.02
2014.08.18 01:07:09.245,0.19468,0.19518,0.02,0.02
2014.08.18 01:07:09.779,0.19467,0.19517,0.02,0.02
2014.08.18 01:07:11.049,0.19471,0.19517,0.02,0.02
2014.08.18 01:07:11.121,0.19473,0.19523,0.02,0.02
2014.08.18 01:07:13.860,0.19474,0.19524,0.02,0.02
2014.08.18 01:07:14.217,0.19474,0.19522,0.02,0.02
2014.08.18 01:07:14.630,0.19474,0.19524,0.02,0.02
2014.08.18 01:07:17.373,0.19473,0.19523,0.02,0.02
2014.08.18 01:07:17.989,0.19474,0.19524,0.02,0.02
2014.08.18 01:07:18.419,0.19474,0.19522,0.02,0.02
2014.08.18 01:07:18.889,0.19474,0.19524,0.02,0.02
2014.08.18 01:07:18.999,0.19476,0.19524,0.02,0.02
2014.08.18 01:07:20.089,0.19479,0.19527,0.02,0.02
2014.08.18 01:07:20.668,0.19478,0.19528,0.02,0.02
2014.08.18 01:07:23.877,0.19479,0.19526,0.02,0.02
2014.08.18 01:07:24.097,0.19478,0.19528,0.02,0.02
2014.08.18 01:07:25.426,0.19479,0.19526,0.02,0.02
2014.08.18 01:07:29.420,0.19478,0.19528,0.02,0.02
2014.08.18 01:07:30.516,0.19478,0.19527,0.02,0.02
2014.08.18 01:07:31.485,0.19479,0.19527,0.02,0.02
2014.08.18 01:07:32.145,0.19478,0.19526,0.02,0.02
2014.08.18 01:07:35.688,0.19477,0.19527,0.02,0.02
2014.08.18 01:07:35.755,0.19476,0.19524,0.02,0.02
2014.08.18 01:07:35.974,0.19478,0.19528,0.02,0.02
2014.08.18 01:07:36.084,0.19479,0.19526,0.02,0.02
2014.08.18 01:07:36.194,0.19478,0.19528,0.02,0.02
2014.08.18 01:07:36.304,0.19476,0.19524,0.02,0.02
2014.08.18 01:07:36.972,0.19477,0.19525,0.02,0.02
2014.08.18 01:07:38.713,0.19478,0.19528,0.02,0.02
2014.08.18 01:07:40.123,0.19478,0.19527,0.02,0.02
2014.08.18 01:07:40.833,0.19479,0.19526,0.02,0.02
2014.08.18 01:07:43.408,0.19478,0.19528,0.02,0.02
2014.08.18 01:07:46.549,0.19478,0.19527,0.02,0.02
2014.08.18 01:07:47.205,0.19478,0.19528,0.02,0.02
2014.08.18 01:07:48.932,0.19482,0.1953,0.02,0.02
2014.08.18 01:07:49.033,0.19483,0.19533,0.02,0.02
2014.08.18 01:07:49.896,0.19483,0.19532,0.02,0.02
2014.08.18 01:07:50.442,0.19477,0.19527,0.02,0.02
2014.08.18 01:07:51.167,0.19478,0.19528,0.02,0.02
2014.08.18 01:07:51.970,0.19477,0.19527,0.02,0.02
2014.08.18 01:07:52.410,0.19484,0.19532,0.02,0.02
2014.08.18 01:07:52.630,0.19482,0.19532,0.02,0.02
2014.08.18 01:07:53.147,0.19483,0.19533,0.02,0.02
2014.08.18 01:07:57.979,0.19483,0.19531,0.02,0.02
2014.08.18 01:07:58.508,0.19483,0.19533,0.02,0.02
2014.08.18 01:07:58.948,0.19483,0.19531,0.02,0.02
2014.08.18 01:07:59.499,0.19483,0.19533,0.02,0.02
2014.08.18 01:08:01.988,0.19485,0.19533,0.02,0.02
2014.08.18 01:08:02.225,0.19483,0.19533,0.02,0.02
2014.08.18 01:08:02.443,0.19486,0.19534,0.02,0.02
2014.08.18 01:08:02.773,0.19483,0.19533,0.02,0.02
2014.08.18 01:08:04.398,0.19482,0.19532,0.02,0.02
2014.08.18 01:08:05.459,0.19485,0.19533,0.02,0.02
2014.08.18 01:08:05.862,0.19488,0.19536,0.02,0.02
2014.08.18 01:08:05.912,0.19488,0.19538,0.02,0.02
2014.08.18 01:08:06.007,0.19488,0.19536,0.02,0.02
2014.08.18 01:08:06.117,0.19488,0.19538,0.02,0.02
2014.08.18 01:08:06.689,0.19487,0.19537,0.02,0.02
2014.08.18 01:08:07.316,0.19486,0.19534,0.02,0.02
2014.08.18 01:08:07.888,0.19485,0.19533,0.02,0.02
2014.08.18 01:08:08.432,0.19483,0.19531,0.02,0.02
2014.08.18 01:08:08.666,0.19483,0.19533,0.02,0.02
2014.08.18 01:08:09.516,0.19486,0.19536,0.02,0.02
2014.08.18 01:08:11.037,0.19485,0.19534,0.02,0.02
2014.08.18 01:08:11.401,0.19484,0.19532,0.02,0.02
2014.08.18 01:08:11.504,0.19484,0.19534,0.02,0.02
2014.08.18 01:08:12.445,0.19485,0.19535,0.02,0.02
2014.08.18 01:08:13.105,0.19486,0.19534,0.02,0.02
2014.08.18 01:08:13.460,0.19484,0.19532,0.02,0.02
2014.08.18 01:08:13.545,0.19482,0.19532,0.02,0.02
2014.08.18 01:08:14.095,0.19483,0.19533,0.02,0.02
2014.08.18 01:08:15.085,0.19483,0.19532,0.02,0.02
2014.08.18 01:08:15.734,0.19484,0.19532,0.02,0.02
2014.08.18 01:08:16.494,0.19484,0.19531,0.02,0.02
2014.08.18 01:08:17.044,0.19483,0.19533,0.02,0.02
2014.08.18 01:08:17.581,0.19484,0.19532,0.02,0.02
2014.08.18 01:08:23.063,0.19483,0.19532,0.02,0.02
2014.08.18 01:08:23.612,0.19477,0.19527,0.02,0.02
2014.08.18 01:08:24.182,0.19478,0.19528,0.02,0.02
2014.08.18 01:08:24.372,0.19479,0.19526,0.02,0.02
2014.08.18 01:08:25.912,0.19478,0.19528,0.02,0.02
2014.08.18 01:08:29.516,0.19477,0.19527,0.02,0.02
2014.08.18 01:08:41.888,0.19478,0.19528,0.02,0.02
2014.08.18 01:08:43.837,0.19479,0.19527,0.02,0.02
2014.08.18 01:08:45.487,0.19479,0.19526,0.02,0.02
2014.08.18 01:08:45.597,0.19478,0.19528,0.02,0.02
2014.08.18 01:08:48.001,0.19484,0.19532,0.02,0.02
2014.08.18 01:08:48.186,0.19477,0.19527,0.02,0.02
2014.08.18 01:08:50.366,0.19479,0.19527,0.02,0.02
2014.08.18 01:08:50.915,0.19483,0.19533,0.02,0.02
2014.08.18 01:08:51.235,0.19477,0.19527,0.02,0.02
2014.08.18 01:08:51.889,0.19478,0.19528,0.02,0.02
2014.08.18 01:08:53.558,0.1948,0.19528,0.02,0.02
2014.08.18 01:08:53.864,0.19478,0.19528,0.02,0.02
2014.08.18 01:09:10.455,0.1948,0.19528,0.02,0.02
2014.08.18 01:09:10.781,0.19478,0.19527,0.02,0.02
2014.08.18 01:09:11.395,0.19478,0.19528,0.02,0.02
2014.08.18 01:09:15.859,0.1948,0.1953,0.02,0.02
2014.08.18 01:09:16.346,0.19483,0.19533,0.02,0.02
2014.08.18 01:09:16.677,0.19478,0.19528,0.02,0.02
2014.08.18 01:09:17.336,0.19479,0.19527,0.02,0.02
2014.08.18 01:09:18.448,0.19478,0.19527,0.02,0.02
2014.08.18 01:09:18.989,0.19479,0.19527,0.02,0.02
2014.08.18 01:09:25.647,0.19478,0.19528,0.02,0.02
2014.08.18 01:09:40.003,0.19479,0.19527,0.02,0.02
2014.08.18 01:09:44.232,0.19476,0.19525,0.02,0.02
2014.08.18 01:09:44.382,0.19473,0.19523,0.02,0.02
2014.08.18 01:09:44.785,0.19476,0.19524,0.02,0.02
2014.08.18 01:09:44.992,0.19478,0.19528,0.02,0.02
2014.08.18 01:09:45.725,0.19478,0.19527,0.02,0.02
2014.08.18 01:09:46.535,0.19476,0.19523,0.02,0.02
2014.08.18 01:09:46.686,0.19475,0.19525,0.02,0.02
2014.08.18 01:09:47.215,0.19478,0.19528,0.02,0.02
2014.08.18 01:09:48.103,0.19478,0.19527,0.02,0.02
2014.08.18 01:09:49.241,0.19479,0.19527,0.02,0.02
2014.08.18 01:09:55.529,0.19478,0.19528,0.02,0.02
2014.08.18 01:09:56.285,0.19477,0.19527,0.02,0.02
2014.08.18 01:10:01.073,0.19479,0.19527,0.02,0.02
2014.08.18 01:10:02.595,0.19478,0.19528,0.02,0.02
2014.08.18 01:10:02.979,0.19478,0.19526,0.02,0.02
2014.08.18 01:10:03.529,0.19478,0.19528,0.02,0.02
2014.08.18 01:10:04.179,0.19479,0.19527,0.02,0.02
2014.08.18 01:10:04.967,0.19478,0.19526,0.02,0.02
2014.08.18 01:10:05.778,0.19478,0.19528,0.02,0.02
2014.08.18 01:10:06.899,0.19477,0.19527,0.02,0.02
2014.08.18 01:10:07.298,0.19479,0.19527,0.02,0.02
2014.08.18 01:10:09.487,0.19477,0.19527,0.02,0.02
2014.08.18 01:10:12.412,0.19479,0.19527,0.02,0.02
2014.08.18 01:10:12.737,0.19477,0.19527,0.02,0.02
2014.08.18 01:10:13.926,0.19478,0.19528,0.02,0.02
2014.08.18 01:10:14.161,0.19478,0.19526,0.02,0.02
2014.08.18 01:10:14.770,0.19479,0.19527,0.02,0.02
2014.08.18 01:10:15.926,0.19478,0.19526,0.02,0.02
2014.08.18 01:10:15.996,0.19473,0.19523,0.02,0.02
2014.08.18 01:10:16.140,0.19475,0.19523,0.02,0.02
2014.08.18 01:10:16.751,0.19476,0.19524,0.02,0.02
2014.08.18 01:10:16.875,0.19474,0.19524,0.02,0.02
2014.08.18 01:10:17.462,0.19476,0.19524,0.02,0.02
2014.08.18 01:10:17.956,0.19474,0.19523,0.02,0.02
2014.08.18 01:10:19.025,0.19474,0.19524,0.02,0.02
2014.08.18 01:10:19.905,0.19475,0.19522,0.02,0.02
2014.08.18 01:10:20.125,0.19473,0.19523,0.02,0.02
2014.08.18 01:10:20.235,0.19475,0.19523,0.02,0.02
2014.08.18 01:10:21.449,0.19473,0.19523,0.02,0.02
2014.08.18 01:10:22.648,0.19474,0.19522,0.02,0.02
2014.08.18 01:10:23.352,0.19473,0.19521,0.02,0.02
2014.08.18 01:10:23.414,0.19473,0.19523,0.02,0.02
2014.08.18 01:10:23.530,0.19473,0.19521,0.02,0.02
2014.08.18 01:10:24.174,0.19472,0.19522,0.02,0.02
2014.08.18 01:10:24.503,0.19474,0.19524,0.02,0.02
2014.08.18 01:10:25.004,0.19475,0.19523,0.02,0.02
2014.08.18 01:10:25.934,0.19473,0.19523,0.02,0.02
2014.08.18 01:10:27.364,0.19473,0.19521,0.02,0.02
2014.08.18 01:10:27.473,0.19473,0.19523,0.02,0.02
2014.08.18 01:10:28.357,0.19473,0.19521,0.02,0.02
2014.08.18 01:10:28.807,0.19474,0.19524,0.02,0.02
2014.08.18 01:10:29.122,0.19474,0.19522,0.02,0.02
2014.08.18 01:10:29.552,0.19476,0.19524,0.02,0.02
2014.08.18 01:10:33.462,0.19475,0.19525,0.02,0.02
2014.08.18 01:10:34.011,0.19475,0.19523,0.02,0.02
2014.08.18 01:10:34.121,0.19475,0.19525,0.02,0.02
2014.08.18 01:10:38.256,0.19476,0.19526,0.02,0.02
2014.08.18 01:10:38.360,0.19479,0.19527,0.02,0.02
2014.08.18 01:10:38.904,0.19474,0.19524,0.02,0.02
2014.08.18 01:10:40.016,0.19477,0.19527,0.02,0.02
2014.08.18 01:10:40.521,0.19479,0.19527,0.02,0.02
2014.08.18 01:10:40.571,0.19477,0.19527,0.02,0.02
2014.08.18 01:10:43.009,0.19479,0.19527,0.02,0.02
2014.08.18 01:10:45.298,0.19478,0.19526,0.02,0.02
2014.08.18 01:10:45.854,0.19477,0.19525,0.02,0.02
2014.08.18 01:10:45.956,0.19472,0.19522,0.02,0.02
2014.08.18 01:10:47.174,0.19473,0.19523,0.02,0.02
2014.08.18 01:10:48.494,0.19472,0.19522,0.02,0.02
2014.08.18 01:10:49.104,0.19473,0.19523,0.02,0.02
2014.08.18 01:10:49.811,0.19473,0.19521,0.02,0.02
2014.08.18 01:10:49.907,0.19473,0.19523,0.02,0.02
2014.08.18 01:10:51.577,0.19471,0.19521,0.02,0.02
2014.08.18 01:10:51.896,0.19474,0.19522,0.02,0.02
2014.08.18 01:10:52.006,0.19472,0.19522,0.02,0.02
2014.08.18 01:10:52.125,0.19469,0.19519,0.02,0.02
2014.08.18 01:10:52.546,0.19473,0.19521,0.02,0.02
2014.08.18 01:10:52.656,0.19473,0.19523,0.02,0.02
2014.08.18 01:10:52.876,0.19473,0.19521,0.02,0.02
2014.08.18 01:10:54.295,0.19474,0.19522,0.02,0.02
2014.08.18 01:10:54.606,0.19471,0.19519,0.02,0.02
2014.08.18 01:10:54.765,0.19472,0.19522,0.02,0.02
2014.08.18 01:10:55.503,0.1947,0.19518,0.02,0.02
2014.08.18 01:10:56.025,0.1947,0.1952,0.02,0.02
2014.08.18 01:10:56.695,0.19469,0.19519,0.02,0.02
2014.08.18 01:10:57.230,0.19468,0.19518,0.02,0.02
2014.08.18 01:10:57.455,0.1947,0.19518,0.02,0.02
2014.08.18 01:10:57.545,0.19473,0.19523,0.02,0.02
2014.08.18 01:10:58.196,0.19472,0.19522,0.02,0.02
2014.08.18 01:10:58.515,0.19469,0.19517,0.02,0.02
2014.08.18 01:10:58.776,0.19467,0.19517,0.02,0.02
2014.08.18 01:10:59.334,0.19468,0.19518,0.02,0.02
2014.08.18 01:10:59.995,0.19467,0.19517,0.02,0.02
2014.08.18 01:11:01.986,0.19464,0.19514,0.02,0.02
2014.08.18 01:11:02.458,0.19467,0.19515,0.02,0.02
2014.08.18 01:11:02.524,0.19465,0.19515,0.02,0.02
2014.08.18 01:11:02.634,0.19469,0.19517,0.02,0.02
2014.08.18 01:11:02.744,0.19467,0.19517,0.02,0.02
2014.08.18 01:11:03.284,0.19468,0.19518,0.02,0.02
2014.08.18 01:11:04.823,0.19465,0.19513,0.02,0.02
2014.08.18 01:11:05.373,0.19468,0.19518,0.02,0.02
2014.08.18 01:11:05.526,0.19462,0.19512,0.02,0.02
2014.08.18 01:11:06.268,0.19463,0.19513,0.02,0.02
2014.08.18 01:11:06.598,0.19463,0.19511,0.02,0.02
2014.08.18 01:11:07.133,0.19463,0.19513,0.02,0.02
2014.08.18 01:11:11.711,0.19462,0.19512,0.02,0.02
2014.08.18 01:11:12.261,0.19463,0.19513,0.02,0.02
2014.08.18 01:11:12.921,0.19463,0.19511,0.02,0.02
2014.08.18 01:11:13.771,0.19463,0.19513,0.02,0.02
2014.08.18 01:11:14.322,0.19462,0.19512,0.02,0.02
2014.08.18 01:11:16.081,0.19463,0.19513,0.02,0.02
2014.08.18 01:11:17.161,0.19463,0.19511,0.02,0.02
2014.08.18 01:11:18.870,0.19464,0.19512,0.02,0.02
2014.08.18 01:11:19.420,0.19462,0.19512,0.02,0.02
2014.08.18 01:11:20.326,0.19463,0.19513,0.02,0.02
2014.08.18 01:11:20.512,0.19468,0.19518,0.02,0.02
2014.08.18 01:11:20.842,0.19463,0.19511,0.02,0.02
2014.08.18 01:11:21.039,0.19463,0.19513,0.02,0.02
2014.08.18 01:11:23.199,0.19462,0.19512,0.02,0.02
2014.08.18 01:11:23.309,0.19464,0.19512,0.02,0.02
2014.08.18 01:11:24.399,0.19467,0.19515,0.02,0.02
2014.08.18 01:11:24.731,0.19463,0.19513,0.02,0.02
2014.08.18 01:11:26.698,0.19461,0.19519,0.02,0.02
2014.08.18 01:11:26.849,0.19463,0.19513,0.02,0.02
2014.08.18 01:11:27.997,0.19465,0.19513,0.02,0.02
2014.08.18 01:11:28.217,0.19463,0.19513,0.02,0.02
2014.08.18 01:11:30.398,0.19463,0.19511,0.02,0.02
2014.08.18 01:11:31.367,0.19465,0.19513,0.02,0.02
2014.08.18 01:11:31.587,0.19462,0.19512,0.02,0.02
2014.08.18 01:11:32.556,0.19464,0.19512,0.02,0.02
2014.08.18 01:11:33.096,0.19462,0.19512,0.02,0.02
2014.08.18 01:11:33.966,0.19463,0.19513,0.02,0.02
2014.08.18 01:11:37.645,0.19462,0.19512,0.02,0.02
2014.08.18 01:11:38.410,0.19463,0.19513,0.02,0.02
2014.08.18 01:11:40.944,0.19462,0.19512,0.02,0.02
2014.08.18 01:11:43.533,0.19463,0.19513,0.02,0.02
2014.08.18 01:11:46.883,0.19463,0.19511,0.02,0.02
2014.08.18 01:11:51.206,0.19463,0.19513,0.02,0.02
2014.08.18 01:11:52.831,0.19463,0.19511,0.02,0.02
2014.08.18 01:11:57.210,0.19463,0.19513,0.02,0.02
2014.08.18 01:11:57.791,0.19462,0.19512,0.02,0.02
2014.08.18 01:11:58.400,0.19464,0.19512,0.02,0.02
2014.08.18 01:12:00.387,0.19463,0.19511,0.02,0.02
2014.08.18 01:12:00.989,0.19463,0.19513,0.02,0.02
2014.08.18 01:12:04.293,0.19462,0.19512,0.02,0.02
2014.08.18 01:12:11.423,0.19463,0.19513,0.02,0.02
2014.08.18 01:12:16.984,0.19462,0.19512,0.02,0.02
2014.08.18 01:12:17.495,0.19463,0.19513,0.02,0.02
2014.08.18 01:12:18.155,0.19462,0.19512,0.02,0.02
2014.08.18 01:12:18.815,0.19463,0.19513,0.02,0.02
2014.08.18 01:12:19.805,0.19462,0.19512,0.02,0.02
2014.08.18 01:12:21.318,0.19463,0.19513,0.02,0.02
2014.08.18 01:12:25.403,0.19462,0.19512,0.02,0.02
2014.08.18 01:12:27.589,0.19464,0.19512,0.02,0.02
2014.08.18 01:12:28.210,0.19462,0.19512,0.02,0.02
2014.08.18 01:12:28.522,0.19464,0.19514,0.02,0.02
2014.08.18 01:12:29.069,0.19465,0.19513,0.02,0.02
2014.08.18 01:12:29.119,0.19463,0.19513,0.02,0.02
2014.08.18 01:12:35.292,0.19459,0.19509,0.02,0.02
2014.08.18 01:12:35.810,0.19461,0.19509,0.02,0.02
2014.08.18 01:12:36.566,0.19461,0.19511,0.02,0.02
2014.08.18 01:12:36.670,0.19463,0.19513,0.02,0.02
2014.08.18 01:12:37.000,0.19461,0.19511,0.02,0.02
2014.08.18 01:12:37.439,0.19464,0.19512,0.02,0.02
2014.08.18 01:12:38.949,0.19463,0.19512,0.02,0.02
2014.08.18 01:12:40.229,0.19464,0.19511,0.02,0.02
2014.08.18 01:12:40.762,0.19464,0.19512,0.02,0.02
2014.08.18 01:12:41.422,0.19463,0.19512,0.02,0.02
2014.08.18 01:12:41.968,0.19464,0.19512,0.02,0.02
2014.08.18 01:12:49.446,0.19463,0.19513,0.02,0.02
2014.08.18 01:12:52.696,0.19462,0.19512,0.02,0.02
2014.08.18 01:12:55.173,0.19464,0.19512,0.02,0.02
2014.08.18 01:13:00.968,0.19455,0.19518,0.04,0.04
2014.08.18 01:13:01.018,0.19459,0.19509,0.02,0.02
2014.08.18 01:13:01.559,0.1946,0.1951,0.02,0.02
2014.08.18 01:13:01.890,0.19458,0.19508,0.02,0.02
2014.08.18 01:13:02.424,0.19459,0.19507,0.02,0.02
2014.08.18 01:13:03.173,0.19458,0.19508,0.02,0.02
2014.08.18 01:13:03.516,0.1946,0.1951,0.02,0.02
2014.08.18 01:13:05.900,0.19462,0.19512,0.02,0.02
2014.08.18 01:13:06.471,0.19463,0.19513,0.02,0.02
2014.08.18 01:13:06.839,0.19463,0.19511,0.02,0.02
2014.08.18 01:13:07.312,0.19463,0.19513,0.02,0.02
2014.08.18 01:13:08.210,0.19462,0.19512,0.02,0.02
2014.08.18 01:13:08.820,0.19463,0.19513,0.02,0.02
2014.08.18 01:13:09.482,0.19462,0.19512,0.02,0.02
2014.08.18 01:13:10.782,0.19463,0.19513,0.02,0.02
2014.08.18 01:13:10.891,0.19469,0.19517,0.02,0.02
2014.08.18 01:13:11.111,0.19462,0.19512,0.02,0.02
2014.08.18 01:13:12.871,0.19464,0.19512,0.02,0.02
2014.08.18 01:13:14.097,0.19466,0.19514,0.02,0.02
2014.08.18 01:13:14.198,0.19468,0.19518,0.02,0.02
2014.08.18 01:13:14.381,0.19468,0.19516,0.02,0.02
2014.08.18 01:13:14.820,0.19468,0.19518,0.02,0.02
2014.08.18 01:13:15.480,0.19467,0.19517,0.02,0.02
2014.08.18 01:13:15.700,0.19469,0.19517,0.02,0.02
2014.08.18 01:13:16.570,0.19467,0.19517,0.02,0.02
2014.08.18 01:13:17.072,0.19468,0.19516,0.02,0.02
2014.08.18 01:13:17.123,0.19468,0.19518,0.02,0.02
2014.08.18 01:13:17.783,0.19467,0.19517,0.02,0.02
2014.08.18 01:13:18.113,0.19469,0.19517,0.02,0.02
2014.08.18 01:13:20.589,0.19468,0.19518,0.02,0.02
2014.08.18 01:13:20.919,0.19472,0.19522,0.02,0.02
2014.08.18 01:13:21.313,0.19468,0.19518,0.02,0.02
2014.08.18 01:13:22.028,0.19469,0.19517,0.02,0.02
2014.08.18 01:13:30.585,0.19468,0.19518,0.02,0.02
2014.08.18 01:13:31.269,0.19469,0.19517,0.02,0.02
2014.08.18 01:13:31.846,0.19469,0.19519,0.02,0.02
2014.08.18 01:13:32.317,0.19471,0.19519,0.02,0.02
2014.08.18 01:13:33.246,0.19469,0.19519,0.02,0.02
2014.08.18 01:13:33.906,0.1947,0.19518,0.02,0.02
2014.08.18 01:13:36.435,0.1947,0.1952,0.02,0.02
2014.08.18 01:13:38.961,0.1947,0.19518,0.02,0.02
2014.08.18 01:13:39.520,0.19471,0.19519,0.02,0.02
2014.08.18 01:13:40.891,0.1947,0.1952,0.02,0.02
2014.08.18 01:13:45.422,0.19471,0.19519,0.02,0.02
2014.08.18 01:13:53.121,0.1947,0.1952,0.02,0.02
2014.08.18 01:13:53.561,0.19473,0.19521,0.02,0.02
2014.08.18 01:13:54.095,0.19473,0.19523,0.02,0.02
2014.08.18 01:13:54.201,0.19473,0.19521,0.02,0.02
2014.08.18 01:13:54.703,0.19474,0.19522,0.02,0.02
2014.08.18 01:14:03.449,0.19473,0.19523,0.02,0.02
2014.08.18 01:14:03.878,0.19473,0.19521,0.02,0.02
2014.08.18 01:14:05.317,0.19473,0.19523,0.02,0.02
2014.08.18 01:14:07.056,0.19472,0.19522,0.02,0.02
2014.08.18 01:14:07.257,0.19474,0.19522,0.02,0.02
2014.08.18 01:14:07.908,0.19473,0.19523,0.02,0.02
2014.08.18 01:14:08.487,0.19472,0.19522,0.02,0.02
2014.08.18 01:14:09.228,0.19473,0.19523,0.02,0.02
2014.08.18 01:14:09.558,0.19473,0.19521,0.02,0.02
2014.08.18 01:14:10.219,0.19474,0.19522,0.02,0.02
2014.08.18 01:14:10.879,0.19473,0.19521,0.02,0.02
2014.08.18 01:14:11.816,0.19471,0.19521,0.03,0.02
2014.08.18 01:14:12.036,0.19473,0.19523,0.02,0.02
2014.08.18 01:14:12.389,0.19473,0.19521,0.02,0.02
2014.08.18 01:14:12.859,0.19468,0.19516,0.02,0.02
2014.08.18 01:14:13.136,0.19468,0.19518,0.02,0.02
2014.08.18 01:14:15.550,0.19467,0.19517,0.02,0.02
2014.08.18 01:14:16.160,0.19468,0.19518,0.02,0.02
2014.08.18 01:14:16.330,0.19471,0.19519,0.02,0.02
2014.08.18 01:14:16.682,0.19473,0.19523,0.02,0.02
2014.08.18 01:14:16.870,0.1947,0.1952,0.02,0.02
2014.08.18 01:14:17.480,0.19469,0.19519,0.02,0.02
2014.08.18 01:14:18.064,0.1947,0.1952,0.02,0.02
2014.08.18 01:14:18.394,0.19472,0.19522,0.02,0.02
2014.08.18 01:14:21.581,0.1947,0.19518,0.02,0.02
2014.08.18 01:14:22.101,0.19469,0.19519,0.02,0.02
2014.08.18 01:14:25.693,0.1947,0.1952,0.02,0.02
2014.08.18 01:14:26.060,0.19472,0.19522,0.02,0.02
2014.08.18 01:14:26.391,0.19474,0.19522,0.02,0.02
2014.08.18 01:14:34.695,0.19472,0.19522,0.02,0.02
2014.08.18 01:14:37.203,0.19473,0.19523,0.02,0.02
2014.08.18 01:14:37.911,0.19472,0.19522,0.02,0.02
2014.08.18 01:14:37.961,0.19474,0.19522,0.02,0.02
2014.08.18 01:14:41.839,0.19475,0.19523,0.02,0.02
2014.08.18 01:14:42.237,0.19479,0.19527,0.02,0.02
2014.08.18 01:14:42.388,0.19477,0.19527,0.02,0.02
2014.08.18 01:14:43.038,0.19475,0.19523,0.02,0.02
2014.08.18 01:14:43.468,0.19477,0.19527,0.02,0.02
2014.08.18 01:14:43.921,0.19479,0.19527,0.02,0.02
2014.08.18 01:14:44.548,0.19478,0.19526,0.02,0.02
2014.08.18 01:14:45.133,0.19479,0.19527,0.02,0.02
2014.08.18 01:14:45.488,0.19477,0.19527,0.02,0.02
2014.08.18 01:14:45.658,0.19472,0.19522,0.02,0.02
2014.08.18 01:14:47.267,0.19474,0.19522,0.02,0.02
2014.08.18 01:14:53.032,0.19473,0.19523,0.02,0.02
2014.08.18 01:14:53.459,0.19473,0.19521,0.02,0.02
2014.08.18 01:14:53.806,0.19475,0.19523,0.02,0.02
2014.08.18 01:14:54.395,0.19474,0.19524,0.02,0.02
2014.08.18 01:14:55.002,0.19475,0.19525,0.02,0.02
2014.08.18 01:14:55.531,0.19475,0.19523,0.02,0.02
2014.08.18 01:14:55.599,0.19473,0.19523,0.02,0.02
2014.08.18 01:14:56.355,0.19474,0.19524,0.02,0.02
2014.08.18 01:14:57.092,0.19475,0.19525,0.02,0.02
2014.08.18 01:14:58.395,0.19476,0.19524,0.02,0.02
2014.08.18 01:14:58.545,0.19478,0.19528,0.02,0.02
2014.08.18 01:14:59.586,0.19477,0.19527,0.02,0.02
2014.08.18 01:15:00.664,0.19478,0.19528,0.02,0.02
2014.08.18 01:15:05.395,0.19477,0.19527,0.02,0.02
2014.08.18 01:15:06.654,0.19478,0.19528,0.02,0.02
2014.08.18 01:15:14.692,0.19484,0.19532,0.02,0.02
2014.08.18 01:15:16.502,0.19482,0.19532,0.02,0.02
2014.08.18 01:15:16.619,0.19484,0.19532,0.02,0.02
2014.08.18 01:15:17.230,0.19483,0.19531,0.02,0.02
2014.08.18 01:15:17.941,0.19483,0.19533,0.02,0.02
2014.08.18 01:15:21.065,0.19483,0.19531,0.02,0.02
2014.08.18 01:15:22.581,0.19484,0.19532,0.02,0.02
2014.08.18 01:15:23.279,0.19483,0.19531,0.02,0.02
2014.08.18 01:15:24.430,0.19483,0.19533,0.02,0.02
2014.08.18 01:15:24.990,0.19484,0.19534,0.02,0.02
2014.08.18 01:15:25.092,0.19486,0.19534,0.02,0.02
2014.08.18 01:15:25.200,0.19488,0.19538,0.02,0.02
2014.08.18 01:15:25.867,0.19485,0.19533,0.02,0.02
2014.08.18 01:15:25.969,0.19482,0.19532,0.02,0.02
2014.08.18 01:15:26.203,0.19484,0.19534,0.02,0.02
2014.08.18 01:15:26.510,0.19482,0.19532,0.02,0.02
2014.08.18 01:15:26.850,0.19487,0.19537,0.02,0.02
2014.08.18 01:15:27.181,0.19484,0.19534,0.02,0.02
2014.08.18 01:15:28.599,0.19483,0.19533,0.02,0.02
2014.08.18 01:15:33.927,0.19482,0.19532,0.02,0.02
2014.08.18 01:15:34.722,0.19483,0.19533,0.02,0.02
2014.08.18 01:15:35.246,0.19482,0.19532,0.02,0.02
2014.08.18 01:15:36.007,0.19481,0.19529,0.02,0.02
2014.08.18 01:15:36.117,0.19483,0.19533,0.02,0.02
2014.08.18 01:15:36.437,0.19483,0.19531,0.02,0.02
2014.08.18 01:15:37.411,0.1948,0.19528,0.02,0.02
2014.08.18 01:15:37.936,0.19481,0.19529,0.02,0.02
2014.08.18 01:15:38.087,0.19483,0.19533,0.02,0.02
2014.08.18 01:15:40.627,0.19485,0.19535,0.02,0.02
2014.08.18 01:15:55.051,0.19484,0.19534,0.02,0.02
2014.08.18 01:15:56.041,0.19486,0.19534,0.02,0.02
2014.08.18 01:15:56.112,0.19482,0.19532,0.02,0.02
2014.08.18 01:15:56.332,0.19484,0.19534,0.02,0.02
2014.08.18 01:15:56.965,0.19485,0.19535,0.02,0.02
2014.08.18 01:15:57.547,0.19484,0.19534,0.02,0.02
2014.08.18 01:16:03.487,0.19486,0.19534,0.02,0.02
2014.08.18 01:16:05.210,0.19481,0.19531,0.02,0.02
2014.08.18 01:16:05.431,0.1948,0.19529,0.02,0.02
2014.08.18 01:16:06.339,0.19481,0.19531,0.02,0.02
2014.08.18 01:16:07.067,0.1948,0.1953,0.02,0.02
2014.08.18 01:16:08.369,0.19482,0.1953,0.02,0.02
2014.08.18 01:16:08.478,0.1948,0.1953,0.02,0.02
2014.08.18 01:16:11.569,0.19481,0.19529,0.02,0.02
2014.08.18 01:16:13.597,0.19479,0.19529,0.02,0.02
2014.08.18 01:16:15.527,0.19481,0.19529,0.02,0.02
2014.08.18 01:16:15.637,0.19479,0.19529,0.02,0.02
2014.08.18 01:16:17.661,0.1948,0.19528,0.02,0.02
2014.08.18 01:16:18.670,0.19479,0.19527,0.02,0.02
2014.08.18 01:16:19.659,0.19479,0.19529,0.02,0.02
2014.08.18 01:16:19.881,0.19479,0.19527,0.02,0.02
2014.08.18 01:16:20.536,0.1948,0.19528,0.02,0.02
2014.08.18 01:16:20.815,0.19478,0.19528,0.02,0.02
2014.08.18 01:16:22.015,0.19479,0.19527,0.02,0.02
2014.08.18 01:16:24.408,0.19478,0.19528,0.02,0.02
2014.08.18 01:16:25.935,0.19479,0.19527,0.02,0.02
2014.08.18 01:16:28.614,0.19478,0.19528,0.02,0.02
2014.08.18 01:16:28.947,0.19476,0.19524,0.02,0.02
2014.08.18 01:16:31.433,0.19475,0.19525,0.02,0.02
2014.08.18 01:16:31.983,0.19476,0.19524,0.02,0.02
2014.08.18 01:16:32.204,0.19476,0.19526,0.02,0.02
2014.08.18 01:16:32.737,0.19477,0.19527,0.02,0.02
2014.08.18 01:16:32.787,0.19479,0.19529,0.02,0.02
2014.08.18 01:16:33.144,0.19479,0.19527,0.02,0.02
2014.08.18 01:16:33.805,0.19478,0.19528,0.02,0.02
2014.08.18 01:16:34.401,0.19477,0.19525,0.02,0.02
2014.08.18 01:16:35.125,0.19476,0.19524,0.02,0.02
2014.08.18 01:16:35.310,0.19476,0.19526,0.02,0.02
2014.08.18 01:16:35.411,0.19478,0.19528,0.02,0.02
2014.08.18 01:16:35.915,0.19479,0.19529,0.02,0.02
2014.08.18 01:16:41.447,0.19478,0.19528,0.02,0.02
2014.08.18 01:16:42.610,0.1948,0.19528,0.02,0.02
2014.08.18 01:16:43.370,0.19478,0.19528,0.02,0.02
2014.08.18 01:16:43.959,0.19479,0.19529,0.02,0.02
2014.08.18 01:16:44.917,0.19479,0.19527,0.02,0.02
2014.08.18 01:16:45.319,0.19479,0.19529,0.02,0.02
2014.08.18 01:16:45.924,0.19478,0.19528,0.02,0.02
2014.08.18 01:16:50.738,0.1948,0.1953,0.02,0.02
2014.08.18 01:16:51.399,0.19478,0.19528,0.02,0.02
2014.08.18 01:16:51.708,0.1948,0.19528,0.02,0.02
2014.08.18 01:16:52.392,0.19481,0.19529,0.02,0.02
2014.08.18 01:16:53.712,0.19479,0.19529,0.02,0.02
2014.08.18 01:16:54.981,0.19479,0.19527,0.02,0.02
2014.08.18 01:16:55.592,0.19478,0.19528,0.02,0.02
2014.08.18 01:16:57.456,0.19479,0.19529,0.02,0.02
2014.08.18 01:16:57.986,0.1948,0.1953,0.02,0.02
2014.08.18 01:16:58.496,0.19479,0.19529,0.02,0.02
2014.08.18 01:16:58.996,0.19481,0.19529,0.02,0.02
2014.08.18 01:16:59.550,0.1948,0.19528,0.02,0.02
2014.08.18 01:17:00.459,0.19478,0.19528,0.02,0.02
2014.08.18 01:17:01.006,0.19479,0.19527,0.02,0.02
2014.08.18 01:17:01.526,0.19478,0.19528,0.02,0.02
2014.08.18 01:17:05.404,0.19475,0.19525,0.02,0.02
2014.08.18 01:17:05.724,0.19475,0.19523,0.02,0.02
2014.08.18 01:17:06.264,0.19476,0.19524,0.02,0.02
2014.08.18 01:17:08.983,0.19475,0.19525,0.02,0.02
2014.08.18 01:17:21.140,0.19474,0.19524,0.02,0.02
2014.08.18 01:17:21.691,0.19473,0.19523,0.02,0.02
2014.08.18 01:17:22.280,0.19475,0.19525,0.02,0.02
2014.08.18 01:17:29.871,0.19474,0.19524,0.02,0.02
2014.08.18 01:17:30.753,0.19476,0.19526,0.02,0.02
2014.08.18 01:17:31.258,0.19476,0.19524,0.02,0.02
2014.08.18 01:17:32.138,0.19474,0.19524,0.02,0.02
2014.08.18 01:17:32.613,0.19476,0.19524,0.02,0.02
2014.08.18 01:17:42.045,0.19477,0.19525,0.02,0.02
2014.08.18 01:17:43.025,0.19475,0.19525,0.02,0.02
2014.08.18 01:17:50.913,0.19478,0.19526,0.02,0.02
2014.08.18 01:17:51.023,0.19478,0.19528,0.02,0.02
2014.08.18 01:17:51.353,0.19478,0.19526,0.02,0.02
2014.08.18 01:17:52.059,0.19479,0.19527,0.02,0.02
2014.08.18 01:17:52.908,0.19478,0.19526,0.02,0.02
2014.08.18 01:17:53.962,0.19479,0.19527,0.02,0.02
2014.08.18 01:17:56.651,0.19477,0.19527,0.02,0.02
2014.08.18 01:17:57.311,0.19478,0.19528,0.02,0.02
2014.08.18 01:18:11.869,0.1948,0.19528,0.02,0.02
2014.08.18 01:18:12.425,0.19479,0.19527,0.02,0.02
2014.08.18 01:18:13.758,0.19481,0.19531,0.04,0.02
2014.08.18 01:18:13.886,0.19483,0.19533,0.02,0.02
2014.08.18 01:18:16.446,0.19484,0.19534,0.02,0.02
2014.08.18 01:18:17.880,0.19486,0.19534,0.02,0.02
2014.08.18 01:18:17.981,0.19487,0.19537,0.02,0.02
2014.08.18 01:18:18.499,0.19488,0.19538,0.02,0.02
2014.08.18 01:18:23.605,0.19487,0.19537,0.02,0.02
2014.08.18 01:18:29.483,0.19488,0.19538,0.02,0.02
2014.08.18 01:18:37.011,0.19488,0.19536,0.02,0.02
2014.08.18 01:18:41.420,0.19488,0.19538,0.02,0.02
2014.08.18 01:18:44.119,0.19488,0.19536,0.02,0.02
2014.08.18 01:18:44.229,0.19488,0.19538,0.02,0.02
2014.08.18 01:19:04.674,0.19488,0.19536,0.02,0.02
2014.08.18 01:19:07.736,0.19488,0.19538,0.02,0.02
2014.08.18 01:19:10.440,0.19488,0.19536,0.02,0.02
2014.08.18 01:19:12.173,0.19488,0.19538,0.02,0.02
2014.08.18 01:19:17.691,0.19487,0.19537,0.02,0.02
2014.08.18 01:19:18.749,0.19488,0.19538,0.02,0.02
2014.08.18 01:19:21.390,0.19487,0.19537,0.02,0.02
2014.08.18 01:19:23.020,0.19488,0.19538,0.02,0.02
2014.08.18 01:19:26.423,0.19487,0.19537,0.02,0.02
2014.08.18 01:19:27.960,0.19489,0.19537,0.02,0.02
2014.08.18 01:19:28.520,0.19488,0.19536,0.02,0.02
2014.08.18 01:19:33.317,0.1949,0.1954,0.02,0.02
2014.08.18 01:19:33.427,0.19494,0.19542,0.02,0.02
2014.08.18 01:19:33.757,0.19492,0.19542,0.02,0.02
2014.08.18 01:19:33.908,0.1949,0.19538,0.02,0.02
2014.08.18 01:19:35.946,0.1949,0.1954,0.02,0.02
2014.08.18 01:19:38.019,0.19489,0.19539,0.02,0.02
2014.08.18 01:19:41.815,0.1949,0.19538,0.02,0.02
2014.08.18 01:19:43.124,0.19492,0.19542,0.02,0.02
2014.08.18 01:19:43.478,0.19494,0.19544,0.02,0.02
2014.08.18 01:19:43.908,0.19496,0.19544,0.02,0.02
2014.08.18 01:19:44.414,0.19495,0.19543,0.02,0.02
2014.08.18 01:19:44.764,0.1949,0.1954,0.02,0.02
2014.08.18 01:19:44.874,0.1949,0.19538,0.02,0.02
2014.08.18 01:19:46.184,0.19491,0.19539,0.02,0.02
2014.08.18 01:19:46.294,0.19489,0.19539,0.02,0.02
2014.08.18 01:19:47.500,0.1949,0.19538,0.02,0.02
2014.08.18 01:19:47.923,0.19488,0.19538,0.02,0.02
2014.08.18 01:19:48.143,0.1949,0.19538,0.02,0.02
2014.08.18 01:19:48.657,0.19489,0.19539,0.02,0.02
2014.08.18 01:19:49.316,0.1949,0.19538,0.02,0.02
2014.08.18 01:19:49.978,0.19489,0.19539,0.02,0.02
2014.08.18 01:19:51.072,0.19488,0.19538,0.02,0.02
2014.08.18 01:19:51.565,0.19487,0.19535,0.02,0.02
2014.08.18 01:19:52.156,0.19486,0.19536,0.02,0.02
2014.08.18 01:19:52.508,0.19488,0.19538,0.02,0.02
2014.08.18 01:19:52.822,0.19485,0.19535,0.02,0.02
2014.08.18 01:19:53.268,0.19488,0.19538,0.02,0.02
2014.08.18 01:19:53.812,0.19486,0.19534,0.02,0.02
2014.08.18 01:19:54.277,0.19488,0.19538,0.02,0.02
2014.08.18 01:19:54.801,0.19486,0.19534,0.02,0.02
2014.08.18 01:19:55.241,0.19486,0.19536,0.02,0.02
2014.08.18 01:19:56.431,0.19485,0.19535,0.02,0.02
2014.08.18 01:19:58.413,0.19484,0.19534,0.02,0.02
2014.08.18 01:19:58.950,0.19486,0.19536,0.02,0.02
2014.08.18 01:19:59.600,0.19485,0.19535,0.02,0.02
2014.08.18 01:20:13.689,0.19486,0.19536,0.02,0.02
2014.08.18 01:20:14.032,0.19488,0.19538,0.02,0.02
2014.08.18 01:20:14.349,0.19486,0.19536,0.02,0.02
2014.08.18 01:20:14.888,0.19485,0.19535,0.02,0.02
2014.08.18 01:20:15.240,0.19488,0.19538,0.02,0.02
2014.08.18 01:20:15.586,0.19485,0.19535,0.02,0.02
2014.08.18 01:20:17.426,0.19483,0.19531,0.02,0.02
2014.08.18 01:20:17.945,0.19485,0.19533,0.02,0.02
2014.08.18 01:20:18.148,0.19483,0.19533,0.02,0.02
2014.08.18 01:20:18.588,0.19485,0.19535,0.02,0.02
2014.08.18 01:20:18.906,0.19489,0.19537,0.02,0.02
2014.08.18 01:20:24.906,0.19487,0.19537,0.02,0.02
2014.08.18 01:20:27.010,0.19488,0.19536,0.02,0.02
2014.08.18 01:20:27.618,0.19489,0.19537,0.02,0.02
2014.08.18 01:20:28.279,0.19488,0.19536,0.02,0.02
2014.08.18 01:20:28.365,0.19488,0.19538,0.02,0.02
2014.08.18 01:20:29.025,0.1949,0.19538,0.02,0.02
2014.08.18 01:20:33.388,0.19491,0.19538,0.02,0.02
2014.08.18 01:20:33.438,0.19493,0.19543,0.02,0.02
2014.08.18 01:20:34.218,0.19492,0.19542,0.02,0.02
2014.08.18 01:20:34.383,0.19494,0.19542,0.02,0.02
2014.08.18 01:20:34.930,0.19497,0.19545,0.02,0.02
2014.08.18 01:20:35.081,0.19498,0.19548,0.02,0.02
2014.08.18 01:20:35.363,0.19498,0.19546,0.02,0.02
2014.08.18 01:20:35.589,0.19496,0.19546,0.02,0.02
2014.08.18 01:20:36.013,0.19498,0.19548,0.02,0.02
2014.08.18 01:20:36.530,0.19497,0.19547,0.02,0.02
2014.08.18 01:20:36.922,0.19499,0.19547,0.02,0.02
2014.08.18 01:20:38.942,0.19498,0.19546,0.02,0.02
2014.08.18 01:20:43.843,0.19496,0.19546,0.02,0.02
2014.08.18 01:20:44.041,0.19496,0.19544,0.02,0.02
2014.08.18 01:20:53.119,0.19496,0.19546,0.02,0.02
2014.08.18 01:20:54.868,0.19495,0.19545,0.02,0.02
2014.08.18 01:20:55.986,0.19496,0.19546,0.02,0.02
2014.08.18 01:21:00.021,0.19496,0.19544,0.02,0.02
2014.08.18 01:21:02.366,0.19497,0.19545,0.02,0.02
2014.08.18 01:21:02.586,0.19498,0.19548,0.02,0.02
2014.08.18 01:21:06.811,0.19499,0.19549,0.02,0.02
2014.08.18 01:21:07.335,0.19499,0.19547,0.02,0.02
2014.08.18 01:21:09.856,0.19498,0.19546,0.02,0.02
2014.08.18 01:21:09.964,0.19498,0.19548,0.02,0.02
2014.08.18 01:21:13.363,0.195,0.19548,0.02,0.02
2014.08.18 01:21:13.923,0.19499,0.19547,0.02,0.02
2014.08.18 01:21:13.984,0.195,0.1955,0.02,0.02
2014.08.18 01:21:14.634,0.19503,0.19553,0.02,0.02
2014.08.18 01:21:14.963,0.195,0.19549,0.02,0.02
2014.08.18 01:21:15.485,0.19499,0.19549,0.02,0.02
2014.08.18 01:21:15.953,0.19501,0.19549,0.02,0.02
2014.08.18 01:21:16.296,0.19503,0.19551,0.02,0.02
2014.08.18 01:21:16.547,0.19503,0.19553,0.02,0.02
2014.08.18 01:21:17.253,0.19503,0.19551,0.02,0.02
2014.08.18 01:21:17.599,0.19506,0.19556,0.02,0.02
2014.08.18 01:21:17.700,0.19506,0.19554,0.02,0.02
2014.08.18 01:21:17.845,0.19506,0.19556,0.02,0.02
2014.08.18 01:21:17.913,0.19506,0.19554,0.02,0.02
2014.08.18 01:21:18.454,0.19505,0.19554,0.02,0.02
2014.08.18 01:21:18.506,0.19506,0.19556,0.02,0.02
2014.08.18 01:21:18.606,0.19509,0.19557,0.02,0.02
2014.08.18 01:21:19.115,0.19508,0.19558,0.02,0.02
2014.08.18 01:21:20.196,0.19509,0.19556,0.02,0.02
2014.08.18 01:21:20.324,0.19505,0.19554,0.02,0.02
2014.08.18 01:21:21.096,0.19504,0.19554,0.02,0.02
2014.08.18 01:21:23.178,0.19506,0.19556,0.02,0.02
2014.08.18 01:21:23.787,0.19506,0.19554,0.02,0.02
2014.08.18 01:21:24.117,0.19509,0.19557,0.02,0.02
2014.08.18 01:21:26.428,0.19508,0.19557,0.02,0.02
2014.08.18 01:21:26.820,0.19505,0.19555,0.02,0.02
2014.08.18 01:21:27.368,0.19506,0.19554,0.02,0.02
2014.08.18 01:21:28.027,0.19505,0.19555,0.02,0.02
2014.08.18 01:21:30.538,0.19507,0.19555,0.02,0.02
2014.08.18 01:21:30.638,0.19505,0.19555,0.02,0.02
2014.08.18 01:21:31.379,0.19505,0.19553,0.02,0.02
2014.08.18 01:21:32.370,0.19505,0.19555,0.02,0.02
2014.08.18 01:21:34.709,0.19507,0.19555,0.02,0.02
2014.08.18 01:21:35.148,0.19505,0.19555,0.02,0.02
2014.08.18 01:21:35.949,0.19506,0.19556,0.02,0.02
2014.08.18 01:21:36.449,0.19505,0.19554,0.02,0.02
2014.08.18 01:21:40.447,0.19505,0.19553,0.02,0.02
2014.08.18 01:21:41.888,0.19504,0.19553,0.02,0.02
2014.08.18 01:21:42.626,0.19503,0.19552,0.02,0.02
2014.08.18 01:21:43.149,0.19503,0.19553,0.02,0.02
2014.08.18 01:21:43.954,0.19504,0.19552,0.02,0.02
2014.08.18 01:21:44.458,0.19503,0.19551,0.02,0.02
2014.08.18 01:21:45.556,0.19501,0.19551,0.02,0.02
2014.08.18 01:21:45.655,0.19503,0.19551,0.02,0.02
2014.08.18 01:21:46.184,0.19502,0.19552,0.02,0.02
2014.08.18 01:21:46.546,0.19504,0.19552,0.02,0.02
2014.08.18 01:21:53.425,0.19504,0.19554,0.02,0.02
2014.08.18 01:21:53.954,0.19505,0.19553,0.02,0.02
2014.08.18 01:21:55.478,0.19503,0.19551,0.02,0.02
2014.08.18 01:21:55.583,0.19503,0.19553,0.02,0.02
2014.08.18 01:22:05.434,0.19504,0.19554,0.02,0.02
2014.08.18 01:22:05.960,0.19505,0.19555,0.02,0.02
2014.08.18 01:22:06.473,0.19504,0.19554,0.02,0.02
2014.08.18 01:22:08.460,0.19503,0.19553,0.02,0.02
2014.08.18 01:22:08.790,0.19503,0.19551,0.02,0.02
2014.08.18 01:22:10.337,0.19504,0.19552,0.02,0.02
2014.08.18 01:22:11.379,0.19503,0.19553,0.02,0.02
2014.08.18 01:22:12.697,0.19504,0.19552,0.02,0.02
2014.08.18 01:22:13.319,0.19504,0.19554,0.02,0.02
2014.08.18 01:22:13.473,0.19504,0.19552,0.02,0.02
2014.08.18 01:22:18.413,0.19503,0.19553,0.02,0.02
2014.08.18 01:22:21.406,0.19504,0.19552,0.02,0.02
2014.08.18 01:22:21.956,0.19503,0.19552,0.02,0.02
2014.08.18 01:22:22.494,0.19503,0.19553,0.02,0.02
2014.08.18 01:22:24.458,0.19502,0.19552,0.02,0.02
2014.08.18 01:22:24.886,0.19504,0.19552,0.02,0.02
2014.08.18 01:22:25.735,0.19503,0.19551,0.02,0.02
2014.08.18 01:22:27.503,0.19503,0.19553,0.02,0.02
2014.08.18 01:22:28.884,0.19503,0.19551,0.02,0.02
2014.08.18 01:22:29.414,0.19503,0.19553,0.02,0.02
2014.08.18 01:22:29.770,0.19503,0.19551,0.02,0.02
2014.08.18 01:22:30.394,0.19503,0.19553,0.02,0.02
2014.08.18 01:22:33.323,0.19502,0.19552,0.02,0.02
2014.08.18 01:22:33.544,0.19507,0.19555,0.02,0.02
2014.08.18 01:22:33.702,0.19508,0.19558,0.02,0.02
2014.08.18 01:22:34.104,0.19507,0.19555,0.02,0.02
2014.08.18 01:22:37.152,0.19505,0.19555,0.02,0.02
2014.08.18 01:22:37.482,0.19509,0.19557,0.02,0.02
2014.08.18 01:22:37.849,0.19506,0.19556,0.02,0.02
2014.08.18 01:22:38.132,0.19506,0.19554,0.02,0.02
2014.08.18 01:22:44.561,0.19507,0.19555,0.02,0.02
2014.08.18 01:22:45.241,0.19509,0.19557,0.02,0.02
2014.08.18 01:22:45.655,0.19507,0.19557,0.02,0.02
2014.08.18 01:22:48.320,0.19509,0.19557,0.02,0.02
2014.08.18 01:22:52.539,0.19508,0.19556,0.02,0.02
2014.08.18 01:22:53.203,0.19509,0.19557,0.02,0.02
2014.08.18 01:23:13.653,0.19508,0.19558,0.02,0.02
2014.08.18 01:23:17.872,0.19513,0.19561,0.02,0.02
2014.08.18 01:23:18.092,0.19513,0.19563,0.02,0.02
2014.08.18 01:23:18.422,0.19513,0.19561,0.02,0.02
2014.08.18 01:23:18.956,0.19514,0.19562,0.02,0.02
2014.08.18 01:23:29.130,0.19512,0.19562,0.02,0.02
2014.08.18 01:23:29.359,0.19514,0.19562,0.02,0.02
2014.08.18 01:23:29.911,0.19514,0.19564,0.02,0.02
2014.08.18 01:23:30.515,0.19513,0.19563,0.02,0.02
2014.08.18 01:23:34.029,0.19516,0.19566,0.02,0.02
2014.08.18 01:23:34.503,0.19514,0.19562,0.02,0.02
2014.08.18 01:23:34.688,0.19518,0.19568,0.02,0.02
2014.08.18 01:23:34.798,0.19514,0.19562,0.02,0.02
2014.08.18 01:23:34.908,0.19512,0.19562,0.02,0.02
2014.08.18 01:23:38.627,0.19513,0.19561,0.02,0.02
2014.08.18 01:23:39.200,0.19512,0.19562,0.02,0.02
2014.08.18 01:23:39.301,0.19514,0.19562,0.02,0.02
2014.08.18 01:23:40.087,0.19513,0.19563,0.02,0.02
2014.08.18 01:23:55.723,0.19515,0.19563,0.02,0.02
2014.08.18 01:23:55.981,0.19513,0.19563,0.02,0.02
2014.08.18 01:23:58.802,0.19515,0.19563,0.02,0.02
2014.08.18 01:23:58.950,0.19513,0.19563,0.02,0.02
2014.08.18 01:23:59.560,0.19514,0.19564,0.02,0.02
2014.08.18 01:24:01.756,0.19512,0.19562,0.02,0.02
2014.08.18 01:24:02.200,0.19514,0.19562,0.02,0.02
2014.08.18 01:24:02.913,0.19515,0.19565,0.02,0.02
2014.08.18 01:24:05.447,0.19512,0.19562,0.02,0.02
2014.08.18 01:24:06.162,0.19513,0.19561,0.02,0.02
2014.08.18 01:24:11.910,0.19513,0.19563,0.02,0.02
2014.08.18 01:24:12.434,0.19514,0.19562,0.02,0.02
2014.08.18 01:24:15.048,0.19515,0.19565,0.02,0.02
2014.08.18 01:24:16.547,0.19514,0.19562,0.02,0.02
2014.08.18 01:24:17.075,0.19513,0.19561,0.02,0.02
2014.08.18 01:24:21.447,0.19514,0.19562,0.02,0.02
2014.08.18 01:24:21.746,0.19512,0.19562,0.02,0.02
2014.08.18 01:24:23.266,0.19513,0.19563,0.02,0.02
2014.08.18 01:24:24.716,0.19512,0.19562,0.02,0.02
2014.08.18 01:24:28.474,0.19514,0.19562,0.02,0.02
2014.08.18 01:24:31.324,0.19513,0.19561,0.02,0.02
2014.08.18 01:24:39.821,0.19514,0.19562,0.02,0.02
2014.08.18 01:24:42.423,0.19514,0.19564,0.02,0.02
2014.08.18 01:24:42.849,0.19514,0.19562,0.02,0.02
2014.08.18 01:24:46.840,0.19513,0.19563,0.02,0.02
2014.08.18 01:24:49.783,0.19513,0.19561,0.02,0.02
2014.08.18 01:24:51.189,0.19515,0.19563,0.02,0.02
2014.08.18 01:24:51.432,0.19513,0.19563,0.02,0.02
2014.08.18 01:24:52.041,0.19514,0.19564,0.02,0.02
2014.08.18 01:24:52.838,0.19514,0.19562,0.02,0.02
2014.08.18 01:25:02.588,0.19512,0.19562,0.02,0.02
2014.08.18 01:25:05.916,0.19514,0.19562,0.02,0.02
2014.08.18 01:25:11.276,0.19517,0.19565,0.02,0.02
2014.08.18 01:25:11.847,0.19516,0.19564,0.02,0.02
2014.08.18 01:25:12.685,0.19517,0.19565,0.02,0.02
2014.08.18 01:25:13.494,0.19518,0.19568,0.02,0.02
2014.08.18 01:25:14.115,0.19518,0.19566,0.02,0.02
2014.08.18 01:25:14.435,0.19518,0.19568,0.02,0.02
2014.08.18 01:25:16.404,0.19517,0.19567,0.02,0.02
2014.08.18 01:25:17.128,0.19518,0.19566,0.02,0.02
2014.08.18 01:25:17.787,0.19519,0.19567,0.02,0.02
2014.08.18 01:25:18.117,0.19517,0.19567,0.02,0.02
2014.08.18 01:25:18.264,0.19519,0.19567,0.02,0.02
2014.08.18 01:25:21.082,0.19519,0.19569,0.02,0.02
2014.08.18 01:25:21.273,0.19523,0.19573,0.02,0.02
2014.08.18 01:25:21.648,0.19519,0.19569,0.02,0.02
2014.08.18 01:25:22.463,0.19521,0.19569,0.02,0.02
2014.08.18 01:25:23.149,0.19524,0.19572,0.02,0.02
2014.08.18 01:25:23.729,0.19523,0.19571,0.02,0.02
2014.08.18 01:25:24.212,0.19521,0.19571,0.02,0.02
2014.08.18 01:25:24.322,0.19521,0.19569,0.02,0.02
2014.08.18 01:25:25.193,0.19521,0.19571,0.02,0.02
2014.08.18 01:25:25.713,0.19522,0.1957,0.02,0.02
2014.08.18 01:25:29.463,0.19521,0.19571,0.02,0.02
2014.08.18 01:25:29.661,0.19524,0.19572,0.02,0.02
2014.08.18 01:25:29.881,0.19522,0.19572,0.02,0.02
2014.08.18 01:25:30.033,0.1952,0.1957,0.02,0.02
2014.08.18 01:25:31.886,0.19522,0.1957,0.02,0.02
2014.08.18 01:25:31.986,0.19523,0.19573,0.02,0.02
2014.08.18 01:25:33.092,0.19522,0.19572,0.02,0.02
2014.08.18 01:25:33.295,0.19521,0.19569,0.02,0.02
2014.08.18 01:25:33.396,0.19521,0.19571,0.02,0.02
2014.08.18 01:25:33.965,0.1952,0.1957,0.02,0.02
2014.08.18 01:25:34.810,0.19521,0.19571,0.02,0.02
2014.08.18 01:25:35.056,0.19521,0.19569,0.02,0.02
2014.08.18 01:25:35.914,0.19521,0.19571,0.02,0.02
2014.08.18 01:25:36.129,0.19523,0.19573,0.02,0.02
2014.08.18 01:25:36.459,0.19523,0.19571,0.02,0.02
2014.08.18 01:25:36.987,0.19524,0.19572,0.02,0.02
2014.08.18 01:25:37.226,0.19522,0.19572,0.02,0.02
2014.08.18 01:25:37.759,0.19523,0.19573,0.02,0.02
2014.08.18 01:25:38.588,0.19522,0.19572,0.02,0.02
2014.08.18 01:25:39.718,0.19523,0.19571,0.02,0.02
2014.08.18 01:25:39.870,0.1952,0.19568,0.02,0.02
2014.08.18 01:25:40.456,0.19519,0.19569,0.02,0.02
2014.08.18 01:25:41.228,0.19518,0.19568,0.02,0.02
2014.08.18 01:25:42.171,0.1952,0.19568,0.02,0.02
2014.08.18 01:25:42.549,0.19524,0.19572,0.02,0.02
2014.08.18 01:25:42.638,0.19522,0.19572,0.02,0.02
2014.08.18 01:25:44.067,0.19523,0.19573,0.02,0.02
2014.08.18 01:25:44.717,0.1952,0.1957,0.02,0.02
2014.08.18 01:25:45.373,0.19519,0.19569,0.02,0.02
2014.08.18 01:25:46.897,0.19517,0.19567,0.02,0.02
2014.08.18 01:25:47.424,0.19518,0.19566,0.02,0.02
2014.08.18 01:25:48.538,0.19518,0.19568,0.02,0.02
2014.08.18 01:25:48.987,0.1952,0.19568,0.02,0.02
2014.08.18 01:25:49.476,0.19518,0.19568,0.02,0.02
2014.08.18 01:25:49.686,0.19518,0.19566,0.02,0.02
2014.08.18 01:25:50.188,0.19517,0.19567,0.02,0.02
2014.08.18 01:25:51.006,0.19519,0.19569,0.02,0.02
2014.08.18 01:25:51.535,0.1952,0.1957,0.02,0.02
2014.08.18 01:25:52.935,0.1952,0.19568,0.02,0.02
2014.08.18 01:25:53.261,0.19518,0.19568,0.02,0.02
2014.08.18 01:25:56.984,0.19519,0.19569,0.02,0.02
2014.08.18 01:25:57.964,0.1952,0.1957,0.02,0.02
2014.08.18 01:25:58.399,0.19519,0.19567,0.02,0.02
2014.08.18 01:25:59.454,0.1952,0.19568,0.02,0.02
2014.08.18 01:25:59.564,0.19521,0.19571,0.02,0.02
2014.08.18 01:26:00.213,0.19521,0.19569,0.02,0.02
2014.08.18 01:26:00.643,0.19519,0.19569,0.02,0.02
2014.08.18 01:26:01.364,0.19518,0.19568,0.02,0.02
2014.08.18 01:26:02.493,0.1952,0.19568,0.02,0.02
2014.08.18 01:26:03.013,0.19521,0.19569,0.02,0.02
2014.08.18 01:26:03.913,0.19519,0.19569,0.02,0.02
2014.08.18 01:26:04.476,0.19519,0.19567,0.02,0.02
2014.08.18 01:26:05.044,0.19518,0.19568,0.02,0.02
2014.08.18 01:26:10.975,0.19518,0.19566,0.02,0.02
2014.08.18 01:26:11.410,0.1952,0.1957,0.02,0.02
2014.08.18 01:26:11.520,0.19522,0.1957,0.02,0.02
2014.08.18 01:26:12.390,0.19521,0.19571,0.02,0.02
2014.08.18 01:26:12.916,0.19521,0.19569,0.02,0.02
2014.08.18 01:26:16.609,0.19522,0.1957,0.02,0.02
2014.08.18 01:26:17.920,0.19522,0.19572,0.02,0.02
2014.08.18 01:26:19.738,0.19521,0.19569,0.02,0.02
2014.08.18 01:26:19.848,0.19521,0.19571,0.02,0.02
2014.08.18 01:26:19.958,0.19521,0.19569,0.02,0.02
2014.08.18 01:26:20.941,0.19522,0.19572,0.02,0.02
2014.08.18 01:26:21.445,0.19523,0.19573,0.02,0.02
2014.08.18 01:26:21.496,0.19523,0.19571,0.02,0.02
2014.08.18 01:26:22.064,0.19522,0.19572,0.02,0.02
2014.08.18 01:26:26.587,0.19518,0.19566,0.02,0.02
2014.08.18 01:26:27.173,0.19518,0.19568,0.02,0.02
2014.08.18 01:26:27.602,0.19516,0.19564,0.02,0.02
2014.08.18 01:26:27.666,0.19518,0.19568,0.02,0.02
2014.08.18 01:26:27.886,0.19518,0.19566,0.02,0.02
2014.08.18 01:26:28.155,0.19515,0.19565,0.02,0.02
2014.08.18 01:26:29.186,0.19517,0.19565,0.02,0.02
2014.08.18 01:26:31.992,0.19518,0.19566,0.02,0.02
2014.08.18 01:26:32.497,0.19517,0.19567,0.02,0.02
2014.08.18 01:26:32.901,0.19515,0.19565,0.02,0.02
2014.08.18 01:26:33.405,0.19516,0.19566,0.02,0.02
2014.08.18 01:26:33.955,0.19517,0.19567,0.02,0.02
2014.08.18 01:26:34.504,0.19518,0.19566,0.02,0.02
2014.08.18 01:26:35.037,0.19519,0.19567,0.02,0.02
2014.08.18 01:26:35.697,0.19518,0.19566,0.02,0.02
2014.08.18 01:26:39.484,0.19516,0.19564,0.02,0.02
2014.08.18 01:26:39.988,0.19517,0.19565,0.02,0.02
2014.08.18 01:26:40.893,0.19516,0.19564,0.02,0.02
2014.08.18 01:26:42.018,0.19515,0.19565,0.02,0.02
2014.08.18 01:26:42.402,0.19519,0.19567,0.02,0.02
2014.08.18 01:26:49.641,0.19518,0.19568,0.02,0.02
2014.08.18 01:26:49.969,0.19523,0.19571,0.02,0.02
2014.08.18 01:26:50.520,0.19524,0.19572,0.02,0.02
2014.08.18 01:26:51.500,0.19523,0.19571,0.02,0.02
2014.08.18 01:26:54.370,0.19524,0.19572,0.02,0.02
2014.08.18 01:26:55.883,0.19522,0.19572,0.02,0.02
2014.08.18 01:26:56.009,0.19524,0.19572,0.02,0.02
2014.08.18 01:26:58.727,0.19524,0.19574,0.02,0.02
2014.08.18 01:26:58.828,0.19529,0.19577,0.02,0.02
2014.08.18 01:26:59.181,0.19524,0.19574,0.02,0.02
2014.08.18 01:26:59.938,0.19523,0.19573,0.02,0.02
2014.08.18 01:27:00.456,0.19524,0.19574,0.02,0.02
2014.08.18 01:27:01.107,0.19523,0.19573,0.02,0.02
2014.08.18 01:27:02.517,0.19525,0.19573,0.02,0.02
2014.08.18 01:27:02.947,0.19523,0.19573,0.02,0.02
2014.08.18 01:27:03.477,0.19522,0.19572,0.02,0.02
2014.08.18 01:27:04.015,0.19523,0.19573,0.02,0.02
2014.08.18 01:27:05.457,0.19525,0.19573,0.02,0.02
2014.08.18 01:27:05.786,0.19528,0.19578,0.02,0.02
2014.08.18 01:27:06.636,0.19524,0.19574,0.02,0.02
2014.08.18 01:27:07.507,0.19525,0.19575,0.02,0.02
2014.08.18 01:27:07.946,0.19522,0.19572,0.02,0.02
2014.08.18 01:27:08.415,0.19524,0.19572,0.02,0.02
2014.08.18 01:27:08.516,0.19522,0.19572,0.02,0.02
2014.08.18 01:27:13.325,0.19524,0.19572,0.02,0.02
2014.08.18 01:27:13.545,0.19524,0.19574,0.02,0.02
2014.08.18 01:27:13.656,0.19526,0.19574,0.02,0.02
2014.08.18 01:27:14.009,0.19523,0.19571,0.02,0.02
2014.08.18 01:27:15.894,0.19524,0.19574,0.02,0.02
2014.08.18 01:27:16.554,0.19523,0.19573,0.02,0.02
2014.08.18 01:27:17.534,0.19522,0.19572,0.02,0.02
2014.08.18 01:27:17.885,0.19524,0.19572,0.02,0.02
2014.08.18 01:27:18.414,0.19525,0.19573,0.02,0.02
2014.08.18 01:27:19.933,0.19525,0.19575,0.02,0.02
2014.08.18 01:27:20.043,0.19527,0.19575,0.02,0.02
2014.08.18 01:27:20.473,0.19528,0.19577,0.02,0.02
2014.08.18 01:27:20.803,0.19526,0.19574,0.02,0.02
2014.08.18 01:27:21.605,0.19527,0.19575,0.02,0.02
2014.08.18 01:27:23.416,0.19525,0.19575,0.02,0.02
2014.08.18 01:27:23.967,0.19526,0.19576,0.02,0.02
2014.08.18 01:27:24.956,0.19528,0.19578,0.02,0.02
2014.08.18 01:27:25.411,0.19529,0.19576,0.02,0.02
2014.08.18 01:27:29.071,0.19529,0.19577,0.02,0.02
2014.08.18 01:27:30.250,0.19528,0.19577,0.02,0.02
2014.08.18 01:27:32.640,0.19527,0.19577,0.02,0.02
2014.08.18 01:27:32.960,0.19525,0.19575,0.02,0.02
2014.08.18 01:27:33.487,0.19525,0.19573,0.02,0.02
2014.08.18 01:27:33.648,0.19523,0.19572,0.02,0.02
2014.08.18 01:27:34.406,0.19523,0.19573,0.02,0.02
2014.08.18 01:27:34.780,0.19525,0.19575,0.02,0.02
2014.08.18 01:27:36.299,0.19526,0.19573,0.02,0.02
2014.08.18 01:27:36.522,0.19526,0.19576,0.02,0.02
2014.08.18 01:27:38.818,0.19526,0.19574,0.02,0.02
2014.08.18 01:27:40.906,0.19525,0.19574,0.02,0.02
2014.08.18 01:27:41.208,0.19526,0.19576,0.02,0.02
2014.08.18 01:27:41.462,0.19526,0.19573,0.02,0.02
2014.08.18 01:27:42.947,0.19524,0.19574,0.02,0.02
2014.08.18 01:27:44.257,0.19524,0.19571,0.02,0.02
2014.08.18 01:27:45.044,0.19523,0.19572,0.02,0.02
2014.08.18 01:27:55.274,0.19523,0.19573,0.02,0.02
2014.08.18 01:27:58.433,0.19525,0.19573,0.02,0.02
2014.08.18 01:27:59.413,0.19522,0.19572,0.02,0.02
2014.08.18 01:27:59.961,0.19523,0.19573,0.02,0.02
2014.08.18 01:28:03.128,0.19524,0.19574,0.02,0.02
2014.08.18 01:28:03.422,0.19523,0.19571,0.02,0.02
2014.08.18 01:28:03.642,0.19528,0.19578,0.02,0.02
2014.08.18 01:28:03.753,0.19524,0.19574,0.02,0.02
2014.08.18 01:28:04.082,0.19527,0.19575,0.02,0.02
2014.08.18 01:28:05.482,0.19526,0.19574,0.02,0.02
2014.08.18 01:28:10.361,0.19524,0.19574,0.02,0.02
2014.08.18 01:28:10.923,0.19526,0.19576,0.02,0.02
2014.08.18 01:28:11.508,0.19523,0.19571,0.02,0.02
2014.08.18 01:28:11.938,0.19523,0.19573,0.02,0.02
2014.08.18 01:28:12.450,0.19522,0.19572,0.02,0.02
2014.08.18 01:28:15.899,0.19525,0.19575,0.02,0.02
2014.08.18 01:28:16.325,0.19523,0.19573,0.02,0.02
2014.08.18 01:28:18.618,0.19524,0.19574,0.02,0.02
2014.08.18 01:28:18.949,0.19522,0.19572,0.02,0.02
2014.08.18 01:28:19.498,0.19523,0.19573,0.02,0.02
2014.08.18 01:28:20.918,0.19522,0.19572,0.02,0.02
2014.08.18 01:28:22.117,0.19523,0.19573,0.02,0.02
2014.08.18 01:28:22.679,0.19522,0.19572,0.02,0.02
2014.08.18 01:28:23.077,0.19522,0.1957,0.02,0.02
2014.08.18 01:28:23.187,0.1952,0.1957,0.02,0.02
2014.08.18 01:28:23.837,0.19521,0.19569,0.02,0.02
2014.08.18 01:28:23.947,0.19521,0.19571,0.02,0.02
2014.08.18 01:28:24.201,0.19524,0.19572,0.02,0.02
2014.08.18 01:28:24.724,0.19523,0.19571,0.02,0.02
2014.08.18 01:28:25.529,0.19522,0.19572,0.02,0.02
2014.08.18 01:28:26.313,0.19523,0.19573,0.02,0.02
2014.08.18 01:28:30.125,0.19521,0.19571,0.02,0.02
2014.08.18 01:28:31.894,0.19525,0.19571,0.02,0.02
2014.08.18 01:28:31.994,0.19529,0.19577,0.02,0.02
2014.08.18 01:28:32.195,0.19527,0.19577,0.02,0.02
2014.08.18 01:28:32.415,0.19529,0.19577,0.02,0.02
2014.08.18 01:28:32.918,0.19528,0.19578,0.02,0.02
2014.08.18 01:28:33.454,0.19527,0.19577,0.02,0.02
2014.08.18 01:28:34.374,0.19527,0.19575,0.02,0.02
2014.08.18 01:28:34.525,0.19523,0.19573,0.02,0.02
2014.08.18 01:28:35.065,0.19524,0.19573,0.02,0.02
2014.08.18 01:28:35.888,0.19523,0.19573,0.02,0.02
2014.08.18 01:28:35.939,0.19525,0.19573,0.02,0.02
2014.08.18 01:28:39.396,0.19524,0.19574,0.02,0.02
2014.08.18 01:28:40.152,0.19525,0.19575,0.02,0.02
2014.08.18 01:28:42.019,0.19525,0.19574,0.02,0.02
2014.08.18 01:28:42.443,0.19526,0.19576,0.02,0.02
2014.08.18 01:28:42.553,0.19529,0.19577,0.02,0.02
2014.08.18 01:28:45.512,0.19529,0.19576,0.02,0.02
2014.08.18 01:28:46.451,0.19529,0.19577,0.02,0.02
2014.08.18 01:28:46.797,0.19527,0.19577,0.02,0.02
2014.08.18 01:28:48.845,0.19529,0.19577,0.02,0.02
2014.08.18 01:28:52.459,0.19529,0.19576,0.02,0.02
2014.08.18 01:29:00.618,0.19529,0.19577,0.02,0.02
2014.08.18 01:29:01.751,0.19529,0.19576,0.02,0.02
2014.08.18 01:29:07.046,0.19525,0.19575,0.02,0.02
2014.08.18 01:29:08.356,0.19527,0.19575,0.02,0.02
2014.08.18 01:29:12.946,0.19529,0.19577,0.02,0.02
2014.08.18 01:29:13.464,0.19527,0.19577,0.02,0.02
2014.08.18 01:29:14.444,0.19529,0.19577,0.02,0.02
2014.08.18 01:29:14.994,0.19527,0.19577,0.02,0.02
2014.08.18 01:29:15.556,0.19529,0.19577,0.02,0.02
2014.08.18 01:29:16.074,0.19527,0.19577,0.02,0.02
2014.08.18 01:29:17.903,0.19528,0.19578,0.02,0.02
2014.08.18 01:29:20.175,0.19527,0.19577,0.02,0.02
2014.08.18 01:29:21.496,0.19529,0.19577,0.02,0.02
2014.08.18 01:29:22.022,0.19528,0.19576,0.02,0.02
2014.08.18 01:29:22.352,0.19528,0.19578,0.02,0.02
2014.08.18 01:29:22.902,0.19528,0.19576,0.02,0.02
2014.08.18 01:29:24.557,0.19529,0.19577,0.02,0.02
2014.08.18 01:29:25.443,0.19527,0.19577,0.02,0.02
2014.08.18 01:29:26.448,0.19529,0.19577,0.02,0.02
2014.08.18 01:29:26.521,0.19527,0.19577,0.02,0.02
2014.08.18 01:29:26.961,0.19529,0.19577,0.02,0.02
2014.08.18 01:29:27.294,0.19527,0.19577,0.02,0.02
2014.08.18 01:29:27.511,0.19529,0.19577,0.02,0.02
2014.08.18 01:29:27.621,0.19527,0.19577,0.02,0.02
2014.08.18 01:29:28.938,0.19529,0.19577,0.02,0.02
2014.08.18 01:29:29.698,0.19528,0.19578,0.02,0.02
2014.08.18 01:29:31.883,0.19528,0.19576,0.02,0.02
2014.08.18 01:29:32.969,0.19528,0.19578,0.02,0.02
2014.08.18 01:29:33.609,0.19527,0.19577,0.02,0.02
2014.08.18 01:29:33.939,0.19529,0.19577,0.02,0.02
2014.08.18 01:29:34.160,0.19527,0.19577,0.02,0.02
2014.08.18 01:29:35.469,0.19529,0.19577,0.02,0.02
2014.08.18 01:29:42.016,0.19527,0.19577,0.02,0.02
2014.08.18 01:29:42.558,0.19528,0.19578,0.02,0.02
2014.08.18 01:29:43.187,0.19529,0.19577,0.02,0.02
2014.08.18 01:29:43.297,0.19527,0.19577,0.02,0.02
2014.08.18 01:29:43.891,0.19528,0.19578,0.02,0.02
2014.08.18 01:29:44.551,0.19527,0.19577,0.02,0.02
2014.08.18 01:29:44.932,0.19529,0.19577,0.02,0.02
2014.08.18 01:29:45.542,0.19528,0.19576,0.02,0.02
2014.08.18 01:29:45.922,0.19528,0.19578,0.02,0.02
2014.08.18 01:29:48.635,0.19528,0.19576,0.02,0.02
2014.08.18 01:29:49.652,0.19528,0.19578,0.02,0.02
2014.08.18 01:29:51.455,0.19527,0.19577,0.02,0.02
2014.08.18 01:29:53.524,0.19528,0.19578,0.02,0.02
2014.08.18 01:29:53.575,0.1953,0.19578,0.02,0.02
2014.08.18 01:29:53.964,0.19528,0.19578,0.02,0.02
2014.08.18 01:29:54.836,0.1953,0.19578,0.02,0.02
2014.08.18 01:29:56.004,0.1953,0.19578,0.03,0.02
2014.08.18 01:29:56.055,0.1953,0.1958,0.03,0.02
2014.08.18 01:29:56.155,0.19533,0.19583,0.02,0.02
2014.08.18 01:29:56.363,0.1953,0.1958,0.02,0.02
2014.08.18 01:29:56.693,0.19534,0.19582,0.02,0.02
2014.08.18 01:29:57.198,0.19533,0.19581,0.02,0.02
2014.08.18 01:29:57.248,0.1953,0.1958,0.02,0.02
2014.08.18 01:30:00.450,0.1953,0.19578,0.02,0.02
2014.08.18 01:30:00.964,0.19534,0.19582,0.02,0.02
2014.08.18 01:30:02.044,0.19531,0.19579,0.02,0.02
2014.08.18 01:30:03.864,0.19529,0.19579,0.02,0.02
2014.08.18 01:30:04.690,0.1953,0.19578,0.02,0.02
2014.08.18 01:30:04.741,0.19532,0.1958,0.02,0.02
2014.08.18 01:30:06.154,0.1953,0.1958,0.02,0.02
2014.08.18 01:30:06.667,0.19529,0.19579,0.02,0.02
2014.08.18 01:30:07.253,0.1953,0.1958,0.02,0.02
2014.08.18 01:30:07.938,0.19529,0.19579,0.02,0.02
2014.08.18 01:30:09.030,0.19528,0.19578,0.02,0.02
2014.08.18 01:30:09.640,0.19529,0.19579,0.02,0.02
2014.08.18 01:30:09.691,0.19529,0.19577,0.02,0.02
2014.08.18 01:30:14.431,0.19528,0.19576,0.02,0.02
2014.08.18 01:30:18.934,0.19528,0.19578,0.02,0.02
2014.08.18 01:30:19.030,0.1953,0.19578,0.02,0.02
2014.08.18 01:30:19.264,0.19528,0.19578,0.02,0.02
2014.08.18 01:30:19.368,0.1953,0.19578,0.02,0.02
2014.08.18 01:30:19.690,0.1953,0.1958,0.02,0.02
2014.08.18 01:30:29.947,0.19531,0.1958,0.01,0.02
2014.08.18 01:30:30.097,0.19533,0.19583,0.02,0.02
2014.08.18 01:30:30.307,0.19533,0.19581,0.02,0.02
2014.08.18 01:30:32.258,0.1953,0.1958,0.02,0.02
2014.08.18 01:30:33.570,0.19534,0.19582,0.02,0.02
2014.08.18 01:30:35.945,0.19533,0.19581,0.02,0.02
2014.08.18 01:30:36.165,0.19533,0.19583,0.02,0.02
2014.08.18 01:30:36.526,0.1953,0.1958,0.02,0.02
2014.08.18 01:30:37.039,0.19531,0.19579,0.02,0.02
2014.08.18 01:30:37.245,0.19531,0.19581,0.02,0.02
2014.08.18 01:30:37.355,0.19533,0.19583,0.02,0.02
2014.08.18 01:30:37.698,0.1953,0.1958,0.02,0.02
2014.08.18 01:30:57.660,0.19531,0.19579,0.02,0.02
2014.08.18 01:31:01.883,0.19531,0.19581,0.02,0.02
2014.08.18 01:31:08.397,0.1953,0.1958,0.02,0.02
2014.08.18 01:31:09.418,0.19531,0.19581,0.02,0.02
2014.08.18 01:31:10.086,0.1953,0.1958,0.02,0.02
2014.08.18 01:31:13.926,0.19531,0.19581,0.02,0.02
2014.08.18 01:31:18.062,0.19531,0.19579,0.02,0.02
2014.08.18 01:31:18.585,0.19533,0.19583,0.02,0.02
2014.08.18 01:31:19.225,0.19533,0.19581,0.02,0.02
2014.08.18 01:31:24.673,0.19534,0.19582,0.02,0.02
2014.08.18 01:31:25.277,0.19533,0.19581,0.02,0.02
2014.08.18 01:31:25.701,0.19531,0.19579,0.02,0.02
2014.08.18 01:31:25.773,0.19531,0.19581,0.02,0.02
2014.08.18 01:31:25.993,0.19531,0.19579,0.02,0.02
2014.08.18 01:31:26.977,0.19531,0.19581,0.02,0.02
2014.08.18 01:31:40.390,0.1953,0.1958,0.02,0.02
2014.08.18 01:31:40.939,0.1953,0.19578,0.02,0.02
2014.08.18 01:31:41.359,0.19528,0.19576,0.02,0.02
2014.08.18 01:31:43.858,0.19529,0.19577,0.02,0.02
2014.08.18 01:31:44.408,0.19528,0.19576,0.02,0.02
2014.08.18 01:31:45.079,0.19529,0.19577,0.02,0.02
2014.08.18 01:31:45.966,0.19528,0.19576,0.02,0.02
2014.08.18 01:31:46.501,0.19528,0.19578,0.02,0.02
2014.08.18 01:31:48.898,0.19527,0.19577,0.02,0.02
2014.08.18 01:31:57.277,0.19529,0.19577,0.02,0.02
2014.08.18 01:31:57.386,0.19527,0.19577,0.02,0.02
2014.08.18 01:31:57.496,0.19529,0.19577,0.02,0.02
2014.08.18 01:31:58.091,0.19528,0.19576,0.02,0.02
2014.08.18 01:32:05.653,0.19529,0.19577,0.02,0.02
2014.08.18 01:32:09.692,0.19527,0.19577,0.02,0.02
2014.08.18 01:32:10.206,0.19528,0.19578,0.02,0.02
2014.08.18 01:32:10.782,0.19527,0.19577,0.02,0.02
2014.08.18 01:32:11.996,0.19529,0.19577,0.02,0.02
2014.08.18 01:32:12.181,0.19527,0.19577,0.02,0.02
2014.08.18 01:32:12.762,0.19528,0.19578,0.02,0.02
2014.08.18 01:32:18.620,0.19528,0.19576,0.02,0.02
2014.08.18 01:32:18.844,0.19526,0.19576,0.04,0.02
2014.08.18 01:32:18.975,0.19528,0.19578,0.02,0.02
2014.08.18 01:32:19.446,0.19528,0.19576,0.02,0.02
2014.08.18 01:32:21.476,0.19529,0.19577,0.02,0.02
2014.08.18 01:32:33.484,0.19527,0.19577,0.02,0.02
2014.08.18 01:32:34.126,0.19527,0.19575,0.02,0.02
2014.08.18 01:32:34.236,0.19527,0.19577,0.02,0.02
2014.08.18 01:32:34.386,0.19526,0.19574,0.02,0.02
2014.08.18 01:32:34.455,0.19524,0.19574,0.02,0.02
2014.08.18 01:32:34.961,0.19523,0.19573,0.02,0.02
2014.08.18 01:32:39.165,0.19525,0.19573,0.02,0.02
2014.08.18 01:32:40.044,0.19524,0.19572,0.02,0.02
2014.08.18 01:32:41.024,0.19524,0.19574,0.02,0.02
2014.08.18 01:32:44.963,0.19523,0.19573,0.02,0.02
2014.08.18 01:33:06.475,0.19524,0.19574,0.02,0.02
2014.08.18 01:33:06.647,0.19524,0.19572,0.02,0.02
2014.08.18 01:33:08.947,0.19523,0.19573,0.02,0.02
2014.08.18 01:33:09.420,0.19525,0.19573,0.02,0.02
2014.08.18 01:33:09.607,0.19523,0.19573,0.02,0.02
2014.08.18 01:33:12.446,0.19523,0.19571,0.02,0.02
2014.08.18 01:33:13.030,0.19524,0.19574,0.02,0.02
2014.08.18 01:33:13.216,0.19524,0.19572,0.02,0.02
2014.08.18 01:33:18.019,0.19525,0.19573,0.02,0.02
2014.08.18 01:33:21.056,0.19527,0.19575,0.02,0.02
2014.08.18 01:33:21.157,0.19528,0.19578,0.02,0.02
2014.08.18 01:33:30.027,0.19527,0.19577,0.02,0.02
2014.08.18 01:33:30.145,0.19529,0.19577,0.02,0.02
2014.08.18 01:33:31.441,0.19527,0.19577,0.02,0.02
2014.08.18 01:33:31.841,0.19529,0.19577,0.02,0.02
2014.08.18 01:33:33.561,0.19528,0.19576,0.02,0.02
2014.08.18 01:33:34.001,0.19528,0.19578,0.02,0.02
2014.08.18 01:33:35.850,0.19527,0.19577,0.02,0.02
2014.08.18 01:33:36.424,0.19529,0.19577,0.02,0.02
2014.08.18 01:33:36.930,0.19527,0.19577,0.02,0.02
2014.08.18 01:33:37.480,0.19528,0.19578,0.02,0.02
2014.08.18 01:33:37.909,0.19528,0.19576,0.02,0.02
2014.08.18 01:33:38.449,0.19528,0.19578,0.02,0.02
2014.08.18 01:33:38.989,0.19528,0.19576,0.02,0.02
2014.08.18 01:33:39.430,0.19528,0.19578,0.02,0.02
2014.08.18 01:33:39.969,0.19528,0.19576,0.02,0.02
2014.08.18 01:33:40.409,0.19528,0.19578,0.02,0.02
2014.08.18 01:33:41.489,0.19527,0.19577,0.02,0.02
2014.08.18 01:33:42.568,0.19528,0.19578,0.02,0.02
2014.08.18 01:33:43.036,0.19528,0.19576,0.02,0.02
2014.08.18 01:33:43.648,0.19525,0.19575,0.02,0.02
2014.08.18 01:33:48.393,0.19525,0.19573,0.02,0.02
2014.08.18 01:33:48.493,0.19523,0.19573,0.02,0.02
2014.08.18 01:33:52.715,0.19523,0.19571,0.02,0.02
2014.08.18 01:33:53.666,0.19524,0.19572,0.02,0.02
2014.08.18 01:33:54.316,0.19522,0.19572,0.02,0.02
2014.08.18 01:34:05.540,0.19521,0.19569,0.02,0.02
2014.08.18 01:34:06.116,0.19522,0.1957,0.02,0.02
2014.08.18 01:34:07.012,0.19521,0.19569,0.02,0.02
2014.08.18 01:34:07.455,0.19523,0.19571,0.02,0.02
2014.08.18 01:34:07.662,0.19523,0.19573,0.02,0.02
2014.08.18 01:34:08.426,0.19522,0.19572,0.02,0.02
2014.08.18 01:34:11.031,0.1952,0.19568,0.02,0.02
2014.08.18 01:34:11.361,0.1952,0.1957,0.02,0.02
2014.08.18 01:34:14.418,0.19519,0.19569,0.02,0.02
2014.08.18 01:34:17.058,0.19519,0.19567,0.02,0.02
2014.08.18 01:34:17.717,0.19518,0.19566,0.02,0.02
2014.08.18 01:34:18.328,0.19517,0.19567,0.02,0.02
2014.08.18 01:34:18.904,0.19521,0.19567,0.02,0.02
2014.08.18 01:34:19.036,0.19523,0.19573,0.02,0.02
2014.08.18 01:34:41.943,0.19523,0.19571,0.02,0.02
2014.08.18 01:34:43.472,0.19524,0.19572,0.02,0.02
2014.08.18 01:34:45.453,0.19525,0.19573,0.02,0.02
2014.08.18 01:34:46.063,0.19524,0.19574,0.02,0.02
2014.08.18 01:34:48.982,0.19525,0.19575,0.02,0.02
2014.08.18 01:34:51.835,0.19524,0.19574,0.02,0.02
2014.08.18 01:34:56.797,0.19524,0.19572,0.02,0.02
2014.08.18 01:35:03.001,0.19522,0.19572,0.02,0.02
2014.08.18 01:35:03.560,0.19523,0.19573,0.02,0.02
2014.08.18 01:35:05.049,0.19523,0.19571,0.02,0.02
2014.08.18 01:35:06.369,0.19523,0.19573,0.02,0.02
2014.08.18 01:35:06.909,0.19522,0.19572,0.02,0.02
2014.08.18 01:35:07.899,0.19524,0.19572,0.02,0.02
2014.08.18 01:35:11.358,0.19522,0.19572,0.02,0.02
2014.08.18 01:35:18.906,0.19523,0.19573,0.02,0.02
2014.08.18 01:35:45.061,0.19522,0.1957,0.02,0.02
2014.08.18 01:35:45.139,0.19523,0.19573,0.02,0.02
2014.08.18 01:35:45.819,0.19522,0.19572,0.02,0.02
2014.08.18 01:35:46.969,0.1952,0.1957,0.02,0.02
2014.08.18 01:35:50.093,0.19524,0.19572,0.02,0.02
2014.08.18 01:35:51.008,0.19525,0.19573,0.02,0.02
2014.08.18 01:35:54.348,0.19524,0.19572,0.02,0.02
2014.08.18 01:36:05.675,0.19524,0.19574,0.02,0.02
2014.08.18 01:36:06.284,0.19523,0.19573,0.02,0.02
2014.08.18 01:36:06.806,0.19524,0.19574,0.02,0.02
2014.08.18 01:36:08.594,0.19523,0.19573,0.02,0.02
2014.08.18 01:36:11.016,0.19524,0.19574,0.02,0.02
2014.08.18 01:36:15.476,0.19523,0.19573,0.02,0.02
2014.08.18 01:36:15.577,0.1952,0.1957,0.02,0.02
2014.08.18 01:36:16.217,0.19519,0.19569,0.02,0.02
2014.08.18 01:36:16.541,0.19521,0.19571,0.02,0.02
2014.08.18 01:36:16.929,0.19523,0.19573,0.02,0.02
2014.08.18 01:36:17.588,0.19524,0.19574,0.02,0.02
2014.08.18 01:36:18.091,0.19523,0.19573,0.02,0.02
2014.08.18 01:36:24.859,0.19524,0.19572,0.02,0.02
2014.08.18 01:36:33.533,0.19522,0.19572,0.02,0.02
2014.08.18 01:36:34.096,0.19519,0.19569,0.02,0.02
2014.08.18 01:36:34.705,0.19518,0.19568,0.02,0.02
2014.08.18 01:36:35.466,0.19517,0.19567,0.02,0.02
2014.08.18 01:36:36.786,0.19519,0.19567,0.02,0.02
2014.08.18 01:36:37.606,0.19517,0.19567,0.02,0.02
2014.08.18 01:36:44.994,0.19518,0.19568,0.02,0.02
2014.08.18 01:36:48.384,0.19517,0.19567,0.02,0.02
2014.08.18 01:36:48.900,0.19518,0.19568,0.02,0.02
2014.08.18 01:36:49.559,0.19517,0.19567,0.02,0.02
2014.08.18 01:36:50.716,0.19518,0.19568,0.02,0.02
2014.08.18 01:36:50.802,0.19518,0.19566,0.02,0.02
2014.08.18 01:36:51.462,0.19514,0.19564,0.02,0.02
2014.08.18 01:36:52.086,0.19513,0.19563,0.02,0.02
2014.08.18 01:36:52.861,0.19514,0.19562,0.02,0.02
2014.08.18 01:37:02.889,0.19512,0.19562,0.02,0.02
2014.08.18 01:37:02.999,0.1951,0.1956,0.02,0.02
2014.08.18 01:37:03.504,0.19511,0.19559,0.02,0.02
2014.08.18 01:37:08.792,0.19511,0.19561,0.02,0.02
2014.08.18 01:37:11.897,0.19511,0.19559,0.02,0.02
2014.08.18 01:37:12.057,0.19509,0.19559,0.02,0.02
2014.08.18 01:37:12.877,0.1951,0.1956,0.02,0.02
2014.08.18 01:37:13.747,0.19509,0.19558,0.02,0.02
2014.08.18 01:37:15.936,0.19512,0.1956,0.02,0.02
2014.08.18 01:37:16.247,0.19514,0.19562,0.02,0.02
2014.08.18 01:37:17.049,0.19513,0.19563,0.02,0.02
2014.08.18 01:37:19.326,0.19513,0.19561,0.02,0.02
2014.08.18 01:37:20.445,0.19513,0.19563,0.02,0.02
2014.08.18 01:37:23.694,0.19518,0.19566,0.02,0.02
2014.08.18 01:37:23.940,0.19518,0.19568,0.02,0.02
2014.08.18 01:37:24.551,0.19519,0.19567,0.02,0.02
2014.08.18 01:37:25.070,0.19518,0.19568,0.02,0.02
2014.08.18 01:37:25.873,0.19519,0.19567,0.02,0.02
2014.08.18 01:37:27.093,0.19518,0.19568,0.02,0.02
2014.08.18 01:37:45.726,0.19519,0.19569,0.02,0.02
2014.08.18 01:37:45.928,0.19519,0.19567,0.02,0.02
2014.08.18 01:37:46.058,0.19519,0.19569,0.02,0.02
2014.08.18 01:37:46.388,0.19521,0.19569,0.02,0.02
2014.08.18 01:37:46.835,0.19519,0.19567,0.02,0.02
2014.08.18 01:37:51.377,0.1952,0.1957,0.02,0.02
2014.08.18 01:37:53.602,0.1952,0.19568,0.02,0.02
2014.08.18 01:37:53.896,0.1952,0.1957,0.02,0.02
2014.08.18 01:37:57.059,0.19519,0.19569,0.02,0.02
2014.08.18 01:38:02.646,0.19518,0.19567,0.02,0.02
2014.08.18 01:38:03.178,0.19519,0.19567,0.02,0.02
2014.08.18 01:38:04.014,0.19519,0.19566,0.02,0.02
2014.08.18 01:38:04.928,0.19518,0.19568,0.02,0.02
2014.08.18 01:38:05.004,0.19519,0.19566,0.02,0.02
2014.08.18 01:38:05.114,0.19518,0.19568,0.02,0.02
2014.08.18 01:38:20.361,0.19519,0.19569,0.02,0.02
2014.08.18 01:38:20.560,0.1952,0.19567,0.02,0.02
2014.08.18 01:38:25.124,0.1952,0.19568,0.02,0.02
2014.08.18 01:38:28.601,0.19519,0.19567,0.02,0.02
2014.08.18 01:38:29.217,0.19519,0.19569,0.02,0.02
2014.08.18 01:38:36.826,0.19518,0.19568,0.02,0.02
2014.08.18 01:38:52.090,0.19519,0.19569,0.02,0.02
2014.08.18 01:38:53.012,0.19518,0.19568,0.02,0.02
2014.08.18 01:38:56.853,0.19521,0.19569,0.02,0.02
2014.08.18 01:38:57.800,0.19518,0.19568,0.02,0.02
2014.08.18 01:39:16.197,0.1952,0.1957,0.02,0.02
2014.08.18 01:39:16.526,0.19518,0.19568,0.02,0.02
2014.08.18 01:39:17.053,0.1952,0.19568,0.02,0.02
2014.08.18 01:39:18.477,0.19521,0.19571,0.02,0.02
2014.08.18 01:39:18.566,0.19523,0.19573,0.02,0.02
2014.08.18 01:39:19.005,0.19521,0.19569,0.02,0.02
2014.08.18 01:39:19.166,0.19521,0.19571,0.02,0.02
2014.08.18 01:39:22.559,0.1952,0.19569,0.02,0.02
2014.08.18 01:39:25.770,0.1952,0.19568,0.02,0.02
2014.08.18 01:39:26.311,0.1952,0.1957,0.02,0.02
2014.08.18 01:39:31.932,0.19519,0.19569,0.02,0.02
2014.08.18 01:39:40.010,0.19518,0.19567,0.02,0.02
2014.08.18 01:39:46.298,0.19518,0.19568,0.02,0.02
2014.08.18 01:39:56.415,0.19518,0.19568,0.03,0.02
2014.08.18 01:39:56.566,0.19521,0.19571,0.03,0.02
2014.08.18 01:39:56.645,0.19523,0.19573,0.02,0.02
2014.08.18 01:39:56.956,0.19524,0.19571,0.02,0.02
2014.08.18 01:39:57.525,0.19523,0.19573,0.02,0.02
2014.08.18 01:39:58.071,0.19523,0.19572,0.02,0.02
2014.08.18 01:39:58.729,0.19523,0.19573,0.02,0.02
2014.08.18 01:40:09.474,0.19525,0.19575,0.02,0.02
2014.08.18 01:40:09.778,0.19529,0.19577,0.02,0.02
2014.08.18 01:40:14.553,0.19526,0.19574,0.02,0.02
2014.08.18 01:40:14.883,0.19526,0.19576,0.02,0.02
2014.08.18 01:40:15.441,0.19525,0.19575,0.02,0.02
2014.08.18 01:40:16.963,0.19524,0.19572,0.02,0.02
2014.08.18 01:40:22.217,0.19526,0.19576,0.02,0.02
2014.08.18 01:40:22.520,0.19524,0.19572,0.02,0.02
2014.08.18 01:40:24.040,0.19524,0.19574,0.02,0.02
2014.08.18 01:40:24.525,0.19525,0.19572,0.02,0.02
2014.08.18 01:40:26.914,0.19524,0.19574,0.02,0.02
2014.08.18 01:40:28.009,0.19525,0.19575,0.02,0.02
2014.08.18 01:40:28.449,0.19526,0.19573,0.02,0.02
2014.08.18 01:40:28.539,0.19525,0.19575,0.02,0.02
2014.08.18 01:40:29.409,0.19525,0.19574,0.02,0.02
2014.08.18 01:40:31.798,0.19525,0.19575,0.02,0.02
2014.08.18 01:40:40.118,0.19524,0.19573,0.02,0.02
2014.08.18 01:40:44.445,0.19525,0.19573,0.02,0.02
2014.08.18 01:40:45.340,0.19524,0.19573,0.02,0.02
2014.08.18 01:40:45.425,0.19525,0.19575,0.02,0.02
2014.08.18 01:40:45.535,0.19528,0.19578,0.02,0.02
2014.08.18 01:40:46.331,0.19529,0.19576,0.02,0.02
2014.08.18 01:40:46.744,0.19528,0.19578,0.02,0.02
2014.08.18 01:40:47.074,0.19528,0.19576,0.02,0.02
2014.08.18 01:40:47.651,0.19529,0.19577,0.02,0.02
2014.08.18 01:40:47.814,0.19527,0.19577,0.02,0.02
2014.08.18 01:40:49.964,0.19528,0.19578,0.02,0.02
2014.08.18 01:40:52.663,0.19528,0.19577,0.02,0.02
2014.08.18 01:40:58.222,0.19529,0.19577,0.02,0.02
2014.08.18 01:40:59.028,0.19528,0.19577,0.02,0.02
2014.08.18 01:40:59.091,0.19525,0.19575,0.02,0.02
2014.08.18 01:40:59.539,0.19524,0.19572,0.02,0.02
2014.08.18 01:41:06.922,0.19524,0.19574,0.02,0.02
2014.08.18 01:41:07.029,0.19526,0.19574,0.02,0.02
2014.08.18 01:41:07.579,0.19524,0.19574,0.02,0.02
2014.08.18 01:41:08.398,0.19523,0.19573,0.02,0.02
2014.08.18 01:41:08.499,0.19525,0.19573,0.02,0.02
2014.08.18 01:41:10.670,0.19524,0.19574,0.02,0.02
2014.08.18 01:41:11.373,0.19523,0.19573,0.02,0.02
2014.08.18 01:41:17.724,0.19524,0.19574,0.02,0.02
2014.08.18 01:41:18.447,0.19524,0.19572,0.02,0.02
2014.08.18 01:41:20.986,0.19523,0.19573,0.02,0.02
2014.08.18 01:41:38.122,0.19524,0.19574,0.02,0.02
2014.08.18 01:41:40.265,0.19525,0.19574,0.02,0.02
2014.08.18 01:41:40.315,0.19527,0.19577,0.02,0.02
2014.08.18 01:41:40.416,0.19529,0.19577,0.02,0.02
2014.08.18 01:41:41.051,0.19528,0.19578,0.02,0.02
2014.08.18 01:41:41.931,0.19529,0.19577,0.02,0.02
2014.08.18 01:41:42.433,0.19529,0.19576,0.02,0.02
2014.08.18 01:41:43.093,0.19529,0.19577,0.02,0.02
2014.08.18 01:41:44.447,0.19528,0.19577,0.02,0.02
2014.08.18 01:41:45.454,0.19528,0.19578,0.02,0.02
2014.08.18 01:41:46.014,0.19526,0.19576,0.02,0.02
2014.08.18 01:41:49.109,0.19525,0.19574,0.02,0.02
2014.08.18 01:41:50.199,0.19526,0.19576,0.02,0.02
2014.08.18 01:41:50.350,0.19529,0.19577,0.02,0.02
2014.08.18 01:41:51.015,0.19528,0.19577,0.02,0.02
2014.08.18 01:41:53.156,0.19527,0.19577,0.02,0.02
2014.08.18 01:41:53.657,0.19524,0.19573,0.02,0.02
2014.08.18 01:41:54.317,0.19524,0.19574,0.02,0.02
2014.08.18 01:41:56.238,0.19524,0.19574,0.03,0.02
2014.08.18 01:41:56.297,0.19526,0.19576,0.02,0.02
2014.08.18 01:41:56.448,0.19529,0.19577,0.02,0.02
2014.08.18 01:41:56.737,0.19527,0.19577,0.02,0.02
2014.08.18 01:41:57.000,0.19525,0.19574,0.02,0.02
2014.08.18 01:41:57.619,0.19525,0.19575,0.02,0.02
2014.08.18 01:42:06.164,0.19526,0.19576,0.02,0.02
2014.08.18 01:42:07.703,0.19525,0.19572,0.02,0.02
2014.08.18 01:42:10.180,0.19524,0.19572,0.02,0.02
2014.08.18 01:42:10.684,0.19522,0.19572,0.02,0.02
2014.08.18 01:42:13.603,0.19524,0.19572,0.02,0.02
2014.08.18 01:42:13.948,0.19529,0.19577,0.02,0.02
2014.08.18 01:42:15.023,0.19528,0.19577,0.02,0.02
2014.08.18 01:42:15.242,0.19525,0.19575,0.02,0.02
2014.08.18 01:42:15.393,0.19528,0.19578,0.02,0.02
2014.08.18 01:42:15.773,0.19523,0.19571,0.02,0.02
2014.08.18 01:42:17.072,0.19523,0.19573,0.02,0.02
2014.08.18 01:42:39.836,0.19524,0.19572,0.02,0.02
2014.08.18 01:42:52.223,0.19523,0.19573,0.02,0.02
2014.08.18 01:42:52.982,0.19524,0.19572,0.02,0.02
2014.08.18 01:42:54.942,0.19523,0.19573,0.02,0.02
2014.08.18 01:43:08.919,0.19524,0.19572,0.02,0.02
2014.08.18 01:43:21.999,0.19526,0.19576,0.02,0.02
2014.08.18 01:43:22.986,0.19526,0.19574,0.02,0.02
2014.08.18 01:43:23.905,0.19525,0.19573,0.02,0.02
2014.08.18 01:43:25.225,0.19525,0.19575,0.02,0.02
2014.08.18 01:43:25.765,0.19524,0.19574,0.02,0.02
2014.08.18 01:43:27.134,0.19526,0.19574,0.02,0.02
2014.08.18 01:43:29.284,0.19526,0.19576,0.03,0.02
2014.08.18 01:43:29.486,0.19528,0.19578,0.02,0.02
2014.08.18 01:43:32.415,0.19529,0.19577,0.02,0.02
2014.08.18 01:43:45.799,0.19528,0.19576,0.02,0.02
2014.08.18 01:43:45.948,0.19528,0.19578,0.02,0.02
2014.08.18 01:43:47.219,0.19529,0.19577,0.02,0.02
2014.08.18 01:43:51.388,0.19528,0.19578,0.02,0.02
2014.08.18 01:43:54.427,0.19529,0.19579,0.02,0.02
2014.08.18 01:43:56.955,0.1953,0.1958,0.02,0.02
2014.08.18 01:43:57.506,0.19531,0.19579,0.02,0.02
2014.08.18 01:44:04.445,0.19533,0.19581,0.02,0.02
2014.08.18 01:44:04.595,0.19533,0.19583,0.02,0.02
2014.08.18 01:44:05.276,0.19534,0.19582,0.02,0.02
2014.08.18 01:44:06.567,0.19533,0.19583,0.02,0.02
2014.08.18 01:44:06.624,0.19529,0.19579,0.02,0.02
2014.08.18 01:44:07.357,0.1953,0.1958,0.02,0.02
2014.08.18 01:44:09.057,0.1953,0.19578,0.02,0.02
2014.08.18 01:44:09.893,0.19529,0.19579,0.02,0.02
2014.08.18 01:44:11.963,0.1953,0.19578,0.02,0.02
2014.08.18 01:44:12.943,0.19529,0.19578,0.02,0.02
2014.08.18 01:44:13.812,0.19529,0.19579,0.02,0.02
2014.08.18 01:44:15.542,0.19529,0.19578,0.02,0.02
2014.08.18 01:44:16.522,0.1953,0.19578,0.02,0.02
2014.08.18 01:44:19.991,0.19529,0.19578,0.02,0.02
2014.08.18 01:44:20.211,0.1953,0.1958,0.02,0.02
2014.08.18 01:44:20.871,0.1953,0.19578,0.02,0.02
2014.08.18 01:44:21.420,0.1953,0.19577,0.02,0.02
2014.08.18 01:44:21.981,0.19531,0.19581,0.02,0.02
2014.08.18 01:44:23.944,0.19534,0.19582,0.02,0.02
2014.08.18 01:44:25.892,0.19534,0.19581,0.02,0.02
2014.08.18 01:44:26.299,0.19533,0.19583,0.02,0.02
2014.08.18 01:44:38.876,0.19534,0.19581,0.02,0.02
2014.08.18 01:44:39.206,0.19533,0.19583,0.02,0.02
2014.08.18 01:44:41.077,0.19535,0.19585,0.02,0.02
2014.08.18 01:44:41.418,0.19533,0.19581,0.02,0.02
2014.08.18 01:44:41.815,0.19533,0.19583,0.02,0.02
2014.08.18 01:44:50.979,0.19533,0.19582,0.02,0.02
2014.08.18 01:44:54.002,0.19534,0.19582,0.02,0.02
2014.08.18 01:44:54.125,0.19534,0.19584,0.02,0.02
2014.08.18 01:44:54.891,0.19533,0.19583,0.02,0.02
2014.08.18 01:44:57.911,0.19534,0.19582,0.02,0.02
2014.08.18 01:44:58.441,0.19532,0.19582,0.02,0.02
2014.08.18 01:44:59.631,0.19534,0.19582,0.02,0.02
2014.08.18 01:45:00.003,0.19532,0.19582,0.02,0.02
2014.08.18 01:45:00.223,0.19531,0.19579,0.02,0.02
2014.08.18 01:45:00.401,0.19529,0.19579,0.02,0.02
2014.08.18 01:45:00.950,0.19531,0.19579,0.02,0.02
2014.08.18 01:45:01.213,0.19533,0.19583,0.02,0.02
2014.08.18 01:45:01.824,0.19534,0.19582,0.02,0.02
2014.08.18 01:45:03.054,0.19532,0.19582,0.02,0.02
2014.08.18 01:45:03.592,0.19533,0.19583,0.02,0.02
2014.08.18 01:45:05.771,0.19533,0.19581,0.02,0.02
2014.08.18 01:45:10.660,0.19533,0.19583,0.02,0.02
2014.08.18 01:45:11.959,0.19533,0.19581,0.02,0.02
2014.08.18 01:45:12.949,0.19532,0.19582,0.02,0.02
2014.08.18 01:45:13.377,0.1953,0.1958,0.02,0.02
2014.08.18 01:45:14.037,0.19529,0.19579,0.02,0.02
2014.08.18 01:45:14.964,0.19529,0.19577,0.02,0.02
2014.08.18 01:45:15.065,0.19527,0.19577,0.02,0.02
2014.08.18 01:45:15.687,0.19528,0.19577,0.02,0.02
2014.08.18 01:45:17.548,0.19529,0.19577,0.02,0.02
2014.08.18 01:45:18.327,0.19529,0.19576,0.02,0.02
2014.08.18 01:45:21.745,0.19526,0.19574,0.02,0.02
2014.08.18 01:45:22.057,0.19524,0.19574,0.02,0.02
2014.08.18 01:45:22.621,0.19525,0.19573,0.02,0.02
2014.08.18 01:45:22.944,0.19526,0.19576,0.02,0.02
2014.08.18 01:45:23.256,0.19525,0.19573,0.02,0.02
2014.08.18 01:45:25.536,0.19525,0.19575,0.02,0.02
2014.08.18 01:45:26.306,0.19525,0.19573,0.02,0.02
2014.08.18 01:45:26.457,0.19527,0.19577,0.02,0.02
2014.08.18 01:45:26.526,0.19529,0.19577,0.02,0.02
2014.08.18 01:45:28.402,0.19527,0.19577,0.02,0.02
2014.08.18 01:45:29.015,0.19527,0.19575,0.02,0.02
2014.08.18 01:45:29.386,0.19529,0.19577,0.02,0.02
2014.08.18 01:45:29.725,0.19527,0.19577,0.02,0.02
2014.08.18 01:45:29.785,0.19527,0.19575,0.02,0.02
2014.08.18 01:45:30.381,0.19526,0.19574,0.02,0.02
2014.08.18 01:45:30.925,0.19524,0.19574,0.02,0.02
2014.08.18 01:45:31.095,0.19524,0.19572,0.02,0.02
2014.08.18 01:45:31.606,0.19523,0.19573,0.02,0.02
2014.08.18 01:45:32.195,0.19524,0.19574,0.02,0.02
2014.08.18 01:45:41.965,0.19523,0.19573,0.02,0.02
2014.08.18 01:45:42.758,0.19524,0.19572,0.02,0.02
2014.08.18 01:45:46.109,0.19526,0.19576,0.02,0.02
2014.08.18 01:45:46.311,0.19529,0.19577,0.02,0.02
2014.08.18 01:45:56.878,0.19525,0.19573,0.02,0.02
2014.08.18 01:45:57.302,0.19527,0.19575,0.02,0.02
2014.08.18 01:45:57.877,0.19526,0.19574,0.03,0.02
2014.08.18 01:45:58.114,0.19528,0.19578,0.02,0.02
2014.08.18 01:46:05.456,0.19527,0.19577,0.02,0.02
2014.08.18 01:46:05.604,0.19525,0.19575,0.02,0.02
2014.08.18 01:46:06.206,0.19524,0.19574,0.02,0.02
2014.08.18 01:46:06.875,0.19523,0.19573,0.02,0.02
2014.08.18 01:46:07.405,0.19525,0.19573,0.02,0.02
2014.08.18 01:46:08.065,0.19524,0.19572,0.02,0.02
2014.08.18 01:46:09.915,0.19527,0.19575,0.02,0.02
2014.08.18 01:46:10.025,0.19528,0.19578,0.02,0.02
2014.08.18 01:46:10.135,0.19526,0.19576,0.02,0.02
2014.08.18 01:46:10.496,0.19524,0.19574,0.02,0.02
2014.08.18 01:46:12.865,0.19527,0.19575,0.02,0.02
2014.08.18 01:46:12.966,0.19528,0.19578,0.02,0.02
2014.08.18 01:46:13.474,0.19529,0.19577,0.02,0.02
2014.08.18 01:46:13.625,0.19524,0.19574,0.02,0.02
2014.08.18 01:46:14.138,0.19525,0.19575,0.02,0.02
2014.08.18 01:46:14.893,0.19524,0.19574,0.02,0.02
2014.08.18 01:46:16.989,0.19525,0.19575,0.02,0.02
2014.08.18 01:46:17.083,0.19522,0.19572,0.02,0.02
2014.08.18 01:46:17.769,0.19523,0.19573,0.02,0.02
2014.08.18 01:46:18.873,0.19524,0.19574,0.02,0.02
2014.08.18 01:46:19.176,0.19522,0.19572,0.02,0.02
2014.08.18 01:46:19.932,0.19526,0.19572,0.02,0.02
2014.08.18 01:46:20.042,0.19528,0.19578,0.02,0.02
2014.08.18 01:46:34.438,0.19531,0.19581,0.02,0.02
2014.08.18 01:46:34.878,0.19531,0.19579,0.02,0.02
2014.08.18 01:46:35.595,0.1953,0.19578,0.02,0.02
2014.08.18 01:46:36.193,0.19529,0.19579,0.02,0.02
2014.08.18 01:46:38.437,0.19528,0.19578,0.02,0.02
2014.08.18 01:46:50.778,0.19529,0.19579,0.02,0.02
2014.08.18 01:46:51.164,0.19529,0.19577,0.02,0.02
2014.08.18 01:46:52.479,0.1953,0.1958,0.02,0.02
2014.08.18 01:46:59.813,0.19529,0.19579,0.02,0.02
2014.08.18 01:47:15.008,0.19528,0.19578,0.02,0.02
2014.08.18 01:47:16.420,0.19529,0.19577,0.02,0.02
2014.08.18 01:47:39.702,0.19528,0.19578,0.02,0.02
2014.08.18 01:48:23.625,0.19529,0.19577,0.02,0.02
2014.08.18 01:48:27.620,0.19528,0.19578,0.02,0.02
2014.08.18 01:48:33.908,0.19529,0.19577,0.02,0.02
2014.08.18 01:49:20.563,0.19528,0.19577,0.02,0.02
2014.08.18 01:49:25.425,0.19528,0.19578,0.02,0.02
2014.08.18 01:49:27.973,0.19528,0.19577,0.02,0.02
2014.08.18 01:49:31.293,0.19528,0.19578,0.02,0.02
2014.08.18 01:49:34.576,0.19528,0.19577,0.02,0.02
2014.08.18 01:49:36.602,0.19528,0.19578,0.02,0.02
2014.08.18 01:49:43.550,0.19528,0.19577,0.02,0.02
2014.08.18 01:49:44.091,0.19529,0.19577,0.02,0.02
2014.08.18 01:50:04.528,0.19529,0.19576,0.02,0.02
2014.08.18 01:50:27.557,0.19528,0.19578,0.02,0.02
2014.08.18 01:50:27.841,0.19528,0.19576,0.02,0.02
2014.08.18 01:50:28.611,0.19529,0.19577,0.02,0.02
2014.08.18 01:50:30.796,0.19528,0.19578,0.02,0.02
2014.08.18 01:50:31.315,0.19528,0.19577,0.02,0.02
2014.08.18 01:50:32.940,0.19528,0.19578,0.02,0.02
2014.08.18 01:50:35.041,0.19528,0.19577,0.02,0.02
2014.08.18 01:50:37.959,0.19528,0.19578,0.02,0.02
2014.08.18 01:50:40.648,0.19527,0.19577,0.02,0.02
2014.08.18 01:50:47.053,0.19529,0.19577,0.02,0.02
2014.08.18 01:50:47.593,0.1953,0.19578,0.02,0.02
2014.08.18 01:50:48.154,0.19529,0.19577,0.02,0.02
2014.08.18 01:50:52.131,0.19527,0.19577,0.02,0.02
2014.08.18 01:50:52.776,0.19528,0.19578,0.02,0.02
2014.08.18 01:50:53.443,0.19528,0.19576,0.02,0.02
2014.08.18 01:50:54.175,0.19528,0.19578,0.02,0.02
2014.08.18 01:50:54.755,0.19527,0.19577,0.02,0.02
2014.08.18 01:50:57.564,0.19529,0.19577,0.02,0.02
2014.08.18 01:51:03.938,0.19531,0.19579,0.02,0.02
2014.08.18 01:51:04.091,0.19533,0.19583,0.02,0.02
2014.08.18 01:51:04.663,0.19532,0.19582,0.02,0.02
2014.08.18 01:51:05.323,0.19533,0.19583,0.02,0.02
2014.08.18 01:51:06.490,0.19532,0.19582,0.02,0.02
2014.08.18 01:51:10.371,0.19534,0.19582,0.02,0.02
2014.08.18 01:51:10.921,0.19533,0.19583,0.02,0.02
2014.08.18 01:51:11.782,0.19532,0.19582,0.02,0.02
2014.08.18 01:51:12.540,0.19533,0.19583,0.02,0.02
2014.08.18 01:51:24.851,0.19533,0.19581,0.02,0.02
2014.08.18 01:51:25.126,0.19533,0.19583,0.02,0.02
2014.08.18 01:51:25.397,0.19533,0.19581,0.02,0.02
2014.08.18 01:51:26.047,0.19533,0.19583,0.02,0.02
2014.08.18 01:51:29.206,0.19532,0.19582,0.02,0.02
2014.08.18 01:51:45.162,0.19533,0.19583,0.02,0.02
2014.08.18 01:51:53.900,0.19535,0.19583,0.02,0.02
2014.08.18 01:51:54.060,0.19533,0.19583,0.02,0.02
2014.08.18 01:51:54.489,0.19535,0.19583,0.02,0.02
2014.08.18 01:51:56.979,0.19533,0.19583,0.02,0.02
2014.08.18 01:51:57.671,0.19533,0.19581,0.02,0.02
2014.08.18 01:51:59.898,0.19533,0.19583,0.02,0.02
2014.08.18 01:52:01.868,0.19532,0.19582,0.02,0.02
2014.08.18 01:52:02.947,0.19533,0.19583,0.02,0.02
2014.08.18 01:52:03.388,0.19533,0.19581,0.02,0.02
2014.08.18 01:52:04.027,0.19534,0.19582,0.02,0.02
2014.08.18 01:52:04.557,0.19533,0.19581,0.02,0.02
2014.08.18 01:52:09.446,0.19533,0.19583,0.02,0.02
2014.08.18 01:52:12.135,0.19533,0.19582,0.02,0.02
2014.08.18 01:52:31.401,0.19533,0.19583,0.02,0.02
2014.08.18 01:52:32.930,0.19534,0.19581,0.02,0.02
2014.08.18 01:52:33.187,0.19533,0.19583,0.02,0.02
2014.08.18 01:52:36.509,0.19533,0.19582,0.02,0.02
2014.08.18 01:52:38.139,0.19533,0.19583,0.02,0.02
2014.08.18 01:52:47.709,0.19533,0.19582,0.02,0.02
2014.08.18 01:52:49.297,0.19533,0.19583,0.02,0.02
2014.08.18 01:52:51.015,0.19534,0.19581,0.02,0.02
2014.08.18 01:52:51.555,0.19533,0.19583,0.02,0.02
2014.08.18 01:52:53.376,0.19535,0.19583,0.02,0.02
2014.08.18 01:52:53.426,0.19538,0.19588,0.02,0.02
2014.08.18 01:52:53.932,0.19538,0.19587,0.02,0.02
2014.08.18 01:52:54.485,0.19538,0.19588,0.02,0.02
2014.08.18 01:52:55.034,0.19538,0.19587,0.02,0.02
2014.08.18 01:52:55.582,0.19538,0.19588,0.02,0.02
2014.08.18 01:52:57.511,0.19538,0.19587,0.02,0.02
2014.08.18 01:52:59.393,0.19539,0.19587,0.02,0.02
2014.08.18 01:52:59.503,0.19539,0.19589,0.02,0.02
2014.08.18 01:53:00.202,0.19538,0.19588,0.02,0.02
2014.08.18 01:53:06.193,0.1954,0.19588,0.02,0.02
2014.08.18 01:53:12.793,0.19541,0.19589,0.02,0.02
2014.08.18 01:53:12.894,0.19543,0.19593,0.02,0.02
2014.08.18 01:53:14.930,0.19543,0.19591,0.02,0.02
2014.08.18 01:53:15.479,0.19542,0.19592,0.02,0.02
2014.08.18 01:53:16.449,0.19544,0.19592,0.02,0.02
2014.08.18 01:53:16.769,0.19542,0.19592,0.02,0.02
2014.08.18 01:53:16.998,0.19541,0.19589,0.02,0.02
2014.08.18 01:53:17.099,0.19541,0.19591,0.02,0.02
2014.08.18 01:53:17.319,0.19541,0.19589,0.02,0.02
2014.08.18 01:53:18.405,0.19541,0.19591,0.02,0.02
2014.08.18 01:53:18.928,0.1954,0.1959,0.02,0.02
2014.08.18 01:53:19.675,0.19539,0.19589,0.02,0.02
2014.08.18 01:53:20.438,0.1954,0.1959,0.02,0.02
2014.08.18 01:53:20.548,0.19542,0.1959,0.02,0.02
2014.08.18 01:53:21.028,0.19539,0.19589,0.02,0.02
2014.08.18 01:53:23.897,0.19541,0.19589,0.02,0.02
2014.08.18 01:53:24.407,0.19542,0.1959,0.02,0.02
2014.08.18 01:53:25.416,0.19541,0.19589,0.02,0.02
2014.08.18 01:53:26.186,0.19539,0.19589,0.02,0.02
2014.08.18 01:53:26.937,0.1954,0.19588,0.02,0.02
2014.08.18 01:53:27.916,0.19539,0.19587,0.02,0.02
2014.08.18 01:53:31.255,0.19536,0.19584,0.02,0.02
2014.08.18 01:53:31.557,0.19539,0.19587,0.02,0.02
2014.08.18 01:53:32.218,0.19539,0.19586,0.02,0.02
2014.08.18 01:53:33.020,0.19538,0.19588,0.02,0.02
2014.08.18 01:53:33.984,0.19538,0.19587,0.02,0.02
2014.08.18 01:53:36.274,0.19538,0.19588,0.02,0.02
2014.08.18 01:53:38.443,0.19538,0.19587,0.02,0.02
2014.08.18 01:53:41.280,0.19539,0.19589,0.02,0.02
2014.08.18 01:53:47.025,0.19541,0.19589,0.02,0.02
2014.08.18 01:53:52.986,0.19542,0.1959,0.02,0.02
2014.08.18 01:53:53.180,0.1954,0.1959,0.02,0.02
2014.08.18 01:53:54.002,0.19541,0.19591,0.02,0.02
2014.08.18 01:53:56.033,0.19539,0.19589,0.02,0.02
2014.08.18 01:53:56.644,0.1954,0.19588,0.02,0.02
2014.08.18 01:53:57.097,0.1954,0.1959,0.02,0.02
2014.08.18 01:53:59.388,0.19541,0.19589,0.02,0.02
2014.08.18 01:54:01.490,0.1954,0.1959,0.02,0.02
2014.08.18 01:54:02.048,0.19539,0.19589,0.02,0.02
2014.08.18 01:54:08.606,0.19541,0.19589,0.02,0.02
2014.08.18 01:54:14.005,0.1954,0.19588,0.02,0.02
2014.08.18 01:54:16.855,0.1954,0.1959,0.02,0.02
2014.08.18 01:54:19.037,0.1954,0.1959,0.03,0.02
2014.08.18 01:54:19.113,0.19544,0.19592,0.02,0.02
2014.08.18 01:54:19.333,0.19545,0.19595,0.02,0.02
2014.08.18 01:54:19.795,0.19542,0.1959,0.02,0.02
2014.08.18 01:54:19.895,0.19542,0.19592,0.02,0.02
2014.08.18 01:54:20.345,0.19542,0.1959,0.02,0.02
2014.08.18 01:54:20.854,0.19543,0.19591,0.02,0.02
2014.08.18 01:54:20.983,0.19545,0.19595,0.02,0.02
2014.08.18 01:54:21.757,0.19544,0.19594,0.02,0.02
2014.08.18 01:54:24.783,0.19541,0.19591,0.02,0.02
2014.08.18 01:54:25.289,0.19542,0.19592,0.02,0.02
2014.08.18 01:54:25.696,0.1954,0.1959,0.02,0.02
2014.08.18 01:54:26.045,0.19542,0.19592,0.02,0.02
2014.08.18 01:54:26.756,0.19544,0.19592,0.02,0.02
2014.08.18 01:54:26.865,0.19545,0.19594,0.02,0.02
2014.08.18 01:54:27.747,0.19544,0.19594,0.02,0.02
2014.08.18 01:54:27.878,0.19541,0.19589,0.02,0.02
2014.08.18 01:54:27.980,0.19541,0.19591,0.02,0.02
2014.08.18 01:54:28.801,0.19542,0.19592,0.02,0.02
2014.08.18 01:54:29.980,0.19545,0.19593,0.02,0.02
2014.08.18 01:54:30.559,0.19543,0.19593,0.02,0.02
2014.08.18 01:54:30.659,0.19541,0.19589,0.02,0.02
2014.08.18 01:54:31.328,0.19542,0.1959,0.02,0.02
2014.08.18 01:54:32.480,0.19543,0.19591,0.02,0.02
2014.08.18 01:54:32.978,0.19545,0.19593,0.02,0.02
2014.08.18 01:54:34.447,0.19543,0.19593,0.02,0.02
2014.08.18 01:54:34.679,0.1954,0.1959,0.02,0.02
2014.08.18 01:54:35.408,0.19541,0.1959,0.02,0.02
2014.08.18 01:54:35.508,0.19543,0.19593,0.02,0.02
2014.08.18 01:54:35.609,0.19545,0.19593,0.02,0.02
2014.08.18 01:54:35.963,0.19543,0.19593,0.02,0.02
2014.08.18 01:54:36.458,0.19545,0.19592,0.02,0.02
2014.08.18 01:54:39.632,0.19543,0.19593,0.02,0.02
2014.08.18 01:54:40.291,0.19545,0.19592,0.02,0.02
2014.08.18 01:54:41.511,0.19543,0.19593,0.02,0.02
2014.08.18 01:54:43.328,0.1954,0.1959,0.02,0.02
2014.08.18 01:54:43.874,0.19541,0.19589,0.02,0.02
2014.08.18 01:54:44.177,0.19541,0.19591,0.02,0.02
2014.08.18 01:54:44.497,0.19541,0.19589,0.02,0.02
2014.08.18 01:54:45.194,0.19542,0.1959,0.02,0.02
2014.08.18 01:54:46.565,0.19543,0.19593,0.02,0.02
2014.08.18 01:54:47.176,0.19544,0.19592,0.02,0.02
2014.08.18 01:54:50.585,0.19542,0.1959,0.02,0.02
2014.08.18 01:54:51.137,0.19541,0.19589,0.02,0.02
2014.08.18 01:54:51.465,0.19541,0.19591,0.02,0.02
2014.08.18 01:54:53.353,0.1954,0.1959,0.02,0.02
2014.08.18 01:54:54.214,0.19542,0.1959,0.02,0.02
2014.08.18 01:54:54.324,0.19543,0.19593,0.02,0.02
2014.08.18 01:54:55.098,0.19544,0.19592,0.02,0.02
2014.08.18 01:54:57.474,0.19541,0.19589,0.03,0.02
2014.08.18 01:54:58.023,0.1954,0.1959,0.02,0.02
2014.08.18 01:54:58.574,0.19541,0.19589,0.02,0.02
2014.08.18 01:54:58.785,0.19543,0.19593,0.02,0.02
2014.08.18 01:54:59.013,0.19543,0.19591,0.02,0.02
2014.08.18 01:54:59.702,0.19544,0.19592,0.02,0.02
2014.08.18 01:55:01.647,0.19543,0.19593,0.02,0.02
2014.08.18 01:55:04.903,0.19544,0.19592,0.02,0.02
2014.08.18 01:55:05.773,0.19541,0.19591,0.02,0.02
2014.08.18 01:55:06.103,0.19543,0.19593,0.02,0.02
2014.08.18 01:55:06.652,0.19544,0.19592,0.02,0.02
2014.08.18 01:55:08.164,0.1954,0.1959,0.02,0.02
2014.08.18 01:55:11.502,0.19542,0.1959,0.02,0.02
2014.08.18 01:55:13.471,0.19543,0.19591,0.02,0.02
2014.08.18 01:55:13.911,0.19543,0.19593,0.02,0.02
2014.08.18 01:55:14.461,0.19544,0.19592,0.02,0.02
2014.08.18 01:55:17.520,0.19541,0.19589,0.03,0.02
2014.08.18 01:55:17.740,0.19538,0.19588,0.02,0.02
2014.08.18 01:55:18.084,0.19538,0.19586,0.02,0.02
2014.08.18 01:55:18.290,0.19538,0.19588,0.02,0.02
2014.08.18 01:55:44.383,0.19539,0.19587,0.02,0.02
2014.08.18 01:55:46.083,0.19537,0.19587,0.02,0.02
2014.08.18 01:55:46.803,0.19536,0.19586,0.02,0.02
2014.08.18 01:55:46.913,0.19538,0.19588,0.02,0.02
2014.08.18 01:55:47.253,0.19537,0.19585,0.02,0.02
2014.08.18 01:55:47.453,0.19535,0.19585,0.02,0.02
2014.08.18 01:55:47.612,0.19537,0.19585,0.02,0.02
2014.08.18 01:55:47.673,0.19537,0.19587,0.02,0.02
2014.08.18 01:55:48.119,0.19536,0.19584,0.02,0.02
2014.08.18 01:55:48.882,0.19538,0.19588,0.02,0.02
2014.08.18 01:55:49.993,0.19539,0.19587,0.02,0.02
2014.08.18 01:55:50.094,0.19535,0.19585,0.02,0.02
2014.08.18 01:55:50.202,0.19537,0.19585,0.02,0.02
2014.08.18 01:55:50.312,0.19535,0.19585,0.02,0.02
2014.08.18 01:55:53.491,0.19534,0.19584,0.02,0.02
2014.08.18 01:55:54.041,0.19533,0.19581,0.02,0.02
2014.08.18 01:55:54.581,0.19534,0.19582,0.02,0.02
2014.08.18 01:56:07.818,0.19533,0.19583,0.02,0.02
2014.08.18 01:56:10.794,0.19529,0.19579,0.02,0.02
2014.08.18 01:56:11.132,0.19532,0.1958,0.02,0.02
2014.08.18 01:56:11.435,0.19534,0.19582,0.02,0.02
2014.08.18 01:56:11.733,0.19531,0.19581,0.02,0.02
2014.08.18 01:56:12.064,0.1953,0.19578,0.02,0.02
2014.08.18 01:56:12.165,0.1953,0.1958,0.02,0.02
2014.08.18 01:56:12.687,0.19531,0.19581,0.02,0.02
2014.08.18 01:56:13.446,0.19534,0.19582,0.02,0.02
2014.08.18 01:56:13.995,0.19533,0.19581,0.02,0.02
2014.08.18 01:56:14.045,0.1953,0.1958,0.02,0.02
2014.08.18 01:56:23.174,0.1953,0.19578,0.02,0.02
2014.08.18 01:56:23.324,0.19527,0.19577,0.02,0.02
2014.08.18 01:56:23.947,0.19528,0.19578,0.02,0.02
2014.08.18 01:56:26.113,0.19525,0.19575,0.02,0.02
2014.08.18 01:56:26.458,0.19529,0.19577,0.02,0.02
2014.08.18 01:56:29.372,0.19528,0.19578,0.02,0.02
2014.08.18 01:56:34.991,0.19529,0.19577,0.02,0.02
2014.08.18 01:56:36.530,0.19528,0.19578,0.02,0.02
2014.08.18 01:56:37.083,0.19527,0.19577,0.02,0.02
2014.08.18 01:56:39.150,0.19528,0.19578,0.02,0.02
2014.08.18 01:56:39.931,0.19529,0.19577,0.02,0.02
2014.08.18 01:56:52.713,0.19528,0.19578,0.02,0.02
2014.08.18 01:57:09.002,0.19529,0.19577,0.02,0.02
2014.08.18 01:57:16.040,0.19528,0.19578,0.02,0.02
2014.08.18 01:57:16.580,0.19529,0.19577,0.02,0.02
2014.08.18 01:57:19.480,0.19531,0.19581,0.02,0.02
2014.08.18 01:57:19.632,0.19534,0.19582,0.02,0.02
2014.08.18 01:57:19.809,0.19532,0.19582,0.02,0.02
2014.08.18 01:57:20.321,0.19533,0.19583,0.02,0.02
2014.08.18 01:57:23.988,0.19534,0.19582,0.02,0.02
2014.08.18 01:57:24.662,0.19533,0.19583,0.02,0.02
2014.08.18 01:57:47.732,0.19534,0.19582,0.02,0.02
2014.08.18 01:57:49.892,0.19534,0.19584,0.02,0.02
2014.08.18 01:57:50.130,0.19536,0.19584,0.02,0.02
2014.08.18 01:57:50.331,0.19534,0.19584,0.02,0.02
2014.08.18 01:57:51.449,0.19534,0.19582,0.02,0.02
2014.08.18 01:57:52.911,0.19533,0.19583,0.02,0.02
2014.08.18 01:57:53.241,0.19533,0.19581,0.02,0.02
2014.08.18 01:57:54.040,0.19534,0.19582,0.02,0.02
2014.08.18 01:58:00.549,0.19533,0.19583,0.02,0.02
2014.08.18 01:58:01.949,0.19534,0.19582,0.02,0.02
2014.08.18 01:58:02.489,0.19532,0.19582,0.02,0.02
2014.08.18 01:58:03.080,0.19533,0.19583,0.02,0.02
2014.08.18 01:58:06.963,0.19532,0.19582,0.02,0.02
2014.08.18 01:58:07.610,0.19533,0.19581,0.02,0.02
2014.08.18 01:58:07.697,0.19529,0.19577,0.02,0.02
2014.08.18 01:58:08.233,0.1953,0.19578,0.02,0.02
2014.08.18 01:58:08.894,0.19529,0.19579,0.02,0.02
2014.08.18 01:58:13.126,0.19527,0.19577,0.02,0.02
2014.08.18 01:58:13.514,0.19529,0.19577,0.02,0.02
2014.08.18 01:58:17.035,0.19528,0.19578,0.02,0.02
2014.08.18 01:58:21.694,0.1953,0.1958,0.02,0.02
2014.08.18 01:58:22.435,0.19531,0.19579,0.02,0.02
2014.08.18 01:58:23.973,0.19531,0.19581,0.02,0.02
2014.08.18 01:58:25.922,0.19532,0.1958,0.02,0.02
2014.08.18 01:58:26.142,0.19533,0.19583,0.02,0.02
2014.08.18 01:58:26.717,0.19532,0.19582,0.02,0.02
2014.08.18 01:58:26.902,0.19534,0.19582,0.02,0.02
2014.08.18 01:58:27.435,0.19533,0.19583,0.02,0.02
2014.08.18 01:58:28.045,0.1953,0.1958,0.02,0.02
2014.08.18 01:58:30.185,0.19532,0.1958,0.02,0.02
2014.08.18 01:58:56.068,0.19525,0.19586,0.02,0.03
2014.08.18 01:58:56.169,0.19529,0.19577,0.02,0.02
2014.08.18 01:59:16.888,0.19528,0.19578,0.02,0.02
2014.08.18 01:59:26.407,0.19529,0.19577,0.02,0.02
2014.08.18 01:59:33.905,0.19528,0.19578,0.02,0.02
2014.08.18 01:59:34.436,0.19529,0.19577,0.02,0.02
2014.08.18 01:59:35.096,0.19528,0.19578,0.02,0.02
2014.08.18 01:59:38.914,0.19529,0.19577,0.02,0.02
2014.08.18 01:59:41.416,0.19528,0.19578,0.02,0.02
