2011.02.23 13:22:47.013,0.33308,0.33322,0.02,0.02
2011.02.23 13:22:47.976,0.33307,0.33323,0.02,0.02
2011.02.23 13:22:48.668,0.33308,0.33322,0.02,0.02
2011.02.23 13:22:49.336,0.33307,0.33323,0.02,0.01
2011.02.23 13:22:49.866,0.33308,0.33322,0.02,0.02
2011.02.23 13:22:50.922,0.33307,0.33323,0.02,0.02
2011.02.23 13:22:51.762,0.33308,0.33322,0.02,0.02
2011.02.23 13:22:51.976,0.33307,0.33333,0.02,0.02
2011.02.23 13:22:54.088,0.33307,0.33323,0.02,0.02
2011.02.23 13:22:58.436,0.33307,0.33333,0.02,0.02
2011.02.23 13:22:59.292,0.33307,0.33313,0.03,0.02
2011.02.23 13:23:01.506,0.33308,0.33322,0.02,0.02
2011.02.23 13:23:02.056,0.33307,0.33323,0.02,0.01
2011.02.23 13:23:03.108,0.33308,0.33322,0.02,0.02
2011.02.23 13:23:04.257,0.33307,0.33323,0.02,0.02
2011.02.23 13:23:06.756,0.33308,0.33322,0.02,0.01
2011.02.23 13:23:07.196,0.33308,0.33332,0.02,0.02
2011.02.23 13:23:08.016,0.33307,0.33333,0.02,0.01
2011.02.23 13:23:09.606,0.33308,0.33332,0.02,0.01
2011.02.23 13:23:11.122,0.33307,0.33333,0.02,0.01
2011.02.23 13:23:12.896,0.33308,0.33332,0.02,0.01
2011.02.23 13:23:19.886,0.33307,0.33333,0.02,0.02
2011.02.23 13:23:22.296,0.33308,0.33332,0.02,0.01
2011.02.23 13:23:23.046,0.33307,0.33333,0.02,0.01
2011.02.23 13:23:24.006,0.33307,0.33343,0.02,0.02
2011.02.23 13:23:26.371,0.33308,0.33342,0.06,0.03
2011.02.23 13:23:28.056,0.33307,0.33343,0.06,0.03
2011.02.23 13:23:29.115,0.33308,0.33342,0.04,0.03
2011.02.23 13:23:30.796,0.33307,0.33343,0.04,0.03
2011.02.23 13:23:34.625,0.33308,0.33342,0.04,0.02
2011.02.23 13:23:35.807,0.33307,0.33343,0.04,0.02
2011.02.23 13:23:37.345,0.33308,0.33342,0.04,0.01
2011.02.23 13:23:37.553,0.33308,0.33352,0.06,0.02
2011.02.23 13:23:38.161,0.33307,0.33353,0.06,0.03
2011.02.23 13:23:39.745,0.33308,0.33352,0.06,0.03
2011.02.23 13:23:40.405,0.33307,0.33353,0.06,0.03
2011.02.23 13:23:41.166,0.33308,0.33352,0.04,0.03
2011.02.23 13:23:45.326,0.33308,0.33342,0.04,0.01
2011.02.23 13:23:46.296,0.33307,0.33343,0.04,0.02
2011.02.23 13:23:46.715,0.33307,0.33353,0.04,0.03
2011.02.23 13:23:48.865,0.33308,0.33342,0.04,0.01
2011.02.23 13:23:51.036,0.33307,0.33343,0.02,0.02
2011.02.23 13:23:52.646,0.33308,0.33342,0.02,0.02
2011.02.23 13:23:53.106,0.33308,0.33332,0.02,0.01
2011.02.23 13:23:54.287,0.33307,0.33343,0.02,0.02
2011.02.23 13:23:54.914,0.33308,0.33342,0.02,0.02
2011.02.23 13:23:55.591,0.33307,0.33343,0.02,0.03
2011.02.23 13:23:57.226,0.33308,0.33342,0.02,0.03
2011.02.23 13:24:00.673,0.33308,0.33332,0.02,0.02
2011.02.23 13:24:06.163,0.33307,0.33333,0.02,0.02
2011.02.23 13:24:07.166,0.33308,0.33332,0.02,0.01
2011.02.23 13:24:08.017,0.33307,0.33333,0.02,0.02
2011.02.23 13:24:09.136,0.33307,0.33323,0.02,0.01
2011.02.23 13:24:10.445,0.33308,0.33322,0.02,0.02
2011.02.23 13:24:11.875,0.33308,0.33332,0.02,0.02
2011.02.23 13:24:12.414,0.33308,0.33342,0.02,0.02
2011.02.23 13:24:13.647,0.33307,0.33333,0.02,0.01
2011.02.23 13:24:14.613,0.33308,0.33342,0.02,0.02
2011.02.23 13:24:17.215,0.33307,0.33343,0.06,0.00
2011.02.23 13:24:21.017,0.33308,0.33342,0.02,0.02
2011.02.23 13:24:21.715,0.33307,0.33343,0.02,0.02
2011.02.23 13:24:22.255,0.33308,0.33342,0.02,0.02
2011.02.23 13:24:24.735,0.33307,0.33343,0.02,0.03
2011.02.23 13:24:26.255,0.33308,0.33342,0.02,0.02
2011.02.23 13:24:27.882,0.33307,0.33343,0.06,0.02
2011.02.23 13:24:29.474,0.33308,0.33342,0.07,0.02
2011.02.23 13:24:30.316,0.33307,0.33343,0.06,0.02
2011.02.23 13:24:31.643,0.33308,0.33342,0.08,0.02
2011.02.23 13:24:33.074,0.33307,0.33343,0.08,0.02
2011.02.23 13:24:34.604,0.33308,0.33342,0.07,0.03
2011.02.23 13:24:35.221,0.33307,0.33343,0.08,0.01
2011.02.23 13:24:35.594,0.33307,0.33353,0.08,0.03
2011.02.23 13:24:36.464,0.33308,0.33352,0.08,0.03
2011.02.23 13:24:38.532,0.33318,0.33352,0.04,0.03
2011.02.23 13:24:42.144,0.33318,0.33362,0.03,0.01
2011.02.23 13:24:45.085,0.33328,0.33362,0.02,0.03
2011.02.23 13:24:45.745,0.33327,0.33363,0.04,0.03
2011.02.23 13:24:46.295,0.33328,0.33362,0.04,0.03
2011.02.23 13:24:47.066,0.33327,0.33363,0.04,0.03
2011.02.23 13:24:48.045,0.33328,0.33362,0.04,0.02
2011.02.23 13:24:51.184,0.33328,0.33372,0.03,0.07
2011.02.23 13:24:51.392,0.33337,0.33373,0.03,0.04
2011.02.23 13:24:51.706,0.33347,0.33373,0.00,0.02
2011.02.23 13:24:52.443,0.33348,0.33372,0.02,0.02
2011.02.23 13:24:53.177,0.33347,0.33373,0.02,0.02
2011.02.23 13:24:53.482,0.33358,0.33372,0.02,0.02
2011.02.23 13:24:54.112,0.33338,0.33372,0.00,0.02
2011.02.23 13:24:54.363,0.33357,0.33373,0.02,0.02
2011.02.23 13:24:55.261,0.33358,0.33372,0.02,0.02
2011.02.23 13:24:55.991,0.33357,0.33373,0.02,0.02
2011.02.23 13:24:56.553,0.33367,0.33373,0.01,0.03
2011.02.23 13:24:56.766,0.33377,0.33423,0.04,0.04
2011.02.23 13:24:57.077,0.33378,0.33412,0.03,0.01
2011.02.23 13:24:57.393,0.33337,0.33413,0.00,0.03
2011.02.23 13:24:57.603,0.33368,0.33412,0.02,0.03
2011.02.23 13:24:58.136,0.33378,0.33412,0.02,0.03
2011.02.23 13:25:00.195,0.33387,0.33423,0.01,0.03
2011.02.23 13:25:02.383,0.33378,0.33422,0.02,0.04
2011.02.23 13:25:02.594,0.33377,0.33413,0.03,0.02
2011.02.23 13:25:03.327,0.33367,0.33413,0.01,0.02
2011.02.23 13:25:03.749,0.33368,0.33402,0.02,0.02
2011.02.23 13:25:05.004,0.33367,0.33403,0.02,0.03
2011.02.23 13:25:06.444,0.33357,0.33403,0.03,0.02
2011.02.23 13:25:06.763,0.33358,0.33372,0.04,0.02
2011.02.23 13:25:09.066,0.33357,0.33373,0.04,0.02
2011.02.23 13:25:09.397,0.33368,0.33372,0.02,0.02
2011.02.23 13:25:09.917,0.33367,0.33373,0.02,0.02
2011.02.23 13:25:10.443,0.33368,0.33372,0.03,0.02
2011.02.23 13:25:11.376,0.33367,0.33373,0.03,0.02
2011.02.23 13:25:14.086,0.33368,0.33372,0.03,0.02
2011.02.23 13:25:15.626,0.33367,0.33373,0.04,0.02
2011.02.23 13:25:16.266,0.33368,0.33372,0.04,0.02
2011.02.23 13:25:18.533,0.33358,0.33372,0.02,0.02
2011.02.23 13:25:19.167,0.33348,0.33372,0.02,0.02
2011.02.23 13:25:20.063,0.33347,0.33373,0.02,0.02
2011.02.23 13:25:21.605,0.33348,0.33372,0.02,0.02
2011.02.23 13:25:22.233,0.33347,0.33373,0.02,0.02
2011.02.23 13:25:22.653,0.33357,0.33373,0.01,0.02
2011.02.23 13:25:22.853,0.33348,0.33372,0.03,0.02
2011.02.23 13:25:23.547,0.33347,0.33373,0.03,0.02
2011.02.23 13:25:24.366,0.33348,0.33372,0.04,0.02
2011.02.23 13:25:25.003,0.33347,0.33373,0.03,0.02
2011.02.23 13:25:25.636,0.33348,0.33372,0.03,0.02
2011.02.23 13:25:27.100,0.33347,0.33373,0.04,0.02
2011.02.23 13:25:27.776,0.33358,0.33372,0.02,0.02
2011.02.23 13:25:28.756,0.33357,0.33373,0.03,0.02
2011.02.23 13:25:29.954,0.33358,0.33372,0.03,0.02
2011.02.23 13:25:30.614,0.33357,0.33373,0.02,0.02
2011.02.23 13:25:31.506,0.33358,0.33372,0.01,0.02
2011.02.23 13:25:32.277,0.33357,0.33373,0.01,0.02
2011.02.23 13:25:33.577,0.33358,0.33372,0.00,0.02
2011.02.23 13:25:34.210,0.33357,0.33373,0.00,0.02
2011.02.23 13:25:34.794,0.33358,0.33372,0.00,0.02
2011.02.23 13:25:35.005,0.33347,0.33373,0.04,0.02
2011.02.23 13:25:35.213,0.33357,0.33373,0.02,0.02
2011.02.23 13:25:36.167,0.33347,0.33373,0.03,0.02
2011.02.23 13:25:37.777,0.33358,0.33372,0.01,0.02
2011.02.23 13:25:38.318,0.33357,0.33373,0.01,0.02
2011.02.23 13:25:39.396,0.33348,0.33372,0.03,0.02
2011.02.23 13:25:40.350,0.33347,0.33373,0.03,0.02
2011.02.23 13:25:41.019,0.33348,0.33372,0.03,0.02
2011.02.23 13:25:42.096,0.33338,0.33372,0.00,0.02
2011.02.23 13:25:42.303,0.33347,0.33373,0.02,0.02
2011.02.23 13:25:42.976,0.33338,0.33372,0.02,0.02
2011.02.23 13:25:43.427,0.33348,0.33372,0.01,0.02
2011.02.23 13:25:43.603,0.33338,0.33372,0.03,0.02
2011.02.23 13:25:46.026,0.33337,0.33373,0.02,0.02
2011.02.23 13:25:46.686,0.33338,0.33372,0.02,0.02
2011.02.23 13:25:47.313,0.33308,0.33372,0.03,0.03
2011.02.23 13:25:47.417,0.33338,0.33372,0.01,0.03
2011.02.23 13:25:47.527,0.33328,0.33372,0.03,0.04
2011.02.23 13:25:47.797,0.33337,0.33373,0.01,0.04
2011.02.23 13:25:47.943,0.33327,0.33373,0.02,0.04
2011.02.23 13:25:48.646,0.33328,0.33372,0.03,0.04
2011.02.23 13:25:49.285,0.33338,0.33372,0.03,0.02
2011.02.23 13:25:49.703,0.33348,0.33372,0.01,0.02
2011.02.23 13:25:49.917,0.33337,0.33373,0.01,0.02
2011.02.23 13:25:50.696,0.33348,0.33372,0.01,0.02
2011.02.23 13:25:51.876,0.33347,0.33373,0.01,0.02
2011.02.23 13:25:52.293,0.33338,0.33372,0.04,0.02
2011.02.23 13:25:53.134,0.33337,0.33373,0.02,0.02
2011.02.23 13:25:53.635,0.33338,0.33372,0.02,0.03
2011.02.23 13:25:54.273,0.33337,0.33373,0.03,0.04
2011.02.23 13:25:54.915,0.33338,0.33372,0.03,0.03
2011.02.23 13:25:56.101,0.33337,0.33373,0.03,0.03
2011.02.23 13:25:59.263,0.33338,0.33372,0.02,0.03
2011.02.23 13:25:59.893,0.33337,0.33373,0.02,0.03
2011.02.23 13:26:00.416,0.33338,0.33372,0.02,0.04
2011.02.23 13:26:01.565,0.33337,0.33373,0.03,0.03
2011.02.23 13:26:03.326,0.33338,0.33372,0.02,0.02
2011.02.23 13:26:04.645,0.33337,0.33373,0.03,0.02
2011.02.23 13:26:05.855,0.33338,0.33372,0.02,0.02
2011.02.23 13:26:06.615,0.33337,0.33373,0.03,0.02
2011.02.23 13:26:07.740,0.33338,0.33372,0.03,0.02
2011.02.23 13:26:08.464,0.33337,0.33373,0.02,0.02
2011.02.23 13:26:09.515,0.33338,0.33372,0.02,0.02
2011.02.23 13:26:10.516,0.33337,0.33373,0.03,0.02
2011.02.23 13:26:13.567,0.33338,0.33372,0.03,0.02
2011.02.23 13:26:14.535,0.33337,0.33373,0.03,0.02
2011.02.23 13:26:14.866,0.33347,0.33373,0.03,0.02
2011.02.23 13:26:15.607,0.33348,0.33372,0.03,0.02
2011.02.23 13:26:19.425,0.33347,0.33373,0.03,0.02
2011.02.23 13:26:22.475,0.33348,0.33372,0.02,0.02
2011.02.23 13:26:23.485,0.33347,0.33373,0.03,0.02
2011.02.23 13:26:25.105,0.33348,0.33372,0.03,0.02
2011.02.23 13:26:27.184,0.33307,0.33373,0.03,0.02
2011.02.23 13:26:27.610,0.33338,0.33372,0.03,0.02
2011.02.23 13:26:31.675,0.33337,0.33373,0.04,0.02
2011.02.23 13:26:33.315,0.33338,0.33372,0.04,0.02
2011.02.23 13:26:33.855,0.33337,0.33373,0.04,0.02
2011.02.23 13:26:38.685,0.33338,0.33372,0.03,0.03
2011.02.23 13:26:40.842,0.33307,0.33373,0.03,0.04
2011.02.23 13:26:41.056,0.33327,0.33373,0.02,0.04
2011.02.23 13:26:42.275,0.33328,0.33372,0.03,0.04
2011.02.23 13:26:43.705,0.33327,0.33373,0.03,0.03
2011.02.23 13:26:44.255,0.33328,0.33372,0.03,0.04
2011.02.23 13:26:45.345,0.33337,0.33373,0.02,0.06
2011.02.23 13:26:46.770,0.33338,0.33372,0.03,0.05
2011.02.23 13:26:53.647,0.33337,0.33373,0.02,0.06
2011.02.23 13:26:55.685,0.33338,0.33372,0.02,0.04
2011.02.23 13:26:56.864,0.33328,0.33372,0.02,0.06
2011.02.23 13:26:57.492,0.33327,0.33373,0.03,0.05
2011.02.23 13:26:58.555,0.33328,0.33372,0.02,0.06
2011.02.23 13:27:00.509,0.33327,0.33373,0.03,0.06
2011.02.23 13:27:02.445,0.33337,0.33373,0.02,0.06
2011.02.23 13:27:03.314,0.33308,0.33362,0.03,0.04
2011.02.23 13:27:03.523,0.33328,0.33362,0.03,0.04
2011.02.23 13:27:03.846,0.33318,0.33362,0.04,0.05
2011.02.23 13:27:04.367,0.33317,0.33363,0.04,0.04
2011.02.23 13:27:05.253,0.33318,0.33362,0.04,0.03
2011.02.23 13:27:05.757,0.33317,0.33363,0.04,0.05
2011.02.23 13:27:10.637,0.33318,0.33362,0.03,0.05
2011.02.23 13:27:11.358,0.33317,0.33353,0.02,0.02
2011.02.23 13:27:12.333,0.33318,0.33352,0.04,0.02
2011.02.23 13:27:12.963,0.33307,0.33353,0.03,0.02
2011.02.23 13:27:13.487,0.33308,0.33352,0.07,0.02
2011.02.23 13:27:14.445,0.33307,0.33353,0.07,0.02
2011.02.23 13:27:15.523,0.33308,0.33352,0.06,0.02
2011.02.23 13:27:16.261,0.33307,0.33353,0.07,0.03
2011.02.23 13:27:17.307,0.33308,0.33352,0.06,0.03
2011.02.23 13:27:17.915,0.33307,0.33353,0.06,0.03
2011.02.23 13:27:18.763,0.33308,0.33352,0.06,0.03
2011.02.23 13:27:19.863,0.33317,0.33353,0.01,0.03
2011.02.23 13:27:20.425,0.33318,0.33352,0.02,0.03
2011.02.23 13:27:21.268,0.33317,0.33353,0.04,0.01
2011.02.23 13:27:22.066,0.33318,0.33352,0.04,0.01
2011.02.23 13:27:22.835,0.33317,0.33353,0.01,0.02
2011.02.23 13:27:26.599,0.33318,0.33352,0.04,0.01
2011.02.23 13:27:27.283,0.33318,0.33362,0.04,0.02
2011.02.23 13:27:27.826,0.33327,0.33363,0.04,0.02
2011.02.23 13:27:29.135,0.33328,0.33362,0.04,0.02
2011.02.23 13:27:34.560,0.33327,0.33363,0.02,0.03
2011.02.23 13:27:36.477,0.33328,0.33372,0.05,0.03
2011.02.23 13:27:37.273,0.33327,0.33373,0.06,0.06
2011.02.23 13:27:37.954,0.33328,0.33372,0.03,0.06
2011.02.23 13:27:38.636,0.33327,0.33373,0.03,0.06
2011.02.23 13:27:39.154,0.33328,0.33372,0.03,0.06
2011.02.23 13:27:41.224,0.33327,0.33373,0.03,0.05
2011.02.23 13:27:49.184,0.33328,0.33372,0.03,0.05
2011.02.23 13:27:50.227,0.33327,0.33373,0.03,0.05
2011.02.23 13:27:50.337,0.33338,0.33372,0.02,0.03
2011.02.23 13:27:51.330,0.33337,0.33373,0.02,0.05
2011.02.23 13:27:51.814,0.33327,0.33373,0.03,0.05
2011.02.23 13:27:52.585,0.33338,0.33372,0.02,0.05
2011.02.23 13:27:53.245,0.33337,0.33373,0.02,0.06
2011.02.23 13:27:56.175,0.33338,0.33372,0.02,0.04
2011.02.23 13:27:57.915,0.33337,0.33373,0.03,0.04
2011.02.23 13:27:59.224,0.33338,0.33372,0.03,0.05
2011.02.23 13:27:59.884,0.33337,0.33373,0.02,0.05
2011.02.23 13:28:03.934,0.33327,0.33373,0.03,0.04
2011.02.23 13:28:07.068,0.33328,0.33372,0.03,0.03
2011.02.23 13:28:08.343,0.33327,0.33373,0.02,0.05
2011.02.23 13:28:11.114,0.33328,0.33372,0.03,0.04
2011.02.23 13:28:12.633,0.33327,0.33373,0.01,0.05
2011.02.23 13:28:13.194,0.33338,0.33372,0.02,0.05
2011.02.23 13:28:13.887,0.33337,0.33373,0.02,0.04
2011.02.23 13:28:15.275,0.33338,0.33372,0.03,0.03
2011.02.23 13:28:18.604,0.33337,0.33373,0.02,0.04
2011.02.23 13:28:20.218,0.33338,0.33372,0.02,0.04
2011.02.23 13:28:21.045,0.33337,0.33373,0.02,0.05
2011.02.23 13:28:23.664,0.33338,0.33372,0.02,0.04
2011.02.23 13:28:25.183,0.33337,0.33373,0.03,0.02
2011.02.23 13:28:27.573,0.33338,0.33372,0.02,0.02
2011.02.23 13:28:33.164,0.33337,0.33373,0.02,0.04
2011.02.23 13:28:33.427,0.33327,0.33373,0.01,0.05
2011.02.23 13:28:34.343,0.33338,0.33372,0.01,0.05
2011.02.23 13:28:34.763,0.33327,0.33373,0.01,0.04
2011.02.23 13:28:37.434,0.33328,0.33372,0.02,0.03
2011.02.23 13:28:37.643,0.33337,0.33373,0.02,0.04
2011.02.23 13:28:38.624,0.33327,0.33373,0.02,0.03
2011.02.23 13:28:40.027,0.33328,0.33362,0.03,0.02
2011.02.23 13:28:40.454,0.33327,0.33373,0.03,0.05
2011.02.23 13:28:40.663,0.33317,0.33353,0.04,0.01
2011.02.23 13:28:40.884,0.33317,0.33363,0.04,0.02
2011.02.23 13:28:41.423,0.33318,0.33362,0.02,0.02
2011.02.23 13:28:42.157,0.33318,0.33352,0.01,0.01
2011.02.23 13:28:42.267,0.33318,0.33362,0.02,0.02
2011.02.23 13:28:42.787,0.33317,0.33363,0.02,0.02
2011.02.23 13:28:44.274,0.33318,0.33362,0.03,0.02
2011.02.23 13:28:44.824,0.33317,0.33363,0.02,0.02
2011.02.23 13:28:45.720,0.33318,0.33362,0.03,0.02
2011.02.23 13:28:46.439,0.33317,0.33363,0.03,0.01
2011.02.23 13:28:47.213,0.33318,0.33362,0.03,0.02
2011.02.23 13:28:52.415,0.33317,0.33353,0.02,0.01
2011.02.23 13:28:52.953,0.33318,0.33352,0.02,0.01
2011.02.23 13:28:53.583,0.33317,0.33363,0.02,0.02
2011.02.23 13:28:53.687,0.33318,0.33352,0.02,0.01
2011.02.23 13:28:53.797,0.33318,0.33362,0.03,0.02
2011.02.23 13:28:54.213,0.33317,0.33353,0.02,0.02
2011.02.23 13:28:55.053,0.33328,0.33362,0.02,0.01
2011.02.23 13:28:55.577,0.33327,0.33363,0.02,0.03
2011.02.23 13:28:55.687,0.33307,0.33353,0.03,0.02
2011.02.23 13:28:56.315,0.33318,0.33352,0.01,0.02
2011.02.23 13:28:57.155,0.33317,0.33353,0.03,0.01
2011.02.23 13:28:59.524,0.33327,0.33363,0.03,0.02
2011.02.23 13:28:59.964,0.33317,0.33363,0.01,0.01
2011.02.23 13:29:00.624,0.33317,0.33353,0.01,0.02
2011.02.23 13:29:01.805,0.33318,0.33352,0.03,0.02
2011.02.23 13:29:03.114,0.33317,0.33353,0.04,0.02
2011.02.23 13:29:09.083,0.33318,0.33352,0.03,0.03
2011.02.23 13:29:10.404,0.33318,0.33362,0.02,0.00
2011.02.23 13:29:10.614,0.33327,0.33363,0.01,0.03
2011.02.23 13:29:10.878,0.33317,0.33363,0.03,0.03
2011.02.23 13:29:12.574,0.33318,0.33362,0.02,0.03
2011.02.23 13:29:13.443,0.33317,0.33363,0.02,0.02
2011.02.23 13:29:13.653,0.33308,0.33352,0.03,0.03
2011.02.23 13:29:15.214,0.33308,0.33342,0.06,0.01
2011.02.23 13:29:15.744,0.33308,0.33352,0.06,0.01
2011.02.23 13:29:16.373,0.33307,0.33343,0.03,0.01
2011.02.23 13:29:16.587,0.33308,0.33352,0.07,0.02
2011.02.23 13:29:17.714,0.33307,0.33353,0.06,0.03
2011.02.23 13:29:18.553,0.33308,0.33352,0.07,0.01
2011.02.23 13:29:20.135,0.33307,0.33343,0.06,0.01
2011.02.23 13:29:21.784,0.33307,0.33353,0.07,0.02
2011.02.23 13:29:22.665,0.33307,0.33343,0.07,0.01
2011.02.23 13:29:22.874,0.33307,0.33353,0.06,0.02
2011.02.23 13:29:23.544,0.33308,0.33352,0.06,0.02
2011.02.23 13:29:24.593,0.33318,0.33352,0.01,0.00
2011.02.23 13:29:29.653,0.33307,0.33353,0.07,0.02
2011.02.23 13:29:32.494,0.33308,0.33352,0.07,0.03
2011.02.23 13:29:34.139,0.33307,0.33343,0.07,0.01
2011.02.23 13:29:35.773,0.33308,0.33342,0.07,0.02
2011.02.23 13:29:35.993,0.33307,0.33353,0.07,0.02
2011.02.23 13:29:36.534,0.33308,0.33352,0.06,0.01
2011.02.23 13:29:37.613,0.33318,0.33352,0.01,0.02
2011.02.23 13:29:37.843,0.33308,0.33352,0.06,0.02
2011.02.23 13:29:38.367,0.33307,0.33353,0.06,0.02
2011.02.23 13:29:38.477,0.33308,0.33342,0.07,0.02
2011.02.23 13:29:39.264,0.33308,0.33352,0.07,0.02
2011.02.23 13:29:40.564,0.33307,0.33343,0.08,0.01
2011.02.23 13:29:41.103,0.33308,0.33342,0.08,0.01
2011.02.23 13:29:42.514,0.33307,0.33343,0.07,0.04
2011.02.23 13:29:43.634,0.33308,0.33342,0.07,0.04
2011.02.23 13:29:44.183,0.33307,0.33343,0.07,0.04
2011.02.23 13:29:44.724,0.33308,0.33342,0.07,0.04
2011.02.23 13:29:45.713,0.33307,0.33343,0.07,0.04
2011.02.23 13:29:48.323,0.33308,0.33342,0.07,0.04
2011.02.23 13:29:49.303,0.33318,0.33372,0.02,0.02
2011.02.23 13:29:49.515,0.33317,0.33353,0.02,0.02
2011.02.23 13:29:50.184,0.33318,0.33352,0.02,0.01
2011.02.23 13:29:50.947,0.33317,0.33353,0.02,0.01
2011.02.23 13:29:52.344,0.33317,0.33363,0.02,0.02
2011.02.23 13:29:53.443,0.33317,0.33353,0.02,0.01
2011.02.23 13:29:54.724,0.33318,0.33352,0.02,0.02
2011.02.23 13:29:55.363,0.33317,0.33353,0.03,0.04
2011.02.23 13:29:55.957,0.33308,0.33342,0.06,0.02
2011.02.23 13:29:56.463,0.33307,0.33343,0.04,0.02
2011.02.23 13:29:57.784,0.33308,0.33342,0.06,0.02
2011.02.23 13:29:59.274,0.33307,0.33343,0.02,0.02
2011.02.23 13:30:00.594,0.33308,0.33342,0.02,0.02
2011.02.23 13:30:01.224,0.33307,0.33343,0.02,0.03
2011.02.23 13:30:02.225,0.33308,0.33332,0.02,0.02
2011.02.23 13:30:02.854,0.33307,0.33333,0.02,0.03
2011.02.23 13:30:03.425,0.33308,0.33322,0.02,0.01
2011.02.23 13:30:04.135,0.33307,0.33323,0.02,0.02
2011.02.23 13:30:07.947,0.33307,0.33333,0.02,0.03
2011.02.23 13:30:08.535,0.33308,0.33322,0.02,0.03
2011.02.23 13:30:09.038,0.33307,0.33333,0.02,0.03
2011.02.23 13:30:10.375,0.33308,0.33332,0.02,0.03
2011.02.23 13:30:11.637,0.33307,0.33343,0.02,0.01
2011.02.23 13:30:16.476,0.33308,0.33342,0.02,0.03
2011.02.23 13:30:17.774,0.33307,0.33343,0.02,0.03
2011.02.23 13:30:19.404,0.33308,0.33342,0.04,0.03
2011.02.23 13:30:20.724,0.33308,0.33332,0.02,0.02
2011.02.23 13:30:21.375,0.33307,0.33333,0.02,0.02
2011.02.23 13:30:23.425,0.33308,0.33332,0.02,0.03
2011.02.23 13:30:25.394,0.33307,0.33343,0.02,0.00
2011.02.23 13:30:25.814,0.33307,0.33333,0.02,0.01
2011.02.23 13:30:26.474,0.33308,0.33342,0.02,0.02
2011.02.23 13:30:27.134,0.33308,0.33332,0.02,0.02
2011.02.23 13:30:29.077,0.33308,0.33342,0.02,0.03
2011.02.23 13:30:30.143,0.33307,0.33343,0.02,0.03
2011.02.23 13:30:30.563,0.33308,0.33332,0.02,0.04
2011.02.23 13:30:31.747,0.33307,0.33333,0.02,0.03
2011.02.23 13:30:35.073,0.33308,0.33332,0.02,0.03
2011.02.23 13:30:36.757,0.33307,0.33333,0.02,0.03
2011.02.23 13:30:37.343,0.33308,0.33332,0.02,0.03
2011.02.23 13:30:43.453,0.33308,0.33322,0.02,0.04
2011.02.23 13:30:44.005,0.33307,0.33323,0.02,0.04
2011.02.23 13:30:44.863,0.33308,0.33322,0.02,0.04
2011.02.23 13:30:47.063,0.33307,0.33323,0.02,0.03
2011.02.23 13:30:48.484,0.33308,0.33322,0.02,0.03
2011.02.23 13:30:49.893,0.33307,0.33323,0.02,0.03
2011.02.23 13:30:51.088,0.33308,0.33322,0.02,0.03
2011.02.23 13:30:51.686,0.33307,0.33323,0.02,0.03
2011.02.23 13:30:53.063,0.33308,0.33322,0.02,0.03
2011.02.23 13:30:57.093,0.33307,0.33323,0.02,0.03
2011.02.23 13:30:58.943,0.33308,0.33322,0.02,0.03
2011.02.23 13:30:59.693,0.33307,0.33323,0.02,0.07
2011.02.23 13:31:00.339,0.33308,0.33322,0.02,0.06
2011.02.23 13:31:00.987,0.33307,0.33323,0.02,0.06
2011.02.23 13:31:02.003,0.33308,0.33322,0.02,0.06
2011.02.23 13:31:02.633,0.33307,0.33323,0.02,0.06
2011.02.23 13:31:04.674,0.33308,0.33322,0.02,0.06
2011.02.23 13:31:21.993,0.33307,0.33323,0.02,0.04
2011.02.23 13:31:27.123,0.33308,0.33322,0.02,0.04
2011.02.23 13:31:27.883,0.33307,0.33323,0.02,0.04
2011.02.23 13:31:31.704,0.33308,0.33322,0.02,0.04
2011.02.23 13:31:32.913,0.33307,0.33353,0.02,0.02
2011.02.23 13:31:33.113,0.33307,0.33333,0.02,0.01
2011.02.23 13:31:33.573,0.33307,0.33323,0.02,0.02
2011.02.23 13:31:35.464,0.33308,0.33322,0.02,0.01
2011.02.23 13:31:35.567,0.33307,0.33333,0.02,0.02
2011.02.23 13:31:36.303,0.33308,0.33332,0.02,0.03
2011.02.23 13:31:37.484,0.33307,0.33323,0.02,0.01
2011.02.23 13:31:38.108,0.33308,0.33322,0.02,0.02
2011.02.23 13:31:39.115,0.33307,0.33323,0.02,0.02
2011.02.23 13:31:40.963,0.33308,0.33332,0.02,0.02
2011.02.23 13:31:43.823,0.33307,0.33333,0.02,0.02
2011.02.23 13:31:45.858,0.33308,0.33332,0.02,0.02
2011.02.23 13:31:47.444,0.33307,0.33333,0.02,0.03
2011.02.23 13:31:47.654,0.33307,0.33323,0.02,0.01
2011.02.23 13:31:48.324,0.33308,0.33322,0.02,0.02
2011.02.23 13:31:48.874,0.33307,0.33323,0.02,0.02
2011.02.23 13:31:50.954,0.33308,0.33322,0.02,0.03
2011.02.23 13:31:52.044,0.33307,0.33323,0.02,0.04
2011.02.23 13:31:55.623,0.33308,0.33322,0.02,0.02
2011.02.23 13:31:56.394,0.33307,0.33323,0.02,0.02
2011.02.23 13:32:00.714,0.33308,0.33322,0.02,0.02
2011.02.23 13:32:03.333,0.33307,0.33323,0.02,0.02
2011.02.23 13:32:03.873,0.33308,0.33322,0.02,0.02
2011.02.23 13:32:04.743,0.33307,0.33323,0.02,0.01
2011.02.23 13:32:06.733,0.33308,0.33322,0.02,0.02
2011.02.23 13:32:07.153,0.33307,0.33333,0.02,0.02
2011.02.23 13:32:08.113,0.33308,0.33332,0.02,0.02
2011.02.23 13:32:09.433,0.33307,0.33333,0.02,0.03
2011.02.23 13:32:10.293,0.33307,0.33323,0.02,0.04
2011.02.23 13:32:11.227,0.33308,0.33332,0.02,0.02
2011.02.23 13:32:11.817,0.33307,0.33333,0.02,0.02
2011.02.23 13:32:12.547,0.33308,0.33332,0.02,0.01
2011.02.23 13:32:12.863,0.33308,0.33352,0.02,0.02
2011.02.23 13:32:12.967,0.33307,0.33343,0.02,0.01
2011.02.23 13:32:13.284,0.33307,0.33333,0.02,0.01
2011.02.23 13:32:14.683,0.33308,0.33332,0.02,0.02
2011.02.23 13:32:16.643,0.33308,0.33342,0.02,0.01
2011.02.23 13:32:19.373,0.33307,0.33343,0.02,0.02
2011.02.23 13:32:20.233,0.33308,0.33342,0.02,0.02
2011.02.23 13:32:23.333,0.33307,0.33333,0.02,0.01
2011.02.23 13:32:23.857,0.33308,0.33332,0.02,0.03
2011.02.23 13:32:25.533,0.33307,0.33333,0.02,0.02
2011.02.23 13:32:28.243,0.33308,0.33332,0.02,0.02
2011.02.23 13:32:30.873,0.33307,0.33333,0.02,0.02
2011.02.23 13:32:32.962,0.33307,0.33323,0.03,0.02
2011.02.23 13:32:33.584,0.33308,0.33322,0.02,0.01
2011.02.23 13:32:34.172,0.33307,0.33323,0.03,0.02
2011.02.23 13:32:37.244,0.33308,0.33322,0.02,0.02
2011.02.23 13:32:37.454,0.33307,0.33333,0.02,0.02
2011.02.23 13:32:37.663,0.33308,0.33322,0.02,0.02
2011.02.23 13:32:41.583,0.33307,0.33333,0.02,0.02
2011.02.23 13:32:42.463,0.33307,0.33323,0.02,0.01
2011.02.23 13:32:46.024,0.33308,0.33322,0.02,0.02
2011.02.23 13:32:50.262,0.33307,0.33323,0.02,0.02
2011.02.23 13:32:51.144,0.33308,0.33322,0.02,0.01
2011.02.23 13:32:51.760,0.33307,0.33323,0.02,0.01
2011.02.23 13:32:52.453,0.33308,0.33322,0.02,0.02
2011.02.23 13:32:58.523,0.33307,0.33323,0.02,0.02
2011.02.23 13:32:59.944,0.33308,0.33332,0.02,0.02
2011.02.23 13:33:00.359,0.33308,0.33322,0.02,0.01
2011.02.23 13:33:01.004,0.33307,0.33323,0.02,0.01
2011.02.23 13:33:03.523,0.33308,0.33322,0.02,0.02
2011.02.23 13:33:05.038,0.33307,0.33323,0.02,0.02
2011.02.23 13:33:05.403,0.33307,0.33313,0.02,0.02
2011.02.23 13:33:06.453,0.33308,0.33312,0.02,0.02
2011.02.23 13:33:10.003,0.33307,0.33323,0.02,0.02
2011.02.23 13:33:11.213,0.33308,0.33322,0.02,0.02
2011.02.23 13:33:11.763,0.33307,0.33323,0.02,0.02
2011.02.23 13:33:12.733,0.33308,0.33322,0.02,0.02
2011.02.23 13:33:13.361,0.33307,0.33323,0.02,0.02
2011.02.23 13:33:13.813,0.33307,0.33313,0.02,0.02
2011.02.23 13:33:14.372,0.33308,0.33312,0.02,0.02
2011.02.23 13:33:14.863,0.33308,0.33322,0.02,0.03
2011.02.23 13:33:16.255,0.33308,0.33312,0.02,0.02
2011.02.23 13:33:17.183,0.33307,0.33313,0.02,0.02
2011.02.23 13:33:18.723,0.33267,0.33313,0.06,0.01
2011.02.23 13:33:18.934,0.33308,0.33312,0.02,0.03
2011.02.23 13:33:19.913,0.33307,0.33313,0.02,0.01
2011.02.23 13:33:21.552,0.33267,0.33353,0.03,0.02
2011.02.23 13:33:22.742,0.33257,0.33353,0.04,0.02
2011.02.23 13:33:26.377,0.33258,0.33352,0.03,0.02
2011.02.23 13:33:36.262,0.33257,0.33353,0.03,0.02
2011.02.23 13:33:38.562,0.33258,0.33352,0.03,0.02
2011.02.23 13:33:38.993,0.33268,0.33352,0.03,0.02
2011.02.23 13:33:40.302,0.33267,0.33353,0.03,0.02
2011.02.23 13:33:42.282,0.33268,0.33352,0.02,0.02
2011.02.23 13:33:43.602,0.33267,0.33353,0.02,0.02
2011.02.23 13:33:44.362,0.33268,0.33352,0.03,0.02
2011.02.23 13:33:46.552,0.33267,0.33353,0.03,0.02
2011.02.23 13:33:46.882,0.33257,0.33353,0.01,0.02
2011.02.23 13:33:47.212,0.33248,0.33352,0.04,0.02
2011.02.23 13:33:47.423,0.33258,0.33352,0.02,0.02
2011.02.23 13:33:49.477,0.33248,0.33352,0.03,0.02
2011.02.23 13:33:50.171,0.33247,0.33353,0.03,0.02
2011.02.23 13:33:50.391,0.33257,0.33353,0.03,0.02
2011.02.23 13:33:51.223,0.33258,0.33352,0.01,0.02
2011.02.23 13:33:53.221,0.33247,0.33353,0.03,0.02
2011.02.23 13:33:54.383,0.33248,0.33352,0.03,0.02
2011.02.23 13:33:57.802,0.33258,0.33352,0.02,0.02
2011.02.23 13:33:58.013,0.33247,0.33353,0.03,0.02
2011.02.23 13:33:59.193,0.33257,0.33353,0.02,0.02
2011.02.23 13:34:00.622,0.33258,0.33352,0.01,0.02
2011.02.23 13:34:01.161,0.33247,0.33353,0.03,0.02
2011.02.23 13:34:02.591,0.33248,0.33352,0.03,0.02
2011.02.23 13:34:07.178,0.33247,0.33353,0.03,0.02
2011.02.23 13:34:09.143,0.33248,0.33352,0.01,0.02
2011.02.23 13:34:09.684,0.33247,0.33293,0.01,0.01
2011.02.23 13:34:09.896,0.33247,0.33353,0.01,0.02
2011.02.23 13:34:10.552,0.33248,0.33352,0.02,0.02
2011.02.23 13:34:11.174,0.33247,0.33353,0.01,0.02
2011.02.23 13:34:11.804,0.33248,0.33352,0.01,0.02
2011.02.23 13:34:13.622,0.33247,0.33353,0.03,0.02
2011.02.23 13:34:14.164,0.33248,0.33352,0.03,0.02
2011.02.23 13:34:14.832,0.33238,0.33352,0.03,0.02
2011.02.23 13:34:15.465,0.33237,0.33283,0.04,0.01
2011.02.23 13:34:15.884,0.33237,0.33353,0.04,0.02
2011.02.23 13:34:17.023,0.33238,0.33352,0.03,0.02
2011.02.23 13:34:17.565,0.33237,0.33353,0.03,0.02
2011.02.23 13:34:18.223,0.33248,0.33352,0.03,0.02
2011.02.23 13:34:18.434,0.33237,0.33353,0.04,0.02
2011.02.23 13:34:19.752,0.33247,0.33353,0.03,0.02
2011.02.23 13:34:20.488,0.33237,0.33353,0.04,0.02
2011.02.23 13:34:23.912,0.33238,0.33352,0.04,0.02
2011.02.23 13:34:24.444,0.33237,0.33353,0.03,0.02
2011.02.23 13:34:24.548,0.33248,0.33352,0.03,0.02
2011.02.23 13:34:28.352,0.33247,0.33353,0.01,0.02
2011.02.23 13:34:28.882,0.33248,0.33352,0.01,0.02
2011.02.23 13:34:29.559,0.33247,0.33353,0.01,0.02
2011.02.23 13:34:30.543,0.33238,0.33352,0.03,0.02
2011.02.23 13:34:31.188,0.33248,0.33352,0.02,0.02
2011.02.23 13:34:32.492,0.33247,0.33353,0.03,0.02
2011.02.23 13:34:34.774,0.33247,0.33283,0.03,0.02
2011.02.23 13:34:35.994,0.33248,0.33282,0.03,0.03
2011.02.23 13:34:36.518,0.33247,0.33283,0.04,0.03
2011.02.23 13:34:36.628,0.33247,0.33293,0.03,0.01
2011.02.23 13:34:37.148,0.33248,0.33292,0.03,0.02
2011.02.23 13:34:37.258,0.33258,0.33292,0.03,0.02
2011.02.23 13:34:38.098,0.33257,0.33293,0.01,0.02
2011.02.23 13:34:38.863,0.33258,0.33292,0.02,0.02
2011.02.23 13:34:39.474,0.33257,0.33293,0.01,0.02
2011.02.23 13:34:40.073,0.33258,0.33292,0.02,0.02
2011.02.23 13:34:42.264,0.33257,0.33293,0.02,0.02
2011.02.23 13:34:44.783,0.33258,0.33292,0.02,0.02
2011.02.23 13:35:01.452,0.33257,0.33293,0.03,0.02
2011.02.23 13:35:02.183,0.33258,0.33292,0.04,0.02
2011.02.23 13:35:07.104,0.33257,0.33293,0.03,0.03
2011.02.23 13:35:08.212,0.33258,0.33292,0.03,0.03
2011.02.23 13:35:09.862,0.33257,0.33293,0.03,0.03
2011.02.23 13:35:11.914,0.33258,0.33292,0.03,0.03
2011.02.23 13:35:15.282,0.33257,0.33293,0.03,0.02
2011.02.23 13:35:17.202,0.33258,0.33292,0.02,0.02
2011.02.23 13:35:21.222,0.33257,0.33293,0.03,0.02
2011.02.23 13:35:22.224,0.33258,0.33292,0.03,0.03
2011.02.23 13:35:22.742,0.33257,0.33293,0.03,0.02
2011.02.23 13:35:27.432,0.33258,0.33292,0.03,0.02
2011.02.23 13:35:28.073,0.33257,0.33293,0.03,0.02
2011.02.23 13:35:32.348,0.33258,0.33292,0.03,0.02
2011.02.23 13:35:32.993,0.33257,0.33293,0.03,0.01
2011.02.23 13:35:33.652,0.33258,0.33292,0.03,0.02
2011.02.23 13:35:36.392,0.33257,0.33293,0.03,0.02
2011.02.23 13:35:38.133,0.33248,0.33292,0.03,0.02
2011.02.23 13:35:38.903,0.33247,0.33293,0.02,0.02
2011.02.23 13:35:39.885,0.33258,0.33292,0.01,0.02
2011.02.23 13:35:41.547,0.33257,0.33293,0.02,0.03
2011.02.23 13:35:44.553,0.33258,0.33292,0.02,0.02
2011.02.23 13:35:48.903,0.33258,0.33302,0.02,0.02
2011.02.23 13:35:50.764,0.33257,0.33293,0.02,0.01
2011.02.23 13:35:50.983,0.33257,0.33303,0.02,0.02
2011.02.23 13:35:51.565,0.33258,0.33302,0.02,0.02
2011.02.23 13:35:52.284,0.33257,0.33303,0.03,0.02
2011.02.23 13:35:52.603,0.33267,0.33303,0.02,0.02
2011.02.23 13:35:53.913,0.33267,0.33313,0.04,0.01
2011.02.23 13:35:54.729,0.33268,0.33312,0.04,0.02
2011.02.23 13:35:55.085,0.33268,0.33302,0.04,0.01
2011.02.23 13:35:56.526,0.33267,0.33303,0.00,0.02
2011.02.23 13:35:57.049,0.33267,0.33313,0.02,0.02
2011.02.23 13:35:57.159,0.33267,0.33303,0.02,0.02
2011.02.23 13:35:58.593,0.33268,0.33312,0.03,0.02
2011.02.23 13:36:00.784,0.33267,0.33313,0.03,0.03
2011.02.23 13:36:02.845,0.33267,0.33303,0.02,0.01
2011.02.23 13:36:03.714,0.33267,0.33313,0.02,0.02
2011.02.23 13:36:03.925,0.33268,0.33302,0.02,0.01
2011.02.23 13:36:10.409,0.33267,0.33303,0.03,0.02
2011.02.23 13:36:11.443,0.33268,0.33302,0.02,0.02
2011.02.23 13:36:11.709,0.33267,0.33313,0.02,0.03
2011.02.23 13:36:16.244,0.33267,0.33303,0.02,0.03
2011.02.23 13:36:16.980,0.33268,0.33302,0.03,0.03
2011.02.23 13:36:19.673,0.33267,0.33303,0.03,0.01
2011.02.23 13:36:22.204,0.33267,0.33313,0.03,0.03
2011.02.23 13:36:24.045,0.33278,0.33312,0.02,0.03
2011.02.23 13:36:24.684,0.33277,0.33313,0.03,0.03
2011.02.23 13:36:35.494,0.33278,0.33312,0.02,0.03
2011.02.23 13:36:36.655,0.33277,0.33313,0.03,0.02
2011.02.23 13:36:40.833,0.33278,0.33312,0.03,0.02
2011.02.23 13:36:44.183,0.33277,0.33313,0.03,0.02
2011.02.23 13:36:47.343,0.33258,0.33312,0.03,0.04
2011.02.23 13:36:47.555,0.33268,0.33312,0.02,0.04
2011.02.23 13:36:48.613,0.33267,0.33313,0.03,0.04
2011.02.23 13:36:52.653,0.33267,0.33303,0.03,0.01
2011.02.23 13:36:57.065,0.33267,0.33313,0.04,0.04
2011.02.23 13:36:58.595,0.33268,0.33312,0.04,0.03
2011.02.23 13:36:59.164,0.33267,0.33313,0.03,0.03
2011.02.23 13:36:59.752,0.33268,0.33312,0.03,0.03
2011.02.23 13:37:02.765,0.33267,0.33313,0.03,0.03
2011.02.23 13:37:03.501,0.33268,0.33312,0.03,0.03
2011.02.23 13:37:04.524,0.33268,0.33302,0.02,0.04
2011.02.23 13:37:05.404,0.33267,0.33303,0.02,0.03
2011.02.23 13:37:06.613,0.33268,0.33302,0.02,0.03
2011.02.23 13:37:08.585,0.33258,0.33302,0.05,0.04
2011.02.23 13:37:08.797,0.33257,0.33293,0.02,0.02
2011.02.23 13:37:09.019,0.33257,0.33303,0.02,0.03
2011.02.23 13:37:09.576,0.33258,0.33302,0.02,0.03
2011.02.23 13:37:10.133,0.33257,0.33303,0.02,0.03
2011.02.23 13:37:10.573,0.33257,0.33293,0.02,0.01
2011.02.23 13:37:10.786,0.33257,0.33303,0.02,0.03
2011.02.23 13:37:11.309,0.33258,0.33302,0.02,0.03
2011.02.23 13:37:11.829,0.33257,0.33303,0.03,0.03
2011.02.23 13:37:12.155,0.33268,0.33302,0.02,0.03
2011.02.23 13:37:12.883,0.33267,0.33303,0.02,0.03
2011.02.23 13:37:14.093,0.33268,0.33302,0.02,0.03
2011.02.23 13:37:16.224,0.33268,0.33312,0.02,0.03
2011.02.23 13:37:16.733,0.33267,0.33313,0.04,0.03
2011.02.23 13:37:17.994,0.33268,0.33312,0.04,0.03
2011.02.23 13:37:18.206,0.33268,0.33302,0.02,0.02
2011.02.23 13:37:18.309,0.33268,0.33312,0.02,0.03
2011.02.23 13:37:20.853,0.33278,0.33312,0.01,0.03
2011.02.23 13:37:21.283,0.33268,0.33312,0.03,0.03
2011.02.23 13:37:22.125,0.33277,0.33313,0.01,0.03
2011.02.23 13:37:29.423,0.33278,0.33312,0.03,0.03
2011.02.23 13:37:30.292,0.33277,0.33313,0.03,0.02
2011.02.23 13:37:31.482,0.33278,0.33312,0.03,0.02
2011.02.23 13:37:32.489,0.33277,0.33313,0.03,0.02
2011.02.23 13:37:33.795,0.33268,0.33312,0.04,0.02
2011.02.23 13:37:34.552,0.33267,0.33313,0.04,0.02
2011.02.23 13:37:35.195,0.33268,0.33312,0.04,0.02
2011.02.23 13:37:36.192,0.33267,0.33313,0.04,0.01
2011.02.23 13:37:36.879,0.33268,0.33312,0.04,0.02
2011.02.23 13:37:38.423,0.33267,0.33313,0.04,0.02
2011.02.23 13:37:39.833,0.33268,0.33312,0.04,0.02
2011.02.23 13:37:40.482,0.33267,0.33313,0.04,0.03
2011.02.23 13:37:43.119,0.33268,0.33312,0.04,0.03
2011.02.23 13:37:43.705,0.33267,0.33313,0.03,0.03
2011.02.23 13:37:44.682,0.33268,0.33302,0.03,0.02
2011.02.23 13:37:46.543,0.33267,0.33303,0.02,0.02
2011.02.23 13:37:47.203,0.33258,0.33302,0.02,0.02
2011.02.23 13:37:47.854,0.33257,0.33303,0.02,0.02
2011.02.23 13:37:49.230,0.33258,0.33302,0.02,0.02
2011.02.23 13:37:50.254,0.33257,0.33303,0.02,0.02
2011.02.23 13:37:51.804,0.33258,0.33302,0.02,0.02
2011.02.23 13:37:52.522,0.33257,0.33303,0.02,0.02
2011.02.23 13:37:53.122,0.33257,0.33293,0.02,0.02
2011.02.23 13:37:53.754,0.33258,0.33292,0.02,0.02
2011.02.23 13:37:54.443,0.33257,0.33293,0.02,0.02
2011.02.23 13:37:54.969,0.33258,0.33302,0.02,0.02
2011.02.23 13:37:55.284,0.33257,0.33293,0.02,0.01
2011.02.23 13:37:56.402,0.33258,0.33302,0.02,0.02
2011.02.23 13:37:56.919,0.33257,0.33303,0.02,0.02
2011.02.23 13:37:58.263,0.33267,0.33303,0.01,0.03
2011.02.23 13:37:58.475,0.33257,0.33303,0.07,0.02
2011.02.23 13:37:59.362,0.33258,0.33302,0.03,0.02
2011.02.23 13:37:59.996,0.33258,0.33292,0.01,0.01
2011.02.23 13:38:01.967,0.33257,0.33293,0.02,0.02
2011.02.23 13:38:02.541,0.33258,0.33292,0.02,0.02
2011.02.23 13:38:03.795,0.33257,0.33293,0.02,0.03
2011.02.23 13:38:07.102,0.33258,0.33292,0.02,0.03
2011.02.23 13:38:13.493,0.33257,0.33293,0.02,0.02
2011.02.23 13:38:14.362,0.33258,0.33302,0.03,0.01
2011.02.23 13:38:15.432,0.33257,0.33303,0.03,0.01
2011.02.23 13:38:16.854,0.33258,0.33302,0.02,0.02
2011.02.23 13:38:16.972,0.33257,0.33293,0.02,0.03
2011.02.23 13:38:19.462,0.33258,0.33292,0.02,0.03
2011.02.23 13:38:28.483,0.33257,0.33293,0.02,0.03
2011.02.23 13:38:29.693,0.33258,0.33302,0.02,0.00
2011.02.23 13:38:31.772,0.33257,0.33303,0.02,0.02
2011.02.23 13:38:34.303,0.33258,0.33292,0.02,0.04
2011.02.23 13:38:34.829,0.33257,0.33293,0.02,0.04
2011.02.23 13:38:37.122,0.33258,0.33292,0.02,0.03
2011.02.23 13:38:41.475,0.33257,0.33293,0.02,0.03
2011.02.23 13:38:41.789,0.33267,0.33303,0.01,0.02
2011.02.23 13:38:42.143,0.33257,0.33303,0.06,0.04
2011.02.23 13:38:43.405,0.33258,0.33302,0.02,0.03
2011.02.23 13:38:47.272,0.33257,0.33303,0.02,0.02
2011.02.23 13:38:49.334,0.33267,0.33303,0.02,0.02
2011.02.23 13:38:52.749,0.33268,0.33302,0.02,0.03
2011.02.23 13:38:54.952,0.33257,0.33303,0.02,0.02
2011.02.23 13:38:57.242,0.33258,0.33302,0.02,0.02
2011.02.23 13:38:58.872,0.33257,0.33303,0.02,0.01
2011.02.23 13:38:59.086,0.33258,0.33292,0.02,0.02
2011.02.23 13:38:59.993,0.33257,0.33293,0.02,0.02
2011.02.23 13:39:00.640,0.33258,0.33292,0.02,0.01
2011.02.23 13:39:01.792,0.33258,0.33302,0.02,0.02
2011.02.23 13:39:03.215,0.33257,0.33293,0.02,0.01
2011.02.23 13:39:03.875,0.33258,0.33302,0.02,0.02
2011.02.23 13:39:05.002,0.33257,0.33303,0.02,0.02
2011.02.23 13:39:05.423,0.33258,0.33292,0.02,0.01
2011.02.23 13:39:05.642,0.33258,0.33302,0.02,0.02
2011.02.23 13:39:07.502,0.33257,0.33303,0.03,0.02
2011.02.23 13:39:11.746,0.33267,0.33303,0.02,0.02
2011.02.23 13:39:13.082,0.33268,0.33312,0.05,0.03
2011.02.23 13:39:15.129,0.33267,0.33313,0.05,0.03
2011.02.23 13:39:15.440,0.33277,0.33313,0.04,0.03
2011.02.23 13:39:20.401,0.33278,0.33312,0.04,0.03
2011.02.23 13:39:34.362,0.33277,0.33313,0.04,0.02
2011.02.23 13:39:40.179,0.33278,0.33312,0.04,0.02
2011.02.23 13:39:40.819,0.33257,0.33303,0.07,0.02
2011.02.23 13:39:41.146,0.33268,0.33302,0.01,0.02
2011.02.23 13:39:41.565,0.33258,0.33302,0.03,0.03
2011.02.23 13:39:42.895,0.33257,0.33303,0.03,0.03
2011.02.23 13:39:43.105,0.33267,0.33303,0.02,0.03
2011.02.23 13:39:44.803,0.33268,0.33302,0.02,0.01
2011.02.23 13:39:45.316,0.33268,0.33312,0.03,0.02
2011.02.23 13:39:46.176,0.33267,0.33313,0.02,0.02
2011.02.23 13:39:48.235,0.33268,0.33312,0.02,0.03
2011.02.23 13:39:54.375,0.33267,0.33313,0.02,0.03
2011.02.23 13:39:57.869,0.33268,0.33302,0.02,0.01
2011.02.23 13:39:59.352,0.33267,0.33303,0.02,0.02
2011.02.23 13:40:02.193,0.33268,0.33302,0.01,0.02
2011.02.23 13:40:03.143,0.33267,0.33303,0.02,0.02
2011.02.23 13:40:04.896,0.33258,0.33302,0.02,0.03
2011.02.23 13:40:05.343,0.33268,0.33302,0.02,0.03
2011.02.23 13:40:07.287,0.33267,0.33303,0.03,0.02
2011.02.23 13:40:08.672,0.33267,0.33313,0.03,0.02
2011.02.23 13:40:09.113,0.33267,0.33303,0.02,0.02
2011.02.23 13:40:10.312,0.33257,0.33303,0.02,0.02
2011.02.23 13:40:11.522,0.33258,0.33302,0.02,0.03
2011.02.23 13:40:12.282,0.33257,0.33303,0.02,0.02
2011.02.23 13:40:23.134,0.33258,0.33302,0.02,0.02
2011.02.23 13:40:24.243,0.33257,0.33303,0.02,0.03
2011.02.23 13:40:25.334,0.33257,0.33293,0.02,0.01
2011.02.23 13:40:26.292,0.33257,0.33303,0.02,0.03
2011.02.23 13:40:28.045,0.33258,0.33302,0.02,0.02
2011.02.23 13:40:29.200,0.33257,0.33303,0.02,0.01
2011.02.23 13:40:33.015,0.33258,0.33302,0.03,0.02
2011.02.23 13:40:33.792,0.33268,0.33302,0.02,0.02
2011.02.23 13:40:36.833,0.33268,0.33312,0.04,0.02
2011.02.23 13:40:37.699,0.33268,0.33312,0.05,0.03
2011.02.23 13:40:40.322,0.33267,0.33313,0.05,0.02
2011.02.23 13:40:40.756,0.33267,0.33303,0.05,0.02
2011.02.23 13:40:43.002,0.33268,0.33312,0.05,0.03
2011.02.23 13:40:45.202,0.33267,0.33313,0.05,0.03
2011.02.23 13:40:45.725,0.33277,0.33313,0.04,0.02
2011.02.23 13:40:52.045,0.33278,0.33322,0.03,0.02
2011.02.23 13:40:52.705,0.33277,0.33323,0.05,0.01
2011.02.23 13:40:58.616,0.33288,0.33322,0.03,0.02
2011.02.23 13:40:59.595,0.33288,0.33332,0.04,0.02
2011.02.23 13:41:00.232,0.33287,0.33333,0.04,0.02
2011.02.23 13:41:01.031,0.33288,0.33332,0.05,0.03
2011.02.23 13:41:05.083,0.33288,0.33322,0.04,0.02
2011.02.23 13:41:05.741,0.33287,0.33323,0.04,0.02
2011.02.23 13:41:05.989,0.33288,0.33332,0.04,0.02
2011.02.23 13:41:07.193,0.33287,0.33333,0.04,0.02
2011.02.23 13:41:08.787,0.33297,0.33333,0.02,0.02
2011.02.23 13:41:10.233,0.33298,0.33332,0.04,0.03
2011.02.23 13:41:10.856,0.33297,0.33333,0.03,0.02
2011.02.23 13:41:10.959,0.33278,0.33332,0.03,0.03
2011.02.23 13:41:11.069,0.33287,0.33333,0.02,0.03
2011.02.23 13:41:12.735,0.33288,0.33332,0.02,0.03
2011.02.23 13:41:13.556,0.33297,0.33333,0.02,0.04
2011.02.23 13:41:14.079,0.33298,0.33332,0.02,0.04
2011.02.23 13:41:14.395,0.33288,0.33332,0.02,0.02
2011.02.23 13:41:15.263,0.33287,0.33333,0.02,0.03
2011.02.23 13:41:15.822,0.33297,0.33333,0.01,0.03
2011.02.23 13:41:16.037,0.33287,0.33333,0.02,0.03
2011.02.23 13:41:16.866,0.33288,0.33332,0.02,0.03
2011.02.23 13:41:17.691,0.33287,0.33333,0.02,0.02
2011.02.23 13:41:22.391,0.33288,0.33332,0.03,0.03
2011.02.23 13:41:23.049,0.33288,0.33322,0.02,0.01
2011.02.23 13:41:24.902,0.33287,0.33323,0.03,0.01
2011.02.23 13:41:26.642,0.33288,0.33322,0.02,0.03
2011.02.23 13:41:27.232,0.33287,0.33323,0.02,0.02
2011.02.23 13:41:28.060,0.33287,0.33333,0.02,0.02
2011.02.23 13:41:28.269,0.33287,0.33323,0.02,0.01
2011.02.23 13:41:31.121,0.33288,0.33322,0.00,0.02
2011.02.23 13:41:32.552,0.33287,0.33323,0.02,0.02
2011.02.23 13:41:33.501,0.33288,0.33322,0.01,0.02
2011.02.23 13:41:39.261,0.33287,0.33323,0.03,0.02
2011.02.23 13:41:44.281,0.33288,0.33332,0.03,0.02
2011.02.23 13:41:45.322,0.33287,0.33333,0.03,0.01
2011.02.23 13:41:45.967,0.33288,0.33332,0.03,0.02
2011.02.23 13:41:47.549,0.33287,0.33333,0.02,0.02
2011.02.23 13:41:48.562,0.33288,0.33332,0.02,0.03
2011.02.23 13:41:54.842,0.33287,0.33323,0.02,0.01
2011.02.23 13:41:55.814,0.33288,0.33322,0.02,0.03
2011.02.23 13:41:57.441,0.33287,0.33323,0.03,0.00
2011.02.23 13:41:58.017,0.33288,0.33322,0.03,0.02
2011.02.23 13:42:00.486,0.33287,0.33323,0.03,0.03
2011.02.23 13:42:01.811,0.33288,0.33322,0.02,0.02
2011.02.23 13:42:02.681,0.33287,0.33323,0.02,0.03
2011.02.23 13:42:03.545,0.33267,0.33313,0.04,0.02
2011.02.23 13:42:03.649,0.33278,0.33312,0.02,0.02
2011.02.23 13:42:05.362,0.33277,0.33313,0.02,0.02
2011.02.23 13:42:08.462,0.33278,0.33312,0.02,0.03
2011.02.23 13:42:09.122,0.33277,0.33313,0.03,0.02
2011.02.23 13:42:10.554,0.33278,0.33312,0.03,0.02
2011.02.23 13:42:11.311,0.33277,0.33313,0.03,0.01
2011.02.23 13:42:11.842,0.33288,0.33322,0.02,0.02
2011.02.23 13:42:12.420,0.33287,0.33323,0.02,0.02
2011.02.23 13:42:12.705,0.33278,0.33322,0.04,0.03
2011.02.23 13:42:14.132,0.33288,0.33322,0.03,0.02
2011.02.23 13:42:14.766,0.33288,0.33342,0.03,0.02
2011.02.23 13:42:14.869,0.33288,0.33322,0.03,0.01
2011.02.23 13:42:14.979,0.33288,0.33332,0.03,0.02
2011.02.23 13:42:17.741,0.33287,0.33333,0.02,0.03
2011.02.23 13:42:17.973,0.33287,0.33323,0.01,0.02
2011.02.23 13:42:18.379,0.33288,0.33332,0.01,0.03
2011.02.23 13:42:18.931,0.33298,0.33332,0.02,0.02
2011.02.23 13:42:20.226,0.33287,0.33333,0.02,0.03
2011.02.23 13:42:21.003,0.33297,0.33333,0.03,0.03
2011.02.23 13:42:22.055,0.33298,0.33332,0.03,0.03
2011.02.23 13:42:22.265,0.33297,0.33353,0.02,0.02
2011.02.23 13:42:22.370,0.33298,0.33342,0.02,0.03
2011.02.23 13:42:23.642,0.33307,0.33353,0.02,0.02
2011.02.23 13:42:23.855,0.33308,0.33342,0.03,0.03
2011.02.23 13:42:25.056,0.33287,0.33343,0.02,0.03
2011.02.23 13:42:25.265,0.33298,0.33332,0.02,0.03
2011.02.23 13:42:27.902,0.33297,0.33343,0.02,0.03
2011.02.23 13:42:30.756,0.33308,0.33342,0.03,0.02
2011.02.23 13:42:31.513,0.33307,0.33343,0.03,0.03
2011.02.23 13:42:32.166,0.33308,0.33342,0.03,0.03
2011.02.23 13:42:33.052,0.33307,0.33343,0.02,0.03
2011.02.23 13:42:33.595,0.33308,0.33342,0.02,0.03
2011.02.23 13:42:34.672,0.33307,0.33343,0.02,0.03
2011.02.23 13:42:36.202,0.33298,0.33342,0.02,0.03
2011.02.23 13:42:37.717,0.33308,0.33342,0.03,0.03
2011.02.23 13:42:38.799,0.33307,0.33343,0.02,0.02
2011.02.23 13:42:39.635,0.33308,0.33342,0.00,0.02
2011.02.23 13:42:39.846,0.33297,0.33343,0.02,0.02
2011.02.23 13:42:40.352,0.33298,0.33342,0.02,0.01
2011.02.23 13:42:45.574,0.33308,0.33342,0.01,0.01
2011.02.23 13:42:46.207,0.33307,0.33343,0.01,0.02
2011.02.23 13:42:46.626,0.33317,0.33353,0.03,0.04
2011.02.23 13:42:46.940,0.33318,0.33352,0.03,0.03
2011.02.23 13:42:48.057,0.33317,0.33353,0.03,0.03
2011.02.23 13:42:48.635,0.33318,0.33352,0.02,0.02
2011.02.23 13:42:49.411,0.33317,0.33363,0.03,0.02
2011.02.23 13:42:49.939,0.33318,0.33362,0.01,0.02
2011.02.23 13:42:50.050,0.33317,0.33353,0.03,0.02
2011.02.23 13:42:50.559,0.33318,0.33352,0.03,0.01
2011.02.23 13:42:50.731,0.33297,0.33353,0.02,0.02
2011.02.23 13:42:50.951,0.33307,0.33353,0.02,0.02
2011.02.23 13:42:51.612,0.33308,0.33352,0.02,0.02
2011.02.23 13:42:52.823,0.33307,0.33353,0.02,0.02
2011.02.23 13:42:55.331,0.33308,0.33352,0.02,0.02
2011.02.23 13:42:56.421,0.33307,0.33353,0.03,0.02
2011.02.23 13:42:57.802,0.33308,0.33352,0.02,0.01
2011.02.23 13:42:58.137,0.33308,0.33342,0.01,0.03
2011.02.23 13:42:58.656,0.33307,0.33343,0.02,0.02
2011.02.23 13:43:00.472,0.33308,0.33342,0.02,0.02
2011.02.23 13:43:01.410,0.33307,0.33343,0.00,0.02
2011.02.23 13:43:03.502,0.33308,0.33342,0.02,0.02
2011.02.23 13:43:04.601,0.33298,0.33342,0.02,0.02
2011.02.23 13:43:05.026,0.33307,0.33343,0.02,0.03
2011.02.23 13:43:07.223,0.33308,0.33342,0.02,0.02
2011.02.23 13:43:07.540,0.33287,0.33333,0.02,0.02
2011.02.23 13:43:07.650,0.33298,0.33342,0.02,0.02
2011.02.23 13:43:10.768,0.33297,0.33343,0.01,0.02
2011.02.23 13:43:11.126,0.33298,0.33332,0.01,0.01
2011.02.23 13:43:12.442,0.33297,0.33333,0.01,0.03
2011.02.23 13:43:13.269,0.33287,0.33333,0.02,0.02
2011.02.23 13:43:14.230,0.33288,0.33332,0.03,0.02
2011.02.23 13:43:15.771,0.33298,0.33332,0.02,0.02
2011.02.23 13:43:16.651,0.33297,0.33333,0.02,0.02
2011.02.23 13:43:17.956,0.33298,0.33342,0.02,0.02
2011.02.23 13:43:18.511,0.33307,0.33343,0.01,0.02
2011.02.23 13:43:19.605,0.33308,0.33342,0.01,0.02
2011.02.23 13:43:19.816,0.33298,0.33342,0.02,0.02
2011.02.23 13:43:23.311,0.33298,0.33332,0.01,0.02
2011.02.23 13:43:23.631,0.33298,0.33352,0.02,0.03
2011.02.23 13:43:23.836,0.33298,0.33342,0.02,0.02
2011.02.23 13:43:24.841,0.33297,0.33343,0.01,0.02
2011.02.23 13:43:25.369,0.33298,0.33342,0.01,0.02
2011.02.23 13:43:27.829,0.33297,0.33343,0.01,0.02
2011.02.23 13:43:28.536,0.33298,0.33342,0.02,0.02
2011.02.23 13:43:29.843,0.33297,0.33343,0.02,0.03
2011.02.23 13:43:30.640,0.33308,0.33352,0.03,0.03
2011.02.23 13:43:31.141,0.33307,0.33343,0.03,0.02
2011.02.23 13:43:32.590,0.33308,0.33352,0.07,0.02
2011.02.23 13:43:34.311,0.33307,0.33353,0.05,0.01
2011.02.23 13:43:36.026,0.33308,0.33352,0.04,0.02
2011.02.23 13:43:36.446,0.33307,0.33343,0.04,0.01
2011.02.23 13:43:37.491,0.33308,0.33342,0.03,0.02
2011.02.23 13:43:38.571,0.33307,0.33343,0.03,0.02
2011.02.23 13:43:39.766,0.33308,0.33342,0.03,0.02
2011.02.23 13:43:40.442,0.33307,0.33343,0.03,0.02
2011.02.23 13:43:41.511,0.33287,0.33343,0.02,0.02
2011.02.23 13:43:41.726,0.33298,0.33342,0.01,0.03
2011.02.23 13:43:42.039,0.33287,0.33343,0.04,0.03
2011.02.23 13:43:42.149,0.33297,0.33343,0.01,0.03
2011.02.23 13:43:42.609,0.33287,0.33333,0.04,0.01
2011.02.23 13:43:43.225,0.33288,0.33332,0.04,0.02
2011.02.23 13:43:43.370,0.33287,0.33343,0.04,0.02
2011.02.23 13:43:43.591,0.33298,0.33342,0.02,0.02
2011.02.23 13:43:44.991,0.33298,0.33332,0.01,0.02
2011.02.23 13:43:45.562,0.33297,0.33333,0.01,0.02
2011.02.23 13:43:47.945,0.33298,0.33332,0.00,0.02
2011.02.23 13:43:49.351,0.33297,0.33333,0.00,0.02
2011.02.23 13:43:50.561,0.33287,0.33333,0.02,0.02
2011.02.23 13:43:51.196,0.33288,0.33332,0.03,0.01
2011.02.23 13:43:52.411,0.33287,0.33333,0.03,0.02
2011.02.23 13:43:52.939,0.33288,0.33332,0.02,0.03
2011.02.23 13:43:53.467,0.33288,0.33322,0.03,0.02
2011.02.23 13:43:53.769,0.33288,0.33332,0.04,0.03
2011.02.23 13:43:55.931,0.33287,0.33333,0.06,0.02
2011.02.23 13:43:57.361,0.33298,0.33352,0.02,0.03
2011.02.23 13:43:57.639,0.33297,0.33343,0.02,0.02
2011.02.23 13:43:58.205,0.33297,0.33363,0.03,0.03
2011.02.23 13:43:58.415,0.33298,0.33342,0.03,0.02
2011.02.23 13:43:59.315,0.33297,0.33343,0.03,0.02
2011.02.23 13:44:00.530,0.33307,0.33343,0.01,0.01
2011.02.23 13:44:00.745,0.33297,0.33343,0.03,0.02
2011.02.23 13:44:03.369,0.33298,0.33342,0.03,0.02
2011.02.23 13:44:04.251,0.33297,0.33343,0.02,0.02
2011.02.23 13:44:05.602,0.33298,0.33342,0.02,0.02
2011.02.23 13:44:05.710,0.33308,0.33342,0.01,0.02
2011.02.23 13:44:06.245,0.33307,0.33343,0.01,0.02
2011.02.23 13:44:06.349,0.33298,0.33342,0.02,0.02
2011.02.23 13:44:06.876,0.33307,0.33343,0.01,0.02
2011.02.23 13:44:07.311,0.33297,0.33343,0.02,0.02
2011.02.23 13:44:07.945,0.33298,0.33342,0.02,0.02
2011.02.23 13:44:08.945,0.33297,0.33343,0.02,0.02
2011.02.23 13:44:10.371,0.33298,0.33342,0.02,0.02
2011.02.23 13:44:11.255,0.33297,0.33343,0.02,0.02
2011.02.23 13:44:12.171,0.33298,0.33332,0.01,0.01
2011.02.23 13:44:14.135,0.33297,0.33333,0.02,0.01
2011.02.23 13:44:17.090,0.33298,0.33332,0.02,0.02
2011.02.23 13:44:18.506,0.33297,0.33333,0.03,0.02
2011.02.23 13:44:19.941,0.33298,0.33332,0.02,0.03
2011.02.23 13:44:20.821,0.33297,0.33333,0.02,0.02
2011.02.23 13:44:22.351,0.33298,0.33332,0.02,0.02
2011.02.23 13:44:23.990,0.33297,0.33333,0.02,0.02
2011.02.23 13:44:25.970,0.33298,0.33332,0.03,0.03
2011.02.23 13:44:27.718,0.33297,0.33333,0.02,0.03
2011.02.23 13:44:28.560,0.33288,0.33332,0.03,0.03
2011.02.23 13:44:29.220,0.33287,0.33333,0.06,0.04
2011.02.23 13:44:31.740,0.33288,0.33332,0.05,0.04
2011.02.23 13:44:32.600,0.33287,0.33333,0.05,0.04
2011.02.23 13:44:34.140,0.33288,0.33332,0.04,0.04
2011.02.23 13:44:34.355,0.33288,0.33322,0.05,0.02
2011.02.23 13:44:36.550,0.33287,0.33323,0.03,0.02
2011.02.23 13:44:37.201,0.33288,0.33322,0.03,0.03
2011.02.23 13:44:41.990,0.33287,0.33323,0.03,0.03
2011.02.23 13:44:42.730,0.33278,0.33322,0.04,0.03
2011.02.23 13:44:43.076,0.33277,0.33313,0.04,0.01
2011.02.23 13:44:46.580,0.33278,0.33312,0.04,0.03
2011.02.23 13:44:48.531,0.33288,0.33322,0.02,0.01
2011.02.23 13:44:49.180,0.33277,0.33323,0.04,0.01
2011.02.23 13:44:49.511,0.33287,0.33323,0.01,0.01
2011.02.23 13:44:51.455,0.33288,0.33322,0.02,0.02
2011.02.23 13:44:52.116,0.33287,0.33323,0.03,0.02
2011.02.23 13:44:56.310,0.33297,0.33333,0.01,0.02
2011.02.23 13:44:58.161,0.33288,0.33332,0.02,0.01
2011.02.23 13:45:00.540,0.33288,0.33322,0.01,0.02
2011.02.23 13:45:01.080,0.33287,0.33323,0.03,0.02
2011.02.23 13:45:03.917,0.33288,0.33322,0.03,0.03
2011.02.23 13:45:05.004,0.33287,0.33323,0.03,0.02
2011.02.23 13:45:05.721,0.33288,0.33322,0.03,0.03
2011.02.23 13:45:07.780,0.33287,0.33323,0.03,0.02
2011.02.23 13:45:10.921,0.33288,0.33322,0.04,0.02
2011.02.23 13:45:14.259,0.33287,0.33323,0.03,0.02
2011.02.23 13:45:20.859,0.33288,0.33352,0.03,0.03
2011.02.23 13:45:21.005,0.33287,0.33333,0.03,0.00
2011.02.23 13:45:22.341,0.33297,0.33333,0.01,0.00
2011.02.23 13:45:24.532,0.33298,0.33332,0.04,0.02
2011.02.23 13:45:28.180,0.33297,0.33333,0.03,0.02
2011.02.23 13:45:29.942,0.33297,0.33343,0.04,0.02
2011.02.23 13:45:31.031,0.33298,0.33342,0.03,0.01
2011.02.23 13:45:33.222,0.33297,0.33343,0.04,0.02
2011.02.23 13:45:35.844,0.33288,0.33332,0.02,0.03
2011.02.23 13:45:36.241,0.33287,0.33333,0.02,0.04
2011.02.23 13:45:37.250,0.33288,0.33332,0.02,0.04
2011.02.23 13:45:37.731,0.33288,0.33322,0.00,0.01
2011.02.23 13:45:39.771,0.33287,0.33323,0.04,0.03
2011.02.23 13:45:40.621,0.33288,0.33322,0.04,0.02
2011.02.23 13:45:41.433,0.33287,0.33323,0.04,0.02
2011.02.23 13:45:42.945,0.33288,0.33322,0.03,0.03
2011.02.23 13:45:44.960,0.33278,0.33322,0.03,0.02
2011.02.23 13:45:51.310,0.33277,0.33323,0.02,0.03
2011.02.23 13:45:52.920,0.33278,0.33322,0.01,0.03
2011.02.23 13:45:54.120,0.33277,0.33323,0.02,0.03
2011.02.23 13:45:54.665,0.33278,0.33312,0.03,0.02
2011.02.23 13:45:58.650,0.33277,0.33313,0.02,0.02
2011.02.23 13:46:00.179,0.33278,0.33312,0.02,0.02
2011.02.23 13:46:01.610,0.33268,0.33312,0.03,0.03
2011.02.23 13:46:02.235,0.33267,0.33313,0.02,0.03
2011.02.23 13:46:02.446,0.33268,0.33302,0.02,0.01
2011.02.23 13:46:02.549,0.33268,0.33312,0.02,0.02
2011.02.23 13:46:03.140,0.33267,0.33303,0.02,0.01
2011.02.23 13:46:04.630,0.33268,0.33312,0.04,0.02
2011.02.23 13:46:06.470,0.33267,0.33313,0.04,0.01
2011.02.23 13:46:06.676,0.33278,0.33322,0.02,0.02
2011.02.23 13:46:07.657,0.33277,0.33323,0.04,0.02
2011.02.23 13:46:08.513,0.33278,0.33322,0.06,0.02
2011.02.23 13:46:10.920,0.33277,0.33323,0.06,0.01
2011.02.23 13:46:11.493,0.33278,0.33322,0.06,0.02
2011.02.23 13:46:19.241,0.33277,0.33323,0.05,0.02
2011.02.23 13:46:20.023,0.33287,0.33323,0.04,0.02
2011.02.23 13:46:20.791,0.33288,0.33322,0.04,0.02
2011.02.23 13:46:21.514,0.33287,0.33323,0.04,0.00
2011.02.23 13:46:23.039,0.33287,0.33333,0.04,0.03
2011.02.23 13:46:27.104,0.33288,0.33322,0.03,0.02
2011.02.23 13:46:27.419,0.33297,0.33333,0.01,0.01
2011.02.23 13:46:33.686,0.33298,0.33332,0.02,0.02
2011.02.23 13:46:34.421,0.33297,0.33333,0.02,0.02
2011.02.23 13:46:35.230,0.33298,0.33332,0.01,0.02
2011.02.23 13:46:36.331,0.33287,0.33333,0.02,0.02
2011.02.23 13:46:44.665,0.33288,0.33322,0.02,0.02
2011.02.23 13:46:48.256,0.33287,0.33323,0.02,0.01
2011.02.23 13:46:48.592,0.33297,0.33333,0.02,0.02
2011.02.23 13:46:49.016,0.33287,0.33333,0.02,0.02
2011.02.23 13:46:50.020,0.33288,0.33332,0.02,0.02
2011.02.23 13:46:50.540,0.33288,0.33322,0.01,0.02
2011.02.23 13:46:52.635,0.33287,0.33323,0.02,0.03
2011.02.23 13:46:53.726,0.33278,0.33322,0.03,0.02
2011.02.23 13:46:55.550,0.33277,0.33313,0.04,0.02
2011.02.23 13:46:57.226,0.33278,0.33312,0.03,0.02
2011.02.23 13:47:00.420,0.33287,0.33323,0.01,0.02
2011.02.23 13:47:00.836,0.33277,0.33323,0.02,0.02
2011.02.23 13:47:01.849,0.33268,0.33312,0.04,0.02
2011.02.23 13:47:02.265,0.33278,0.33312,0.04,0.02
2011.02.23 13:47:03.829,0.33278,0.33322,0.05,0.02
2011.02.23 13:47:06.530,0.33277,0.33313,0.04,0.02
2011.02.23 13:47:09.645,0.33278,0.33312,0.04,0.02
2011.02.23 13:47:10.296,0.33277,0.33313,0.04,0.02
2011.02.23 13:47:11.139,0.33278,0.33322,0.04,0.02
2011.02.23 13:47:12.040,0.33277,0.33313,0.03,0.02
2011.02.23 13:47:16.610,0.33277,0.33323,0.04,0.02
2011.02.23 13:47:17.581,0.33278,0.33312,0.04,0.01
2011.02.23 13:47:18.297,0.33277,0.33323,0.04,0.02
2011.02.23 13:47:18.872,0.33278,0.33312,0.04,0.01
2011.02.23 13:47:22.910,0.33277,0.33313,0.04,0.02
2011.02.23 13:47:25.510,0.33278,0.33312,0.03,0.01
2011.02.23 13:47:27.679,0.33277,0.33313,0.02,0.01
2011.02.23 13:47:28.674,0.33278,0.33312,0.03,0.02
2011.02.23 13:47:31.909,0.33277,0.33313,0.01,0.02
2011.02.23 13:47:32.339,0.33268,0.33312,0.02,0.02
2011.02.23 13:47:32.873,0.33267,0.33313,0.02,0.02
2011.02.23 13:47:32.980,0.33267,0.33303,0.02,0.01
2011.02.23 13:47:33.681,0.33268,0.33302,0.02,0.02
2011.02.23 13:47:34.649,0.33267,0.33303,0.02,0.03
2011.02.23 13:47:35.289,0.33268,0.33302,0.02,0.03
2011.02.23 13:47:36.253,0.33268,0.33312,0.03,0.02
2011.02.23 13:47:37.019,0.33267,0.33313,0.03,0.02
2011.02.23 13:47:38.449,0.33268,0.33312,0.03,0.03
2011.02.23 13:47:39.205,0.33268,0.33302,0.03,0.01
2011.02.23 13:47:40.969,0.33267,0.33313,0.03,0.01
2011.02.23 13:47:41.695,0.33268,0.33302,0.03,0.01
2011.02.23 13:47:41.926,0.33268,0.33312,0.03,0.03
2011.02.23 13:47:45.435,0.33278,0.33312,0.03,0.03
2011.02.23 13:47:46.549,0.33277,0.33313,0.04,0.03
2011.02.23 13:47:50.579,0.33278,0.33312,0.03,0.03
2011.02.23 13:47:59.230,0.33277,0.33313,0.03,0.03
2011.02.23 13:48:00.649,0.33268,0.33312,0.04,0.03
2011.02.23 13:48:02.659,0.33278,0.33312,0.01,0.03
2011.02.23 13:48:03.930,0.33277,0.33313,0.01,0.03
2011.02.23 13:48:05.810,0.33267,0.33313,0.02,0.02
2011.02.23 13:48:06.549,0.33268,0.33312,0.03,0.01
2011.02.23 13:48:06.756,0.33267,0.33303,0.02,0.02
2011.02.23 13:48:07.415,0.33268,0.33302,0.02,0.02
2011.02.23 13:48:08.480,0.33267,0.33303,0.02,0.02
2011.02.23 13:48:09.689,0.33268,0.33302,0.02,0.02
2011.02.23 13:48:10.779,0.33267,0.33303,0.02,0.03
2011.02.23 13:48:18.880,0.33268,0.33302,0.02,0.03
2011.02.23 13:48:22.709,0.33267,0.33303,0.02,0.03
2011.02.23 13:48:24.029,0.33268,0.33302,0.02,0.02
2011.02.23 13:48:25.362,0.33267,0.33303,0.02,0.02
2011.02.23 13:48:31.739,0.33268,0.33302,0.02,0.02
2011.02.23 13:48:32.717,0.33267,0.33303,0.00,0.02
2011.02.23 13:48:33.379,0.33257,0.33303,0.02,0.02
2011.02.23 13:48:34.150,0.33258,0.33292,0.02,0.03
2011.02.23 13:48:34.776,0.33257,0.33293,0.00,0.03
2011.02.23 13:48:38.497,0.33258,0.33292,0.02,0.03
2011.02.23 13:48:39.269,0.33257,0.33293,0.02,0.03
2011.02.23 13:48:41.280,0.33258,0.33292,0.02,0.03
2011.02.23 13:48:41.990,0.33257,0.33293,0.02,0.02
2011.02.23 13:48:43.199,0.33258,0.33292,0.02,0.03
2011.02.23 13:48:43.821,0.33257,0.33293,0.02,0.02
2011.02.23 13:48:45.291,0.33258,0.33292,0.02,0.03
2011.02.23 13:48:47.239,0.33257,0.33293,0.02,0.03
2011.02.23 13:48:48.339,0.33258,0.33292,0.02,0.02
2011.02.23 13:48:48.944,0.33257,0.33293,0.02,0.03
2011.02.23 13:48:51.829,0.33258,0.33292,0.02,0.02
2011.02.23 13:48:54.219,0.33257,0.33293,0.02,0.03
2011.02.23 13:48:57.370,0.33258,0.33292,0.04,0.03
2011.02.23 13:48:58.950,0.33258,0.33302,0.04,0.01
2011.02.23 13:48:59.097,0.33267,0.33303,0.02,0.02
2011.02.23 13:48:59.970,0.33268,0.33302,0.03,0.02
2011.02.23 13:49:01.089,0.33267,0.33303,0.03,0.02
2011.02.23 13:49:01.420,0.33267,0.33333,0.04,0.03
2011.02.23 13:49:01.640,0.33277,0.33313,0.04,0.03
2011.02.23 13:49:03.600,0.33278,0.33312,0.04,0.02
2011.02.23 13:49:04.809,0.33277,0.33313,0.04,0.02
2011.02.23 13:49:06.657,0.33278,0.33312,0.04,0.02
2011.02.23 13:49:07.529,0.33277,0.33313,0.04,0.02
2011.02.23 13:49:08.149,0.33278,0.33312,0.04,0.02
2011.02.23 13:49:08.738,0.33277,0.33313,0.04,0.00
2011.02.23 13:49:10.768,0.33257,0.33303,0.06,0.02
2011.02.23 13:49:10.977,0.33267,0.33303,0.02,0.02
2011.02.23 13:49:11.692,0.33268,0.33302,0.02,0.01
2011.02.23 13:49:12.060,0.33268,0.33312,0.03,0.02
2011.02.23 13:49:12.659,0.33257,0.33303,0.06,0.02
2011.02.23 13:49:13.260,0.33258,0.33302,0.02,0.02
2011.02.23 13:49:13.711,0.33258,0.33292,0.01,0.02
2011.02.23 13:49:14.995,0.33257,0.33293,0.02,0.00
2011.02.23 13:49:15.778,0.33258,0.33292,0.02,0.00
2011.02.23 13:49:15.989,0.33258,0.33302,0.02,0.03
2011.02.23 13:49:18.147,0.33268,0.33302,0.02,0.03
2011.02.23 13:49:20.790,0.33267,0.33323,0.03,0.03
2011.02.23 13:49:20.996,0.33268,0.33312,0.03,0.02
2011.02.23 13:49:23.422,0.33267,0.33313,0.02,0.01
2011.02.23 13:49:24.819,0.33277,0.33313,0.01,0.03
2011.02.23 13:49:25.996,0.33268,0.33312,0.02,0.02
2011.02.23 13:49:27.590,0.33267,0.33313,0.02,0.03
2011.02.23 13:49:28.406,0.33268,0.33302,0.00,0.01
2011.02.23 13:49:32.129,0.33267,0.33313,0.03,0.02
2011.02.23 13:49:33.198,0.33268,0.33312,0.03,0.02
2011.02.23 13:49:37.269,0.33267,0.33313,0.03,0.02
2011.02.23 13:49:39.329,0.33268,0.33312,0.03,0.02
2011.02.23 13:49:39.746,0.33277,0.33313,0.01,0.02
2011.02.23 13:49:41.520,0.33278,0.33312,0.01,0.00
2011.02.23 13:49:43.730,0.33267,0.33313,0.02,0.00
2011.02.23 13:49:44.499,0.33268,0.33312,0.03,0.03
2011.02.23 13:49:46.578,0.33267,0.33313,0.04,0.02
2011.02.23 13:49:49.537,0.33268,0.33312,0.04,0.02
2011.02.23 13:49:53.340,0.33267,0.33313,0.04,0.02
2011.02.23 13:49:56.936,0.33268,0.33312,0.03,0.01
2011.02.23 13:50:00.536,0.33267,0.33313,0.02,0.01
2011.02.23 13:50:03.578,0.33258,0.33302,0.07,0.02
2011.02.23 13:50:04.340,0.33257,0.33303,0.07,0.02
2011.02.23 13:50:04.978,0.33258,0.33302,0.07,0.02
2011.02.23 13:50:09.248,0.33258,0.33302,0.07,0.02
2011.02.23 13:50:21.728,0.33258,0.33302,0.03,0.01
2011.02.23 13:50:22.379,0.33257,0.33303,0.03,0.02
2011.02.23 13:50:27.600,0.33267,0.33303,0.00,0.02
2011.02.23 13:50:28.259,0.33258,0.33302,0.03,0.02
2011.02.23 13:50:29.130,0.33257,0.33303,0.03,0.02
2011.02.23 13:50:31.503,0.33258,0.33302,0.03,0.02
2011.02.23 13:50:32.539,0.33257,0.33303,0.03,0.04
2011.02.23 13:50:33.369,0.33258,0.33302,0.03,0.04
2011.02.23 13:50:33.839,0.33257,0.33293,0.03,0.01
2011.02.23 13:50:42.970,0.33258,0.33292,0.02,0.02
2011.02.23 13:50:47.509,0.33257,0.33293,0.02,0.02
2011.02.23 13:50:48.348,0.33258,0.33292,0.02,0.01
2011.02.23 13:50:57.708,0.33257,0.33293,0.02,0.00
2011.02.23 13:50:58.368,0.33258,0.33292,0.02,0.00
2011.02.23 13:50:59.088,0.33257,0.33293,0.02,0.00
2011.02.23 13:51:02.379,0.33258,0.33292,0.02,0.01
2011.02.23 13:51:03.149,0.33257,0.33293,0.02,0.01
2011.02.23 13:51:03.578,0.33258,0.33302,0.03,0.02
2011.02.23 13:51:05.009,0.33257,0.33293,0.03,0.01
2011.02.23 13:51:05.339,0.33257,0.33303,0.03,0.02
2011.02.23 13:51:05.659,0.33258,0.33292,0.02,0.03
2011.02.23 13:51:07.588,0.33257,0.33293,0.03,0.03
2011.02.23 13:51:09.238,0.33257,0.33303,0.02,0.02
2011.02.23 13:51:10.439,0.33258,0.33302,0.02,0.02
2011.02.23 13:51:11.099,0.33257,0.33303,0.02,0.02
2011.02.23 13:51:11.307,0.33267,0.33303,0.02,0.02
2011.02.23 13:51:11.851,0.33268,0.33302,0.02,0.01
2011.02.23 13:51:13.731,0.33267,0.33303,0.03,0.02
2011.02.23 13:51:14.500,0.33268,0.33302,0.04,0.01
2011.02.23 13:51:15.919,0.33267,0.33303,0.04,0.02
2011.02.23 13:51:19.558,0.33268,0.33302,0.04,0.01
2011.02.23 13:51:23.909,0.33267,0.33313,0.04,0.02
2011.02.23 13:51:26.156,0.33268,0.33312,0.04,0.02
2011.02.23 13:51:30.189,0.33267,0.33313,0.04,0.02
2011.02.23 13:51:30.397,0.33278,0.33312,0.03,0.02
2011.02.23 13:51:31.619,0.33277,0.33313,0.03,0.02
2011.02.23 13:51:32.789,0.33278,0.33312,0.03,0.01
2011.02.23 13:51:34.261,0.33277,0.33313,0.03,0.02
2011.02.23 13:51:40.399,0.33278,0.33312,0.03,0.02
2011.02.23 13:51:41.819,0.33277,0.33313,0.03,0.02
2011.02.23 13:51:42.588,0.33278,0.33312,0.03,0.03
2011.02.23 13:51:45.329,0.33277,0.33313,0.03,0.02
2011.02.23 13:51:46.529,0.33278,0.33312,0.03,0.02
2011.02.23 13:51:46.751,0.33267,0.33303,0.00,0.02
2011.02.23 13:51:48.168,0.33258,0.33302,0.04,0.03
2011.02.23 13:51:49.929,0.33257,0.33303,0.02,0.03
2011.02.23 13:51:51.559,0.33258,0.33302,0.02,0.02
2011.02.23 13:51:52.200,0.33257,0.33303,0.01,0.02
2011.02.23 13:51:52.850,0.33258,0.33292,0.02,0.01
2011.02.23 13:51:54.470,0.33258,0.33302,0.02,0.01
2011.02.23 13:51:56.559,0.33257,0.33303,0.03,0.02
2011.02.23 13:51:57.549,0.33258,0.33292,0.02,0.01
2011.02.23 13:51:58.176,0.33257,0.33293,0.02,0.01
2011.02.23 13:51:59.939,0.33258,0.33292,0.02,0.02
2011.02.23 13:52:01.789,0.33257,0.33293,0.02,0.01
2011.02.23 13:52:02.381,0.33258,0.33292,0.02,0.02
2011.02.23 13:52:06.189,0.33257,0.33293,0.02,0.01
2011.02.23 13:52:07.509,0.33258,0.33292,0.02,0.01
2011.02.23 13:52:08.720,0.33257,0.33293,0.02,0.00
2011.02.23 13:52:09.228,0.33258,0.33292,0.02,0.00
2011.02.23 13:52:15.418,0.33258,0.33302,0.02,0.02
2011.02.23 13:52:16.188,0.33257,0.33303,0.02,0.03
2011.02.23 13:52:16.849,0.33257,0.33293,0.02,0.01
2011.02.23 13:52:17.594,0.33258,0.33292,0.02,0.02
2011.02.23 13:52:21.549,0.33257,0.33293,0.02,0.01
2011.02.23 13:52:22.078,0.33258,0.33302,0.02,0.02
2011.02.23 13:52:29.698,0.33257,0.33303,0.02,0.02
2011.02.23 13:52:31.451,0.33258,0.33302,0.02,0.03
2011.02.23 13:52:31.961,0.33257,0.33303,0.02,0.03
2011.02.23 13:52:32.958,0.33258,0.33302,0.02,0.03
2011.02.23 13:52:34.381,0.33258,0.33292,0.03,0.01
2011.02.23 13:52:34.957,0.33257,0.33293,0.02,0.02
2011.02.23 13:52:35.537,0.33258,0.33292,0.02,0.02
2011.02.23 13:52:36.318,0.33257,0.33293,0.02,0.03
2011.02.23 13:52:38.178,0.33258,0.33292,0.02,0.02
2011.02.23 13:52:40.889,0.33257,0.33293,0.03,0.02
2011.02.23 13:52:47.019,0.33258,0.33292,0.02,0.02
2011.02.23 13:52:54.421,0.33257,0.33293,0.02,0.03
2011.02.23 13:53:00.138,0.33258,0.33292,0.03,0.03
2011.02.23 13:53:03.519,0.33257,0.33293,0.02,0.02
2011.02.23 13:53:08.189,0.33258,0.33292,0.02,0.03
2011.02.23 13:53:10.488,0.33248,0.33292,0.02,0.03
2011.02.23 13:53:11.818,0.33247,0.33293,0.02,0.02
2011.02.23 13:53:12.348,0.33248,0.33292,0.02,0.03
2011.02.23 13:53:14.089,0.33247,0.33293,0.02,0.03
2011.02.23 13:53:14.541,0.33258,0.33292,0.02,0.03
2011.02.23 13:53:16.829,0.33257,0.33293,0.02,0.03
2011.02.23 13:53:17.423,0.33258,0.33292,0.02,0.02
2011.02.23 13:53:18.047,0.33257,0.33293,0.00,0.03
2011.02.23 13:53:28.171,0.33258,0.33292,0.02,0.03
2011.02.23 13:53:29.377,0.33257,0.33293,0.02,0.02
2011.02.23 13:53:30.108,0.33258,0.33292,0.02,0.02
2011.02.23 13:53:32.049,0.33257,0.33303,0.03,0.01
2011.02.23 13:53:33.076,0.33258,0.33302,0.03,0.02
2011.02.23 13:53:34.139,0.33268,0.33302,0.01,0.01
2011.02.23 13:53:34.767,0.33267,0.33303,0.01,0.01
2011.02.23 13:53:37.501,0.33268,0.33302,0.02,0.02
2011.02.23 13:53:42.120,0.33257,0.33303,0.02,0.02
2011.02.23 13:53:43.095,0.33258,0.33302,0.02,0.02
2011.02.23 13:53:43.697,0.33257,0.33303,0.01,0.02
2011.02.23 13:53:45.075,0.33258,0.33302,0.02,0.02
2011.02.23 13:53:47.001,0.33257,0.33293,0.02,0.02
2011.02.23 13:53:48.107,0.33258,0.33292,0.02,0.02
2011.02.23 13:53:51.839,0.33257,0.33293,0.02,0.01
2011.02.23 13:53:53.488,0.33247,0.33293,0.06,0.03
2011.02.23 13:53:54.011,0.33248,0.33292,0.02,0.02
2011.02.23 13:53:54.541,0.33247,0.33293,0.02,0.03
2011.02.23 13:53:55.909,0.33248,0.33292,0.02,0.03
2011.02.23 13:53:57.011,0.33258,0.33292,0.02,0.02
2011.02.23 13:54:01.838,0.33257,0.33293,0.01,0.02
2011.02.23 13:54:03.136,0.33258,0.33292,0.01,0.02
2011.02.23 13:54:05.108,0.33257,0.33293,0.02,0.02
2011.02.23 13:54:07.031,0.33257,0.33303,0.02,0.01
2011.02.23 13:54:08.468,0.33258,0.33302,0.01,0.01
2011.02.23 13:54:09.759,0.33257,0.33303,0.02,0.01
2011.02.23 13:54:10.483,0.33258,0.33302,0.02,0.02
2011.02.23 13:54:11.717,0.33257,0.33303,0.02,0.02
2011.02.23 13:54:14.218,0.33268,0.33302,0.02,0.02
2011.02.23 13:54:17.817,0.33257,0.33303,0.04,0.03
2011.02.23 13:54:18.599,0.33257,0.33293,0.02,0.02
2011.02.23 13:54:21.550,0.33258,0.33302,0.02,0.02
2011.02.23 13:54:24.268,0.33258,0.33292,0.02,0.01
2011.02.23 13:54:25.920,0.33257,0.33293,0.02,0.02
2011.02.23 13:54:28.958,0.33258,0.33292,0.02,0.02
2011.02.23 13:54:30.827,0.33257,0.33293,0.02,0.01
2011.02.23 13:54:35.736,0.33258,0.33292,0.02,0.03
2011.02.23 13:54:36.479,0.33247,0.33293,0.03,0.03
2011.02.23 13:54:37.079,0.33248,0.33292,0.03,0.03
2011.02.23 13:54:38.507,0.33247,0.33293,0.02,0.02
2011.02.23 13:54:39.999,0.33248,0.33292,0.02,0.02
2011.02.23 13:54:41.409,0.33247,0.33283,0.02,0.01
2011.02.23 13:54:43.038,0.33248,0.33292,0.02,0.02
2011.02.23 13:54:50.968,0.33247,0.33293,0.02,0.03
2011.02.23 13:54:53.018,0.33248,0.33292,0.02,0.02
2011.02.23 13:54:53.568,0.33247,0.33293,0.02,0.03
2011.02.23 13:55:05.638,0.33248,0.33292,0.03,0.03
2011.02.23 13:55:07.498,0.33247,0.33293,0.02,0.03
2011.02.23 13:55:19.208,0.33248,0.33292,0.02,0.02
2011.02.23 13:55:19.460,0.33258,0.33292,0.02,0.02
2011.02.23 13:55:21.488,0.33257,0.33293,0.01,0.02
2011.02.23 13:55:22.168,0.33258,0.33292,0.01,0.02
2011.02.23 13:55:23.102,0.33257,0.33293,0.01,0.02
2011.02.23 13:55:28.248,0.33258,0.33292,0.02,0.03
2011.02.23 13:55:28.905,0.33257,0.33293,0.00,0.03
2011.02.23 13:55:31.319,0.33247,0.33283,0.02,0.02
2011.02.23 13:55:32.187,0.33248,0.33282,0.02,0.02
2011.02.23 13:55:32.308,0.33248,0.33292,0.02,0.03
2011.02.23 13:55:33.577,0.33248,0.33282,0.02,0.03
2011.02.23 13:55:34.787,0.33248,0.33292,0.02,0.03
2011.02.23 13:55:37.128,0.33247,0.33293,0.02,0.03
2011.02.23 13:55:37.787,0.33248,0.33292,0.02,0.03
2011.02.23 13:55:37.997,0.33247,0.33283,0.02,0.01
2011.02.23 13:55:39.427,0.33248,0.33282,0.02,0.03
2011.02.23 13:55:40.828,0.33247,0.33283,0.03,0.03
2011.02.23 13:55:43.777,0.33248,0.33282,0.02,0.02
2011.02.23 13:55:45.868,0.33247,0.33283,0.02,0.02
2011.02.23 13:55:47.808,0.33248,0.33282,0.02,0.03
2011.02.23 13:55:49.458,0.33247,0.33283,0.02,0.02
2011.02.23 13:55:49.741,0.33237,0.33283,0.02,0.03
2011.02.23 13:55:50.097,0.33237,0.33273,0.02,0.02
2011.02.23 13:55:50.998,0.33238,0.33272,0.02,0.02
2011.02.23 13:55:51.751,0.33237,0.33273,0.02,0.02
2011.02.23 13:55:52.867,0.33237,0.33283,0.02,0.02
2011.02.23 13:55:54.791,0.33237,0.33273,0.02,0.01
2011.02.23 13:55:55.658,0.33238,0.33272,0.02,0.02
2011.02.23 13:55:56.232,0.33237,0.33273,0.02,0.02
2011.02.23 13:55:57.198,0.33238,0.33272,0.02,0.02
2011.02.23 13:55:57.947,0.33237,0.33273,0.02,0.02
2011.02.23 13:55:58.818,0.33238,0.33272,0.02,0.02
2011.02.23 13:56:00.807,0.33237,0.33273,0.02,0.02
2011.02.23 13:56:03.279,0.33238,0.33272,0.02,0.02
2011.02.23 13:56:06.617,0.33227,0.33273,0.02,0.02
2011.02.23 13:56:07.247,0.33228,0.33272,0.02,0.02
2011.02.23 13:56:10.715,0.33227,0.33273,0.02,0.02
2011.02.23 13:56:11.908,0.33237,0.33273,0.02,0.03
2011.02.23 13:56:13.868,0.33238,0.33272,0.02,0.03
2011.02.23 13:56:15.298,0.33237,0.33273,0.00,0.03
2011.02.23 13:56:16.818,0.33238,0.33272,0.00,0.03
2011.02.23 13:56:18.512,0.33227,0.33263,0.02,0.01
2011.02.23 13:56:19.831,0.33227,0.33273,0.02,0.02
2011.02.23 13:56:21.027,0.33228,0.33272,0.02,0.02
2011.02.23 13:56:21.917,0.33227,0.33273,0.02,0.02
2011.02.23 13:56:23.044,0.33227,0.33263,0.02,0.02
2011.02.23 13:56:23.647,0.33228,0.33262,0.02,0.02
2011.02.23 13:56:24.557,0.33227,0.33263,0.02,0.02
2011.02.23 13:56:25.328,0.33228,0.33262,0.02,0.02
2011.02.23 13:56:27.298,0.33227,0.33263,0.02,0.02
2011.02.23 13:56:27.977,0.33228,0.33262,0.02,0.00
2011.02.23 13:56:28.531,0.33227,0.33273,0.02,0.02
2011.02.23 13:56:29.655,0.33228,0.33272,0.02,0.02
2011.02.23 13:56:30.938,0.33227,0.33273,0.02,0.02
2011.02.23 13:56:32.364,0.33228,0.33272,0.03,0.02
2011.02.23 13:56:32.477,0.33238,0.33292,0.02,0.03
2011.02.23 13:56:32.688,0.33238,0.33282,0.02,0.02
2011.02.23 13:56:33.677,0.33248,0.33282,0.02,0.01
2011.02.23 13:56:33.886,0.33237,0.33283,0.02,0.01
2011.02.23 13:56:34.754,0.33238,0.33282,0.02,0.02
2011.02.23 13:56:38.551,0.33248,0.33282,0.02,0.02
2011.02.23 13:56:39.981,0.33247,0.33283,0.01,0.02
2011.02.23 13:56:41.948,0.33248,0.33282,0.02,0.02
2011.02.23 13:56:42.498,0.33247,0.33283,0.02,0.02
2011.02.23 13:56:42.921,0.33248,0.33292,0.02,0.02
2011.02.23 13:56:47.277,0.33247,0.33293,0.02,0.02
2011.02.23 13:56:55.527,0.33248,0.33292,0.02,0.03
2011.02.23 13:56:55.738,0.33247,0.33283,0.01,0.02
2011.02.23 13:56:57.607,0.33237,0.33283,0.04,0.02
2011.02.23 13:56:58.267,0.33238,0.33282,0.04,0.02
2011.02.23 13:56:59.372,0.33248,0.33282,0.01,0.02
2011.02.23 13:57:01.758,0.33237,0.33283,0.02,0.03
2011.02.23 13:57:02.728,0.33238,0.33282,0.01,0.03
2011.02.23 13:57:03.357,0.33237,0.33283,0.00,0.03
2011.02.23 13:57:03.461,0.33237,0.33273,0.00,0.01
2011.02.23 13:57:04.047,0.33238,0.33272,0.02,0.03
2011.02.23 13:57:06.594,0.33228,0.33272,0.02,0.02
2011.02.23 13:57:07.191,0.33227,0.33273,0.03,0.03
2011.02.23 13:57:07.978,0.33237,0.33273,0.02,0.03
2011.02.23 13:57:08.858,0.33238,0.33272,0.02,0.02
2011.02.23 13:57:11.528,0.33237,0.33273,0.02,0.02
2011.02.23 13:57:13.621,0.33238,0.33272,0.02,0.02
2011.02.23 13:57:14.347,0.33237,0.33273,0.01,0.01
2011.02.23 13:57:15.308,0.33227,0.33273,0.02,0.02
2011.02.23 13:57:15.847,0.33228,0.33272,0.06,0.02
2011.02.23 13:57:16.958,0.33237,0.33273,0.02,0.02
2011.02.23 13:57:17.837,0.33238,0.33272,0.01,0.03
2011.02.23 13:57:18.623,0.33237,0.33273,0.00,0.03
2011.02.23 13:57:19.951,0.33227,0.33273,0.02,0.03
2011.02.23 13:57:21.658,0.33228,0.33272,0.02,0.02
2011.02.23 13:57:22.317,0.33227,0.33273,0.02,0.02
2011.02.23 13:57:23.307,0.33228,0.33272,0.02,0.02
2011.02.23 13:57:23.937,0.33227,0.33273,0.02,0.03
2011.02.23 13:57:26.037,0.33228,0.33262,0.02,0.01
2011.02.23 13:57:26.247,0.33227,0.33273,0.02,0.03
2011.02.23 13:57:26.807,0.33228,0.33272,0.02,0.02
2011.02.23 13:57:29.627,0.33227,0.33273,0.02,0.01
2011.02.23 13:57:32.647,0.33228,0.33272,0.02,0.03
2011.02.23 13:57:39.271,0.33238,0.33272,0.01,0.03
2011.02.23 13:57:46.608,0.33228,0.33262,0.01,0.03
2011.02.23 13:57:50.317,0.33227,0.33263,0.02,0.03
2011.02.23 13:57:50.857,0.33228,0.33262,0.02,0.03
2011.02.23 13:57:51.947,0.33227,0.33263,0.03,0.03
2011.02.23 13:57:55.958,0.33228,0.33262,0.02,0.03
2011.02.23 13:57:57.581,0.33227,0.33263,0.02,0.03
2011.02.23 13:58:02.649,0.33228,0.33262,0.02,0.03
2011.02.23 13:58:03.208,0.33227,0.33263,0.02,0.03
2011.02.23 13:58:07.186,0.33228,0.33262,0.03,0.03
2011.02.23 13:58:08.624,0.33227,0.33263,0.03,0.03
2011.02.23 13:58:09.224,0.33228,0.33262,0.02,0.03
2011.02.23 13:58:10.718,0.33227,0.33263,0.02,0.03
2011.02.23 13:58:12.008,0.33218,0.33262,0.02,0.03
2011.02.23 13:58:13.107,0.33217,0.33263,0.02,0.03
2011.02.23 13:58:14.928,0.33218,0.33262,0.02,0.03
2011.02.23 13:58:15.597,0.33217,0.33253,0.02,0.02
2011.02.23 13:58:16.917,0.33218,0.33252,0.02,0.02
2011.02.23 13:58:18.199,0.33217,0.33253,0.02,0.01
2011.02.23 13:58:20.278,0.33207,0.33253,0.03,0.03
2011.02.23 13:58:21.162,0.33208,0.33252,0.03,0.04
2011.02.23 13:58:21.588,0.33207,0.33243,0.03,0.02
2011.02.23 13:58:22.637,0.33197,0.33243,0.01,0.03
2011.02.23 13:58:23.271,0.33207,0.33243,0.02,0.04
2011.02.23 13:58:24.627,0.33198,0.33242,0.02,0.03
2011.02.23 13:58:25.727,0.33197,0.33243,0.02,0.03
2011.02.23 13:58:27.641,0.33198,0.33242,0.02,0.03
2011.02.23 13:58:27.918,0.33197,0.33233,0.02,0.01
2011.02.23 13:58:28.762,0.33198,0.33232,0.02,0.02
2011.02.23 13:58:29.827,0.33198,0.33242,0.02,0.03
2011.02.23 13:58:30.458,0.33197,0.33243,0.02,0.03
2011.02.23 13:58:31.277,0.33198,0.33242,0.02,0.03
2011.02.23 13:58:32.377,0.33187,0.33223,0.01,0.02
2011.02.23 13:58:33.799,0.33188,0.33222,0.02,0.03
2011.02.23 13:58:34.008,0.33177,0.33223,0.06,0.03
2011.02.23 13:58:34.778,0.33178,0.33222,0.02,0.03
2011.02.23 13:58:35.317,0.33177,0.33223,0.07,0.03
2011.02.23 13:58:36.898,0.33178,0.33222,0.03,0.02
2011.02.23 13:58:37.528,0.33177,0.33223,0.03,0.04
2011.02.23 13:58:37.768,0.33178,0.33212,0.03,0.01
2011.02.23 13:58:37.988,0.33177,0.33223,0.03,0.03
2011.02.23 13:58:38.686,0.33178,0.33222,0.03,0.03
2011.02.23 13:58:38.858,0.33177,0.33213,0.03,0.01
2011.02.23 13:58:39.392,0.33178,0.33222,0.03,0.03
2011.02.23 13:58:42.787,0.33177,0.33223,0.00,0.03
2011.02.23 13:58:43.692,0.33178,0.33222,0.00,0.03
2011.02.23 13:58:43.801,0.33187,0.33223,0.02,0.03
2011.02.23 13:58:45.111,0.33177,0.33223,0.02,0.02
2011.02.23 13:58:49.589,0.33178,0.33222,0.02,0.02
2011.02.23 13:58:50.222,0.33177,0.33223,0.03,0.03
2011.02.23 13:58:51.327,0.33178,0.33222,0.02,0.03
2011.02.23 13:58:51.748,0.33178,0.33212,0.03,0.02
2011.02.23 13:58:52.745,0.33168,0.33212,0.02,0.03
2011.02.23 13:58:54.048,0.33177,0.33213,0.02,0.03
2011.02.23 13:58:54.928,0.33167,0.33213,0.01,0.04
2011.02.23 13:58:55.138,0.33168,0.33202,0.02,0.01
2011.02.23 13:58:55.631,0.33157,0.33203,0.07,0.02
2011.02.23 13:58:56.202,0.33168,0.33202,0.01,0.01
2011.02.23 13:58:57.098,0.33167,0.33203,0.00,0.02
2011.02.23 13:58:58.821,0.33168,0.33202,0.02,0.02
2011.02.23 13:58:59.324,0.33167,0.33203,0.02,0.02
2011.02.23 13:59:00.169,0.33168,0.33202,0.02,0.02
2011.02.23 13:59:00.827,0.33167,0.33203,0.02,0.02
2011.02.23 13:59:01.598,0.33168,0.33202,0.02,0.01
2011.02.23 13:59:02.482,0.33167,0.33203,0.02,0.01
2011.02.23 13:59:03.832,0.33168,0.33202,0.01,0.01
2011.02.23 13:59:04.167,0.33168,0.33212,0.01,0.06
2011.02.23 13:59:05.217,0.33167,0.33213,0.02,0.05
2011.02.23 13:59:06.737,0.33178,0.33212,0.02,0.04
2011.02.23 13:59:07.617,0.33177,0.33213,0.01,0.03
2011.02.23 13:59:09.452,0.33178,0.33212,0.02,0.03
2011.02.23 13:59:11.336,0.33167,0.33213,0.02,0.03
2011.02.23 13:59:12.317,0.33168,0.33212,0.02,0.03
2011.02.23 13:59:13.957,0.33167,0.33213,0.02,0.02
2011.02.23 13:59:15.071,0.33168,0.33212,0.02,0.02
2011.02.23 13:59:17.347,0.33167,0.33203,0.02,0.03
2011.02.23 13:59:17.787,0.33168,0.33212,0.02,0.02
2011.02.23 13:59:17.998,0.33168,0.33202,0.02,0.01
2011.02.23 13:59:18.417,0.33167,0.33213,0.02,0.03
2011.02.23 13:59:18.988,0.33167,0.33203,0.02,0.01
2011.02.23 13:59:20.082,0.33168,0.33202,0.02,0.02
2011.02.23 13:59:21.377,0.33167,0.33203,0.02,0.02
2011.02.23 13:59:22.808,0.33168,0.33202,0.02,0.04
2011.02.23 13:59:24.328,0.33167,0.33203,0.02,0.03
2011.02.23 13:59:25.398,0.33168,0.33202,0.03,0.03
2011.02.23 13:59:26.047,0.33167,0.33203,0.03,0.02
2011.02.23 13:59:27.367,0.33168,0.33202,0.03,0.02
2011.02.23 13:59:29.647,0.33167,0.33203,0.03,0.02
2011.02.23 13:59:32.148,0.33168,0.33202,0.04,0.03
2011.02.23 13:59:32.782,0.33167,0.33203,0.03,0.03
2011.02.23 13:59:33.569,0.33168,0.33202,0.02,0.02
2011.02.23 13:59:36.317,0.33167,0.33203,0.02,0.01
2011.02.23 13:59:38.717,0.33168,0.33202,0.03,0.02
2011.02.23 13:59:39.809,0.33167,0.33203,0.04,0.03
2011.02.23 13:59:40.457,0.33168,0.33202,0.03,0.02
2011.02.23 13:59:41.218,0.33167,0.33203,0.03,0.02
2011.02.23 13:59:41.967,0.33167,0.33213,0.03,0.03
2011.02.23 13:59:46.558,0.33168,0.33212,0.03,0.03
2011.02.23 13:59:47.696,0.33167,0.33213,0.03,0.03
2011.02.23 13:59:47.992,0.33178,0.33212,0.02,0.03
2011.02.23 13:59:48.518,0.33167,0.33213,0.03,0.03
2011.02.23 13:59:49.532,0.33177,0.33213,0.02,0.03
2011.02.23 13:59:55.278,0.33178,0.33212,0.02,0.02
2011.02.23 13:59:56.467,0.33177,0.33213,0.02,0.02
2011.02.23 13:59:57.017,0.33178,0.33212,0.02,0.01
2011.02.23 13:59:58.218,0.33177,0.33213,0.02,0.03
2011.02.23 13:59:59.948,0.33178,0.33212,0.02,0.02
