2011.10.03 08:00:00.476,0.30692,0.30738,0.03,0.03
2011.10.03 08:00:00.806,0.30689,0.30735,0.03,0.03
2011.10.03 08:00:01.198,0.30694,0.3074,0.03,0.03
2011.10.03 08:00:01.540,0.30697,0.30743,0.03,0.03
2011.10.03 08:00:01.906,0.30703,0.30743,0.02,0.03
2011.10.03 08:00:02.235,0.30703,0.30747,0.05,0.05
2011.10.03 08:00:04.108,0.30704,0.30746,0.02,0.02
2011.10.03 08:00:05.416,0.30703,0.30747,0.05,0.03
2011.10.03 08:00:07.536,0.30703,0.30748,0.02,0.03
2011.10.03 08:00:08.079,0.30704,0.30748,0.02,0.03
2011.10.03 08:00:10.135,0.30705,0.30749,0.03,0.03
2011.10.03 08:00:10.997,0.30705,0.30746,0.03,0.02
2011.10.03 08:00:22.049,0.3071,0.30754,0.03,0.03
2011.10.03 08:00:22.158,0.30715,0.30759,0.03,0.03
2011.10.03 08:00:22.567,0.30719,0.30765,0.03,0.03
2011.10.03 08:00:23.018,0.30724,0.30765,0.02,0.03
2011.10.03 08:00:23.546,0.30723,0.30765,0.02,0.03
2011.10.03 08:00:25.485,0.30719,0.30765,0.03,0.03
2011.10.03 08:00:25.705,0.30734,0.30765,0.02,0.03
2011.10.03 08:00:26.037,0.30734,0.3077,0.02,0.03
2011.10.03 08:00:27.696,0.30734,0.30773,0.02,0.03
2011.10.03 08:00:27.806,0.30738,0.30782,0.03,0.03
2011.10.03 08:00:28.027,0.30732,0.30778,0.03,0.03
2011.10.03 08:00:28.548,0.3073,0.30774,0.03,0.03
2011.10.03 08:00:28.918,0.30732,0.30778,0.03,0.03
2011.10.03 08:00:29.367,0.30735,0.30779,0.03,0.03
2011.10.03 08:00:38.079,0.30738,0.30782,0.03,0.03
2011.10.03 08:00:38.407,0.30729,0.30775,0.03,0.03
2011.10.03 08:00:38.628,0.30729,0.30775,0.03,0.03
2011.10.03 08:00:39.199,0.30733,0.30775,0.02,0.03
2011.10.03 08:00:39.426,0.3074,0.30784,0.03,0.03
2011.10.03 08:00:39.790,0.30748,0.30792,0.03,0.03
2011.10.03 08:00:41.728,0.30755,0.30799,0.03,0.03
2011.10.03 08:00:42.345,0.30764,0.30799,0.02,0.03
2011.10.03 08:00:42.456,0.30764,0.30804,0.02,0.03
2011.10.03 08:00:42.566,0.30763,0.30804,0.02,0.03
2011.10.03 08:00:42.676,0.30764,0.3081,0.03,0.03
2011.10.03 08:00:43.703,0.30764,0.3081,0.05,0.03
2011.10.03 08:00:44.026,0.30774,0.30812,0.02,0.03
2011.10.03 08:00:44.635,0.30773,0.30812,0.02,0.03
2011.10.03 08:00:45.576,0.30777,0.30823,0.03,0.03
2011.10.03 08:00:47.846,0.30775,0.30819,0.03,0.03
2011.10.03 08:00:49.296,0.30774,0.30818,0.02,0.03
2011.10.03 08:00:49.992,0.30774,0.30815,0.02,0.03
2011.10.03 08:00:53.243,0.30769,0.30815,0.03,0.03
2011.10.03 08:00:53.356,0.30764,0.3081,0.03,0.03
2011.10.03 08:00:53.575,0.30764,0.3081,0.03,0.03
2011.10.03 08:00:54.017,0.30767,0.30813,0.03,0.03
2011.10.03 08:00:55.269,0.30765,0.30809,0.03,0.03
2011.10.03 08:00:55.496,0.30762,0.30808,0.03,0.03
2011.10.03 08:00:55.825,0.30765,0.30809,0.03,0.03
2011.10.03 08:00:58.406,0.30759,0.30805,0.03,0.03
2011.10.03 08:00:58.768,0.30757,0.30803,0.03,0.03
2011.10.03 08:00:58.985,0.30763,0.30807,0.03,0.03
2011.10.03 08:00:59.466,0.30765,0.30809,0.03,0.03
2011.10.03 08:00:59.796,0.30769,0.30815,0.03,0.03
2011.10.03 08:01:00.016,0.30772,0.30818,0.03,0.03
2011.10.03 08:01:00.565,0.30773,0.30818,0.02,0.03
2011.10.03 08:01:00.941,0.30844,0.30876,0.02,0.03
2011.10.03 08:01:01.060,0.3086,0.30904,0.03,0.03
2011.10.03 08:01:01.397,0.30854,0.309,0.03,0.03
2011.10.03 08:01:01.508,0.30853,0.30898,0.02,0.03
2011.10.03 08:01:02.108,0.3086,0.30904,0.03,0.03
2011.10.03 08:01:02.437,0.30853,0.30894,0.02,0.03
2011.10.03 08:01:02.658,0.3085,0.30894,0.03,0.03
2011.10.03 08:01:02.986,0.30848,0.30892,0.03,0.03
2011.10.03 08:01:03.220,0.30842,0.30888,0.03,0.03
2011.10.03 08:01:03.447,0.30842,0.30886,0.03,0.02
2011.10.03 08:01:03.677,0.30824,0.3087,0.03,0.03
2011.10.03 08:01:04.086,0.30822,0.30868,0.03,0.03
2011.10.03 08:01:04.667,0.30822,0.30868,0.03,0.03
2011.10.03 08:01:05.307,0.30825,0.30869,0.03,0.03
2011.10.03 08:01:09.438,0.30825,0.30869,0.03,0.03
2011.10.03 08:01:09.469,0.30817,0.30863,0.03,0.03
2011.10.03 08:01:09.590,0.30815,0.30859,0.03,0.03
2011.10.03 08:01:09.869,0.30812,0.30858,0.03,0.03
2011.10.03 08:01:11.225,0.3081,0.30854,0.03,0.03
2011.10.03 08:01:14.677,0.30813,0.30857,0.03,0.03
2011.10.03 08:01:15.542,0.30814,0.30857,0.02,0.03
2011.10.03 08:01:16.114,0.30813,0.30857,0.05,0.03
2011.10.03 08:01:16.792,0.30815,0.30859,0.03,0.03
2011.10.03 08:01:16.912,0.3082,0.30864,0.03,0.03
2011.10.03 08:01:25.078,0.30817,0.30863,0.03,0.03
2011.10.03 08:01:25.757,0.30843,0.30878,0.02,0.02
2011.10.03 08:01:25.979,0.30843,0.30887,0.02,0.02
2011.10.03 08:01:26.429,0.30842,0.30885,0.03,0.03
2011.10.03 08:01:26.766,0.30845,0.30885,0.03,0.03
2011.10.03 08:01:27.207,0.30824,0.30868,0.02,0.03
2011.10.03 08:01:27.826,0.30824,0.3087,0.05,0.03
2011.10.03 08:01:27.941,0.30824,0.30868,0.02,0.03
2011.10.03 08:01:28.275,0.30835,0.30879,0.03,0.03
2011.10.03 08:01:29.335,0.30844,0.3089,0.03,0.03
2011.10.03 08:01:30.256,0.30844,0.30886,0.03,0.02
2011.10.03 08:01:30.477,0.3083,0.30876,0.03,0.03
2011.10.03 08:01:30.587,0.30834,0.30872,0.02,0.03
2011.10.03 08:01:30.951,0.30834,0.3088,0.05,0.03
2011.10.03 08:01:31.068,0.30832,0.30878,0.03,0.03
2011.10.03 08:01:32.444,0.3083,0.30874,0.03,0.03
2011.10.03 08:01:32.858,0.30828,0.30872,0.03,0.03
2011.10.03 08:01:34.118,0.30825,0.30869,0.03,0.03
2011.10.03 08:01:34.635,0.30827,0.30873,0.03,0.03
2011.10.03 08:01:35.746,0.30829,0.30875,0.03,0.03
2011.10.03 08:01:37.637,0.30824,0.3087,0.03,0.03
2011.10.03 08:01:40.308,0.30827,0.30873,0.03,0.03
2011.10.03 08:01:40.635,0.30829,0.30875,0.03,0.03
2011.10.03 08:01:46.897,0.30827,0.30873,0.03,0.03
2011.10.03 08:01:47.336,0.30823,0.30867,0.03,0.03
2011.10.03 08:01:47.458,0.30828,0.30872,0.03,0.03
2011.10.03 08:01:47.676,0.30828,0.30867,0.03,0.02
2011.10.03 08:01:47.785,0.30814,0.3086,0.03,0.03
2011.10.03 08:01:47.895,0.30817,0.30863,0.03,0.03
2011.10.03 08:01:50.746,0.30819,0.30865,0.03,0.03
2011.10.03 08:01:51.075,0.30829,0.30873,0.03,0.03
2011.10.03 08:01:51.297,0.30829,0.30875,0.03,0.03
2011.10.03 08:01:51.660,0.30828,0.30872,0.03,0.03
2011.10.03 08:01:51.765,0.30829,0.30875,0.03,0.03
2011.10.03 08:01:51.985,0.30834,0.30875,0.02,0.03
2011.10.03 08:01:52.095,0.30835,0.30879,0.03,0.03
2011.10.03 08:01:55.036,0.30828,0.30872,0.03,0.03
2011.10.03 08:01:55.145,0.30828,0.30872,0.03,0.03
2011.10.03 08:01:56.775,0.30839,0.30885,0.03,0.03
2011.10.03 08:01:56.885,0.3083,0.30874,0.03,0.03
2011.10.03 08:01:56.997,0.30827,0.30873,0.03,0.03
2011.10.03 08:01:57.388,0.30829,0.30875,0.03,0.03
2011.10.03 08:02:00.196,0.30828,0.30872,0.03,0.03
2011.10.03 08:02:01.725,0.30824,0.3087,0.05,0.03
2011.10.03 08:02:01.967,0.30824,0.30867,0.02,0.03
2011.10.03 08:02:03.846,0.30823,0.30867,0.03,0.03
2011.10.03 08:02:04.186,0.3082,0.30864,0.03,0.03
2011.10.03 08:02:05.797,0.30823,0.30867,0.03,0.03
2011.10.03 08:02:07.666,0.30818,0.30862,0.03,0.03
2011.10.03 08:02:08.025,0.3082,0.30864,0.03,0.03
2011.10.03 08:02:10.885,0.30814,0.3086,0.05,0.03
2011.10.03 08:02:10.997,0.30814,0.30857,0.02,0.03
2011.10.03 08:02:11.326,0.30823,0.30867,0.03,0.03
2011.10.03 08:02:11.435,0.30828,0.30872,0.03,0.03
2011.10.03 08:02:12.069,0.30829,0.30875,0.03,0.03
2011.10.03 08:02:12.616,0.30828,0.30872,0.03,0.03
2011.10.03 08:02:12.945,0.30822,0.30868,0.03,0.03
2011.10.03 08:02:13.055,0.30822,0.30868,0.03,0.03
2011.10.03 08:02:13.275,0.3082,0.30864,0.03,0.03
2011.10.03 08:02:14.105,0.30813,0.30854,0.02,0.03
2011.10.03 08:02:14.535,0.30813,0.30857,0.05,0.03
2011.10.03 08:02:15.504,0.30814,0.30857,0.02,0.03
2011.10.03 08:02:15.616,0.30828,0.30872,0.03,0.03
2011.10.03 08:02:15.836,0.30833,0.30877,0.03,0.03
2011.10.03 08:02:16.677,0.30834,0.3088,0.03,0.03
2011.10.03 08:02:17.005,0.30838,0.30882,0.03,0.03
2011.10.03 08:02:19.837,0.30839,0.30885,0.03,0.03
2011.10.03 08:02:19.945,0.30839,0.30885,0.03,0.03
2011.10.03 08:02:20.055,0.30824,0.30868,0.03,0.03
2011.10.03 08:02:20.476,0.30823,0.30868,0.03,0.03
2011.10.03 08:02:21.029,0.30824,0.30862,0.03,0.03
2011.10.03 08:02:21.139,0.30819,0.30865,0.03,0.03
2011.10.03 08:02:21.247,0.30819,0.30865,0.03,0.03
2011.10.03 08:02:24.251,0.30822,0.30868,0.03,0.03
2011.10.03 08:02:27.276,0.30822,0.30868,0.03,0.03
2011.10.03 08:02:27.387,0.30829,0.30875,0.03,0.03
2011.10.03 08:02:27.495,0.30828,0.30872,0.03,0.03
2011.10.03 08:02:32.649,0.30814,0.30857,0.03,0.03
2011.10.03 08:02:32.769,0.30814,0.30857,0.03,0.03
2011.10.03 08:02:32.893,0.30814,0.30857,0.02,0.03
2011.10.03 08:02:36.326,0.30813,0.30857,0.05,0.03
2011.10.03 08:02:40.100,0.30814,0.30857,0.02,0.03
2011.10.03 08:02:53.746,0.30814,0.30849,0.02,0.03
2011.10.03 08:02:53.855,0.30814,0.30855,0.02,0.03
2011.10.03 08:02:54.650,0.30813,0.30855,0.02,0.03
2011.10.03 08:02:55.487,0.30819,0.30865,0.03,0.03
2011.10.03 08:02:56.016,0.30823,0.30867,0.03,0.03
2011.10.03 08:02:57.865,0.30824,0.3087,0.03,0.03
2011.10.03 08:02:59.647,0.30822,0.30868,0.03,0.03
2011.10.03 08:02:59.975,0.30825,0.30869,0.03,0.03
2011.10.03 08:03:00.405,0.30823,0.30867,0.03,0.03
2011.10.03 08:03:00.516,0.30824,0.3087,0.03,0.03
2011.10.03 08:03:00.736,0.30819,0.30865,0.03,0.03
2011.10.03 08:03:02.260,0.30817,0.30863,0.03,0.03
2011.10.03 08:03:04.036,0.30815,0.30859,0.03,0.03
2011.10.03 08:03:04.440,0.30814,0.30857,0.02,0.03
2011.10.03 08:03:09.195,0.30813,0.30857,0.05,0.03
2011.10.03 08:03:09.525,0.30818,0.30862,0.03,0.03
2011.10.03 08:03:13.339,0.30814,0.3086,0.03,0.03
2011.10.03 08:03:17.956,0.30817,0.30863,0.03,0.03
2011.10.03 08:03:18.890,0.30815,0.30861,0.03,0.03
2011.10.03 08:03:19.245,0.30817,0.30863,0.03,0.03
2011.10.03 08:03:22.031,0.3082,0.30864,0.03,0.03
2011.10.03 08:03:22.383,0.30824,0.30864,0.02,0.03
2011.10.03 08:03:22.496,0.3082,0.30864,0.03,0.03
2011.10.03 08:03:22.605,0.30818,0.30862,0.03,0.03
2011.10.03 08:03:23.218,0.30814,0.30857,0.02,0.03
2011.10.03 08:03:23.797,0.30814,0.3086,0.05,0.03
2011.10.03 08:03:24.126,0.30813,0.30858,0.02,0.03
2011.10.03 08:03:24.880,0.30814,0.30858,0.02,0.03
2011.10.03 08:03:25.222,0.30813,0.30855,0.02,0.03
2011.10.03 08:03:26.076,0.30813,0.30857,0.05,0.03
2011.10.03 08:03:26.387,0.30813,0.30854,0.02,0.03
2011.10.03 08:03:30.937,0.30813,0.30852,0.02,0.03
2011.10.03 08:03:31.507,0.30814,0.30852,0.02,0.03
2011.10.03 08:03:39.766,0.30813,0.30852,0.02,0.03
2011.10.03 08:03:40.189,0.30814,0.30855,0.02,0.03
2011.10.03 08:03:40.697,0.30813,0.30855,0.02,0.03
2011.10.03 08:03:47.290,0.30814,0.30855,0.02,0.03
2011.10.03 08:03:48.195,0.30813,0.30855,0.02,0.03
2011.10.03 08:03:50.915,0.30809,0.30855,0.03,0.03
2011.10.03 08:03:51.906,0.30814,0.30855,0.02,0.03
2011.10.03 08:03:53.678,0.30813,0.30855,0.02,0.03
2011.10.03 08:03:56.405,0.30814,0.30855,0.02,0.03
2011.10.03 08:03:56.625,0.30809,0.30855,0.03,0.03
2011.10.03 08:03:56.738,0.30798,0.30837,0.03,0.02
2011.10.03 08:03:56.848,0.30788,0.30832,0.03,0.03
2011.10.03 08:03:57.070,0.30784,0.30823,0.02,0.03
2011.10.03 08:03:57.186,0.30777,0.30823,0.03,0.03
2011.10.03 08:03:57.300,0.30779,0.30825,0.03,0.03
2011.10.03 08:03:57.793,0.30785,0.30829,0.03,0.03
2011.10.03 08:03:58.018,0.30772,0.30818,0.03,0.03
2011.10.03 08:03:58.236,0.30765,0.30809,0.03,0.03
2011.10.03 08:03:58.455,0.30767,0.30813,0.03,0.03
2011.10.03 08:03:59.766,0.30767,0.30813,0.03,0.03
2011.10.03 08:04:00.236,0.3076,0.30804,0.03,0.03
2011.10.03 08:04:00.567,0.30767,0.30813,0.03,0.03
2011.10.03 08:04:00.796,0.30769,0.30815,0.03,0.03
2011.10.03 08:04:01.573,0.30769,0.30815,0.03,0.03
2011.10.03 08:04:02.667,0.30767,0.30813,0.03,0.03
2011.10.03 08:04:02.995,0.30772,0.30818,0.03,0.03
2011.10.03 08:04:05.695,0.30773,0.30818,0.02,0.03
2011.10.03 08:04:08.896,0.30775,0.30819,0.03,0.03
2011.10.03 08:04:09.116,0.30779,0.30825,0.03,0.03
2011.10.03 08:04:09.394,0.30778,0.30822,0.03,0.03
2011.10.03 08:04:11.286,0.30779,0.30825,0.03,0.03
2011.10.03 08:04:11.506,0.30782,0.30828,0.03,0.03
2011.10.03 08:04:16.333,0.30782,0.30828,0.03,0.03
2011.10.03 08:04:16.666,0.30782,0.30828,0.03,0.03
2011.10.03 08:04:19.414,0.30782,0.30827,0.03,0.02
2011.10.03 08:04:31.555,0.30782,0.30826,0.03,0.02
2011.10.03 08:04:33.796,0.30782,0.30827,0.03,0.02
2011.10.03 08:04:36.285,0.30778,0.30822,0.03,0.03
2011.10.03 08:04:36.723,0.30775,0.30819,0.03,0.03
2011.10.03 08:04:39.427,0.30774,0.30817,0.02,0.03
2011.10.03 08:04:40.296,0.30775,0.30819,0.03,0.03
2011.10.03 08:04:40.625,0.30774,0.30815,0.02,0.03
2011.10.03 08:04:40.846,0.30768,0.30812,0.03,0.03
2011.10.03 08:04:40.957,0.30769,0.30815,0.03,0.03
2011.10.03 08:04:42.836,0.30764,0.3081,0.05,0.03
2011.10.03 08:04:43.056,0.30764,0.3081,0.05,0.03
2011.10.03 08:04:43.237,0.30767,0.30813,0.03,0.03
2011.10.03 08:04:43.566,0.3077,0.30814,0.03,0.03
2011.10.03 08:04:45.396,0.30768,0.30812,0.03,0.03
2011.10.03 08:04:45.786,0.3077,0.30814,0.03,0.03
2011.10.03 08:04:46.115,0.30766,0.3081,0.03,0.03
2011.10.03 08:04:46.336,0.30768,0.30812,0.03,0.03
2011.10.03 08:04:48.246,0.30764,0.3081,0.03,0.03
2011.10.03 08:04:48.465,0.30763,0.30807,0.05,0.03
2011.10.03 08:04:48.986,0.30764,0.30807,0.02,0.03
2011.10.03 08:04:49.846,0.30763,0.30807,0.03,0.03
2011.10.03 08:04:53.007,0.30759,0.30805,0.03,0.03
2011.10.03 08:04:54.986,0.30763,0.30807,0.03,0.03
2011.10.03 08:04:56.098,0.30759,0.30805,0.03,0.03
2011.10.03 08:04:56.887,0.30733,0.30763,0.02,0.03
2011.10.03 08:04:57.107,0.3074,0.30806,0.03,0.02
2011.10.03 08:04:57.217,0.30748,0.30792,0.03,0.03
2011.10.03 08:04:57.550,0.30744,0.3079,0.03,0.03
2011.10.03 08:04:57.687,0.30748,0.30792,0.03,0.03
2011.10.03 08:04:57.907,0.30742,0.30788,0.03,0.03
2011.10.03 08:04:58.018,0.30734,0.3078,0.03,0.03
2011.10.03 08:05:00.406,0.3073,0.30774,0.03,0.03
2011.10.03 08:05:00.629,0.30735,0.30779,0.03,0.03
2011.10.03 08:05:01.293,0.30733,0.30777,0.03,0.03
2011.10.03 08:05:02.455,0.30734,0.3078,0.03,0.03
2011.10.03 08:05:04.722,0.30738,0.30782,0.03,0.03
2011.10.03 08:05:10.270,0.30738,0.30782,0.03,0.03
2011.10.03 08:05:10.497,0.30747,0.30793,0.03,0.03
2011.10.03 08:05:11.686,0.30743,0.30787,0.03,0.03
2011.10.03 08:05:12.025,0.3074,0.30784,0.03,0.03
2011.10.03 08:05:12.542,0.30738,0.30782,0.03,0.03
2011.10.03 08:05:15.056,0.30739,0.30785,0.03,0.03
2011.10.03 08:05:16.317,0.30744,0.3079,0.03,0.03
2011.10.03 08:05:16.749,0.30748,0.30792,0.03,0.03
2011.10.03 08:05:16.856,0.30749,0.30795,0.03,0.03
2011.10.03 08:05:24.551,0.30747,0.30793,0.03,0.03
2011.10.03 08:05:28.619,0.30745,0.30789,0.03,0.03
2011.10.03 08:05:35.257,0.30735,0.30781,0.03,0.03
2011.10.03 08:05:35.476,0.30735,0.30781,0.03,0.03
2011.10.03 08:05:35.698,0.30732,0.30778,0.03,0.03
2011.10.03 08:05:36.638,0.30727,0.30773,0.03,0.03
2011.10.03 08:05:36.856,0.30727,0.30773,0.03,0.03
2011.10.03 08:05:45.508,0.30725,0.30769,0.03,0.03
2011.10.03 08:05:48.507,0.30728,0.30772,0.03,0.03
2011.10.03 08:05:56.420,0.30732,0.30778,0.03,0.03
2011.10.03 08:05:56.646,0.30737,0.30783,0.03,0.03
2011.10.03 08:05:56.755,0.30737,0.30783,0.03,0.03
2011.10.03 08:05:59.292,0.30737,0.30783,0.03,0.03
2011.10.03 08:05:59.933,0.30737,0.30783,0.03,0.03
2011.10.03 08:06:00.051,0.3073,0.30774,0.03,0.03
2011.10.03 08:06:01.027,0.30728,0.30772,0.03,0.03
2011.10.03 08:06:02.226,0.30722,0.30768,0.03,0.03
2011.10.03 08:06:04.367,0.30722,0.30768,0.03,0.03
2011.10.03 08:06:04.477,0.30728,0.30772,0.03,0.03
2011.10.03 08:06:05.018,0.3073,0.30774,0.03,0.03
2011.10.03 08:06:05.241,0.30725,0.30771,0.03,0.03
2011.10.03 08:06:05.467,0.30727,0.30773,0.03,0.03
2011.10.03 08:06:09.557,0.3073,0.30774,0.03,0.03
2011.10.03 08:06:11.446,0.30727,0.30773,0.03,0.03
2011.10.03 08:06:11.868,0.30734,0.3078,0.03,0.03
2011.10.03 08:06:12.246,0.30738,0.30782,0.03,0.03
2011.10.03 08:06:18.238,0.3073,0.30776,0.03,0.03
2011.10.03 08:06:18.566,0.30733,0.30777,0.03,0.03
2011.10.03 08:06:18.975,0.30734,0.3078,0.03,0.03
2011.10.03 08:06:19.078,0.30727,0.30773,0.03,0.03
2011.10.03 08:06:19.187,0.30727,0.30773,0.03,0.03
2011.10.03 08:06:20.556,0.30727,0.30773,0.03,0.03
2011.10.03 08:06:26.437,0.30725,0.30769,0.03,0.03
2011.10.03 08:06:30.859,0.30722,0.30768,0.03,0.03
2011.10.03 08:06:30.969,0.30722,0.30768,0.03,0.03
2011.10.03 08:06:46.918,0.30718,0.30762,0.03,0.03
2011.10.03 08:06:47.303,0.30718,0.30762,0.03,0.03
2011.10.03 08:06:47.419,0.30719,0.30765,0.03,0.03
2011.10.03 08:06:47.526,0.30717,0.30763,0.03,0.03
2011.10.03 08:06:47.857,0.30715,0.30759,0.03,0.03
2011.10.03 08:06:48.417,0.30713,0.30757,0.03,0.03
2011.10.03 08:06:52.119,0.30714,0.3076,0.03,0.03
2011.10.03 08:06:52.347,0.30712,0.30758,0.03,0.03
2011.10.03 08:07:00.397,0.3071,0.30754,0.03,0.03
2011.10.03 08:07:00.659,0.30707,0.30753,0.03,0.03
2011.10.03 08:07:07.387,0.30704,0.3075,0.05,0.03
2011.10.03 08:07:08.197,0.30704,0.30748,0.02,0.03
2011.10.03 08:07:09.413,0.307,0.30748,0.02,0.03
2011.10.03 08:07:09.747,0.30705,0.30749,0.03,0.03
2011.10.03 08:07:21.789,0.30707,0.30753,0.03,0.03
2011.10.03 08:07:22.937,0.30704,0.3075,0.03,0.03
2011.10.03 08:07:25.917,0.30707,0.30753,0.03,0.03
2011.10.03 08:07:26.727,0.30703,0.30748,0.02,0.03
2011.10.03 08:07:27.083,0.30705,0.30749,0.03,0.03
2011.10.03 08:07:38.138,0.30703,0.30748,0.02,0.03
2011.10.03 08:07:38.246,0.30703,0.30745,0.02,0.03
2011.10.03 08:07:41.406,0.30703,0.30747,0.05,0.03
2011.10.03 08:07:43.778,0.30703,0.30745,0.02,0.03
2011.10.03 08:08:15.728,0.30703,0.30743,0.02,0.03
2011.10.03 08:08:16.391,0.30704,0.30743,0.02,0.03
2011.10.03 08:08:21.094,0.30704,0.30744,0.02,0.03
2011.10.03 08:08:40.007,0.30704,0.30742,0.02,0.03
2011.10.03 08:08:41.550,0.30703,0.30742,0.02,0.03
2011.10.03 08:08:42.528,0.30703,0.30747,0.05,0.03
2011.10.03 08:08:42.748,0.30705,0.30749,0.03,0.03
2011.10.03 08:08:47.187,0.30703,0.30747,0.05,0.03
2011.10.03 08:08:47.846,0.30705,0.30749,0.03,0.03
2011.10.03 08:09:16.914,0.30708,0.30752,0.03,0.03
2011.10.03 08:09:22.269,0.30707,0.30753,0.03,0.03
2011.10.03 08:09:22.850,0.30714,0.30753,0.02,0.03
2011.10.03 08:09:22.959,0.30709,0.30755,0.03,0.03
2011.10.03 08:09:23.069,0.30712,0.30758,0.03,0.03
2011.10.03 08:09:24.676,0.30708,0.30752,0.03,0.03
2011.10.03 08:09:24.787,0.30709,0.30755,0.03,0.03
2011.10.03 08:09:25.239,0.30713,0.30757,0.03,0.03
2011.10.03 08:09:25.999,0.30714,0.3076,0.03,0.03
2011.10.03 08:09:26.218,0.30717,0.30763,0.03,0.03
2011.10.03 08:09:26.570,0.30719,0.30765,0.03,0.03
2011.10.03 08:09:27.699,0.30722,0.30768,0.03,0.03
2011.10.03 08:09:28.007,0.3072,0.30764,0.03,0.03
2011.10.03 08:09:28.579,0.30719,0.30765,0.03,0.03
2011.10.03 08:09:32.618,0.30723,0.30767,0.03,0.03
2011.10.03 08:09:32.947,0.30719,0.30765,0.03,0.03
2011.10.03 08:09:35.437,0.30718,0.30762,0.03,0.03
2011.10.03 08:09:35.660,0.30719,0.30765,0.03,0.03
2011.10.03 08:09:36.808,0.30718,0.30762,0.03,0.03
2011.10.03 08:09:37.277,0.30714,0.30757,0.03,0.03
2011.10.03 08:09:37.387,0.30718,0.30762,0.03,0.03
2011.10.03 08:09:37.499,0.30722,0.30768,0.03,0.03
2011.10.03 08:09:38.998,0.30723,0.30768,0.02,0.03
2011.10.03 08:09:39.216,0.30723,0.30764,0.02,0.03
2011.10.03 08:09:39.326,0.30724,0.30768,0.02,0.03
2011.10.03 08:09:39.986,0.30722,0.30768,0.03,0.03
2011.10.03 08:09:41.317,0.3072,0.30764,0.03,0.03
2011.10.03 08:09:42.433,0.30722,0.30768,0.03,0.03
2011.10.03 08:09:44.287,0.30719,0.30765,0.03,0.03
2011.10.03 08:09:55.747,0.30724,0.30765,0.02,0.03
2011.10.03 08:09:59.220,0.30719,0.30765,0.03,0.03
2011.10.03 08:10:00.370,0.30724,0.30765,0.02,0.03
2011.10.03 08:10:01.451,0.30719,0.30765,0.03,0.03
2011.10.03 08:10:07.169,0.30723,0.30767,0.03,0.03
2011.10.03 08:10:07.774,0.30724,0.30767,0.02,0.03
2011.10.03 08:10:09.608,0.3072,0.30764,0.03,0.03
2011.10.03 08:10:13.499,0.30718,0.30762,0.03,0.03
2011.10.03 08:10:13.826,0.3072,0.30764,0.03,0.03
2011.10.03 08:10:15.597,0.30714,0.3076,0.05,0.03
2011.10.03 08:10:15.709,0.30714,0.30758,0.02,0.03
2011.10.03 08:10:16.133,0.30712,0.30758,0.03,0.03
2011.10.03 08:10:17.457,0.30718,0.30762,0.03,0.03
2011.10.03 08:10:17.788,0.30715,0.30759,0.03,0.03
2011.10.03 08:10:19.337,0.30713,0.30757,0.05,0.03
2011.10.03 08:10:24.831,0.30714,0.30757,0.02,0.03
2011.10.03 08:10:24.949,0.30718,0.30762,0.03,0.03
2011.10.03 08:10:26.979,0.30719,0.30765,0.03,0.03
2011.10.03 08:10:27.089,0.30715,0.30759,0.03,0.03
2011.10.03 08:10:27.582,0.30717,0.30763,0.03,0.03
2011.10.03 08:10:38.953,0.30715,0.30759,0.03,0.03
2011.10.03 08:10:41.517,0.30713,0.30754,0.02,0.03
2011.10.03 08:10:42.173,0.30714,0.30754,0.02,0.03
2011.10.03 08:10:42.287,0.30714,0.30757,0.02,0.03
2011.10.03 08:10:43.668,0.30715,0.30759,0.03,0.03
2011.10.03 08:10:44.686,0.30717,0.30763,0.03,0.03
2011.10.03 08:10:45.478,0.30715,0.30759,0.03,0.03
2011.10.03 08:10:46.137,0.30714,0.30757,0.02,0.03
2011.10.03 08:10:48.199,0.30724,0.3077,0.03,0.03
2011.10.03 08:10:48.309,0.30724,0.3077,0.03,0.03
2011.10.03 08:10:57.158,0.30714,0.3076,0.05,0.03
2011.10.03 08:10:57.269,0.30719,0.30765,0.03,0.03
2011.10.03 08:10:58.159,0.30722,0.30768,0.03,0.03
2011.10.03 08:11:00.317,0.30715,0.30759,0.03,0.03
2011.10.03 08:11:00.579,0.30717,0.30763,0.03,0.03
2011.10.03 08:11:01.091,0.30717,0.30763,0.03,0.03
2011.10.03 08:11:01.207,0.30728,0.30772,0.03,0.03
2011.10.03 08:11:01.317,0.30722,0.30768,0.03,0.03
2011.10.03 08:11:01.427,0.30722,0.30768,0.03,0.03
2011.10.03 08:11:05.836,0.30727,0.30773,0.03,0.03
2011.10.03 08:11:05.947,0.30727,0.30773,0.03,0.03
2011.10.03 08:11:11.197,0.30732,0.30767,0.03,0.02
2011.10.03 08:11:11.573,0.30717,0.30763,0.03,0.03
2011.10.03 08:11:17.178,0.3072,0.30764,0.03,0.03
2011.10.03 08:11:18.648,0.30715,0.30759,0.03,0.03
2011.10.03 08:11:19.208,0.30713,0.30758,0.02,0.03
2011.10.03 08:11:20.074,0.30712,0.30758,0.03,0.03
2011.10.03 08:11:21.256,0.30714,0.30758,0.02,0.03
2011.10.03 08:11:21.916,0.30712,0.30758,0.03,0.03
2011.10.03 08:11:24.889,0.30715,0.30759,0.03,0.03
2011.10.03 08:11:25.759,0.30718,0.30762,0.03,0.03
2011.10.03 08:11:26.737,0.30715,0.30759,0.03,0.03
2011.10.03 08:11:27.857,0.30713,0.30758,0.02,0.03
2011.10.03 08:11:30.390,0.30714,0.3076,0.03,0.03
2011.10.03 08:11:30.727,0.30713,0.30757,0.05,0.03
2011.10.03 08:11:35.359,0.30714,0.3076,0.03,0.03
2011.10.03 08:11:46.238,0.30718,0.30762,0.03,0.03
2011.10.03 08:11:58.537,0.30714,0.30758,0.02,0.03
2011.10.03 08:11:59.237,0.30715,0.30759,0.03,0.03
2011.10.03 08:12:05.057,0.30724,0.3077,0.03,0.03
2011.10.03 08:12:05.388,0.3073,0.30774,0.03,0.03
2011.10.03 08:12:11.538,0.30727,0.30773,0.03,0.03
2011.10.03 08:12:11.842,0.3073,0.30774,0.03,0.03
2011.10.03 08:12:15.027,0.30733,0.30777,0.03,0.03
2011.10.03 08:12:16.158,0.30729,0.30775,0.03,0.03
2011.10.03 08:12:16.377,0.30732,0.30778,0.03,0.03
2011.10.03 08:12:16.707,0.30735,0.30779,0.03,0.03
2011.10.03 08:12:22.116,0.30738,0.30782,0.03,0.03
2011.10.03 08:12:25.089,0.30734,0.3078,0.03,0.03
2011.10.03 08:12:25.417,0.30737,0.30783,0.03,0.03
2011.10.03 08:12:28.800,0.30735,0.30779,0.03,0.03
2011.10.03 08:12:35.089,0.30732,0.30778,0.03,0.03
2011.10.03 08:12:40.179,0.3073,0.30774,0.03,0.03
2011.10.03 08:13:00.237,0.30732,0.30778,0.03,0.03
2011.10.03 08:13:00.861,0.30734,0.30778,0.02,0.03
2011.10.03 08:13:01.337,0.30734,0.3078,0.05,0.03
2011.10.03 08:13:03.400,0.30733,0.30777,0.03,0.03
2011.10.03 08:13:03.511,0.3073,0.30776,0.03,0.03
2011.10.03 08:13:06.369,0.30733,0.30776,0.02,0.03
2011.10.03 08:13:06.740,0.30733,0.30778,0.02,0.03
2011.10.03 08:13:07.638,0.30734,0.30778,0.02,0.03
2011.10.03 08:13:08.206,0.30735,0.30779,0.03,0.03
2011.10.03 08:13:12.157,0.30737,0.30783,0.03,0.03
2011.10.03 08:13:13.039,0.3074,0.30784,0.03,0.03
2011.10.03 08:13:14.831,0.30733,0.30778,0.02,0.03
2011.10.03 08:13:15.389,0.30732,0.30778,0.03,0.03
2011.10.03 08:13:17.258,0.30729,0.30775,0.03,0.03
2011.10.03 08:13:18.527,0.30727,0.30773,0.03,0.03
2011.10.03 08:13:18.858,0.30725,0.30769,0.03,0.03
2011.10.03 08:13:23.908,0.30723,0.30767,0.03,0.03
2011.10.03 08:13:24.611,0.30724,0.30767,0.02,0.03
2011.10.03 08:13:25.863,0.30723,0.30767,0.03,0.03
2011.10.03 08:13:26.197,0.30727,0.30773,0.03,0.03
2011.10.03 08:13:26.967,0.3073,0.30774,0.03,0.03
2011.10.03 08:13:31.803,0.30735,0.30779,0.03,0.03
2011.10.03 08:13:32.028,0.30733,0.30777,0.03,0.03
2011.10.03 08:13:34.474,0.30738,0.30782,0.03,0.03
2011.10.03 08:13:34.878,0.30739,0.30785,0.03,0.03
2011.10.03 08:13:40.578,0.30742,0.30788,0.03,0.03
2011.10.03 08:13:43.458,0.30744,0.3079,0.03,0.03
2011.10.03 08:13:43.822,0.30743,0.30787,0.03,0.03
2011.10.03 08:13:47.732,0.30745,0.30789,0.03,0.03
2011.10.03 08:13:47.849,0.30747,0.30793,0.03,0.03
2011.10.03 08:13:48.608,0.3075,0.30794,0.03,0.03
2011.10.03 08:13:49.537,0.30748,0.30792,0.03,0.03
2011.10.03 08:13:49.647,0.30744,0.3079,0.03,0.03
2011.10.03 08:13:58.903,0.30744,0.3079,0.03,0.03
2011.10.03 08:13:59.018,0.30747,0.30793,0.03,0.03
2011.10.03 08:13:59.127,0.30752,0.30798,0.03,0.03
2011.10.03 08:14:01.262,0.30749,0.30795,0.03,0.03
2011.10.03 08:14:01.602,0.30748,0.30792,0.03,0.03
2011.10.03 08:14:01.938,0.3075,0.30794,0.03,0.03
2011.10.03 08:14:03.457,0.30749,0.30795,0.03,0.03
2011.10.03 08:14:04.368,0.30752,0.30798,0.03,0.03
2011.10.03 08:14:15.717,0.30754,0.308,0.03,0.03
2011.10.03 08:14:16.049,0.30758,0.30802,0.03,0.03
2011.10.03 08:14:21.337,0.30759,0.30805,0.03,0.03
2011.10.03 08:14:25.638,0.30768,0.30812,0.03,0.03
2011.10.03 08:14:26.077,0.3077,0.30814,0.03,0.03
2011.10.03 08:14:28.613,0.30774,0.3082,0.03,0.03
2011.10.03 08:14:28.728,0.30777,0.30823,0.03,0.03
2011.10.03 08:14:31.199,0.30774,0.3082,0.03,0.03
2011.10.03 08:14:31.527,0.30773,0.30817,0.03,0.03
2011.10.03 08:14:34.125,0.30775,0.30819,0.03,0.03
2011.10.03 08:14:37.281,0.3078,0.30824,0.03,0.03
2011.10.03 08:14:37.617,0.30778,0.30822,0.03,0.03
2011.10.03 08:14:39.188,0.3078,0.30824,0.03,0.03
2011.10.03 08:14:40.003,0.30783,0.30827,0.03,0.03
2011.10.03 08:14:40.472,0.30785,0.30829,0.03,0.03
2011.10.03 08:14:40.698,0.30787,0.30833,0.03,0.03
2011.10.03 08:14:42.578,0.30789,0.30835,0.03,0.03
2011.10.03 08:14:42.907,0.30788,0.30832,0.03,0.03
2011.10.03 08:14:46.899,0.30789,0.30835,0.03,0.03
2011.10.03 08:14:49.439,0.30792,0.30838,0.03,0.03
2011.10.03 08:14:49.767,0.30799,0.30843,0.03,0.03
2011.10.03 08:14:50.322,0.30798,0.30842,0.03,0.03
2011.10.03 08:14:55.156,0.30795,0.30839,0.03,0.03
2011.10.03 08:14:55.487,0.30789,0.30835,0.03,0.03
2011.10.03 08:14:59.458,0.30795,0.30839,0.03,0.03
2011.10.03 08:14:59.828,0.30793,0.30837,0.03,0.03
2011.10.03 08:14:59.937,0.30789,0.30835,0.03,0.03
2011.10.03 08:15:00.742,0.30789,0.30835,0.03,0.03
2011.10.03 08:15:03.088,0.30798,0.30842,0.03,0.03
2011.10.03 08:15:03.733,0.30798,0.30842,0.03,0.03
2011.10.03 08:15:12.570,0.30794,0.3084,0.03,0.03
2011.10.03 08:15:13.237,0.30788,0.30832,0.03,0.03
2011.10.03 08:15:13.347,0.30788,0.30832,0.03,0.03
2011.10.03 08:15:16.191,0.30798,0.30842,0.03,0.03
2011.10.03 08:15:16.527,0.30798,0.30842,0.03,0.03
2011.10.03 08:15:23.189,0.30794,0.3084,0.03,0.03
2011.10.03 08:15:23.407,0.3079,0.30834,0.03,0.03
2011.10.03 08:15:23.772,0.30788,0.30832,0.03,0.03
2011.10.03 08:15:24.687,0.30777,0.30823,0.03,0.03
2011.10.03 08:15:24.798,0.30772,0.30818,0.03,0.03
2011.10.03 08:15:24.970,0.30772,0.30818,0.03,0.03
2011.10.03 08:15:26.250,0.3078,0.30824,0.03,0.03
2011.10.03 08:15:30.838,0.30774,0.30814,0.03,0.03
2011.10.03 08:15:30.948,0.3077,0.30814,0.03,0.03
2011.10.03 08:15:31.057,0.30767,0.30813,0.03,0.03
2011.10.03 08:15:31.277,0.3077,0.30814,0.03,0.03
2011.10.03 08:15:39.560,0.30768,0.30812,0.03,0.03
2011.10.03 08:15:43.937,0.30765,0.30809,0.03,0.03
2011.10.03 08:15:44.308,0.30768,0.30812,0.03,0.03
2011.10.03 08:15:51.120,0.30773,0.30817,0.03,0.03
2011.10.03 08:15:51.477,0.30775,0.30819,0.03,0.03
2011.10.03 08:16:10.467,0.30772,0.30818,0.03,0.03
2011.10.03 08:16:10.577,0.3077,0.30814,0.03,0.03
2011.10.03 08:16:13.508,0.30773,0.30817,0.03,0.03
2011.10.03 08:16:13.660,0.30774,0.3082,0.03,0.03
2011.10.03 08:16:14.237,0.30773,0.30817,0.03,0.03
2011.10.03 08:16:16.218,0.30775,0.30819,0.03,0.03
2011.10.03 08:16:27.568,0.30774,0.3082,0.03,0.03
2011.10.03 08:16:29.227,0.30772,0.30818,0.03,0.03
2011.10.03 08:16:36.280,0.3077,0.30814,0.03,0.03
2011.10.03 08:16:36.607,0.30773,0.30817,0.03,0.03
2011.10.03 08:16:44.139,0.30774,0.3082,0.03,0.03
2011.10.03 08:16:55.758,0.30777,0.30823,0.03,0.03
2011.10.03 08:16:56.737,0.30772,0.30818,0.03,0.03
2011.10.03 08:16:57.225,0.3077,0.30814,0.03,0.03
2011.10.03 08:16:57.571,0.30767,0.30813,0.03,0.03
2011.10.03 08:16:58.120,0.30764,0.3081,0.03,0.03
2011.10.03 08:16:58.671,0.30767,0.30813,0.03,0.03
2011.10.03 08:17:00.742,0.3077,0.30814,0.03,0.03
2011.10.03 08:17:03.628,0.30767,0.30813,0.03,0.03
2011.10.03 08:17:03.849,0.3077,0.30814,0.03,0.03
2011.10.03 08:17:06.739,0.30773,0.30817,0.03,0.03
2011.10.03 08:17:10.911,0.30774,0.3082,0.03,0.03
2011.10.03 08:17:13.559,0.30778,0.30822,0.03,0.03
2011.10.03 08:17:15.078,0.30774,0.3082,0.05,0.03
2011.10.03 08:17:15.638,0.30778,0.30822,0.03,0.03
2011.10.03 08:17:25.289,0.3078,0.30824,0.03,0.03
2011.10.03 08:17:33.830,0.30778,0.30822,0.03,0.03
2011.10.03 08:17:51.279,0.30784,0.30828,0.03,0.03
2011.10.03 08:17:51.924,0.30785,0.30829,0.03,0.03
2011.10.03 08:18:01.731,0.30782,0.30828,0.03,0.03
2011.10.03 08:18:10.683,0.30785,0.30829,0.03,0.03
2011.10.03 08:18:11.441,0.30783,0.30827,0.03,0.03
2011.10.03 08:18:21.168,0.30785,0.30829,0.03,0.03
2011.10.03 08:18:22.188,0.30782,0.30828,0.03,0.03
2011.10.03 08:18:24.458,0.3078,0.30824,0.03,0.03
2011.10.03 08:18:35.870,0.30777,0.30823,0.03,0.03
2011.10.03 08:18:41.610,0.30775,0.30819,0.03,0.03
2011.10.03 08:18:41.938,0.30778,0.30822,0.03,0.03
2011.10.03 08:18:42.339,0.3078,0.30824,0.03,0.03
2011.10.03 08:18:45.011,0.3078,0.30824,0.03,0.03
2011.10.03 08:18:45.119,0.30773,0.30817,0.03,0.03
2011.10.03 08:18:45.338,0.30773,0.30817,0.03,0.03
2011.10.03 08:18:45.455,0.30773,0.30817,0.03,0.03
2011.10.03 08:18:46.278,0.30769,0.30815,0.03,0.03
2011.10.03 08:19:08.818,0.30768,0.30812,0.03,0.03
2011.10.03 08:19:15.870,0.30769,0.30815,0.03,0.03
2011.10.03 08:19:30.588,0.30773,0.30817,0.03,0.03
2011.10.03 08:19:34.938,0.30774,0.30817,0.02,0.03
2011.10.03 08:19:35.458,0.30783,0.30827,0.03,0.03
2011.10.03 08:19:35.680,0.30784,0.3083,0.03,0.03
2011.10.03 08:19:37.345,0.30783,0.30827,0.03,0.03
2011.10.03 08:19:37.909,0.30783,0.30826,0.03,0.02
2011.10.03 08:19:38.457,0.30782,0.30826,0.03,0.02
2011.10.03 08:19:44.015,0.30782,0.30828,0.03,0.03
2011.10.03 08:19:54.762,0.30782,0.30826,0.03,0.02
2011.10.03 08:19:55.097,0.30769,0.30815,0.05,0.03
2011.10.03 08:19:55.318,0.30769,0.30815,0.03,0.03
2011.10.03 08:19:59.508,0.30767,0.30813,0.03,0.03
2011.10.03 08:20:09.298,0.30765,0.30809,0.03,0.03
2011.10.03 08:20:10.330,0.30764,0.30808,0.02,0.03
2011.10.03 08:20:10.718,0.30764,0.3081,0.05,0.03
2011.10.03 08:20:12.738,0.30764,0.30807,0.02,0.03
2011.10.03 08:20:13.539,0.30763,0.30807,0.03,0.03
2011.10.03 08:20:20.590,0.30765,0.30809,0.03,0.03
2011.10.03 08:20:22.400,0.30762,0.30808,0.03,0.03
2011.10.03 08:20:29.697,0.3076,0.30804,0.03,0.03
2011.10.03 08:20:29.919,0.30757,0.30803,0.03,0.03
2011.10.03 08:20:32.272,0.30755,0.30799,0.03,0.03
2011.10.03 08:20:34.870,0.30755,0.30799,0.03,0.03
2011.10.03 08:20:42.211,0.30755,0.30786,0.03,0.02
2011.10.03 08:20:42.579,0.30737,0.30783,0.03,0.03
2011.10.03 08:20:42.688,0.30737,0.30783,0.03,0.03
2011.10.03 08:20:44.051,0.30734,0.3078,0.03,0.03
2011.10.03 08:20:44.388,0.3073,0.30774,0.03,0.03
2011.10.03 08:20:45.212,0.3073,0.30774,0.03,0.03
2011.10.03 08:20:45.328,0.3073,0.30774,0.03,0.03
2011.10.03 08:20:47.188,0.30732,0.30778,0.03,0.03
2011.10.03 08:20:47.558,0.3073,0.30774,0.03,0.03
2011.10.03 08:20:47.668,0.30727,0.30773,0.03,0.03
2011.10.03 08:20:51.240,0.30725,0.30769,0.03,0.03
2011.10.03 08:20:51.568,0.30723,0.30767,0.03,0.03
2011.10.03 08:20:53.580,0.30719,0.30765,0.03,0.03
2011.10.03 08:20:53.709,0.30722,0.30768,0.03,0.03
2011.10.03 08:20:55.589,0.3072,0.30764,0.03,0.03
2011.10.03 08:20:56.139,0.30723,0.30767,0.03,0.03
2011.10.03 08:20:56.808,0.30719,0.30765,0.03,0.03
2011.10.03 08:20:57.148,0.30722,0.30768,0.03,0.03
2011.10.03 08:21:00.788,0.30719,0.30765,0.03,0.03
2011.10.03 08:21:06.149,0.30719,0.30765,0.03,0.03
2011.10.03 08:21:06.699,0.3072,0.30764,0.03,0.03
2011.10.03 08:21:12.087,0.30718,0.30762,0.03,0.03
2011.10.03 08:21:16.039,0.30704,0.3075,0.03,0.03
2011.10.03 08:21:16.148,0.30704,0.30747,0.03,0.03
2011.10.03 08:21:16.368,0.30704,0.30747,0.02,0.03
2011.10.03 08:21:21.899,0.30712,0.30756,0.03,0.03
2011.10.03 08:21:22.389,0.30722,0.30767,0.03,0.03
2011.10.03 08:21:22.500,0.30722,0.30768,0.03,0.03
2011.10.03 08:21:26.010,0.30724,0.3077,0.03,0.03
2011.10.03 08:21:28.442,0.30719,0.30765,0.03,0.03
2011.10.03 08:21:31.589,0.30723,0.30767,0.03,0.03
2011.10.03 08:21:33.810,0.30725,0.30769,0.03,0.03
2011.10.03 08:21:38.699,0.30722,0.30768,0.03,0.03
2011.10.03 08:21:38.809,0.30719,0.30765,0.03,0.03
2011.10.03 08:21:39.699,0.30719,0.30765,0.03,0.03
2011.10.03 08:21:41.178,0.30723,0.30767,0.03,0.03
2011.10.03 08:21:41.508,0.30719,0.30765,0.03,0.03
2011.10.03 08:21:44.148,0.30718,0.30762,0.03,0.03
2011.10.03 08:21:46.799,0.30713,0.30757,0.03,0.03
2011.10.03 08:21:54.018,0.30725,0.30769,0.03,0.03
2011.10.03 08:21:54.241,0.30717,0.30763,0.03,0.03
2011.10.03 08:22:01.838,0.30717,0.30763,0.03,0.03
2011.10.03 08:22:01.948,0.30722,0.30768,0.03,0.03
2011.10.03 08:22:03.361,0.30719,0.30765,0.03,0.03
2011.10.03 08:22:11.950,0.30719,0.30765,0.03,0.03
2011.10.03 08:22:12.278,0.30725,0.30769,0.03,0.03
2011.10.03 08:22:12.858,0.30728,0.30772,0.03,0.03
2011.10.03 08:22:12.969,0.30729,0.30775,0.03,0.03
2011.10.03 08:22:15.079,0.30728,0.30772,0.03,0.03
2011.10.03 08:22:15.408,0.3073,0.30774,0.03,0.03
2011.10.03 08:22:17.269,0.30728,0.30772,0.03,0.03
2011.10.03 08:22:17.491,0.30729,0.30775,0.03,0.03
2011.10.03 08:22:18.428,0.30738,0.30782,0.03,0.03
2011.10.03 08:22:18.538,0.30738,0.30782,0.03,0.03
2011.10.03 08:22:18.648,0.3074,0.30784,0.03,0.03
2011.10.03 08:22:18.979,0.30747,0.30793,0.03,0.03
2011.10.03 08:22:19.873,0.30753,0.30797,0.03,0.03
2011.10.03 08:22:20.363,0.30753,0.30797,0.03,0.03
2011.10.03 08:22:24.049,0.30768,0.30812,0.03,0.03
2011.10.03 08:22:24.160,0.30763,0.30807,0.03,0.03
2011.10.03 08:22:38.150,0.30759,0.30805,0.03,0.03
2011.10.03 08:22:38.466,0.30757,0.30803,0.03,0.03
2011.10.03 08:22:38.824,0.30754,0.308,0.03,0.03
2011.10.03 08:22:39.148,0.30753,0.30797,0.05,0.03
2011.10.03 08:22:40.230,0.30747,0.30793,0.03,0.03
2011.10.03 08:22:40.341,0.30747,0.30793,0.03,0.03
2011.10.03 08:22:40.664,0.3075,0.30794,0.03,0.03
2011.10.03 08:22:52.403,0.3075,0.30794,0.03,0.03
2011.10.03 08:22:52.518,0.30753,0.30797,0.03,0.03
2011.10.03 08:22:52.628,0.30755,0.30799,0.03,0.03
2011.10.03 08:22:52.958,0.30757,0.30803,0.03,0.03
2011.10.03 08:22:58.929,0.30759,0.30805,0.03,0.03
2011.10.03 08:22:59.369,0.30768,0.30812,0.03,0.03
2011.10.03 08:23:02.810,0.30768,0.30812,0.03,0.03
2011.10.03 08:23:02.918,0.30769,0.30815,0.03,0.03
2011.10.03 08:23:03.159,0.30772,0.30818,0.03,0.03
2011.10.03 08:23:06.060,0.30775,0.30819,0.03,0.03
2011.10.03 08:23:06.387,0.30773,0.30817,0.03,0.03
2011.10.03 08:23:08.048,0.3077,0.30814,0.03,0.03
2011.10.03 08:23:11.349,0.30775,0.30819,0.03,0.03
2011.10.03 08:23:11.678,0.30773,0.30817,0.03,0.03
2011.10.03 08:23:14.198,0.3077,0.30814,0.03,0.03
2011.10.03 08:23:17.718,0.30773,0.30817,0.03,0.03
2011.10.03 08:23:18.428,0.3077,0.30814,0.03,0.03
2011.10.03 08:23:24.639,0.30773,0.30814,0.02,0.03
2011.10.03 08:23:24.749,0.30774,0.3082,0.03,0.03
2011.10.03 08:23:24.972,0.30772,0.30818,0.03,0.03
2011.10.03 08:23:34.969,0.3077,0.30814,0.03,0.03
2011.10.03 08:23:35.629,0.30772,0.30818,0.03,0.03
2011.10.03 08:23:37.200,0.30769,0.30815,0.03,0.03
2011.10.03 08:23:39.905,0.30773,0.30817,0.03,0.03
2011.10.03 08:23:40.019,0.30774,0.3082,0.03,0.03
2011.10.03 08:24:09.429,0.30778,0.30822,0.03,0.03
2011.10.03 08:24:28.205,0.30775,0.30819,0.03,0.03
2011.10.03 08:24:39.354,0.30775,0.30807,0.03,0.02
2011.10.03 08:24:39.470,0.30763,0.30807,0.03,0.05
2011.10.03 08:24:39.689,0.30763,0.30807,0.03,0.03
2011.10.03 08:24:43.078,0.3075,0.30794,0.03,0.03
2011.10.03 08:24:43.337,0.30753,0.30797,0.03,0.03
2011.10.03 08:24:50.142,0.3076,0.30804,0.03,0.03
2011.10.03 08:24:53.072,0.30754,0.30789,0.02,0.03
2011.10.03 08:24:53.190,0.30745,0.30789,0.03,0.03
2011.10.03 08:24:53.442,0.30739,0.30785,0.03,0.03
2011.10.03 08:24:53.668,0.30739,0.30785,0.03,0.03
2011.10.03 08:24:53.898,0.30738,0.30782,0.03,0.03
2011.10.03 08:24:54.118,0.3074,0.30784,0.03,0.03
2011.10.03 08:24:54.338,0.30738,0.30782,0.03,0.03
2011.10.03 08:24:55.310,0.30738,0.30782,0.03,0.03
2011.10.03 08:24:56.988,0.30744,0.3079,0.03,0.03
2011.10.03 08:25:01.888,0.30737,0.30783,0.03,0.03
2011.10.03 08:25:02.108,0.30734,0.3078,0.03,0.03
2011.10.03 08:25:02.438,0.30738,0.30782,0.03,0.03
2011.10.03 08:25:10.638,0.3074,0.30784,0.03,0.03
2011.10.03 08:25:11.538,0.30732,0.30778,0.03,0.03
2011.10.03 08:25:11.648,0.30732,0.30778,0.03,0.03
2011.10.03 08:25:11.759,0.30735,0.30779,0.03,0.03
2011.10.03 08:25:27.067,0.30732,0.30778,0.03,0.03
2011.10.03 08:25:27.540,0.30722,0.30768,0.03,0.03
2011.10.03 08:25:27.685,0.30722,0.30768,0.03,0.03
2011.10.03 08:25:28.358,0.30718,0.30762,0.03,0.03
2011.10.03 08:25:28.802,0.3072,0.30764,0.03,0.03
2011.10.03 08:25:29.260,0.30722,0.30768,0.03,0.03
2011.10.03 08:25:29.580,0.30704,0.3075,0.05,0.03
2011.10.03 08:25:29.689,0.30704,0.3075,0.05,0.03
2011.10.03 08:25:30.050,0.30721,0.30765,0.03,0.03
2011.10.03 08:25:30.834,0.3072,0.30764,0.03,0.03
2011.10.03 08:25:31.241,0.30723,0.30767,0.03,0.03
2011.10.03 08:25:39.968,0.30724,0.3077,0.03,0.03
2011.10.03 08:25:40.189,0.30724,0.3077,0.03,0.03
2011.10.03 08:25:42.279,0.30727,0.30773,0.03,0.03
2011.10.03 08:25:42.610,0.30724,0.3077,0.03,0.03
2011.10.03 08:25:43.491,0.30728,0.30772,0.03,0.03
2011.10.03 08:25:46.289,0.30725,0.30769,0.03,0.03
2011.10.03 08:25:51.694,0.30722,0.30768,0.03,0.03
2011.10.03 08:25:51.929,0.3072,0.30764,0.03,0.03
2011.10.03 08:25:52.150,0.30718,0.30762,0.03,0.03
2011.10.03 08:25:52.645,0.30719,0.30765,0.03,0.03
2011.10.03 08:25:52.979,0.30723,0.30767,0.03,0.03
2011.10.03 08:25:56.960,0.30719,0.30765,0.03,0.03
2011.10.03 08:25:59.560,0.30717,0.30763,0.03,0.03
2011.10.03 08:26:06.479,0.3072,0.30764,0.03,0.03
2011.10.03 08:26:06.992,0.30724,0.30764,0.02,0.03
2011.10.03 08:26:07.102,0.30723,0.30767,0.05,0.05
2011.10.03 08:26:11.549,0.30723,0.30764,0.02,0.03
2011.10.03 08:26:11.662,0.3072,0.30764,0.03,0.03
2011.10.03 08:26:11.881,0.30715,0.30759,0.03,0.03
2011.10.03 08:26:12.428,0.30718,0.30762,0.03,0.03
2011.10.03 08:26:12.879,0.30714,0.30757,0.02,0.03
2011.10.03 08:26:13.414,0.30713,0.30757,0.03,0.03
2011.10.03 08:26:17.708,0.30714,0.30757,0.02,0.03
2011.10.03 08:26:19.419,0.30718,0.30762,0.03,0.03
2011.10.03 08:26:25.277,0.30712,0.30758,0.03,0.03
2011.10.03 08:26:29.390,0.30718,0.30762,0.03,0.03
2011.10.03 08:26:39.859,0.30732,0.30777,0.03,0.03
2011.10.03 08:26:40.079,0.30732,0.30777,0.03,0.02
2011.10.03 08:26:40.450,0.30729,0.30775,0.03,0.03
2011.10.03 08:26:40.559,0.30719,0.30765,0.03,0.03
2011.10.03 08:26:41.068,0.30719,0.30765,0.03,0.03
2011.10.03 08:26:42.310,0.30723,0.30767,0.03,0.03
2011.10.03 08:26:46.669,0.30724,0.3077,0.03,0.03
2011.10.03 08:26:48.151,0.30722,0.30768,0.03,0.03
2011.10.03 08:26:50.029,0.30724,0.3077,0.03,0.03
2011.10.03 08:26:54.739,0.30723,0.30767,0.03,0.03
2011.10.03 08:27:11.578,0.30725,0.30769,0.03,0.03
2011.10.03 08:27:12.309,0.30728,0.30772,0.03,0.03
2011.10.03 08:27:14.066,0.3073,0.30774,0.03,0.03
2011.10.03 08:27:14.629,0.30734,0.3078,0.03,0.03
2011.10.03 08:27:14.738,0.30729,0.30775,0.03,0.03
2011.10.03 08:27:14.960,0.30728,0.30772,0.03,0.03
2011.10.03 08:27:19.622,0.30733,0.30777,0.03,0.03
2011.10.03 08:27:19.974,0.30729,0.30775,0.03,0.03
2011.10.03 08:27:20.597,0.30732,0.30778,0.03,0.03
2011.10.03 08:27:21.080,0.30729,0.30775,0.03,0.03
2011.10.03 08:27:22.611,0.30728,0.30772,0.03,0.03
2011.10.03 08:27:26.059,0.30734,0.3078,0.03,0.03
2011.10.03 08:27:27.728,0.30737,0.30783,0.03,0.03
2011.10.03 08:27:28.192,0.30739,0.30785,0.03,0.03
2011.10.03 08:27:30.958,0.30745,0.30789,0.03,0.03
2011.10.03 08:27:31.178,0.30742,0.30788,0.03,0.03
2011.10.03 08:27:36.911,0.30745,0.30789,0.03,0.03
2011.10.03 08:27:37.239,0.30748,0.30792,0.03,0.03
2011.10.03 08:27:44.250,0.30746,0.3079,0.03,0.03
2011.10.03 08:27:45.085,0.30745,0.30789,0.03,0.03
2011.10.03 08:27:48.130,0.30743,0.30787,0.03,0.03
2011.10.03 08:27:49.833,0.30747,0.30793,0.03,0.03
2011.10.03 08:27:55.731,0.30744,0.30788,0.03,0.03
2011.10.03 08:27:56.342,0.30743,0.30787,0.03,0.03
2011.10.03 08:28:02.519,0.30744,0.3079,0.03,0.03
2011.10.03 08:28:02.783,0.30743,0.30787,0.03,0.03
2011.10.03 08:28:07.752,0.30744,0.3079,0.03,0.03
2011.10.03 08:28:09.248,0.30742,0.30788,0.03,0.03
2011.10.03 08:28:17.905,0.3074,0.30784,0.03,0.03
2011.10.03 08:28:18.241,0.30737,0.30783,0.03,0.03
2011.10.03 08:28:19.050,0.30739,0.30785,0.03,0.03
2011.10.03 08:28:19.492,0.30743,0.30787,0.03,0.03
2011.10.03 08:28:24.971,0.30748,0.30792,0.03,0.03
2011.10.03 08:28:25.970,0.30746,0.3079,0.03,0.03
2011.10.03 08:28:26.230,0.30744,0.3079,0.03,0.03
2011.10.03 08:28:27.619,0.30748,0.30792,0.03,0.03
2011.10.03 08:28:29.461,0.30752,0.30798,0.03,0.03
2011.10.03 08:28:36.380,0.30749,0.30795,0.03,0.03
2011.10.03 08:28:36.712,0.30748,0.30792,0.03,0.03
2011.10.03 08:28:37.106,0.30753,0.30797,0.03,0.03
2011.10.03 08:28:38.560,0.30755,0.30799,0.03,0.03
2011.10.03 08:28:42.030,0.30765,0.30809,0.03,0.03
2011.10.03 08:28:42.381,0.30767,0.30813,0.03,0.03
2011.10.03 08:28:43.061,0.30767,0.30813,0.03,0.03
2011.10.03 08:28:43.639,0.30767,0.30813,0.03,0.03
2011.10.03 08:28:43.860,0.30765,0.30809,0.03,0.03
2011.10.03 08:28:45.619,0.30768,0.30812,0.03,0.03
2011.10.03 08:28:47.430,0.30768,0.30812,0.03,0.03
2011.10.03 08:28:48.289,0.30768,0.30812,0.03,0.03
2011.10.03 08:28:48.615,0.30775,0.30819,0.03,0.03
2011.10.03 08:28:48.952,0.30772,0.30818,0.03,0.03
2011.10.03 08:28:49.551,0.30772,0.30818,0.03,0.03
2011.10.03 08:28:49.879,0.3077,0.30814,0.03,0.03
2011.10.03 08:28:49.991,0.30767,0.30813,0.03,0.03
2011.10.03 08:28:51.318,0.30767,0.30813,0.03,0.03
2011.10.03 08:28:51.436,0.30772,0.30818,0.03,0.03
2011.10.03 08:28:53.359,0.30775,0.30819,0.03,0.03
2011.10.03 08:28:53.981,0.30777,0.30823,0.03,0.03
2011.10.03 08:28:54.199,0.30773,0.30817,0.03,0.03
2011.10.03 08:28:57.649,0.30774,0.3082,0.03,0.03
2011.10.03 08:28:58.374,0.30773,0.30817,0.03,0.03
2011.10.03 08:29:02.679,0.3078,0.30824,0.03,0.03
2011.10.03 08:29:03.494,0.3078,0.30824,0.03,0.03
2011.10.03 08:29:04.644,0.30778,0.30822,0.03,0.03
2011.10.03 08:29:05.103,0.30774,0.3082,0.03,0.03
2011.10.03 08:29:08.052,0.30772,0.30818,0.03,0.03
2011.10.03 08:29:12.255,0.30775,0.30819,0.03,0.03
2011.10.03 08:29:18.169,0.30772,0.30818,0.03,0.03
2011.10.03 08:29:19.039,0.30769,0.30815,0.03,0.03
2011.10.03 08:29:19.483,0.30773,0.30817,0.03,0.03
2011.10.03 08:29:21.911,0.3077,0.30814,0.03,0.03
2011.10.03 08:29:22.275,0.30768,0.30812,0.03,0.03
2011.10.03 08:29:25.159,0.30769,0.30815,0.03,0.03
2011.10.03 08:29:25.492,0.30773,0.30817,0.03,0.03
2011.10.03 08:29:31.716,0.30767,0.30813,0.03,0.03
2011.10.03 08:29:32.611,0.30769,0.30815,0.03,0.03
2011.10.03 08:29:41.570,0.30773,0.30817,0.03,0.03
2011.10.03 08:29:41.949,0.30775,0.30819,0.03,0.03
2011.10.03 08:29:45.710,0.30778,0.30822,0.03,0.03
2011.10.03 08:29:52.877,0.30774,0.3082,0.03,0.03
2011.10.03 08:29:55.320,0.3078,0.30824,0.03,0.03
2011.10.03 08:29:55.539,0.30777,0.30823,0.03,0.03
2011.10.03 08:30:01.111,0.30782,0.30828,0.03,0.03
2011.10.03 08:30:01.611,0.30785,0.30829,0.03,0.03
2011.10.03 08:30:03.804,0.30786,0.30829,0.02,0.03
2011.10.03 08:30:03.920,0.30797,0.30843,0.03,0.03
2011.10.03 08:30:04.499,0.30797,0.30843,0.03,0.03
2011.10.03 08:30:04.610,0.30807,0.30853,0.03,0.03
2011.10.03 08:30:05.275,0.3081,0.30854,0.03,0.03
2011.10.03 08:30:05.719,0.30813,0.30857,0.03,0.03
2011.10.03 08:30:11.539,0.30814,0.3086,0.03,0.03
2011.10.03 08:30:15.908,0.30812,0.30858,0.03,0.03
2011.10.03 08:30:20.149,0.3081,0.30854,0.03,0.03
2011.10.03 08:30:22.040,0.30808,0.30852,0.03,0.03
2011.10.03 08:30:24.999,0.3081,0.30854,0.03,0.03
2011.10.03 08:30:25.780,0.30813,0.30857,0.03,0.03
2011.10.03 08:30:25.999,0.30809,0.30855,0.03,0.03
2011.10.03 08:30:26.779,0.30807,0.30853,0.03,0.03
2011.10.03 08:30:27.529,0.3081,0.30854,0.03,0.03
2011.10.03 08:30:28.198,0.30812,0.30858,0.03,0.03
2011.10.03 08:30:39.736,0.30812,0.30858,0.03,0.03
2011.10.03 08:30:39.853,0.30803,0.30847,0.03,0.03
2011.10.03 08:30:45.660,0.308,0.30844,0.03,0.03
2011.10.03 08:30:47.080,0.30792,0.30838,0.03,0.03
2011.10.03 08:30:47.348,0.30792,0.30838,0.03,0.03
2011.10.03 08:30:47.462,0.30799,0.30845,0.03,0.03
2011.10.03 08:30:47.569,0.30803,0.30847,0.03,0.03
2011.10.03 08:30:48.720,0.30799,0.30845,0.03,0.03
2011.10.03 08:30:49.159,0.30792,0.30838,0.03,0.03
2011.10.03 08:30:49.270,0.30792,0.30838,0.03,0.03
2011.10.03 08:30:50.200,0.30798,0.30842,0.03,0.03
2011.10.03 08:30:51.131,0.30795,0.30839,0.03,0.03
2011.10.03 08:30:51.459,0.30792,0.30838,0.03,0.03
2011.10.03 08:31:00.190,0.30792,0.30838,0.03,0.03
2011.10.03 08:31:00.302,0.30799,0.30845,0.03,0.03
2011.10.03 08:31:00.410,0.30803,0.30847,0.03,0.03
2011.10.03 08:31:03.409,0.30798,0.30842,0.03,0.03
2011.10.03 08:31:03.519,0.30799,0.30845,0.03,0.03
2011.10.03 08:31:05.921,0.30849,0.30881,0.03,0.04
2011.10.03 08:31:06.141,0.30854,0.309,0.03,0.03
2011.10.03 08:31:06.470,0.30858,0.30902,0.03,0.03
2011.10.03 08:31:07.393,0.30883,0.30927,0.03,0.03
2011.10.03 08:31:07.762,0.30887,0.30933,0.03,0.03
2011.10.03 08:31:09.370,0.3089,0.30934,0.03,0.03
2011.10.03 08:31:10.350,0.30893,0.30937,0.03,0.03
2011.10.03 08:31:10.680,0.30888,0.30932,0.03,0.03
2011.10.03 08:31:11.699,0.30879,0.30925,0.03,0.03
2011.10.03 08:31:12.904,0.30888,0.30932,0.03,0.03
2011.10.03 08:31:13.479,0.30885,0.30929,0.03,0.03
2011.10.03 08:31:14.581,0.3089,0.30934,0.03,0.03
2011.10.03 08:31:14.799,0.30892,0.30938,0.03,0.03
2011.10.03 08:31:19.349,0.30893,0.30937,0.03,0.03
2011.10.03 08:31:21.170,0.30889,0.30935,0.03,0.03
2011.10.03 08:31:23.470,0.30871,0.30907,0.03,0.02
2011.10.03 08:31:23.581,0.30862,0.30907,0.03,0.02
2011.10.03 08:31:23.689,0.30862,0.30906,0.03,0.02
2011.10.03 08:31:24.019,0.30859,0.30905,0.03,0.03
2011.10.03 08:31:24.129,0.30858,0.30902,0.03,0.03
2011.10.03 08:31:25.709,0.30855,0.30899,0.03,0.03
2011.10.03 08:31:27.009,0.30844,0.3089,0.03,0.03
2011.10.03 08:31:27.119,0.30844,0.3089,0.03,0.03
2011.10.03 08:31:27.230,0.30842,0.30887,0.03,0.04
2011.10.03 08:31:27.450,0.30832,0.30878,0.03,0.03
2011.10.03 08:31:28.354,0.30835,0.30879,0.03,0.03
2011.10.03 08:31:28.580,0.30829,0.30875,0.03,0.03
2011.10.03 08:31:28.910,0.30833,0.30877,0.03,0.03
2011.10.03 08:31:29.502,0.30839,0.30879,0.03,0.03
2011.10.03 08:31:29.721,0.30854,0.309,0.03,0.03
2011.10.03 08:31:29.829,0.30858,0.30902,0.03,0.03
2011.10.03 08:31:30.790,0.3086,0.30904,0.03,0.03
2011.10.03 08:31:31.163,0.30863,0.30907,0.03,0.03
2011.10.03 08:31:35.860,0.30853,0.30899,0.03,0.03
2011.10.03 08:31:36.415,0.30854,0.309,0.03,0.03
2011.10.03 08:31:43.330,0.30859,0.30905,0.03,0.03
2011.10.03 08:31:43.660,0.30869,0.30915,0.03,0.03
2011.10.03 08:31:44.069,0.30873,0.30916,0.03,0.02
2011.10.03 08:31:44.573,0.30873,0.30917,0.03,0.05
2011.10.03 08:31:46.350,0.30864,0.3091,0.03,0.03
2011.10.03 08:31:46.459,0.30867,0.30913,0.03,0.03
2011.10.03 08:31:53.570,0.30873,0.30916,0.03,0.02
2011.10.03 08:31:56.339,0.30864,0.30908,0.03,0.03
2011.10.03 08:31:56.451,0.30862,0.30908,0.03,0.03
2011.10.03 08:31:57.227,0.3086,0.30904,0.03,0.03
2011.10.03 08:31:57.559,0.30858,0.30902,0.03,0.03
2011.10.03 08:32:03.918,0.30863,0.30907,0.03,0.03
2011.10.03 08:32:08.140,0.30872,0.30916,0.03,0.02
2011.10.03 08:32:08.692,0.30883,0.30927,0.03,0.03
2011.10.03 08:32:08.910,0.30885,0.30929,0.03,0.03
2011.10.03 08:32:09.810,0.30887,0.30933,0.03,0.03
2011.10.03 08:32:10.222,0.30889,0.30935,0.03,0.03
2011.10.03 08:32:10.589,0.30893,0.30937,0.03,0.03
2011.10.03 08:32:11.106,0.30893,0.30937,0.03,0.03
2011.10.03 08:32:15.269,0.30895,0.30939,0.03,0.03
2011.10.03 08:32:19.844,0.30893,0.30937,0.03,0.03
2011.10.03 08:32:22.668,0.3089,0.30934,0.03,0.03
2011.10.03 08:32:26.899,0.30899,0.30945,0.03,0.03
2011.10.03 08:32:27.010,0.30899,0.30945,0.03,0.03
2011.10.03 08:32:27.339,0.30902,0.30946,0.03,0.02
2011.10.03 08:32:28.622,0.30905,0.30946,0.03,0.02
2011.10.03 08:32:28.730,0.30905,0.30949,0.03,0.03
2011.10.03 08:32:28.977,0.3091,0.30954,0.03,0.03
2011.10.03 08:32:29.538,0.30907,0.30953,0.03,0.03
2011.10.03 08:32:29.650,0.30902,0.30948,0.03,0.03
2011.10.03 08:32:29.759,0.30902,0.30948,0.03,0.03
2011.10.03 08:32:30.420,0.30899,0.30945,0.03,0.03
2011.10.03 08:32:31.509,0.30895,0.30939,0.03,0.03
2011.10.03 08:32:32.359,0.30895,0.30939,0.03,0.03
2011.10.03 08:32:32.579,0.30913,0.30957,0.03,0.03
2011.10.03 08:32:32.909,0.30884,0.30924,0.03,0.03
2011.10.03 08:32:33.019,0.309,0.30944,0.03,0.03
2011.10.03 08:32:33.239,0.30897,0.30943,0.03,0.03
2011.10.03 08:32:33.350,0.30892,0.30938,0.03,0.03
2011.10.03 08:32:33.689,0.30898,0.30942,0.03,0.03
2011.10.03 08:32:34.737,0.30905,0.30949,0.03,0.03
2011.10.03 08:32:34.852,0.30912,0.30958,0.03,0.03
2011.10.03 08:32:35.070,0.30912,0.30958,0.03,0.03
2011.10.03 08:32:41.579,0.30912,0.30957,0.03,0.02
2011.10.03 08:32:41.692,0.30902,0.30948,0.03,0.03
2011.10.03 08:32:41.802,0.30902,0.30948,0.03,0.03
2011.10.03 08:32:42.600,0.30897,0.30943,0.03,0.03
2011.10.03 08:32:43.932,0.30893,0.30937,0.03,0.03
2011.10.03 08:32:44.273,0.30889,0.30935,0.03,0.03
2011.10.03 08:32:44.560,0.30889,0.30935,0.03,0.03
2011.10.03 08:32:46.542,0.30887,0.30933,0.03,0.03
2011.10.03 08:32:47.311,0.30884,0.3093,0.03,0.03
2011.10.03 08:32:53.161,0.30883,0.30927,0.03,0.03
2011.10.03 08:32:53.565,0.30885,0.30929,0.03,0.03
2011.10.03 08:32:54.076,0.30893,0.30937,0.03,0.03
2011.10.03 08:32:55.172,0.3089,0.30934,0.03,0.03
2011.10.03 08:32:55.910,0.30893,0.30937,0.03,0.03
2011.10.03 08:32:59.280,0.3089,0.30934,0.03,0.03
2011.10.03 08:32:59.608,0.30888,0.30932,0.03,0.03
2011.10.03 08:33:00.028,0.30889,0.30935,0.03,0.03
2011.10.03 08:33:00.569,0.30892,0.30938,0.03,0.03
2011.10.03 08:33:10.262,0.30893,0.30938,0.02,0.03
2011.10.03 08:33:10.509,0.30894,0.3094,0.03,0.03
2011.10.03 08:33:13.658,0.30895,0.3094,0.02,0.03
2011.10.03 08:33:13.770,0.30907,0.30953,0.03,0.03
2011.10.03 08:33:13.883,0.30909,0.30955,0.03,0.03
2011.10.03 08:33:14.219,0.30907,0.30953,0.03,0.03
2011.10.03 08:33:15.023,0.3091,0.30954,0.03,0.03
2011.10.03 08:33:22.697,0.30912,0.30958,0.03,0.03
2011.10.03 08:33:22.832,0.30912,0.30958,0.03,0.03
2011.10.03 08:33:23.539,0.30912,0.30958,0.03,0.03
2011.10.03 08:33:29.055,0.30909,0.30955,0.03,0.03
2011.10.03 08:33:34.100,0.30905,0.30949,0.03,0.03
2011.10.03 08:33:34.319,0.30905,0.30949,0.03,0.03
2011.10.03 08:33:39.929,0.30908,0.30952,0.03,0.03
2011.10.03 08:33:55.098,0.30905,0.30949,0.03,0.03
2011.10.03 08:33:55.540,0.30898,0.30942,0.03,0.03
2011.10.03 08:33:57.872,0.30892,0.30938,0.03,0.03
2011.10.03 08:33:58.661,0.30889,0.30935,0.03,0.03
2011.10.03 08:33:59.824,0.30889,0.30935,0.03,0.03
2011.10.03 08:34:00.109,0.30887,0.30933,0.03,0.03
2011.10.03 08:34:00.440,0.30874,0.30918,0.03,0.03
2011.10.03 08:34:00.710,0.30874,0.30918,0.03,0.03
2011.10.03 08:34:00.821,0.30874,0.30918,0.02,0.03
2011.10.03 08:34:00.929,0.30872,0.30918,0.03,0.03
2011.10.03 08:34:02.662,0.30884,0.3093,0.03,0.03
2011.10.03 08:34:05.440,0.30887,0.30933,0.03,0.03
2011.10.03 08:34:05.552,0.30887,0.30933,0.03,0.03
2011.10.03 08:34:06.151,0.30894,0.3094,0.03,0.03
2011.10.03 08:34:06.259,0.30894,0.3094,0.03,0.03
2011.10.03 08:34:06.369,0.30894,0.30936,0.03,0.02
2011.10.03 08:34:06.592,0.30883,0.30927,0.03,0.03
2011.10.03 08:34:06.812,0.30883,0.30927,0.03,0.03
2011.10.03 08:34:07.031,0.30883,0.30927,0.03,0.03
2011.10.03 08:34:07.253,0.30885,0.30929,0.03,0.03
2011.10.03 08:34:07.587,0.30893,0.30937,0.03,0.05
2011.10.03 08:34:08.809,0.30895,0.30939,0.03,0.03
2011.10.03 08:34:11.261,0.309,0.30944,0.03,0.03
2011.10.03 08:34:12.810,0.30898,0.30942,0.03,0.03
2011.10.03 08:34:14.709,0.30899,0.30945,0.03,0.03
2011.10.03 08:34:14.929,0.30902,0.30948,0.03,0.03
2011.10.03 08:34:17.389,0.30899,0.30945,0.03,0.03
2011.10.03 08:34:20.402,0.30903,0.30947,0.03,0.03
2011.10.03 08:34:25.354,0.30905,0.30949,0.03,0.03
2011.10.03 08:34:25.580,0.30907,0.30953,0.03,0.03
2011.10.03 08:34:25.801,0.3092,0.30963,0.03,0.03
2011.10.03 08:34:25.913,0.30908,0.30952,0.03,0.03
2011.10.03 08:34:26.361,0.30907,0.30953,0.03,0.03
2011.10.03 08:34:26.579,0.30919,0.30965,0.03,0.03
2011.10.03 08:34:27.150,0.30919,0.30965,0.03,0.03
2011.10.03 08:34:27.262,0.30905,0.30951,0.03,0.03
2011.10.03 08:34:27.480,0.30923,0.30965,0.03,0.02
2011.10.03 08:34:27.701,0.30923,0.30967,0.03,0.03
2011.10.03 08:34:28.159,0.3091,0.30956,0.03,0.03
2011.10.03 08:34:28.269,0.30922,0.30968,0.03,0.03
2011.10.03 08:34:28.380,0.30922,0.30968,0.03,0.03
2011.10.03 08:34:28.490,0.30918,0.30962,0.03,0.03
2011.10.03 08:34:30.600,0.30914,0.3096,0.03,0.03
2011.10.03 08:34:33.032,0.30909,0.30955,0.03,0.03
2011.10.03 08:34:33.363,0.30884,0.30927,0.02,0.03
2011.10.03 08:34:33.480,0.30905,0.30949,0.03,0.03
2011.10.03 08:34:33.861,0.30898,0.30937,0.03,0.02
2011.10.03 08:34:34.189,0.30898,0.30937,0.03,0.02
2011.10.03 08:34:34.409,0.30879,0.30925,0.03,0.03
2011.10.03 08:34:34.960,0.30891,0.30935,0.03,0.03
2011.10.03 08:34:35.291,0.30892,0.30935,0.02,0.03
2011.10.03 08:34:35.399,0.30908,0.30952,0.03,0.03
2011.10.03 08:34:37.981,0.30902,0.30948,0.03,0.03
2011.10.03 08:34:40.170,0.30905,0.30948,0.03,0.03
2011.10.03 08:34:40.280,0.30909,0.30955,0.03,0.03
2011.10.03 08:34:40.501,0.30925,0.30969,0.03,0.03
2011.10.03 08:34:41.334,0.30925,0.30969,0.03,0.03
2011.10.03 08:34:41.922,0.30925,0.30969,0.03,0.03
2011.10.03 08:34:42.032,0.30922,0.30968,0.03,0.03
2011.10.03 08:34:42.140,0.3091,0.30956,0.03,0.03
2011.10.03 08:34:42.725,0.30909,0.30955,0.03,0.03
2011.10.03 08:34:43.530,0.30922,0.30968,0.03,0.03
2011.10.03 08:34:43.641,0.30923,0.30968,0.02,0.03
2011.10.03 08:34:44.964,0.30924,0.30968,0.02,0.03
2011.10.03 08:34:46.733,0.30923,0.30968,0.02,0.03
2011.10.03 08:34:47.942,0.30924,0.30968,0.02,0.03
2011.10.03 08:34:50.850,0.30924,0.3097,0.05,0.03
2011.10.03 08:34:56.797,0.30922,0.30968,0.03,0.03
2011.10.03 08:35:00.639,0.30925,0.30969,0.03,0.03
2011.10.03 08:35:01.163,0.3092,0.30964,0.03,0.03
2011.10.03 08:35:01.802,0.30913,0.30958,0.03,0.03
2011.10.03 08:35:01.911,0.30912,0.30958,0.03,0.03
2011.10.03 08:35:02.510,0.3091,0.30954,0.03,0.03
2011.10.03 08:35:02.890,0.30908,0.30952,0.03,0.03
2011.10.03 08:35:03.709,0.30905,0.30949,0.03,0.03
2011.10.03 08:35:05.250,0.30903,0.30947,0.03,0.03
2011.10.03 08:35:06.950,0.30905,0.30949,0.03,0.03
2011.10.03 08:35:25.560,0.30908,0.30952,0.03,0.03
2011.10.03 08:35:28.036,0.30913,0.30955,0.02,0.03
2011.10.03 08:35:28.370,0.30923,0.30954,0.02,0.03
2011.10.03 08:35:28.480,0.30923,0.30963,0.02,0.03
2011.10.03 08:35:28.589,0.30923,0.30968,0.02,0.03
2011.10.03 08:35:28.700,0.30923,0.30968,0.02,0.03
2011.10.03 08:35:28.810,0.30933,0.30968,0.02,0.03
2011.10.03 08:35:28.920,0.30933,0.30978,0.02,0.03
2011.10.03 08:35:29.029,0.30933,0.30978,0.02,0.03
2011.10.03 08:35:29.359,0.30934,0.30978,0.02,0.03
2011.10.03 08:35:29.799,0.30934,0.30974,0.02,0.03
2011.10.03 08:35:29.934,0.30934,0.30978,0.02,0.03
2011.10.03 08:35:30.270,0.30937,0.30983,0.03,0.03
2011.10.03 08:35:30.600,0.3094,0.30984,0.03,0.03
2011.10.03 08:35:31.049,0.30938,0.30982,0.03,0.03
2011.10.03 08:35:32.200,0.3094,0.30984,0.03,0.03
2011.10.03 08:35:32.310,0.30937,0.30983,0.03,0.03
2011.10.03 08:35:32.529,0.30939,0.30985,0.03,0.03
2011.10.03 08:35:32.639,0.3095,0.30994,0.03,0.03
2011.10.03 08:35:32.750,0.30944,0.3099,0.03,0.03
2011.10.03 08:35:32.969,0.30954,0.31,0.03,0.03
2011.10.03 08:35:35.379,0.3094,0.30982,0.02,0.03
2011.10.03 08:35:35.600,0.30934,0.3098,0.03,0.03
2011.10.03 08:35:35.711,0.30938,0.30982,0.03,0.03
2011.10.03 08:35:36.042,0.3094,0.30984,0.03,0.03
2011.10.03 08:35:36.408,0.30943,0.30984,0.02,0.03
2011.10.03 08:35:39.215,0.30944,0.30984,0.02,0.03
2011.10.03 08:35:39.755,0.3094,0.30984,0.03,0.03
2011.10.03 08:35:40.031,0.30942,0.30988,0.03,0.03
2011.10.03 08:35:40.141,0.30942,0.30988,0.03,0.03
2011.10.03 08:35:40.249,0.3095,0.30994,0.03,0.03
2011.10.03 08:35:40.359,0.30955,0.30999,0.03,0.03
2011.10.03 08:35:40.720,0.30953,0.30997,0.03,0.03
2011.10.03 08:35:41.159,0.3095,0.30994,0.03,0.03
2011.10.03 08:35:41.560,0.30948,0.30992,0.03,0.03
2011.10.03 08:35:41.969,0.30949,0.30995,0.03,0.03
2011.10.03 08:35:42.351,0.30952,0.30998,0.03,0.03
2011.10.03 08:35:43.030,0.30955,0.30999,0.03,0.03
2011.10.03 08:35:43.251,0.30957,0.31003,0.03,0.03
2011.10.03 08:35:44.440,0.30964,0.31005,0.02,0.03
2011.10.03 08:35:44.769,0.30958,0.31002,0.03,0.03
2011.10.03 08:35:45.214,0.3096,0.31006,0.03,0.03
2011.10.03 08:35:45.551,0.3096,0.31004,0.03,0.03
2011.10.03 08:35:52.324,0.30964,0.31004,0.02,0.03
2011.10.03 08:35:52.549,0.30972,0.31018,0.03,0.03
2011.10.03 08:35:52.660,0.30972,0.31018,0.03,0.03
2011.10.03 08:35:53.027,0.30977,0.31023,0.03,0.03
2011.10.03 08:35:53.359,0.30984,0.3103,0.03,0.03
2011.10.03 08:35:53.469,0.30984,0.3103,0.03,0.03
2011.10.03 08:35:53.580,0.30973,0.31017,0.03,0.03
2011.10.03 08:35:53.691,0.30973,0.31017,0.03,0.03
2011.10.03 08:35:54.161,0.30993,0.31035,0.02,0.03
2011.10.03 08:35:54.719,0.30994,0.31035,0.02,0.03
2011.10.03 08:35:55.060,0.30977,0.31023,0.03,0.03
2011.10.03 08:35:55.725,0.30975,0.31019,0.03,0.03
2011.10.03 08:35:56.061,0.30977,0.31023,0.03,0.03
2011.10.03 08:36:07.303,0.30974,0.3102,0.03,0.03
2011.10.03 08:36:09.211,0.30972,0.31018,0.03,0.03
2011.10.03 08:36:09.542,0.3097,0.31014,0.03,0.03
2011.10.03 08:36:10.115,0.3097,0.31014,0.03,0.03
2011.10.03 08:36:10.456,0.30958,0.31002,0.03,0.03
2011.10.03 08:36:10.790,0.30949,0.30995,0.03,0.03
2011.10.03 08:36:12.400,0.30949,0.30995,0.03,0.03
2011.10.03 08:36:12.515,0.30948,0.30992,0.03,0.03
2011.10.03 08:36:22.119,0.30953,0.30997,0.03,0.03
2011.10.03 08:36:26.128,0.30949,0.30995,0.03,0.03
2011.10.03 08:36:27.490,0.30952,0.30998,0.03,0.03
2011.10.03 08:36:30.430,0.30958,0.31002,0.03,0.03
2011.10.03 08:36:30.650,0.30954,0.31,0.03,0.03
2011.10.03 08:36:32.748,0.30958,0.31002,0.03,0.03
2011.10.03 08:36:33.191,0.30963,0.31007,0.03,0.03
2011.10.03 08:36:41.839,0.30973,0.31017,0.03,0.03
2011.10.03 08:36:42.169,0.30975,0.31019,0.03,0.03
2011.10.03 08:36:42.861,0.30978,0.31022,0.03,0.03
2011.10.03 08:36:43.081,0.30979,0.31025,0.03,0.03
2011.10.03 08:36:44.083,0.30984,0.3103,0.03,0.03
2011.10.03 08:36:46.063,0.30979,0.31025,0.03,0.03
2011.10.03 08:36:48.060,0.30977,0.31023,0.03,0.03
2011.10.03 08:36:48.501,0.30979,0.31025,0.03,0.03
2011.10.03 08:36:49.040,0.30977,0.31023,0.03,0.03
2011.10.03 08:36:58.050,0.30974,0.3102,0.03,0.03
2011.10.03 08:36:58.380,0.3098,0.31024,0.03,0.03
2011.10.03 08:36:58.741,0.30983,0.31027,0.03,0.03
2011.10.03 08:36:59.387,0.30984,0.3103,0.03,0.03
2011.10.03 08:36:59.719,0.30983,0.31027,0.03,0.03
2011.10.03 08:37:06.889,0.30979,0.31025,0.03,0.03
2011.10.03 08:37:07.109,0.30978,0.31022,0.03,0.03
2011.10.03 08:37:07.465,0.3098,0.31024,0.03,0.03
2011.10.03 08:37:07.864,0.30983,0.31027,0.03,0.03
2011.10.03 08:37:08.206,0.30985,0.31029,0.03,0.03
2011.10.03 08:37:08.540,0.30983,0.31027,0.03,0.03
2011.10.03 08:37:09.610,0.30985,0.31029,0.03,0.03
2011.10.03 08:37:10.165,0.30988,0.31032,0.03,0.03
2011.10.03 08:37:10.719,0.3098,0.31024,0.03,0.03
2011.10.03 08:37:10.832,0.3098,0.31024,0.03,0.03
2011.10.03 08:37:10.940,0.30982,0.31028,0.03,0.03
2011.10.03 08:37:18.103,0.30984,0.3103,0.03,0.03
2011.10.03 08:37:23.790,0.30982,0.31028,0.03,0.03
2011.10.03 08:37:26.172,0.30985,0.31029,0.03,0.03
2011.10.03 08:37:30.020,0.30988,0.31032,0.03,0.03
2011.10.03 08:37:30.243,0.30984,0.3103,0.03,0.03
2011.10.03 08:37:30.571,0.30984,0.31028,0.02,0.03
2011.10.03 08:37:31.667,0.30983,0.31028,0.02,0.03
2011.10.03 08:37:31.893,0.30984,0.3103,0.03,0.03
2011.10.03 08:37:39.563,0.30983,0.31027,0.02,0.02
2011.10.03 08:37:44.209,0.30982,0.31026,0.03,0.02
2011.10.03 08:37:44.540,0.30962,0.31008,0.03,0.03
2011.10.03 08:37:44.760,0.3096,0.31004,0.03,0.03
2011.10.03 08:37:45.091,0.30957,0.31003,0.03,0.03
2011.10.03 08:37:45.200,0.30954,0.31,0.03,0.03
2011.10.03 08:37:45.778,0.30954,0.31,0.03,0.03
2011.10.03 08:37:46.661,0.3095,0.30994,0.03,0.03
2011.10.03 08:37:46.771,0.30945,0.30989,0.03,0.03
2011.10.03 08:37:47.612,0.30943,0.30987,0.03,0.03
2011.10.03 08:37:48.162,0.30945,0.30989,0.03,0.03
2011.10.03 08:37:54.899,0.30947,0.30993,0.03,0.03
2011.10.03 08:38:03.322,0.30953,0.30997,0.03,0.03
2011.10.03 08:38:03.539,0.30954,0.31,0.03,0.03
2011.10.03 08:38:03.861,0.30952,0.30998,0.03,0.03
2011.10.03 08:38:05.950,0.30955,0.30999,0.03,0.03
2011.10.03 08:38:06.704,0.30952,0.30998,0.03,0.03
2011.10.03 08:38:14.870,0.30949,0.30995,0.03,0.03
2011.10.03 08:38:14.980,0.30949,0.30995,0.03,0.03
2011.10.03 08:38:18.559,0.30952,0.30998,0.03,0.03
2011.10.03 08:38:21.592,0.30955,0.30999,0.03,0.03
2011.10.03 08:38:24.951,0.3095,0.30994,0.03,0.03
2011.10.03 08:38:25.279,0.30948,0.30992,0.03,0.03
2011.10.03 08:38:25.972,0.3095,0.30994,0.03,0.03
2011.10.03 08:38:26.851,0.30952,0.30998,0.03,0.03
2011.10.03 08:38:30.081,0.3095,0.30994,0.03,0.03
2011.10.03 08:38:31.230,0.30945,0.30989,0.03,0.03
2011.10.03 08:38:31.562,0.30939,0.30985,0.03,0.03
2011.10.03 08:38:32.013,0.30938,0.30982,0.03,0.03
2011.10.03 08:38:33.272,0.30938,0.30982,0.03,0.03
2011.10.03 08:38:33.382,0.30922,0.30968,0.03,0.03
2011.10.03 08:38:38.020,0.30919,0.30965,0.03,0.03
2011.10.03 08:38:38.351,0.30914,0.3096,0.03,0.03
2011.10.03 08:38:39.020,0.30911,0.30955,0.03,0.03
2011.10.03 08:38:39.540,0.3091,0.30954,0.03,0.03
2011.10.03 08:38:39.972,0.30912,0.30958,0.03,0.03
2011.10.03 08:38:40.750,0.30914,0.3096,0.03,0.03
2011.10.03 08:38:41.211,0.30912,0.30958,0.03,0.03
2011.10.03 08:38:41.882,0.30909,0.30955,0.03,0.03
2011.10.03 08:38:44.166,0.30904,0.3095,0.03,0.03
2011.10.03 08:38:44.389,0.30904,0.3095,0.03,0.03
2011.10.03 08:38:44.609,0.30902,0.30948,0.03,0.03
2011.10.03 08:38:46.120,0.309,0.30944,0.03,0.03
2011.10.03 08:38:47.370,0.30898,0.30942,0.03,0.03
2011.10.03 08:38:47.480,0.30899,0.30945,0.03,0.03
2011.10.03 08:38:48.222,0.30902,0.30948,0.03,0.03
2011.10.03 08:38:48.661,0.30908,0.30952,0.03,0.03
2011.10.03 08:38:49.025,0.30905,0.30949,0.03,0.03
2011.10.03 08:38:49.360,0.309,0.30944,0.03,0.03
2011.10.03 08:38:52.100,0.30897,0.30943,0.03,0.03
2011.10.03 08:38:55.350,0.30904,0.3095,0.03,0.03
2011.10.03 08:38:55.681,0.3091,0.30954,0.03,0.03
2011.10.03 08:38:56.832,0.30913,0.30957,0.03,0.03
2011.10.03 08:38:57.161,0.30919,0.30965,0.03,0.03
2011.10.03 08:39:02.781,0.30917,0.30963,0.03,0.03
2011.10.03 08:39:03.312,0.30915,0.30959,0.03,0.03
2011.10.03 08:39:04.651,0.30912,0.30958,0.03,0.03
2011.10.03 08:39:04.761,0.30912,0.30958,0.03,0.03
2011.10.03 08:39:04.870,0.3091,0.30954,0.03,0.03
2011.10.03 08:39:14.795,0.3091,0.30946,0.03,0.02
2011.10.03 08:39:15.287,0.30888,0.30933,0.03,0.03
2011.10.03 08:39:15.413,0.30884,0.3093,0.03,0.03
2011.10.03 08:39:15.522,0.30884,0.3093,0.03,0.03
2011.10.03 08:39:18.500,0.30883,0.30928,0.02,0.03
2011.10.03 08:39:19.340,0.30885,0.30929,0.03,0.03
2011.10.03 08:39:22.149,0.30904,0.3095,0.03,0.03
2011.10.03 08:39:23.025,0.30904,0.3095,0.03,0.03
2011.10.03 08:39:23.250,0.3091,0.30954,0.03,0.03
2011.10.03 08:39:23.900,0.30912,0.30958,0.03,0.03
2011.10.03 08:39:25.701,0.30914,0.3096,0.03,0.03
2011.10.03 08:39:30.950,0.30912,0.30958,0.03,0.03
2011.10.03 08:39:31.280,0.30909,0.30955,0.03,0.03
2011.10.03 08:39:36.530,0.30913,0.30957,0.03,0.03
2011.10.03 08:39:38.781,0.3091,0.30954,0.03,0.03
2011.10.03 08:39:53.121,0.30919,0.30965,0.03,0.03
2011.10.03 08:39:53.341,0.30919,0.30965,0.03,0.03
2011.10.03 08:39:59.766,0.30918,0.30962,0.03,0.03
2011.10.03 08:40:01.740,0.30925,0.30971,0.03,0.03
2011.10.03 08:40:02.519,0.30924,0.3097,0.03,0.03
2011.10.03 08:40:06.153,0.30933,0.30979,0.03,0.03
2011.10.03 08:40:06.560,0.3093,0.30974,0.03,0.03
2011.10.03 08:40:07.150,0.30937,0.30983,0.03,0.03
2011.10.03 08:40:14.523,0.3094,0.30984,0.03,0.03
2011.10.03 08:40:17.631,0.30937,0.30983,0.03,0.03
2011.10.03 08:40:20.733,0.30921,0.30955,0.02,0.03
2011.10.03 08:40:20.844,0.30934,0.3098,0.03,0.03
2011.10.03 08:40:20.961,0.3093,0.30974,0.03,0.03
2011.10.03 08:40:21.342,0.30928,0.30972,0.03,0.03
2011.10.03 08:40:22.150,0.30924,0.3097,0.03,0.03
2011.10.03 08:40:23.452,0.30918,0.30962,0.03,0.03
2011.10.03 08:40:23.861,0.30912,0.30958,0.03,0.03
2011.10.03 08:40:24.190,0.30915,0.30959,0.03,0.03
2011.10.03 08:40:25.133,0.30912,0.30958,0.03,0.03
2011.10.03 08:40:27.111,0.30915,0.30959,0.03,0.03
2011.10.03 08:40:28.820,0.30913,0.30957,0.03,0.03
2011.10.03 08:40:29.973,0.30908,0.30952,0.03,0.03
2011.10.03 08:40:30.484,0.30903,0.30947,0.03,0.03
2011.10.03 08:40:30.944,0.30905,0.30949,0.03,0.03
2011.10.03 08:40:31.279,0.30895,0.30939,0.03,0.03
2011.10.03 08:40:32.458,0.30895,0.30939,0.03,0.03
2011.10.03 08:40:32.681,0.30902,0.30948,0.03,0.03
2011.10.03 08:40:35.560,0.30904,0.3095,0.03,0.03
2011.10.03 08:40:37.021,0.30902,0.30948,0.03,0.03
2011.10.03 08:40:37.487,0.30898,0.30942,0.03,0.03
2011.10.03 08:40:37.804,0.309,0.30944,0.03,0.03
2011.10.03 08:40:54.402,0.30897,0.30943,0.03,0.03
2011.10.03 08:40:55.361,0.30874,0.3092,0.05,0.03
2011.10.03 08:40:55.692,0.30872,0.30917,0.03,0.02
2011.10.03 08:40:55.912,0.30863,0.30907,0.03,0.03
2011.10.03 08:40:56.023,0.30863,0.30907,0.03,0.03
2011.10.03 08:40:56.363,0.30859,0.30905,0.03,0.03
2011.10.03 08:40:56.690,0.30858,0.30902,0.03,0.03
2011.10.03 08:40:58.001,0.30853,0.30897,0.03,0.03
2011.10.03 08:40:58.441,0.30853,0.30897,0.03,0.03
2011.10.03 08:40:58.771,0.30854,0.309,0.03,0.03
2011.10.03 08:40:59.593,0.30853,0.30897,0.05,0.03
2011.10.03 08:41:00.691,0.3086,0.30904,0.03,0.03
2011.10.03 08:41:00.911,0.30862,0.30908,0.03,0.03
2011.10.03 08:41:01.860,0.30862,0.30907,0.03,0.02
2011.10.03 08:41:02.575,0.30858,0.30902,0.03,0.03
2011.10.03 08:41:02.921,0.30854,0.30895,0.02,0.03
2011.10.03 08:41:04.221,0.30854,0.30898,0.02,0.03
2011.10.03 08:41:04.441,0.30852,0.30898,0.03,0.03
2011.10.03 08:41:05.370,0.30853,0.30898,0.02,0.03
2011.10.03 08:41:06.710,0.30854,0.30898,0.02,0.03
2011.10.03 08:41:06.820,0.3086,0.30904,0.03,0.03
2011.10.03 08:41:07.040,0.30862,0.30908,0.03,0.03
2011.10.03 08:41:07.881,0.30857,0.30903,0.03,0.03
2011.10.03 08:41:08.540,0.30854,0.309,0.03,0.03
2011.10.03 08:41:08.651,0.30854,0.309,0.03,0.03
2011.10.03 08:41:08.760,0.30852,0.30898,0.03,0.03
2011.10.03 08:41:17.782,0.30855,0.30899,0.03,0.03
2011.10.03 08:41:18.132,0.30853,0.30897,0.03,0.03
2011.10.03 08:41:22.231,0.30847,0.30893,0.03,0.03
2011.10.03 08:41:23.004,0.3085,0.30894,0.03,0.03
2011.10.03 08:41:23.330,0.30848,0.30892,0.03,0.03
2011.10.03 08:41:26.512,0.30845,0.30889,0.03,0.03
2011.10.03 08:41:27.825,0.30847,0.30893,0.03,0.03
2011.10.03 08:41:28.730,0.3085,0.30894,0.03,0.03
2011.10.03 08:41:28.832,0.30852,0.30898,0.03,0.03
2011.10.03 08:41:35.542,0.30854,0.309,0.03,0.03
2011.10.03 08:41:37.551,0.30857,0.30903,0.03,0.03
2011.10.03 08:41:37.881,0.30863,0.30907,0.03,0.03
2011.10.03 08:41:41.053,0.3086,0.30904,0.03,0.03
2011.10.03 08:41:41.271,0.30857,0.30903,0.03,0.03
2011.10.03 08:41:42.678,0.30857,0.30903,0.03,0.03
2011.10.03 08:41:42.794,0.30862,0.30908,0.03,0.03
2011.10.03 08:41:50.120,0.30857,0.30903,0.03,0.03
2011.10.03 08:41:50.340,0.30855,0.30899,0.03,0.03
2011.10.03 08:41:51.399,0.30857,0.30903,0.03,0.03
2011.10.03 08:41:54.500,0.30854,0.309,0.03,0.03
2011.10.03 08:41:54.702,0.30854,0.309,0.03,0.03
2011.10.03 08:41:59.278,0.30847,0.30893,0.03,0.03
2011.10.03 08:41:59.394,0.30847,0.30893,0.03,0.03
2011.10.03 08:42:11.341,0.30849,0.30895,0.03,0.03
2011.10.03 08:42:13.320,0.30847,0.30893,0.03,0.03
2011.10.03 08:42:14.761,0.3085,0.30894,0.03,0.03
2011.10.03 08:42:14.981,0.30852,0.30898,0.03,0.03
2011.10.03 08:42:16.770,0.3085,0.30894,0.03,0.03
2011.10.03 08:42:17.084,0.30853,0.30897,0.03,0.03
2011.10.03 08:42:19.050,0.30849,0.30895,0.03,0.03
2011.10.03 08:42:28.070,0.30847,0.30893,0.03,0.03
2011.10.03 08:42:30.831,0.30854,0.30893,0.02,0.03
2011.10.03 08:42:31.350,0.30854,0.30894,0.02,0.03
2011.10.03 08:42:31.570,0.30854,0.30897,0.02,0.03
2011.10.03 08:42:33.039,0.30862,0.30908,0.03,0.03
2011.10.03 08:42:33.266,0.3086,0.30904,0.03,0.03
2011.10.03 08:42:35.904,0.30868,0.30912,0.03,0.03
2011.10.03 08:42:48.291,0.30864,0.3091,0.03,0.03
2011.10.03 08:42:56.080,0.30863,0.30907,0.03,0.03
2011.10.03 08:42:57.073,0.30864,0.3091,0.03,0.03
2011.10.03 08:43:12.854,0.30867,0.30913,0.03,0.03
2011.10.03 08:43:14.470,0.30863,0.30907,0.03,0.03
2011.10.03 08:43:20.662,0.30864,0.3091,0.03,0.03
2011.10.03 08:43:23.762,0.30868,0.30912,0.03,0.03
2011.10.03 08:43:25.502,0.30869,0.30915,0.03,0.03
2011.10.03 08:43:27.383,0.30878,0.30916,0.03,0.02
2011.10.03 08:43:27.491,0.30878,0.30922,0.03,0.03
2011.10.03 08:43:27.601,0.30873,0.30917,0.03,0.03
2011.10.03 08:43:28.991,0.30877,0.30923,0.03,0.03
2011.10.03 08:43:41.331,0.30874,0.3092,0.03,0.03
2011.10.03 08:43:47.249,0.30878,0.30922,0.03,0.03
2011.10.03 08:43:56.042,0.30874,0.3092,0.03,0.03
2011.10.03 08:44:03.701,0.30877,0.30923,0.03,0.03
2011.10.03 08:44:09.450,0.30875,0.30919,0.03,0.03
2011.10.03 08:44:09.562,0.30877,0.30923,0.03,0.03
2011.10.03 08:44:10.500,0.30872,0.30918,0.03,0.03
2011.10.03 08:44:10.941,0.30867,0.30913,0.03,0.03
2011.10.03 08:44:11.051,0.30867,0.30913,0.03,0.03
2011.10.03 08:44:11.492,0.30865,0.30909,0.03,0.03
2011.10.03 08:44:11.712,0.30863,0.30907,0.03,0.03
2011.10.03 08:44:12.963,0.30867,0.30913,0.03,0.03
2011.10.03 08:44:14.213,0.30867,0.30913,0.03,0.03
2011.10.03 08:44:14.320,0.30872,0.30918,0.03,0.03
2011.10.03 08:44:25.034,0.30875,0.30919,0.03,0.03
2011.10.03 08:44:27.131,0.30878,0.30922,0.03,0.03
2011.10.03 08:44:29.550,0.30882,0.30926,0.03,0.02
2011.10.03 08:44:29.660,0.30882,0.30928,0.03,0.03
2011.10.03 08:44:31.591,0.30867,0.3091,0.03,0.03
2011.10.03 08:44:31.810,0.30867,0.30913,0.05,0.03
2011.10.03 08:44:33.122,0.30867,0.30913,0.03,0.03
2011.10.03 08:44:36.569,0.30867,0.30913,0.03,0.03
2011.10.03 08:44:50.940,0.30858,0.30902,0.03,0.03
2011.10.03 08:44:53.091,0.30858,0.30902,0.03,0.03
2011.10.03 08:44:53.203,0.30862,0.30908,0.03,0.03
2011.10.03 08:44:55.781,0.30852,0.30898,0.03,0.03
2011.10.03 08:44:58.085,0.30854,0.30898,0.02,0.03
2011.10.03 08:44:58.201,0.30857,0.30903,0.03,0.03
2011.10.03 08:44:58.311,0.30862,0.30908,0.03,0.03
2011.10.03 08:44:58.684,0.30854,0.30895,0.03,0.03
2011.10.03 08:44:59.042,0.30862,0.30908,0.03,0.03
2011.10.03 08:44:59.371,0.30859,0.30903,0.03,0.03
2011.10.03 08:44:59.956,0.30858,0.30902,0.03,0.03
2011.10.03 08:45:00.755,0.30863,0.30907,0.03,0.03
2011.10.03 08:45:01.201,0.30868,0.30912,0.03,0.03
2011.10.03 08:45:02.152,0.30865,0.30909,0.03,0.03
2011.10.03 08:45:02.485,0.30859,0.30905,0.03,0.03
2011.10.03 08:45:02.931,0.3087,0.30914,0.03,0.03
2011.10.03 08:45:03.719,0.3087,0.30914,0.03,0.03
2011.10.03 08:45:06.394,0.30862,0.30908,0.03,0.03
2011.10.03 08:45:07.671,0.30862,0.30907,0.03,0.02
2011.10.03 08:45:07.781,0.3086,0.30904,0.03,0.03
2011.10.03 08:45:12.561,0.30855,0.30899,0.03,0.03
2011.10.03 08:45:13.112,0.30855,0.30899,0.03,0.03
2011.10.03 08:45:18.673,0.30855,0.30899,0.03,0.03
2011.10.03 08:45:19.394,0.30858,0.30902,0.03,0.03
2011.10.03 08:45:19.505,0.30858,0.30902,0.03,0.03
2011.10.03 08:45:20.631,0.30858,0.30902,0.03,0.03
2011.10.03 08:45:21.039,0.30859,0.30905,0.03,0.03
2011.10.03 08:45:21.735,0.30859,0.30905,0.03,0.03
2011.10.03 08:45:22.010,0.30862,0.30908,0.03,0.03
2011.10.03 08:45:25.374,0.30859,0.30905,0.03,0.03
2011.10.03 08:45:25.591,0.30863,0.30907,0.03,0.03
2011.10.03 08:45:26.597,0.30863,0.30907,0.03,0.03
2011.10.03 08:45:28.021,0.30854,0.309,0.03,0.03
2011.10.03 08:45:28.352,0.30853,0.30897,0.03,0.03
2011.10.03 08:45:28.572,0.30848,0.30892,0.03,0.03
2011.10.03 08:45:28.702,0.30848,0.30892,0.03,0.03
2011.10.03 08:45:32.033,0.30844,0.3089,0.03,0.03
2011.10.03 08:45:32.626,0.3085,0.30894,0.03,0.03
2011.10.03 08:45:32.742,0.30848,0.30892,0.03,0.03
2011.10.03 08:45:33.536,0.30848,0.30892,0.03,0.03
2011.10.03 08:45:34.573,0.30844,0.3089,0.03,0.03
2011.10.03 08:45:34.911,0.30844,0.3089,0.03,0.03
2011.10.03 08:45:38.935,0.30844,0.3089,0.03,0.03
2011.10.03 08:45:39.053,0.30848,0.30892,0.03,0.03
2011.10.03 08:45:39.271,0.30848,0.30892,0.03,0.03
2011.10.03 08:45:41.246,0.30848,0.30892,0.03,0.03
2011.10.03 08:45:41.812,0.30849,0.30895,0.03,0.03
2011.10.03 08:45:42.326,0.30849,0.30895,0.03,0.03
2011.10.03 08:45:43.537,0.30849,0.30895,0.03,0.03
2011.10.03 08:45:43.942,0.30847,0.30893,0.03,0.03
2011.10.03 08:45:44.053,0.30847,0.30893,0.03,0.03
2011.10.03 08:45:45.772,0.30849,0.30895,0.03,0.03
2011.10.03 08:45:46.384,0.30844,0.3089,0.03,0.03
2011.10.03 08:45:46.992,0.30843,0.30887,0.03,0.02
2011.10.03 08:45:47.101,0.30843,0.30885,0.03,0.03
2011.10.03 08:45:48.465,0.30843,0.30887,0.03,0.03
2011.10.03 08:45:48.572,0.3084,0.30884,0.03,0.03
2011.10.03 08:45:49.603,0.3084,0.30884,0.03,0.03
2011.10.03 08:45:50.023,0.30844,0.3089,0.03,0.03
2011.10.03 08:45:52.262,0.30854,0.3089,0.02,0.03
2011.10.03 08:45:52.383,0.30854,0.30895,0.02,0.03
2011.10.03 08:45:52.601,0.30855,0.30899,0.03,0.03
2011.10.03 08:45:53.271,0.30855,0.30899,0.03,0.03
2011.10.03 08:45:55.393,0.30855,0.30899,0.03,0.03
2011.10.03 08:45:56.602,0.30857,0.30903,0.03,0.03
2011.10.03 08:45:56.823,0.30859,0.30905,0.03,0.03
2011.10.03 08:45:57.573,0.30859,0.30905,0.03,0.03
2011.10.03 08:46:00.604,0.30859,0.30905,0.03,0.03
2011.10.03 08:46:02.561,0.30858,0.30902,0.03,0.03
2011.10.03 08:46:03.021,0.30858,0.30902,0.03,0.03
2011.10.03 08:46:03.243,0.30855,0.30899,0.03,0.03
2011.10.03 08:46:05.621,0.30855,0.30899,0.03,0.03
2011.10.03 08:46:14.852,0.30853,0.30897,0.03,0.03
2011.10.03 08:46:15.337,0.30853,0.30897,0.03,0.03
2011.10.03 08:46:16.682,0.30845,0.30889,0.03,0.03
2011.10.03 08:46:17.078,0.30845,0.30889,0.03,0.03
2011.10.03 08:46:18.861,0.30843,0.30887,0.03,0.03
2011.10.03 08:46:19.191,0.30843,0.30887,0.03,0.03
2011.10.03 08:46:22.635,0.30843,0.30887,0.03,0.03
2011.10.03 08:46:27.644,0.30839,0.30885,0.03,0.03
2011.10.03 08:46:28.203,0.30842,0.30887,0.03,0.02
2011.10.03 08:46:28.534,0.3084,0.30884,0.03,0.03
2011.10.03 08:46:29.722,0.3084,0.30884,0.03,0.03
2011.10.03 08:46:32.211,0.30838,0.30882,0.03,0.03
2011.10.03 08:46:34.181,0.30834,0.3088,0.05,0.03
2011.10.03 08:46:35.161,0.30834,0.30878,0.03,0.03
2011.10.03 08:46:35.492,0.30832,0.30878,0.03,0.03
2011.10.03 08:46:36.745,0.30829,0.30875,0.03,0.03
2011.10.03 08:46:38.371,0.30833,0.30877,0.03,0.03
2011.10.03 08:46:40.283,0.30829,0.30875,0.03,0.03
2011.10.03 08:46:40.394,0.30829,0.30875,0.03,0.03
2011.10.03 08:46:40.503,0.30833,0.30876,0.03,0.02
2011.10.03 08:46:41.337,0.30829,0.30875,0.03,0.03
2011.10.03 08:46:41.443,0.30832,0.30877,0.03,0.02
2011.10.03 08:46:42.655,0.30832,0.30877,0.03,0.02
2011.10.03 08:46:48.133,0.3083,0.30874,0.03,0.03
2011.10.03 08:46:48.711,0.30829,0.30875,0.03,0.03
2011.10.03 08:46:49.363,0.30829,0.30875,0.03,0.03
2011.10.03 08:46:49.471,0.30828,0.30872,0.03,0.03
2011.10.03 08:46:54.722,0.3083,0.30874,0.03,0.03
2011.10.03 08:46:55.504,0.30827,0.30873,0.03,0.03
2011.10.03 08:46:57.381,0.30824,0.3087,0.05,0.03
2011.10.03 08:46:58.182,0.30828,0.30872,0.03,0.03
2011.10.03 08:46:59.644,0.30828,0.30872,0.03,0.03
2011.10.03 08:47:01.121,0.30829,0.30875,0.03,0.03
2011.10.03 08:47:01.670,0.30833,0.30877,0.03,0.05
2011.10.03 08:47:02.184,0.30833,0.30876,0.03,0.02
2011.10.03 08:47:03.831,0.30833,0.30877,0.03,0.05
2011.10.03 08:47:05.544,0.30833,0.30877,0.03,0.05
2011.10.03 08:47:05.992,0.30839,0.30885,0.03,0.03
2011.10.03 08:47:06.302,0.30843,0.30887,0.03,0.03
2011.10.03 08:47:06.411,0.30839,0.30885,0.03,0.03
2011.10.03 08:47:06.741,0.30839,0.30885,0.03,0.03
2011.10.03 08:47:07.633,0.30843,0.30887,0.03,0.03
2011.10.03 08:47:11.632,0.30843,0.30887,0.03,0.03
2011.10.03 08:47:16.299,0.30844,0.3089,0.03,0.03
2011.10.03 08:47:16.968,0.30844,0.3089,0.03,0.03
2011.10.03 08:47:17.582,0.30844,0.3089,0.03,0.03
2011.10.03 08:47:19.773,0.3084,0.30884,0.03,0.03
2011.10.03 08:47:20.159,0.30843,0.30887,0.03,0.03
2011.10.03 08:47:20.275,0.30843,0.30887,0.03,0.03
2011.10.03 08:47:21.625,0.30843,0.30887,0.03,0.03
2011.10.03 08:47:23.731,0.30839,0.30885,0.03,0.03
2011.10.03 08:47:24.518,0.30839,0.30885,0.03,0.03
2011.10.03 08:47:25.695,0.30839,0.30885,0.03,0.03
2011.10.03 08:47:31.876,0.30842,0.30888,0.03,0.03
2011.10.03 08:47:32.275,0.30852,0.30898,0.03,0.03
2011.10.03 08:47:32.382,0.30854,0.309,0.03,0.03
2011.10.03 08:47:33.121,0.30857,0.30903,0.03,0.03
2011.10.03 08:47:34.383,0.3086,0.30904,0.03,0.03
2011.10.03 08:47:34.945,0.30857,0.30903,0.03,0.03
2011.10.03 08:47:35.282,0.30847,0.30893,0.03,0.03
2011.10.03 08:47:37.062,0.30849,0.30895,0.03,0.03
2011.10.03 08:47:38.944,0.30849,0.30895,0.03,0.03
2011.10.03 08:47:43.824,0.30855,0.30899,0.03,0.03
2011.10.03 08:47:44.133,0.30857,0.30903,0.03,0.03
2011.10.03 08:47:44.868,0.30857,0.30903,0.03,0.03
2011.10.03 08:47:45.202,0.30855,0.30899,0.03,0.03
2011.10.03 08:47:45.532,0.30853,0.30897,0.03,0.03
2011.10.03 08:47:48.751,0.30854,0.309,0.03,0.03
2011.10.03 08:47:49.816,0.30854,0.309,0.03,0.03
2011.10.03 08:47:50.691,0.30854,0.309,0.03,0.03
2011.10.03 08:47:51.991,0.30858,0.30902,0.03,0.03
2011.10.03 08:47:52.101,0.30858,0.30902,0.03,0.03
2011.10.03 08:47:52.592,0.3086,0.30904,0.03,0.03
2011.10.03 08:47:53.003,0.3086,0.30904,0.03,0.03
2011.10.03 08:47:53.321,0.30862,0.30908,0.03,0.03
2011.10.03 08:47:55.173,0.30872,0.30916,0.03,0.02
2011.10.03 08:47:55.761,0.30872,0.30918,0.03,0.03
2011.10.03 08:47:56.651,0.30868,0.30912,0.03,0.03
2011.10.03 08:47:56.871,0.30869,0.30915,0.03,0.03
2011.10.03 08:47:57.548,0.30869,0.30915,0.03,0.03
2011.10.03 08:47:58.320,0.30873,0.30917,0.03,0.03
2011.10.03 08:47:58.541,0.30869,0.30915,0.03,0.03
2011.10.03 08:47:58.872,0.30867,0.30913,0.03,0.03
2011.10.03 08:47:59.548,0.30867,0.30913,0.03,0.03
2011.10.03 08:48:00.575,0.30867,0.30913,0.03,0.03
2011.10.03 08:48:06.433,0.30865,0.30909,0.03,0.03
2011.10.03 08:48:08.483,0.30858,0.30904,0.03,0.03
2011.10.03 08:48:08.812,0.30855,0.30899,0.03,0.03
2011.10.03 08:48:09.031,0.30858,0.30902,0.03,0.03
2011.10.03 08:48:09.272,0.30855,0.30899,0.03,0.03
2011.10.03 08:48:10.422,0.30858,0.30902,0.03,0.03
2011.10.03 08:48:10.531,0.30854,0.309,0.03,0.03
2011.10.03 08:48:12.562,0.30854,0.309,0.03,0.03
2011.10.03 08:48:12.971,0.30854,0.309,0.03,0.03
2011.10.03 08:48:13.080,0.3085,0.30894,0.03,0.03
2011.10.03 08:48:15.622,0.30848,0.30892,0.03,0.03
2011.10.03 08:48:15.842,0.30849,0.30895,0.03,0.03
2011.10.03 08:48:15.952,0.30853,0.30897,0.03,0.03
2011.10.03 08:48:19.991,0.30855,0.30899,0.03,0.03
2011.10.03 08:48:20.100,0.30852,0.30898,0.03,0.03
2011.10.03 08:48:20.731,0.30852,0.30898,0.03,0.03
2011.10.03 08:48:21.882,0.30849,0.30895,0.03,0.03
2011.10.03 08:48:21.991,0.30852,0.30898,0.03,0.03
2011.10.03 08:48:22.623,0.30849,0.30895,0.03,0.03
2011.10.03 08:48:24.661,0.30849,0.30895,0.03,0.03
2011.10.03 08:48:25.638,0.30849,0.30895,0.03,0.03
2011.10.03 08:48:27.531,0.30849,0.30895,0.03,0.03
2011.10.03 08:48:28.646,0.30849,0.30895,0.03,0.03
2011.10.03 08:48:31.092,0.30852,0.30898,0.03,0.03
2011.10.03 08:48:31.422,0.30855,0.30899,0.03,0.03
2011.10.03 08:48:31.641,0.30853,0.30897,0.03,0.03
2011.10.03 08:48:33.774,0.30853,0.30897,0.03,0.03
2011.10.03 08:48:37.151,0.30849,0.30895,0.03,0.03
2011.10.03 08:48:39.030,0.30844,0.3089,0.03,0.03
2011.10.03 08:48:39.141,0.30844,0.3089,0.03,0.03
2011.10.03 08:48:59.534,0.30843,0.30887,0.03,0.03
2011.10.03 08:48:59.643,0.30843,0.30887,0.03,0.03
2011.10.03 08:48:59.983,0.3084,0.30884,0.03,0.03
2011.10.03 08:49:00.311,0.3084,0.30884,0.03,0.03
2011.10.03 08:49:00.531,0.30842,0.30888,0.03,0.03
2011.10.03 08:49:00.641,0.30842,0.30888,0.03,0.03
2011.10.03 08:49:01.843,0.3083,0.30874,0.03,0.03
2011.10.03 08:49:02.321,0.3083,0.30887,0.03,0.03
2011.10.03 08:49:02.433,0.3083,0.30874,0.03,0.03
2011.10.03 08:49:02.542,0.30845,0.30889,0.03,0.03
2011.10.03 08:49:03.383,0.30845,0.30889,0.03,0.03
2011.10.03 08:49:04.058,0.30845,0.30889,0.03,0.03
2011.10.03 08:49:04.721,0.30848,0.30892,0.03,0.03
2011.10.03 08:49:05.634,0.30848,0.30892,0.03,0.03
2011.10.03 08:49:08.314,0.30849,0.30895,0.03,0.03
2011.10.03 08:49:08.536,0.30852,0.30898,0.03,0.03
2011.10.03 08:49:10.612,0.30852,0.30898,0.03,0.03
2011.10.03 08:49:13.572,0.30852,0.30898,0.03,0.03
2011.10.03 08:49:14.493,0.30858,0.30902,0.03,0.03
2011.10.03 08:49:14.822,0.30854,0.309,0.05,0.03
2011.10.03 08:49:15.173,0.30854,0.309,0.05,0.03
2011.10.03 08:49:15.282,0.30858,0.30902,0.03,0.03
2011.10.03 08:49:15.392,0.30858,0.30902,0.03,0.03
2011.10.03 08:49:16.933,0.30858,0.30902,0.03,0.03
2011.10.03 08:49:19.229,0.30852,0.30898,0.03,0.03
2011.10.03 08:49:19.341,0.30852,0.30898,0.03,0.03
2011.10.03 08:49:19.674,0.3085,0.30894,0.03,0.03
2011.10.03 08:49:19.967,0.30848,0.30892,0.03,0.03
2011.10.03 08:49:21.622,0.30848,0.30892,0.03,0.03
2011.10.03 08:49:25.079,0.30848,0.30892,0.03,0.03
2011.10.03 08:49:26.423,0.30849,0.30895,0.03,0.03
2011.10.03 08:49:26.904,0.30853,0.30897,0.03,0.03
2011.10.03 08:49:28.671,0.30853,0.30897,0.03,0.03
2011.10.03 08:49:42.189,0.30853,0.30896,0.03,0.02
2011.10.03 08:49:42.522,0.30832,0.30878,0.03,0.03
2011.10.03 08:49:42.742,0.30828,0.30872,0.03,0.03
2011.10.03 08:49:42.852,0.30828,0.30872,0.03,0.03
2011.10.03 08:49:43.071,0.3083,0.30874,0.03,0.03
2011.10.03 08:49:44.575,0.3083,0.30874,0.03,0.03
2011.10.03 08:49:45.772,0.3083,0.30874,0.03,0.03
2011.10.03 08:49:47.201,0.30833,0.30877,0.05,0.03
2011.10.03 08:49:47.421,0.30833,0.30877,0.05,0.03
2011.10.03 08:49:48.583,0.30833,0.30877,0.05,0.03
2011.10.03 08:49:56.151,0.30834,0.3088,0.05,0.03
2011.10.03 08:49:57.202,0.30829,0.30875,0.03,0.03
2011.10.03 08:49:58.423,0.30834,0.30877,0.03,0.03
2011.10.03 08:49:58.683,0.30834,0.30877,0.03,0.03
2011.10.03 08:49:59.531,0.30834,0.30877,0.03,0.03
2011.10.03 08:50:09.039,0.30835,0.30879,0.03,0.03
2011.10.03 08:50:09.581,0.30835,0.30879,0.03,0.03
2011.10.03 08:50:11.341,0.30835,0.30879,0.03,0.03
2011.10.03 08:50:29.095,0.30844,0.3089,0.03,0.03
2011.10.03 08:50:29.453,0.30849,0.30895,0.03,0.03
2011.10.03 08:50:30.542,0.30849,0.30895,0.03,0.03
2011.10.03 08:50:32.634,0.30849,0.30895,0.03,0.03
2011.10.03 08:50:35.543,0.30849,0.30895,0.03,0.03
2011.10.03 08:50:42.202,0.30855,0.30899,0.03,0.03
2011.10.03 08:50:42.313,0.30858,0.30902,0.03,0.03
2011.10.03 08:50:42.531,0.30859,0.30905,0.03,0.03
2011.10.03 08:50:42.641,0.30859,0.30905,0.03,0.03
2011.10.03 08:50:44.802,0.30859,0.30905,0.03,0.03
2011.10.03 08:50:47.751,0.30859,0.30905,0.03,0.03
2011.10.03 08:50:53.862,0.30863,0.30907,0.03,0.03
2011.10.03 08:50:54.192,0.30859,0.30905,0.03,0.03
2011.10.03 08:50:55.722,0.30859,0.30905,0.03,0.03
2011.10.03 08:50:59.673,0.30863,0.30907,0.03,0.03
2011.10.03 08:51:02.611,0.30863,0.30907,0.03,0.03
2011.10.03 08:51:02.837,0.30864,0.3091,0.03,0.03
2011.10.03 08:51:05.832,0.30864,0.3091,0.03,0.03
2011.10.03 08:51:07.062,0.30867,0.30913,0.03,0.03
2011.10.03 08:51:07.172,0.30867,0.30913,0.03,0.03
2011.10.03 08:51:09.611,0.30867,0.30913,0.03,0.03
2011.10.03 08:51:14.472,0.30867,0.30913,0.03,0.03
2011.10.03 08:51:16.124,0.30864,0.3091,0.03,0.03
2011.10.03 08:51:25.983,0.30867,0.30913,0.03,0.03
2011.10.03 08:51:26.310,0.30865,0.30909,0.03,0.03
2011.10.03 08:51:29.541,0.30863,0.30907,0.03,0.03
2011.10.03 08:51:30.334,0.30853,0.30898,0.03,0.03
2011.10.03 08:51:30.664,0.3085,0.30894,0.03,0.03
2011.10.03 08:51:37.895,0.30847,0.30893,0.03,0.03
2011.10.03 08:51:38.121,0.30845,0.30889,0.03,0.03
2011.10.03 08:51:38.671,0.30845,0.30889,0.03,0.03
2011.10.03 08:51:39.557,0.30842,0.30888,0.03,0.03
2011.10.03 08:51:47.623,0.30845,0.30889,0.03,0.03
2011.10.03 08:51:49.592,0.30843,0.30887,0.03,0.03
2011.10.03 08:51:56.762,0.30837,0.30883,0.03,0.03
2011.10.03 08:51:56.982,0.30839,0.30885,0.03,0.03
2011.10.03 08:52:07.422,0.30838,0.30882,0.03,0.03
2011.10.03 08:52:07.533,0.30834,0.3088,0.03,0.03
2011.10.03 08:52:07.647,0.30833,0.30877,0.05,0.03
2011.10.03 08:52:08.672,0.30829,0.30875,0.03,0.03
2011.10.03 08:52:14.043,0.30827,0.30873,0.03,0.03
2011.10.03 08:52:19.371,0.30824,0.3087,0.05,0.03
2011.10.03 08:52:29.142,0.30824,0.30868,0.02,0.03
2011.10.03 08:52:35.885,0.30823,0.30865,0.02,0.03
2011.10.03 08:52:36.215,0.30823,0.30863,0.02,0.03
2011.10.03 08:52:39.292,0.30824,0.30863,0.02,0.03
2011.10.03 08:52:39.528,0.30817,0.30863,0.03,0.03
2011.10.03 08:52:39.646,0.30815,0.30859,0.03,0.03
2011.10.03 08:52:40.060,0.30813,0.30854,0.02,0.03
2011.10.03 08:52:41.931,0.30814,0.30854,0.02,0.03
2011.10.03 08:52:44.222,0.30814,0.30852,0.02,0.03
2011.10.03 08:52:44.582,0.30814,0.30852,0.03,0.03
2011.10.03 08:52:49.364,0.30814,0.30854,0.03,0.03
2011.10.03 08:52:49.923,0.30813,0.30857,0.07,0.03
2011.10.03 08:52:50.796,0.30813,0.30857,0.07,0.03
2011.10.03 08:52:52.262,0.30813,0.30857,0.07,0.03
2011.10.03 08:52:53.777,0.30813,0.30857,0.07,0.03
2011.10.03 08:52:56.963,0.30814,0.30855,0.04,0.03
2011.10.03 08:52:58.508,0.30814,0.30855,0.03,0.03
2011.10.03 08:53:05.951,0.30813,0.30857,0.07,0.03
2011.10.03 08:53:06.061,0.30813,0.30857,0.07,0.03
2011.10.03 08:53:07.614,0.30813,0.30857,0.07,0.03
2011.10.03 08:53:10.571,0.30813,0.30857,0.07,0.03
2011.10.03 08:53:10.683,0.30818,0.30862,0.03,0.03
2011.10.03 08:53:10.792,0.30824,0.30865,0.02,0.03
2011.10.03 08:53:10.902,0.30824,0.30867,0.02,0.03
2011.10.03 08:53:12.522,0.30824,0.30867,0.03,0.03
2011.10.03 08:53:15.645,0.30824,0.30867,0.03,0.03
2011.10.03 08:53:19.552,0.30818,0.30862,0.03,0.03
2011.10.03 08:53:19.663,0.30823,0.30867,0.03,0.03
2011.10.03 08:53:19.772,0.30818,0.30862,0.03,0.03
2011.10.03 08:53:21.986,0.30818,0.30862,0.03,0.03
2011.10.03 08:53:35.276,0.30814,0.3086,0.07,0.03
2011.10.03 08:53:35.501,0.30813,0.30858,0.03,0.03
2011.10.03 08:53:35.953,0.30813,0.30858,0.03,0.03
2011.10.03 08:53:36.564,0.30813,0.30858,0.03,0.03
2011.10.03 08:53:38.072,0.30813,0.30858,0.03,0.03
2011.10.03 08:53:39.472,0.30813,0.30854,0.03,0.03
2011.10.03 08:53:40.911,0.30814,0.30857,0.03,0.03
2011.10.03 08:53:41.023,0.30815,0.30859,0.03,0.03
2011.10.03 08:53:41.573,0.30815,0.30859,0.03,0.03
2011.10.03 08:53:43.561,0.30815,0.30859,0.03,0.03
2011.10.03 08:53:45.132,0.30817,0.30863,0.03,0.03
2011.10.03 08:53:45.242,0.30817,0.30863,0.03,0.03
2011.10.03 08:53:47.564,0.30817,0.30863,0.03,0.03
2011.10.03 08:53:49.621,0.30819,0.30865,0.03,0.03
2011.10.03 08:53:51.936,0.30817,0.30863,0.03,0.03
2011.10.03 08:53:56.535,0.30819,0.30865,0.03,0.03
2011.10.03 08:53:57.373,0.30822,0.30868,0.03,0.03
2011.10.03 08:53:57.482,0.30828,0.30872,0.03,0.03
2011.10.03 08:53:57.596,0.30828,0.30872,0.03,0.03
2011.10.03 08:53:57.832,0.30832,0.30878,0.03,0.03
2011.10.03 08:54:00.632,0.30832,0.30878,0.03,0.03
2011.10.03 08:54:04.435,0.30832,0.30878,0.03,0.03
2011.10.03 08:54:13.004,0.30829,0.30875,0.03,0.03
2011.10.03 08:54:14.013,0.30824,0.3087,0.03,0.03
2011.10.03 08:54:15.608,0.30824,0.3087,0.03,0.03
2011.10.03 08:54:18.344,0.30822,0.30868,0.03,0.03
2011.10.03 08:54:18.914,0.30825,0.30869,0.03,0.03
2011.10.03 08:54:21.804,0.30825,0.30869,0.03,0.03
2011.10.03 08:54:21.912,0.30825,0.30869,0.03,0.03
2011.10.03 08:54:22.132,0.30825,0.30869,0.03,0.03
2011.10.03 08:54:22.972,0.30822,0.30868,0.03,0.03
2011.10.03 08:54:23.973,0.30825,0.30869,0.03,0.03
2011.10.03 08:54:27.209,0.30825,0.30869,0.03,0.03
2011.10.03 08:54:31.172,0.30822,0.30868,0.03,0.03
2011.10.03 08:54:31.501,0.30824,0.3087,0.03,0.03
2011.10.03 08:54:31.816,0.30824,0.3087,0.03,0.03
2011.10.03 08:54:37.981,0.3083,0.30874,0.03,0.03
2011.10.03 08:54:38.339,0.30825,0.30869,0.03,0.03
2011.10.03 08:54:38.459,0.30832,0.30878,0.03,0.03
2011.10.03 08:54:38.574,0.30832,0.30878,0.03,0.03
2011.10.03 08:54:39.084,0.30832,0.30878,0.03,0.03
2011.10.03 08:54:39.194,0.30832,0.30878,0.03,0.03
2011.10.03 08:54:39.305,0.30829,0.30875,0.03,0.03
2011.10.03 08:54:39.637,0.30829,0.30875,0.03,0.03
2011.10.03 08:54:39.984,0.30832,0.30878,0.03,0.03
2011.10.03 08:54:43.599,0.30832,0.30878,0.03,0.03
2011.10.03 08:54:46.675,0.3083,0.30874,0.03,0.03
2011.10.03 08:54:47.692,0.30832,0.30878,0.03,0.03
2011.10.03 08:54:49.151,0.30835,0.30879,0.03,0.03
2011.10.03 08:54:49.262,0.30838,0.30882,0.03,0.03
2011.10.03 08:54:50.526,0.30838,0.30882,0.03,0.03
2011.10.03 08:54:50.643,0.30838,0.30882,0.03,0.03
2011.10.03 08:54:50.860,0.30838,0.30882,0.03,0.03
2011.10.03 08:54:52.657,0.30838,0.30882,0.03,0.03
2011.10.03 08:55:01.265,0.3084,0.30884,0.03,0.03
2011.10.03 08:55:02.792,0.30843,0.30884,0.03,0.03
2011.10.03 08:55:05.384,0.30845,0.30887,0.03,0.02
2011.10.03 08:55:05.603,0.30845,0.30889,0.03,0.03
2011.10.03 08:55:09.290,0.30845,0.30889,0.03,0.03
2011.10.03 08:55:10.157,0.30844,0.3089,0.05,0.03
2011.10.03 08:55:10.623,0.30844,0.30885,0.03,0.03
2011.10.03 08:55:12.647,0.30843,0.30895,0.03,0.03
2011.10.03 08:55:22.164,0.30847,0.30893,0.03,0.03
2011.10.03 08:55:24.081,0.30847,0.30893,0.03,0.03
2011.10.03 08:55:27.523,0.30844,0.3089,0.03,0.03
2011.10.03 08:55:27.966,0.30843,0.30888,0.03,0.03
2011.10.03 08:55:32.364,0.30842,0.30888,0.03,0.03
2011.10.03 08:55:47.085,0.3084,0.30884,0.03,0.03
2011.10.03 08:55:50.647,0.3084,0.30884,0.03,0.03
2011.10.03 08:55:51.296,0.30837,0.30883,0.03,0.03
2011.10.03 08:55:52.173,0.30833,0.30877,0.03,0.03
2011.10.03 08:55:52.282,0.30833,0.30877,0.03,0.03
2011.10.03 08:55:55.821,0.30829,0.30875,0.03,0.03
2011.10.03 08:55:56.152,0.30828,0.30872,0.03,0.03
2011.10.03 08:55:56.707,0.30828,0.30872,0.03,0.03
2011.10.03 08:55:57.287,0.30828,0.30872,0.03,0.03
2011.10.03 08:56:04.201,0.30828,0.30872,0.03,0.03
2011.10.03 08:56:07.513,0.30818,0.30862,0.03,0.03
2011.10.03 08:56:08.275,0.30818,0.30862,0.03,0.03
2011.10.03 08:56:14.442,0.30818,0.30862,0.03,0.03
2011.10.03 08:56:15.115,0.30818,0.30862,0.03,0.03
2011.10.03 08:56:15.353,0.30825,0.30869,0.03,0.03
2011.10.03 08:56:15.693,0.30828,0.30872,0.03,0.03
2011.10.03 08:56:15.914,0.30828,0.30872,0.03,0.03
2011.10.03 08:56:16.133,0.30828,0.30872,0.03,0.03
2011.10.03 08:56:22.573,0.30828,0.30872,0.03,0.03
2011.10.03 08:56:26.318,0.30828,0.30872,0.03,0.03
2011.10.03 08:56:27.145,0.30828,0.30872,0.03,0.03
2011.10.03 08:56:28.358,0.30829,0.30875,0.03,0.03
2011.10.03 08:56:28.747,0.30828,0.30872,0.03,0.03
2011.10.03 08:56:28.864,0.30828,0.30872,0.03,0.03
2011.10.03 08:56:29.727,0.30828,0.30872,0.03,0.03
2011.10.03 08:56:29.844,0.3083,0.30874,0.03,0.03
2011.10.03 08:56:30.534,0.30827,0.30873,0.03,0.03
2011.10.03 08:56:45.913,0.30825,0.30869,0.03,0.03
2011.10.03 08:56:47.607,0.30825,0.30869,0.03,0.03
2011.10.03 08:56:48.683,0.30825,0.30869,0.03,0.03
2011.10.03 08:56:49.623,0.30834,0.3088,0.03,0.03
2011.10.03 08:56:50.254,0.30818,0.30862,0.03,0.03
2011.10.03 08:56:50.365,0.30814,0.3086,0.09,0.03
2011.10.03 08:56:53.234,0.30824,0.3086,0.03,0.03
2011.10.03 08:56:53.344,0.30824,0.30865,0.03,0.03
2011.10.03 08:56:54.674,0.30828,0.30872,0.03,0.03
2011.10.03 08:56:54.893,0.30828,0.30872,0.03,0.03
2011.10.03 08:56:55.119,0.30829,0.30875,0.03,0.03
2011.10.03 08:56:55.477,0.30829,0.30875,0.03,0.03
2011.10.03 08:56:57.883,0.30829,0.30875,0.03,0.03
2011.10.03 08:56:58.555,0.30828,0.30872,0.03,0.03
2011.10.03 08:56:58.885,0.30825,0.30869,0.03,0.03
2011.10.03 08:57:01.003,0.30824,0.3087,0.03,0.03
2011.10.03 08:57:01.114,0.30827,0.30873,0.03,0.03
2011.10.03 08:57:02.408,0.3083,0.30874,0.03,0.03
2011.10.03 08:57:02.966,0.30828,0.30872,0.03,0.03
2011.10.03 08:57:03.295,0.30825,0.30869,0.03,0.03
2011.10.03 08:57:06.708,0.30825,0.30869,0.03,0.03
2011.10.03 08:57:11.223,0.30828,0.30872,0.03,0.03
2011.10.03 08:57:12.928,0.30828,0.30872,0.03,0.03
2011.10.03 08:57:15.016,0.30838,0.30882,0.03,0.03
2011.10.03 08:57:17.806,0.30838,0.30882,0.03,0.03
2011.10.03 08:57:17.913,0.30839,0.30885,0.03,0.03
2011.10.03 08:57:18.714,0.30839,0.30885,0.03,0.03
2011.10.03 08:57:21.393,0.30835,0.30879,0.03,0.03
2011.10.03 08:57:21.736,0.30837,0.30883,0.03,0.03
2011.10.03 08:57:22.173,0.30837,0.30883,0.03,0.03
2011.10.03 08:57:24.724,0.30837,0.30883,0.03,0.03
2011.10.03 08:57:25.159,0.30834,0.3088,0.03,0.03
2011.10.03 08:57:36.754,0.30837,0.30883,0.03,0.03
2011.10.03 08:57:38.075,0.30839,0.30885,0.03,0.03
2011.10.03 08:57:38.418,0.30842,0.30888,0.03,0.03
2011.10.03 08:57:38.534,0.30842,0.30888,0.03,0.03
2011.10.03 08:57:39.173,0.30842,0.30888,0.03,0.03
2011.10.03 08:57:40.174,0.30842,0.30888,0.03,0.03
2011.10.03 08:57:44.566,0.30842,0.30888,0.03,0.03
2011.10.03 08:58:00.536,0.3084,0.30884,0.03,0.03
2011.10.03 08:58:00.853,0.3084,0.30884,0.03,0.03
2011.10.03 08:58:01.655,0.3084,0.30884,0.03,0.03
2011.10.03 08:58:29.224,0.30838,0.30882,0.03,0.03
2011.10.03 08:58:29.635,0.30838,0.30882,0.03,0.03
2011.10.03 08:58:44.153,0.30834,0.3088,0.05,0.03
2011.10.03 08:58:45.696,0.30834,0.3088,0.05,0.03
2011.10.03 08:58:46.295,0.30827,0.30873,0.03,0.03
2011.10.03 08:58:46.626,0.30824,0.3087,0.03,0.03
2011.10.03 08:58:46.739,0.30824,0.30878,0.05,0.03
2011.10.03 08:58:46.857,0.30824,0.3087,0.05,0.03
2011.10.03 08:58:48.149,0.30825,0.30869,0.03,0.03
2011.10.03 08:58:48.265,0.30825,0.30869,0.03,0.03
2011.10.03 08:58:48.578,0.30825,0.30869,0.03,0.03
2011.10.03 08:58:49.192,0.30823,0.30867,0.05,0.03
2011.10.03 08:58:49.523,0.30824,0.30867,0.03,0.03
2011.10.03 08:58:51.324,0.30824,0.30865,0.03,0.03
2011.10.03 08:58:51.657,0.30818,0.30862,0.03,0.03
2011.10.03 08:58:52.094,0.30818,0.30862,0.03,0.03
2011.10.03 08:58:52.888,0.30818,0.30862,0.03,0.03
2011.10.03 08:58:54.186,0.30815,0.30859,0.03,0.03
2011.10.03 08:58:57.834,0.30813,0.30857,0.07,0.03
2011.10.03 08:58:59.317,0.30814,0.30854,0.04,0.03
2011.10.03 08:59:01.744,0.30814,0.30854,0.04,0.03
2011.10.03 08:59:03.504,0.30815,0.30859,0.03,0.03
2011.10.03 08:59:05.545,0.30818,0.30862,0.03,0.03
2011.10.03 08:59:07.605,0.30818,0.30862,0.03,0.03
2011.10.03 08:59:09.385,0.30814,0.3086,0.07,0.03
2011.10.03 08:59:09.939,0.30814,0.3086,0.07,0.03
2011.10.03 08:59:10.713,0.30814,0.3086,0.07,0.03
2011.10.03 08:59:32.345,0.30814,0.30857,0.04,0.03
2011.10.03 08:59:32.564,0.30813,0.3085,0.03,0.03
2011.10.03 08:59:32.673,0.30813,0.30852,0.03,0.03
2011.10.03 08:59:33.334,0.30813,0.3085,0.03,0.03
2011.10.03 08:59:37.619,0.30814,0.3085,0.03,0.03
2011.10.03 08:59:42.861,0.30814,0.30846,0.02,0.02
2011.10.03 08:59:43.755,0.30814,0.3085,0.03,0.03
2011.10.03 08:59:46.860,0.30804,0.30847,0.03,0.02
2011.10.03 08:59:47.965,0.30804,0.3085,0.03,0.03
2011.10.03 08:59:52.213,0.30804,0.3085,0.03,0.03
2011.10.03 08:59:52.693,0.30792,0.30838,0.03,0.03
2011.10.03 08:59:53.157,0.30789,0.30835,0.03,0.03
2011.10.03 08:59:53.264,0.30789,0.30835,0.03,0.03
2011.10.03 08:59:53.884,0.30787,0.30833,0.03,0.03
2011.10.03 08:59:54.307,0.30784,0.3083,0.05,0.03
2011.10.03 08:59:55.631,0.30784,0.3083,0.05,0.03
2011.10.03 08:59:57.383,0.30784,0.3083,0.05,0.03
2011.10.03 08:59:58.934,0.30784,0.30828,0.03,0.03
