2013.06.28 08:00:00.681,0.18861,0.18902,0.03,0.02
2013.06.28 08:00:00.958,0.18858,0.18901,0.03,0.03
2013.06.28 08:00:03.489,0.18855,0.18896,0.03,0.02
2013.06.28 08:00:04.889,0.18861,0.18902,0.03,0.02
2013.06.28 08:00:04.949,0.18865,0.18908,0.03,0.03
2013.06.28 08:00:05.079,0.18861,0.18903,0.03,0.03
2013.06.28 08:00:08.109,0.18862,0.18905,0.03,0.03
2013.06.28 08:00:08.229,0.18868,0.18912,0.03,0.03
2013.06.28 08:00:19.919,0.18877,0.1892,0.03,0.03
2013.06.28 08:00:20.363,0.1888,0.18921,0.03,0.02
2013.06.28 08:00:20.420,0.18876,0.1892,0.03,0.03
2013.06.28 08:00:21.249,0.18874,0.18918,0.03,0.03
2013.06.28 08:00:28.120,0.18872,0.18914,0.03,0.03
2013.06.28 08:00:32.121,0.18866,0.1891,0.03,0.03
2013.06.28 08:00:32.239,0.18865,0.18907,0.03,0.03
2013.06.28 08:00:33.349,0.18866,0.18908,0.03,0.03
2013.06.28 08:00:36.489,0.18864,0.18907,0.03,0.03
2013.06.28 08:00:36.752,0.18866,0.18907,0.03,0.02
2013.06.28 08:00:37.069,0.18868,0.18909,0.03,0.02
2013.06.28 08:00:37.989,0.18866,0.18909,0.03,0.03
2013.06.28 08:00:38.056,0.18861,0.18903,0.03,0.03
2013.06.28 08:00:38.509,0.18856,0.18899,0.03,0.03
2013.06.28 08:00:38.888,0.18856,0.18897,0.03,0.02
2013.06.28 08:00:39.579,0.18857,0.18898,0.03,0.02
2013.06.28 08:00:39.939,0.18855,0.18896,0.03,0.03
2013.06.28 08:00:40.034,0.18855,0.18898,0.03,0.03
2013.06.28 08:00:44.289,0.18861,0.18902,0.03,0.02
2013.06.28 08:00:50.429,0.18855,0.18898,0.03,0.03
2013.06.28 08:00:50.959,0.18853,0.18897,0.03,0.03
2013.06.28 08:00:51.034,0.18851,0.18894,0.03,0.03
2013.06.28 08:00:51.584,0.18852,0.18893,0.03,0.03
2013.06.28 08:00:53.609,0.18852,0.18895,0.03,0.03
2013.06.28 08:00:54.099,0.18855,0.18896,0.03,0.02
2013.06.28 08:00:54.447,0.18854,0.18895,0.03,0.03
2013.06.28 08:00:54.762,0.18852,0.18895,0.03,0.03
2013.06.28 08:00:56.131,0.18861,0.18904,0.03,0.03
2013.06.28 08:01:01.800,0.18861,0.18902,0.03,0.03
2013.06.28 08:01:02.116,0.18855,0.18897,0.03,0.03
2013.06.28 08:01:04.009,0.1886,0.18904,0.03,0.03
2013.06.28 08:01:05.148,0.18859,0.18902,0.03,0.03
2013.06.28 08:01:05.849,0.18854,0.18897,0.03,0.03
2013.06.28 08:01:06.360,0.18856,0.18897,0.03,0.02
2013.06.28 08:01:08.998,0.18855,0.18896,0.03,0.03
2013.06.28 08:01:09.329,0.18851,0.18894,0.03,0.03
2013.06.28 08:01:09.549,0.18853,0.18894,0.03,0.02
2013.06.28 08:01:09.878,0.18856,0.18897,0.03,0.02
2013.06.28 08:01:13.550,0.18854,0.18897,0.03,0.03
2013.06.28 08:01:16.329,0.18852,0.18893,0.03,0.03
2013.06.28 08:01:16.652,0.18853,0.18894,0.03,0.02
2013.06.28 08:01:16.880,0.18851,0.18894,0.03,0.03
2013.06.28 08:01:19.089,0.18851,0.18892,0.03,0.03
2013.06.28 08:01:19.469,0.18847,0.18891,0.03,0.03
2013.06.28 08:01:19.529,0.1885,0.18894,0.03,0.03
2013.06.28 08:01:25.999,0.1885,0.18891,0.03,0.02
2013.06.28 08:01:26.339,0.18846,0.1889,0.03,0.03
2013.06.28 08:01:26.410,0.18849,0.1889,0.03,0.03
2013.06.28 08:01:26.549,0.1885,0.18894,0.03,0.03
2013.06.28 08:01:27.689,0.18854,0.18896,0.03,0.03
2013.06.28 08:01:28.069,0.18852,0.18895,0.03,0.03
2013.06.28 08:01:28.199,0.18849,0.18893,0.03,0.03
2013.06.28 08:01:33.149,0.18851,0.18894,0.03,0.03
2013.06.28 08:01:33.450,0.18855,0.18897,0.03,0.03
2013.06.28 08:01:33.789,0.18852,0.18893,0.03,0.02
2013.06.28 08:01:34.396,0.18851,0.18895,0.03,0.03
2013.06.28 08:01:36.829,0.1885,0.18893,0.03,0.03
2013.06.28 08:01:37.886,0.18851,0.18894,0.03,0.03
2013.06.28 08:01:38.466,0.18854,0.18898,0.03,0.03
2013.06.28 08:01:39.260,0.18856,0.18899,0.03,0.03
2013.06.28 08:01:40.549,0.18854,0.18898,0.03,0.03
2013.06.28 08:01:42.889,0.1885,0.18891,0.03,0.03
2013.06.28 08:01:43.155,0.1885,0.18893,0.03,0.03
2013.06.28 08:01:47.579,0.18851,0.18894,0.03,0.03
2013.06.28 08:01:47.926,0.18854,0.18896,0.03,0.03
2013.06.28 08:01:48.319,0.18854,0.18898,0.03,0.03
2013.06.28 08:01:50.309,0.18853,0.18896,0.03,0.03
2013.06.28 08:01:50.383,0.1885,0.18893,0.03,0.03
2013.06.28 08:01:50.976,0.18852,0.18893,0.03,0.03
2013.06.28 08:01:52.135,0.18847,0.18888,0.03,0.02
2013.06.28 08:01:52.279,0.1885,0.18893,0.03,0.03
2013.06.28 08:01:54.419,0.18849,0.18891,0.03,0.03
2013.06.28 08:02:00.575,0.18846,0.18888,0.03,0.03
2013.06.28 08:02:03.739,0.18843,0.18887,0.03,0.03
2013.06.28 08:02:08.259,0.18847,0.1889,0.03,0.03
2013.06.28 08:02:08.667,0.18849,0.1889,0.03,0.02
2013.06.28 08:02:09.328,0.1885,0.18891,0.03,0.02
2013.06.28 08:02:09.770,0.18846,0.18888,0.03,0.03
2013.06.28 08:02:10.239,0.18847,0.18891,0.03,0.03
2013.06.28 08:02:10.389,0.18849,0.18891,0.03,0.03
2013.06.28 08:02:10.841,0.18851,0.18892,0.03,0.02
2013.06.28 08:02:11.357,0.18852,0.18893,0.03,0.02
2013.06.28 08:02:18.086,0.18851,0.18892,0.03,0.03
2013.06.28 08:02:19.290,0.18853,0.18896,0.03,0.03
2013.06.28 08:02:19.440,0.18855,0.18897,0.03,0.03
2013.06.28 08:02:19.559,0.18855,0.18899,0.03,0.03
2013.06.28 08:02:29.783,0.18857,0.189,0.03,0.03
2013.06.28 08:02:30.150,0.18858,0.18901,0.03,0.03
2013.06.28 08:02:31.130,0.18854,0.18898,0.03,0.03
2013.06.28 08:02:32.019,0.18857,0.18898,0.03,0.02
2013.06.28 08:02:32.739,0.1886,0.18903,0.03,0.03
2013.06.28 08:02:40.969,0.18868,0.18909,0.03,0.03
2013.06.28 08:02:41.509,0.18871,0.18913,0.03,0.03
2013.06.28 08:02:41.629,0.18873,0.18916,0.03,0.03
2013.06.28 08:02:41.869,0.18869,0.18912,0.03,0.03
2013.06.28 08:02:42.207,0.18873,0.18915,0.03,0.03
2013.06.28 08:02:42.380,0.18874,0.18917,0.03,0.03
2013.06.28 08:02:42.829,0.18876,0.18917,0.03,0.03
2013.06.28 08:02:43.279,0.18869,0.18911,0.03,0.03
2013.06.28 08:02:43.739,0.1886,0.18903,0.03,0.03
2013.06.28 08:02:44.099,0.1886,0.18902,0.03,0.03
2013.06.28 08:02:44.421,0.18858,0.18901,0.03,0.03
2013.06.28 08:02:44.629,0.18858,0.18899,0.03,0.02
2013.06.28 08:02:44.690,0.18852,0.18896,0.03,0.03
2013.06.28 08:02:45.180,0.18851,0.18892,0.03,0.03
2013.06.28 08:02:46.790,0.18855,0.18897,0.03,0.03
2013.06.28 08:02:49.719,0.18853,0.18897,0.03,0.03
2013.06.28 08:02:50.732,0.1885,0.18894,0.03,0.03
2013.06.28 08:02:51.300,0.18852,0.18895,0.03,0.03
2013.06.28 08:02:51.677,0.18858,0.18902,0.03,0.03
2013.06.28 08:02:52.070,0.18858,0.18899,0.03,0.02
2013.06.28 08:02:52.696,0.18854,0.18896,0.03,0.03
2013.06.28 08:02:55.629,0.18858,0.18902,0.03,0.03
2013.06.28 08:02:55.689,0.18864,0.18905,0.03,0.03
2013.06.28 08:03:01.169,0.18862,0.18904,0.03,0.03
2013.06.28 08:03:01.289,0.18858,0.18902,0.03,0.03
2013.06.28 08:03:04.089,0.18858,0.18899,0.03,0.02
2013.06.28 08:03:06.709,0.18861,0.18902,0.03,0.03
2013.06.28 08:03:11.078,0.18849,0.1889,0.03,0.02
2013.06.28 08:03:11.690,0.18844,0.18887,0.03,0.03
2013.06.28 08:03:12.065,0.18846,0.18887,0.03,0.02
2013.06.28 08:03:13.171,0.18847,0.18889,0.03,0.03
2013.06.28 08:03:13.300,0.1885,0.18893,0.03,0.03
2013.06.28 08:03:14.043,0.1885,0.18891,0.03,0.03
2013.06.28 08:03:16.131,0.18851,0.18892,0.03,0.02
2013.06.28 08:03:16.490,0.18855,0.18899,0.03,0.03
2013.06.28 08:03:16.610,0.18858,0.18901,0.03,0.03
2013.06.28 08:03:17.012,0.18855,0.18899,0.03,0.03
2013.06.28 08:03:20.320,0.18858,0.18901,0.03,0.03
2013.06.28 08:03:20.687,0.18861,0.18902,0.03,0.03
2013.06.28 08:03:21.207,0.18865,0.18906,0.03,0.03
2013.06.28 08:03:22.719,0.18865,0.18908,0.03,0.03
2013.06.28 08:03:22.820,0.18869,0.1891,0.03,0.02
2013.06.28 08:03:23.849,0.18865,0.18908,0.03,0.03
2013.06.28 08:03:23.969,0.18862,0.18906,0.03,0.03
2013.06.28 08:03:24.509,0.18865,0.18906,0.03,0.03
2013.06.28 08:03:24.900,0.18869,0.18911,0.03,0.03
2013.06.28 08:03:25.379,0.18866,0.18909,0.03,0.03
2013.06.28 08:03:25.499,0.18862,0.18905,0.03,0.03
2013.06.28 08:03:32.588,0.18865,0.18908,0.03,0.03
2013.06.28 08:03:37.559,0.18868,0.18909,0.03,0.02
2013.06.28 08:03:42.919,0.18871,0.18915,0.03,0.03
2013.06.28 08:03:46.629,0.18862,0.18905,0.03,0.03
2013.06.28 08:03:47.120,0.1886,0.18904,0.03,0.03
2013.06.28 08:03:47.479,0.18868,0.18909,0.03,0.02
2013.06.28 08:03:47.560,0.18864,0.18907,0.03,0.03
2013.06.28 08:03:52.329,0.18867,0.18908,0.03,0.02
2013.06.28 08:03:52.450,0.18867,0.1891,0.03,0.03
2013.06.28 08:03:56.350,0.18873,0.18914,0.03,0.03
2013.06.28 08:04:01.351,0.18864,0.18905,0.03,0.02
2013.06.28 08:04:01.819,0.18868,0.18911,0.03,0.03
2013.06.28 08:04:04.530,0.18875,0.18917,0.03,0.03
2013.06.28 08:04:09.543,0.18876,0.1892,0.03,0.03
2013.06.28 08:04:10.092,0.18878,0.18921,0.03,0.03
2013.06.28 08:04:11.301,0.18877,0.18918,0.03,0.03
2013.06.28 08:04:11.549,0.18873,0.18916,0.03,0.03
2013.06.28 08:04:12.137,0.18874,0.18918,0.03,0.03
2013.06.28 08:04:17.131,0.18878,0.18921,0.03,0.03
2013.06.28 08:04:18.885,0.18877,0.1892,0.03,0.03
2013.06.28 08:04:20.130,0.18879,0.1892,0.03,0.02
2013.06.28 08:04:30.391,0.18879,0.18922,0.03,0.03
2013.06.28 08:04:32.609,0.18881,0.18922,0.03,0.02
2013.06.28 08:04:35.100,0.18883,0.18924,0.03,0.02
2013.06.28 08:04:35.790,0.18885,0.18929,0.03,0.03
2013.06.28 08:04:37.750,0.18892,0.18935,0.03,0.03
2013.06.28 08:04:41.681,0.18888,0.18931,0.03,0.03
2013.06.28 08:04:42.044,0.18892,0.18936,0.03,0.03
2013.06.28 08:04:42.477,0.18888,0.18931,0.03,0.03
2013.06.28 08:04:43.439,0.18894,0.18935,0.03,0.02
2013.06.28 08:04:43.701,0.18893,0.18934,0.03,0.02
2013.06.28 08:04:44.159,0.1889,0.18933,0.03,0.03
2013.06.28 08:04:44.219,0.18887,0.1893,0.03,0.03
2013.06.28 08:04:44.735,0.18884,0.18925,0.03,0.03
2013.06.28 08:04:45.600,0.18885,0.18929,0.03,0.03
2013.06.28 08:04:45.780,0.18885,0.18927,0.03,0.03
2013.06.28 08:04:46.146,0.18883,0.18924,0.03,0.02
2013.06.28 08:04:46.941,0.18884,0.18925,0.03,0.02
2013.06.28 08:04:48.050,0.18885,0.18928,0.03,0.03
2013.06.28 08:04:48.133,0.18888,0.18932,0.03,0.03
2013.06.28 08:04:48.793,0.18891,0.18932,0.03,0.03
2013.06.28 08:04:49.171,0.18892,0.18935,0.03,0.03
2013.06.28 08:04:49.619,0.18891,0.18932,0.03,0.02
2013.06.28 08:04:50.310,0.18887,0.18928,0.03,0.03
2013.06.28 08:04:51.039,0.18888,0.1893,0.03,0.03
2013.06.28 08:04:55.860,0.18892,0.18936,0.03,0.03
2013.06.28 08:04:56.050,0.18895,0.18936,0.03,0.03
2013.06.28 08:04:57.270,0.18899,0.18941,0.03,0.03
2013.06.28 08:04:57.449,0.189,0.18943,0.03,0.03
2013.06.28 08:04:57.630,0.18894,0.18936,0.03,0.03
2013.06.28 08:04:57.800,0.18894,0.18938,0.03,0.03
2013.06.28 08:04:58.070,0.18894,0.18935,0.03,0.02
2013.06.28 08:04:58.249,0.18891,0.18934,0.03,0.03
2013.06.28 08:04:58.791,0.18893,0.18934,0.03,0.02
2013.06.28 08:04:58.910,0.18891,0.18934,0.03,0.03
2013.06.28 08:05:00.540,0.18892,0.18935,0.03,0.03
2013.06.28 08:05:01.470,0.1889,0.18934,0.03,0.03
2013.06.28 08:05:01.844,0.18892,0.18935,0.03,0.03
2013.06.28 08:05:02.300,0.18891,0.18932,0.03,0.02
2013.06.28 08:05:02.521,0.18888,0.18932,0.03,0.03
2013.06.28 08:05:03.411,0.1889,0.18933,0.03,0.03
2013.06.28 08:05:03.799,0.18892,0.18935,0.03,0.03
2013.06.28 08:05:04.680,0.18891,0.18933,0.03,0.03
2013.06.28 08:05:04.990,0.18884,0.18925,0.03,0.02
2013.06.28 08:05:05.274,0.18879,0.18923,0.03,0.03
2013.06.28 08:05:11.250,0.18879,0.18921,0.03,0.03
2013.06.28 08:05:11.461,0.18876,0.18919,0.03,0.03
2013.06.28 08:05:11.580,0.18873,0.18916,0.03,0.03
2013.06.28 08:05:11.898,0.18875,0.18918,0.03,0.03
2013.06.28 08:05:12.686,0.18876,0.18919,0.03,0.03
2013.06.28 08:05:13.027,0.18876,0.18917,0.03,0.03
2013.06.28 08:05:21.797,0.18876,0.18919,0.03,0.03
2013.06.28 08:05:22.520,0.18877,0.1892,0.03,0.03
2013.06.28 08:05:25.328,0.18877,0.18918,0.03,0.03
2013.06.28 08:05:38.300,0.18875,0.18918,0.03,0.03
2013.06.28 08:05:42.070,0.18873,0.18915,0.03,0.03
2013.06.28 08:05:43.240,0.18865,0.18909,0.03,0.03
2013.06.28 08:05:43.480,0.18862,0.18903,0.03,0.03
2013.06.28 08:05:48.760,0.18858,0.189,0.03,0.03
2013.06.28 08:05:49.248,0.18856,0.18897,0.03,0.03
2013.06.28 08:05:49.610,0.18853,0.18894,0.03,0.03
2013.06.28 08:05:50.159,0.18861,0.18902,0.03,0.02
2013.06.28 08:05:50.370,0.18858,0.18901,0.03,0.03
2013.06.28 08:05:50.481,0.18856,0.18898,0.03,0.03
2013.06.28 08:05:51.679,0.1886,0.18903,0.03,0.03
2013.06.28 08:05:51.884,0.1886,0.18901,0.03,0.02
2013.06.28 08:05:52.108,0.1886,0.18903,0.03,0.03
2013.06.28 08:05:54.370,0.18862,0.18905,0.03,0.03
2013.06.28 08:05:54.430,0.18866,0.18907,0.03,0.02
2013.06.28 08:05:55.969,0.18867,0.18908,0.03,0.02
2013.06.28 08:05:56.473,0.18866,0.18907,0.03,0.02
2013.06.28 08:05:56.830,0.18866,0.18909,0.03,0.03
2013.06.28 08:05:56.949,0.18868,0.18912,0.03,0.03
2013.06.28 08:05:57.256,0.18868,0.1891,0.03,0.03
2013.06.28 08:05:58.032,0.18868,0.18912,0.03,0.03
2013.06.28 08:05:58.930,0.18867,0.18908,0.03,0.02
2013.06.28 08:05:59.137,0.18865,0.18908,0.03,0.03
2013.06.28 08:05:59.720,0.18866,0.18909,0.03,0.03
2013.06.28 08:05:59.839,0.1887,0.18912,0.03,0.03
2013.06.28 08:06:03.109,0.18872,0.18913,0.03,0.03
2013.06.28 08:06:03.500,0.18875,0.18917,0.03,0.03
2013.06.28 08:06:10.327,0.1887,0.18913,0.03,0.03
2013.06.28 08:06:11.570,0.18874,0.18915,0.03,0.02
2013.06.28 08:06:11.906,0.18876,0.18918,0.03,0.03
2013.06.28 08:06:13.009,0.18876,0.1892,0.03,0.03
2013.06.28 08:06:16.320,0.18883,0.18924,0.03,0.02
2013.06.28 08:06:18.747,0.18886,0.18927,0.03,0.03
2013.06.28 08:06:19.081,0.1889,0.18924,0.02,0.02
2013.06.28 08:06:20.770,0.18893,0.18925,0.02,0.02
2013.06.28 08:06:20.830,0.1889,0.18922,0.02,0.02
2013.06.28 08:06:22.000,0.18898,0.18928,0.02,0.02
2013.06.28 08:06:22.120,0.18892,0.18924,0.02,0.02
2013.06.28 08:06:22.180,0.18892,0.18923,0.02,0.02
2013.06.28 08:06:22.946,0.18893,0.18925,0.02,0.02
2013.06.28 08:06:30.571,0.18883,0.18914,0.02,0.02
2013.06.28 08:06:30.690,0.18883,0.18914,0.02,0.02
2013.06.28 08:06:31.300,0.18883,0.18914,0.02,0.02
2013.06.28 08:06:36.349,0.18882,0.18913,0.02,0.02
2013.06.28 08:06:36.800,0.18882,0.18913,0.02,0.02
2013.06.28 08:06:37.487,0.18882,0.18912,0.02,0.02
2013.06.28 08:06:39.520,0.18887,0.18919,0.02,0.03
2013.06.28 08:06:39.700,0.18888,0.1892,0.02,0.02
2013.06.28 08:06:40.486,0.18888,0.18918,0.02,0.02
2013.06.28 08:06:45.370,0.18883,0.18916,0.02,0.03
2013.06.28 08:06:45.430,0.18883,0.18916,0.02,0.03
2013.06.28 08:06:46.085,0.18883,0.18914,0.02,0.02
2013.06.28 08:06:52.480,0.18882,0.18914,0.02,0.02
2013.06.28 08:06:56.790,0.18883,0.18919,0.02,0.02
2013.06.28 08:06:57.398,0.18882,0.18917,0.02,0.02
2013.06.28 08:06:59.221,0.18883,0.18914,0.02,0.02
2013.06.28 08:07:14.119,0.18882,0.18912,0.02,0.02
2013.06.28 08:07:15.676,0.18883,0.18918,0.02,0.02
2013.06.28 08:07:16.220,0.18881,0.18917,0.03,0.02
2013.06.28 08:07:20.520,0.18885,0.18919,0.02,0.02
2013.06.28 08:07:24.180,0.18886,0.1892,0.02,0.02
2013.06.28 08:07:25.697,0.18883,0.18913,0.02,0.02
2013.06.28 08:07:32.510,0.18882,0.18917,0.02,0.02
2013.06.28 08:07:35.027,0.18884,0.18919,0.02,0.02
2013.06.28 08:07:35.947,0.18883,0.18917,0.02,0.02
2013.06.28 08:07:36.500,0.18887,0.18917,0.02,0.02
2013.06.28 08:07:37.157,0.18884,0.18916,0.02,0.02
2013.06.28 08:07:37.563,0.18885,0.18917,0.02,0.02
2013.06.28 08:07:38.068,0.18882,0.18918,0.03,0.02
2013.06.28 08:07:38.590,0.18881,0.18917,0.03,0.02
2013.06.28 08:07:42.000,0.18882,0.1892,0.03,0.02
2013.06.28 08:07:42.153,0.18883,0.18914,0.02,0.02
2013.06.28 08:07:47.250,0.18883,0.18914,0.02,0.02
2013.06.28 08:07:48.973,0.18882,0.18913,0.02,0.02
2013.06.28 08:07:55.340,0.18872,0.18902,0.02,0.02
2013.06.28 08:07:55.400,0.18872,0.18902,0.02,0.02
2013.06.28 08:07:55.870,0.18864,0.18902,0.02,0.02
2013.06.28 08:07:56.090,0.18868,0.18898,0.02,0.02
2013.06.28 08:07:56.759,0.18868,0.18901,0.02,0.02
2013.06.28 08:08:03.241,0.18865,0.18896,0.02,0.02
2013.06.28 08:08:03.800,0.18873,0.18903,0.02,0.02
2013.06.28 08:08:05.962,0.18873,0.18904,0.02,0.02
2013.06.28 08:08:06.020,0.18873,0.18906,0.02,0.02
2013.06.28 08:08:07.470,0.18873,0.18906,0.02,0.02
2013.06.28 08:08:09.371,0.18871,0.18906,0.02,0.03
2013.06.28 08:08:12.811,0.18872,0.18907,0.02,0.02
2013.06.28 08:08:13.091,0.18872,0.18907,0.02,0.02
2013.06.28 08:08:13.210,0.18873,0.18906,0.02,0.02
2013.06.28 08:08:13.911,0.18873,0.18906,0.02,0.02
2013.06.28 08:08:14.570,0.18872,0.18907,0.02,0.02
2013.06.28 08:08:19.135,0.18872,0.18906,0.02,0.02
2013.06.28 08:08:19.250,0.18871,0.18903,0.02,0.02
2013.06.28 08:08:19.785,0.18871,0.18903,0.02,0.02
2013.06.28 08:08:20.445,0.18866,0.18901,0.02,0.03
2013.06.28 08:08:20.721,0.18877,0.18907,0.02,0.02
2013.06.28 08:08:21.240,0.18878,0.18911,0.02,0.03
2013.06.28 08:08:21.821,0.18878,0.1891,0.02,0.02
2013.06.28 08:08:22.499,0.18877,0.18912,0.02,0.03
2013.06.28 08:08:23.156,0.18876,0.18907,0.02,0.02
2013.06.28 08:08:26.547,0.18871,0.18909,0.02,0.03
2013.06.28 08:08:26.860,0.18871,0.18902,0.02,0.02
2013.06.28 08:08:26.920,0.18872,0.18902,0.02,0.02
2013.06.28 08:08:27.477,0.1887,0.18902,0.02,0.02
2013.06.28 08:08:29.226,0.18877,0.18907,0.02,0.02
2013.06.28 08:08:29.690,0.18877,0.18907,0.02,0.02
2013.06.28 08:08:31.390,0.18878,0.18909,0.02,0.02
2013.06.28 08:08:48.726,0.18877,0.18908,0.02,0.02
2013.06.28 08:08:57.637,0.18877,0.18912,0.02,0.03
2013.06.28 08:08:59.390,0.18883,0.18916,0.02,0.02
2013.06.28 08:08:59.965,0.1888,0.18914,0.02,0.02
2013.06.28 08:09:00.517,0.1888,0.18915,0.02,0.02
2013.06.28 08:09:02.620,0.18882,0.18916,0.02,0.03
2013.06.28 08:09:03.152,0.18883,0.18915,0.02,0.02
2013.06.28 08:09:05.116,0.18887,0.18917,0.02,0.02
2013.06.28 08:09:05.301,0.1888,0.18916,0.02,0.03
2013.06.28 08:09:05.420,0.18888,0.18918,0.02,0.03
2013.06.28 08:09:19.396,0.18887,0.18917,0.02,0.02
2013.06.28 08:09:20.010,0.18886,0.18918,0.02,0.02
2013.06.28 08:09:25.690,0.18893,0.18925,0.02,0.02
2013.06.28 08:09:25.870,0.18887,0.18921,0.02,0.02
2013.06.28 08:09:25.930,0.18888,0.18921,0.02,0.02
2013.06.28 08:09:25.991,0.18888,0.18925,0.02,0.02
2013.06.28 08:09:26.050,0.18887,0.18917,0.02,0.02
2013.06.28 08:09:26.310,0.18888,0.18919,0.02,0.03
2013.06.28 08:09:26.560,0.18882,0.18912,0.02,0.02
2013.06.28 08:09:26.651,0.18882,0.18912,0.02,0.02
2013.06.28 08:09:26.711,0.1888,0.18912,0.02,0.02
2013.06.28 08:09:26.830,0.18882,0.18912,0.02,0.02
2013.06.28 08:09:31.140,0.18876,0.18912,0.02,0.02
2013.06.28 08:09:31.900,0.18877,0.18912,0.02,0.02
2013.06.28 08:09:32.093,0.18877,0.18911,0.02,0.02
2013.06.28 08:09:42.520,0.18876,0.18912,0.02,0.02
2013.06.28 08:09:43.060,0.18877,0.18914,0.02,0.02
2013.06.28 08:09:43.237,0.18877,0.18907,0.02,0.02
2013.06.28 08:09:43.764,0.18877,0.18907,0.02,0.02
2013.06.28 08:09:44.780,0.18872,0.18907,0.02,0.02
2013.06.28 08:09:45.110,0.18872,0.18907,0.02,0.02
2013.06.28 08:09:45.717,0.18872,0.18907,0.02,0.03
2013.06.28 08:09:46.787,0.18873,0.18906,0.02,0.02
2013.06.28 08:09:47.107,0.18873,0.18906,0.02,0.02
2013.06.28 08:09:48.897,0.18878,0.18908,0.02,0.02
2013.06.28 08:09:49.071,0.18877,0.18909,0.02,0.02
2013.06.28 08:09:49.818,0.18877,0.18909,0.02,0.02
2013.06.28 08:09:51.521,0.18877,0.18912,0.02,0.02
2013.06.28 08:09:51.580,0.18877,0.18912,0.02,0.02
2013.06.28 08:09:58.021,0.18877,0.18912,0.02,0.02
2013.06.28 08:09:58.080,0.18877,0.18912,0.02,0.03
2013.06.28 08:09:58.629,0.18878,0.18911,0.02,0.02
2013.06.28 08:09:58.843,0.18876,0.18911,0.02,0.03
2013.06.28 08:09:59.350,0.18877,0.18907,0.02,0.02
2013.06.28 08:09:59.917,0.18876,0.18908,0.02,0.03
2013.06.28 08:10:05.168,0.18876,0.18907,0.02,0.02
2013.06.28 08:10:05.677,0.18876,0.18908,0.02,0.03
2013.06.28 08:10:08.470,0.18875,0.18906,0.02,0.02
2013.06.28 08:10:08.560,0.18876,0.18908,0.02,0.03
2013.06.28 08:10:09.881,0.18874,0.18906,0.02,0.02
2013.06.28 08:10:13.381,0.18877,0.18912,0.02,0.03
2013.06.28 08:10:13.500,0.18877,0.18909,0.02,0.02
2013.06.28 08:10:15.050,0.18878,0.18914,0.02,0.02
2013.06.28 08:10:18.816,0.18882,0.18912,0.02,0.02
2013.06.28 08:10:19.436,0.18883,0.18915,0.02,0.03
2013.06.28 08:10:19.550,0.18883,0.18913,0.02,0.02
2013.06.28 08:10:21.516,0.18882,0.18917,0.02,0.03
2013.06.28 08:10:21.826,0.18883,0.18916,0.02,0.02
2013.06.28 08:10:22.040,0.1888,0.18911,0.02,0.02
2013.06.28 08:10:22.800,0.18881,0.18912,0.02,0.02
2013.06.28 08:10:24.940,0.18876,0.18912,0.02,0.02
2013.06.28 08:10:25.468,0.18877,0.18913,0.02,0.02
2013.06.28 08:10:26.148,0.18876,0.18912,0.02,0.02
2013.06.28 08:10:26.260,0.18876,0.18907,0.02,0.02
2013.06.28 08:10:26.828,0.18875,0.18907,0.02,0.02
2013.06.28 08:10:27.840,0.18872,0.18907,0.02,0.03
2013.06.28 08:10:27.901,0.18872,0.18907,0.02,0.03
2013.06.28 08:10:28.140,0.18877,0.18907,0.02,0.02
2013.06.28 08:10:28.823,0.18877,0.18907,0.02,0.02
2013.06.28 08:10:29.380,0.18871,0.18903,0.02,0.02
2013.06.28 08:10:48.637,0.18867,0.18903,0.02,0.02
2013.06.28 08:10:49.177,0.18866,0.18902,0.02,0.02
2013.06.28 08:10:49.910,0.1887,0.18904,0.02,0.02
2013.06.28 08:10:50.537,0.1887,0.18902,0.02,0.02
2013.06.28 08:10:51.184,0.18873,0.18904,0.02,0.02
2013.06.28 08:10:51.660,0.1887,0.18903,0.02,0.02
2013.06.28 08:10:52.218,0.18873,0.18906,0.02,0.02
2013.06.28 08:10:52.962,0.18868,0.18903,0.02,0.02
2013.06.28 08:10:53.381,0.18867,0.18897,0.02,0.02
2013.06.28 08:11:00.830,0.18868,0.18898,0.02,0.02
2013.06.28 08:11:02.180,0.18867,0.18897,0.02,0.02
2013.06.28 08:11:04.550,0.18869,0.18902,0.02,0.02
2013.06.28 08:11:06.865,0.18869,0.18905,0.02,0.02
2013.06.28 08:11:08.400,0.18873,0.18905,0.02,0.02
2013.06.28 08:11:08.496,0.18873,0.18906,0.02,0.02
2013.06.28 08:11:09.045,0.18873,0.18906,0.02,0.02
2013.06.28 08:11:10.130,0.18873,0.18906,0.02,0.02
2013.06.28 08:11:10.371,0.18871,0.18906,0.02,0.02
2013.06.28 08:11:10.490,0.18872,0.18907,0.02,0.02
2013.06.28 08:11:10.795,0.18873,0.18906,0.02,0.02
2013.06.28 08:11:31.069,0.18878,0.1891,0.02,0.02
2013.06.28 08:11:31.573,0.18878,0.18911,0.02,0.02
2013.06.28 08:11:32.008,0.18882,0.18917,0.02,0.02
2013.06.28 08:11:34.914,0.18882,0.18917,0.02,0.02
2013.06.28 08:11:40.970,0.18883,0.18916,0.02,0.02
2013.06.28 08:11:41.290,0.18882,0.18917,0.02,0.02
2013.06.28 08:11:41.431,0.18882,0.18917,0.02,0.02
2013.06.28 08:11:41.982,0.18882,0.18917,0.02,0.02
2013.06.28 08:11:42.490,0.18887,0.18917,0.02,0.02
2013.06.28 08:11:47.406,0.18888,0.18918,0.02,0.02
2013.06.28 08:12:14.813,0.18887,0.18917,0.02,0.02
2013.06.28 08:12:19.220,0.18887,0.18917,0.02,0.02
2013.06.28 08:12:19.794,0.18887,0.18919,0.02,0.02
2013.06.28 08:12:20.051,0.18887,0.18922,0.02,0.03
2013.06.28 08:12:20.230,0.1889,0.18921,0.02,0.02
2013.06.28 08:12:20.968,0.18892,0.18922,0.02,0.02
2013.06.28 08:12:22.721,0.18892,0.18929,0.02,0.02
2013.06.28 08:12:23.436,0.18889,0.18922,0.02,0.02
2013.06.28 08:12:23.987,0.18893,0.18928,0.02,0.02
2013.06.28 08:12:30.181,0.18892,0.18922,0.02,0.02
2013.06.28 08:12:30.796,0.18889,0.18922,0.02,0.02
2013.06.28 08:12:31.353,0.18893,0.18923,0.02,0.02
2013.06.28 08:12:33.200,0.18892,0.18922,0.02,0.02
2013.06.28 08:12:33.711,0.1889,0.18924,0.02,0.02
2013.06.28 08:12:34.251,0.18882,0.18925,0.03,0.03
2013.06.28 08:12:38.571,0.18883,0.18916,0.02,0.02
2013.06.28 08:12:38.727,0.18883,0.18916,0.02,0.02
2013.06.28 08:12:39.230,0.18883,0.18916,0.02,0.02
2013.06.28 08:12:41.383,0.18885,0.18919,0.02,0.02
2013.06.28 08:12:41.681,0.18882,0.18918,0.02,0.02
2013.06.28 08:12:41.740,0.18882,0.1892,0.03,0.02
2013.06.28 08:12:42.273,0.18882,0.18917,0.02,0.02
2013.06.28 08:12:49.511,0.18883,0.18915,0.02,0.02
2013.06.28 08:12:49.570,0.18883,0.18916,0.02,0.02
2013.06.28 08:12:50.328,0.18882,0.18917,0.02,0.03
2013.06.28 08:12:52.210,0.18882,0.18917,0.02,0.02
2013.06.28 08:12:55.811,0.18882,0.18917,0.02,0.02
2013.06.28 08:12:57.625,0.18883,0.18914,0.02,0.02
2013.06.28 08:12:57.741,0.1888,0.18911,0.02,0.02
2013.06.28 08:13:00.487,0.18882,0.18913,0.02,0.02
2013.06.28 08:13:00.558,0.18882,0.18912,0.02,0.02
2013.06.28 08:13:16.194,0.18877,0.18912,0.02,0.02
2013.06.28 08:13:17.451,0.18878,0.18913,0.02,0.02
2013.06.28 08:13:17.930,0.18877,0.18907,0.02,0.02
2013.06.28 08:13:17.990,0.18871,0.18907,0.02,0.02
2013.06.28 08:13:18.960,0.18873,0.18906,0.02,0.02
2013.06.28 08:13:19.020,0.18872,0.18906,0.02,0.03
2013.06.28 08:13:19.597,0.18872,0.18902,0.02,0.02
2013.06.28 08:13:21.340,0.18872,0.18907,0.02,0.02
2013.06.28 08:13:25.213,0.18872,0.18904,0.02,0.02
2013.06.28 08:13:29.367,0.18872,0.18904,0.02,0.02
2013.06.28 08:13:30.758,0.18873,0.1891,0.02,0.02
2013.06.28 08:13:31.259,0.18873,0.18904,0.02,0.02
2013.06.28 08:13:38.630,0.18868,0.18901,0.02,0.02
2013.06.28 08:13:38.690,0.18868,0.18901,0.02,0.02
2013.06.28 08:13:38.750,0.18873,0.18904,0.02,0.02
2013.06.28 08:13:38.811,0.18873,0.18906,0.02,0.02
2013.06.28 08:13:39.438,0.18868,0.18901,0.02,0.02
2013.06.28 08:13:43.630,0.18867,0.18899,0.02,0.02
2013.06.28 08:13:43.810,0.18868,0.18901,0.02,0.02
2013.06.28 08:13:46.283,0.18867,0.18897,0.02,0.02
2013.06.28 08:13:46.817,0.18867,0.18897,0.02,0.03
2013.06.28 08:13:47.800,0.18868,0.18898,0.02,0.02
2013.06.28 08:13:53.451,0.18867,0.18897,0.02,0.02
2013.06.28 08:13:53.992,0.18872,0.18902,0.02,0.02
2013.06.28 08:13:54.387,0.18869,0.18903,0.02,0.02
2013.06.28 08:13:54.792,0.18871,0.18903,0.02,0.02
2013.06.28 08:13:54.930,0.18873,0.18908,0.02,0.02
2013.06.28 08:13:55.050,0.18872,0.18902,0.02,0.02
2013.06.28 08:13:55.180,0.1887,0.18902,0.02,0.02
2013.06.28 08:13:55.301,0.18872,0.18904,0.02,0.02
2013.06.28 08:13:57.381,0.18866,0.18902,0.03,0.02
2013.06.28 08:13:57.982,0.18872,0.18904,0.02,0.02
2013.06.28 08:13:58.531,0.18873,0.18905,0.02,0.02
2013.06.28 08:13:59.248,0.18872,0.18907,0.02,0.02
2013.06.28 08:14:00.711,0.18872,0.18907,0.02,0.02
2013.06.28 08:14:00.772,0.18872,0.18907,0.02,0.02
2013.06.28 08:14:02.221,0.18877,0.18907,0.02,0.02
2013.06.28 08:14:02.530,0.18882,0.18912,0.02,0.02
2013.06.28 08:14:10.158,0.18883,0.18915,0.02,0.02
2013.06.28 08:14:12.889,0.18882,0.18913,0.02,0.02
2013.06.28 08:14:15.161,0.18883,0.18915,0.02,0.02
2013.06.28 08:14:19.008,0.18882,0.18913,0.02,0.02
2013.06.28 08:14:21.645,0.18883,0.18915,0.02,0.02
2013.06.28 08:14:25.412,0.18882,0.18918,0.02,0.02
2013.06.28 08:14:25.537,0.18882,0.18917,0.02,0.02
2013.06.28 08:14:25.651,0.18883,0.18914,0.02,0.02
2013.06.28 08:14:26.471,0.18887,0.18917,0.02,0.02
2013.06.28 08:14:26.531,0.18887,0.18919,0.02,0.02
2013.06.28 08:14:35.401,0.18886,0.18917,0.02,0.02
2013.06.28 08:14:35.461,0.18881,0.18917,0.03,0.02
2013.06.28 08:14:37.184,0.18892,0.18923,0.02,0.02
2013.06.28 08:14:37.421,0.1889,0.18922,0.02,0.02
2013.06.28 08:14:37.541,0.18892,0.18928,0.02,0.02
2013.06.28 08:14:37.824,0.18894,0.18927,0.02,0.03
2013.06.28 08:14:38.372,0.18898,0.18929,0.02,0.03
2013.06.28 08:14:38.430,0.18894,0.18926,0.02,0.02
2013.06.28 08:14:38.491,0.18898,0.18928,0.02,0.03
2013.06.28 08:14:40.802,0.18894,0.18926,0.02,0.02
2013.06.28 08:14:40.981,0.18898,0.18928,0.02,0.03
2013.06.28 08:14:43.602,0.18897,0.18927,0.02,0.02
2013.06.28 08:14:47.751,0.18889,0.18932,0.03,0.03
2013.06.28 08:14:48.855,0.18892,0.18928,0.03,0.02
2013.06.28 08:14:52.201,0.18897,0.18927,0.02,0.03
2013.06.28 08:14:54.371,0.18896,0.18927,0.02,0.03
2013.06.28 08:14:59.038,0.18893,0.18927,0.02,0.03
2013.06.28 08:14:59.748,0.18897,0.18927,0.02,0.02
2013.06.28 08:15:00.849,0.18898,0.1893,0.02,0.03
2013.06.28 08:15:01.901,0.18897,0.18927,0.02,0.02
2013.06.28 08:15:02.441,0.18897,0.18927,0.02,0.02
2013.06.28 08:15:02.796,0.18897,0.18927,0.02,0.02
2013.06.28 08:15:03.557,0.18898,0.1893,0.02,0.02
2013.06.28 08:15:05.375,0.18897,0.18927,0.02,0.02
2013.06.28 08:15:07.242,0.18892,0.18928,0.02,0.02
2013.06.28 08:15:10.124,0.18894,0.18927,0.02,0.03
2013.06.28 08:15:12.083,0.18898,0.18928,0.02,0.02
2013.06.28 08:15:12.161,0.18893,0.18926,0.02,0.03
2013.06.28 08:15:12.281,0.18898,0.18928,0.02,0.03
2013.06.28 08:15:12.959,0.18897,0.18927,0.02,0.02
2013.06.28 08:15:15.694,0.18907,0.18937,0.02,0.02
2013.06.28 08:15:15.751,0.18902,0.18934,0.02,0.02
2013.06.28 08:15:16.308,0.18908,0.18938,0.02,0.02
2013.06.28 08:15:17.192,0.18907,0.18938,0.02,0.02
2013.06.28 08:15:17.987,0.18907,0.18941,0.02,0.04
2013.06.28 08:15:18.421,0.18898,0.18941,0.03,0.03
2013.06.28 08:15:18.771,0.18907,0.18937,0.02,0.02
2013.06.28 08:15:22.274,0.18904,0.18938,0.02,0.02
2013.06.28 08:15:23.018,0.18902,0.18936,0.02,0.02
2013.06.28 08:15:23.721,0.18898,0.18937,0.02,0.02
2013.06.28 08:15:24.028,0.18897,0.18932,0.02,0.02
2013.06.28 08:15:24.882,0.18897,0.18932,0.02,0.02
2013.06.28 08:15:24.941,0.18903,0.18933,0.02,0.02
2013.06.28 08:15:25.062,0.18902,0.18938,0.03,0.02
2013.06.28 08:15:25.564,0.18903,0.18937,0.02,0.03
2013.06.28 08:15:25.911,0.18908,0.18945,0.02,0.03
2013.06.28 08:15:26.092,0.18908,0.18942,0.02,0.02
2013.06.28 08:15:26.862,0.18904,0.18936,0.02,0.02
2013.06.28 08:15:28.082,0.18906,0.18942,0.02,0.02
2013.06.28 08:15:31.331,0.18909,0.18941,0.02,0.02
2013.06.28 08:15:31.451,0.18904,0.1894,0.02,0.02
2013.06.28 08:15:32.391,0.18907,0.18937,0.02,0.02
2013.06.28 08:15:33.820,0.18907,0.18939,0.02,0.03
2013.06.28 08:15:35.801,0.18906,0.18937,0.02,0.03
2013.06.28 08:15:36.347,0.18903,0.18936,0.02,0.03
2013.06.28 08:15:36.461,0.18903,0.18935,0.02,0.02
2013.06.28 08:15:36.791,0.18902,0.18933,0.02,0.02
2013.06.28 08:15:46.293,0.18896,0.18933,0.02,0.02
2013.06.28 08:15:46.421,0.18898,0.1893,0.02,0.02
2013.06.28 08:15:46.661,0.18897,0.18927,0.02,0.02
2013.06.28 08:15:49.201,0.18897,0.18932,0.02,0.02
2013.06.28 08:15:50.391,0.18898,0.18928,0.02,0.02
2013.06.28 08:15:50.881,0.18893,0.18926,0.02,0.02
2013.06.28 08:15:51.081,0.18892,0.18923,0.02,0.02
2013.06.28 08:15:59.908,0.18892,0.18923,0.02,0.02
2013.06.28 08:16:02.101,0.18893,0.18927,0.02,0.02
2013.06.28 08:16:02.221,0.18897,0.18927,0.02,0.02
2013.06.28 08:16:11.161,0.18912,0.18942,0.02,0.02
2013.06.28 08:16:11.281,0.1891,0.18942,0.02,0.02
2013.06.28 08:16:14.791,0.18909,0.18942,0.02,0.02
2013.06.28 08:16:14.861,0.18908,0.18938,0.02,0.02
2013.06.28 08:16:14.921,0.18903,0.18935,0.02,0.02
2013.06.28 08:16:15.341,0.18902,0.18934,0.02,0.02
2013.06.28 08:16:15.482,0.18899,0.18932,0.02,0.02
2013.06.28 08:16:15.782,0.18895,0.18927,0.02,0.02
2013.06.28 08:16:16.318,0.18894,0.18929,0.02,0.02
2013.06.28 08:16:17.579,0.18891,0.18927,0.02,0.02
2013.06.28 08:16:18.981,0.18892,0.18929,0.02,0.02
2013.06.28 08:16:19.334,0.18898,0.18935,0.02,0.02
2013.06.28 08:16:19.412,0.18898,0.18933,0.02,0.02
2013.06.28 08:16:19.951,0.18899,0.18933,0.02,0.02
2013.06.28 08:16:20.011,0.189,0.18931,0.02,0.02
2013.06.28 08:16:24.332,0.18902,0.18934,0.02,0.02
2013.06.28 08:16:24.468,0.18902,0.18936,0.02,0.02
2013.06.28 08:16:24.781,0.18908,0.18939,0.02,0.03
2013.06.28 08:16:24.841,0.18906,0.18938,0.02,0.02
2013.06.28 08:16:25.394,0.18907,0.18938,0.02,0.02
2013.06.28 08:16:25.480,0.18908,0.18945,0.02,0.02
2013.06.28 08:16:26.227,0.18908,0.18944,0.02,0.02
2013.06.28 08:16:26.881,0.18913,0.18944,0.02,0.02
2013.06.28 08:16:27.107,0.18913,0.18946,0.02,0.02
2013.06.28 08:16:28.271,0.18913,0.18948,0.02,0.02
2013.06.28 08:16:28.763,0.18908,0.18942,0.02,0.02
2013.06.28 08:16:29.122,0.18907,0.18942,0.02,0.03
2013.06.28 08:16:30.829,0.1891,0.18942,0.02,0.02
2013.06.28 08:16:31.861,0.18907,0.18945,0.02,0.02
2013.06.28 08:16:32.374,0.18907,0.18941,0.02,0.02
2013.06.28 08:16:33.032,0.1891,0.18941,0.02,0.02
2013.06.28 08:16:38.861,0.18906,0.18937,0.02,0.02
2013.06.28 08:16:39.220,0.18905,0.18937,0.02,0.02
2013.06.28 08:16:39.818,0.18905,0.18939,0.02,0.02
2013.06.28 08:16:43.858,0.18908,0.18945,0.02,0.02
2013.06.28 08:16:43.971,0.18905,0.18938,0.02,0.02
2013.06.28 08:16:44.281,0.18907,0.18942,0.02,0.02
2013.06.28 08:16:44.711,0.18913,0.18944,0.02,0.02
2013.06.28 08:16:45.483,0.18912,0.18947,0.02,0.02
2013.06.28 08:16:46.021,0.18912,0.18948,0.02,0.02
2013.06.28 08:16:47.941,0.18913,0.18949,0.02,0.02
2013.06.28 08:16:48.281,0.18911,0.18943,0.02,0.02
2013.06.28 08:16:48.341,0.1891,0.18942,0.02,0.02
2013.06.28 08:16:49.134,0.18912,0.18949,0.02,0.02
2013.06.28 08:16:49.371,0.18911,0.18948,0.02,0.02
2013.06.28 08:16:49.551,0.18915,0.18949,0.02,0.02
2013.06.28 08:16:50.091,0.18908,0.18948,0.02,0.02
2013.06.28 08:16:50.752,0.18913,0.18954,0.02,0.02
2013.06.28 08:16:51.258,0.18913,0.1895,0.02,0.02
2013.06.28 08:16:52.141,0.1891,0.18947,0.02,0.02
2013.06.28 08:16:52.201,0.18913,0.18943,0.02,0.02
2013.06.28 08:16:52.321,0.18909,0.18942,0.02,0.03
2013.06.28 08:16:57.023,0.18903,0.18937,0.02,0.02
2013.06.28 08:16:57.451,0.18902,0.18936,0.03,0.02
2013.06.28 08:16:58.753,0.18905,0.18936,0.02,0.02
2013.06.28 08:17:00.186,0.18906,0.18937,0.02,0.02
2013.06.28 08:17:00.702,0.18902,0.18936,0.03,0.02
2013.06.28 08:17:02.102,0.18901,0.18937,0.03,0.02
2013.06.28 08:17:02.846,0.18898,0.18935,0.02,0.02
2013.06.28 08:17:02.912,0.18898,0.18932,0.02,0.02
2013.06.28 08:17:02.992,0.18895,0.18926,0.02,0.02
2013.06.28 08:17:03.332,0.18893,0.18925,0.02,0.02
2013.06.28 08:17:03.781,0.18892,0.18924,0.02,0.02
2013.06.28 08:17:04.432,0.18893,0.18925,0.02,0.02
2013.06.28 08:17:05.299,0.18897,0.18927,0.02,0.02
2013.06.28 08:17:05.880,0.18893,0.1893,0.02,0.02
2013.06.28 08:17:06.728,0.18893,0.1893,0.02,0.02
2013.06.28 08:17:06.953,0.18896,0.18928,0.02,0.02
2013.06.28 08:17:07.501,0.18897,0.1893,0.02,0.02
2013.06.28 08:17:08.073,0.18892,0.18922,0.02,0.02
2013.06.28 08:17:08.191,0.18892,0.18926,0.02,0.02
2013.06.28 08:17:08.311,0.18892,0.18924,0.02,0.02
2013.06.28 08:17:14.286,0.18897,0.18927,0.02,0.02
2013.06.28 08:17:14.888,0.18897,0.18927,0.02,0.02
2013.06.28 08:17:15.361,0.18895,0.18927,0.02,0.02
2013.06.28 08:17:16.318,0.18896,0.18932,0.02,0.03
2013.06.28 08:17:19.675,0.18897,0.18927,0.02,0.02
2013.06.28 08:17:23.780,0.18898,0.18932,0.02,0.03
2013.06.28 08:17:24.921,0.18898,0.18933,0.02,0.02
2013.06.28 08:17:27.901,0.18898,0.18932,0.02,0.02
2013.06.28 08:17:28.611,0.18897,0.18927,0.02,0.02
2013.06.28 08:17:30.361,0.18897,0.1893,0.02,0.03
2013.06.28 08:17:30.872,0.18895,0.18927,0.02,0.02
2013.06.28 08:17:31.531,0.18896,0.18928,0.02,0.02
2013.06.28 08:17:33.447,0.18896,0.18927,0.02,0.02
2013.06.28 08:17:33.561,0.18894,0.18927,0.02,0.02
2013.06.28 08:17:33.751,0.18893,0.18927,0.02,0.02
2013.06.28 08:17:34.281,0.18895,0.18929,0.02,0.02
2013.06.28 08:17:34.501,0.18893,0.18924,0.02,0.02
2013.06.28 08:17:34.681,0.18893,0.18926,0.02,0.02
2013.06.28 08:17:38.681,0.18893,0.18927,0.02,0.02
2013.06.28 08:17:38.741,0.18893,0.18927,0.02,0.02
2013.06.28 08:17:38.861,0.18896,0.18928,0.02,0.02
2013.06.28 08:17:45.641,0.18892,0.18922,0.02,0.02
2013.06.28 08:17:45.821,0.18893,0.18926,0.02,0.02
2013.06.28 08:17:48.076,0.18893,0.18924,0.02,0.03
2013.06.28 08:17:50.721,0.18892,0.18922,0.02,0.02
2013.06.28 08:17:50.877,0.18892,0.18924,0.02,0.02
2013.06.28 08:17:51.211,0.18893,0.18928,0.02,0.02
2013.06.28 08:17:51.331,0.18894,0.18926,0.02,0.02
2013.06.28 08:17:51.998,0.18896,0.18927,0.02,0.02
2013.06.28 08:17:53.061,0.18896,0.1893,0.02,0.02
2013.06.28 08:17:53.201,0.18891,0.18924,0.03,0.02
2013.06.28 08:17:53.641,0.18892,0.18924,0.02,0.02
2013.06.28 08:17:54.338,0.18892,0.18922,0.02,0.02
2013.06.28 08:17:59.031,0.18892,0.18929,0.03,0.02
2013.06.28 08:17:59.272,0.18896,0.18927,0.02,0.02
2013.06.28 08:17:59.950,0.18896,0.1893,0.02,0.03
2013.06.28 08:18:00.754,0.18897,0.18932,0.02,0.02
2013.06.28 08:18:00.931,0.18897,0.18933,0.02,0.02
2013.06.28 08:18:01.568,0.18894,0.18927,0.02,0.02
2013.06.28 08:18:02.961,0.18896,0.18928,0.02,0.02
2013.06.28 08:18:03.518,0.18894,0.18926,0.02,0.02
2013.06.28 08:18:03.662,0.18893,0.18926,0.02,0.02
2013.06.28 08:18:03.901,0.18892,0.18924,0.02,0.02
2013.06.28 08:18:05.449,0.18892,0.18922,0.02,0.02
2013.06.28 08:18:06.221,0.18891,0.18922,0.02,0.02
2013.06.28 08:18:06.901,0.18892,0.18924,0.02,0.02
2013.06.28 08:18:07.621,0.18892,0.18922,0.02,0.02
2013.06.28 08:18:10.111,0.18898,0.18929,0.02,0.02
2013.06.28 08:18:10.291,0.18893,0.18927,0.02,0.02
2013.06.28 08:18:10.373,0.18895,0.18927,0.02,0.02
2013.06.28 08:18:10.888,0.18898,0.18932,0.02,0.03
2013.06.28 08:18:12.461,0.18897,0.18927,0.02,0.02
2013.06.28 08:18:13.921,0.18897,0.18933,0.02,0.02
2013.06.28 08:18:14.321,0.18896,0.18931,0.02,0.02
2013.06.28 08:18:14.441,0.18897,0.18932,0.02,0.02
2013.06.28 08:18:14.581,0.18897,0.18932,0.02,0.03
2013.06.28 08:18:15.221,0.18897,0.18932,0.02,0.02
2013.06.28 08:18:15.741,0.18898,0.18931,0.02,0.02
2013.06.28 08:18:22.301,0.189,0.18935,0.02,0.02
2013.06.28 08:18:22.868,0.18897,0.18932,0.02,0.02
2013.06.28 08:18:26.670,0.18898,0.18935,0.02,0.03
2013.06.28 08:18:27.496,0.18897,0.18932,0.02,0.02
2013.06.28 08:18:28.131,0.18897,0.18932,0.02,0.02
2013.06.28 08:18:29.961,0.18897,0.18932,0.02,0.02
2013.06.28 08:18:30.601,0.18898,0.18934,0.02,0.02
2013.06.28 08:18:34.096,0.18908,0.1894,0.02,0.04
2013.06.28 08:18:34.271,0.18906,0.18938,0.02,0.02
2013.06.28 08:18:34.968,0.18905,0.18937,0.02,0.02
2013.06.28 08:18:37.214,0.18901,0.1894,0.02,0.02
2013.06.28 08:18:38.144,0.18901,0.18937,0.02,0.02
2013.06.28 08:18:38.322,0.18901,0.18937,0.02,0.02
2013.06.28 08:18:38.451,0.18901,0.18937,0.02,0.02
2013.06.28 08:18:39.877,0.18902,0.18937,0.02,0.02
2013.06.28 08:18:39.991,0.18902,0.18937,0.02,0.02
2013.06.28 08:18:40.305,0.189,0.18936,0.02,0.03
2013.06.28 08:18:43.362,0.18896,0.18932,0.03,0.02
2013.06.28 08:18:48.331,0.18898,0.18928,0.02,0.02
2013.06.28 08:18:50.695,0.18897,0.18927,0.02,0.02
2013.06.28 08:18:51.423,0.18897,0.18934,0.03,0.02
2013.06.28 08:18:51.851,0.18898,0.18931,0.02,0.02
2013.06.28 08:18:52.558,0.18903,0.18936,0.02,0.02
2013.06.28 08:18:55.862,0.18901,0.18933,0.02,0.02
2013.06.28 08:18:58.629,0.18902,0.18937,0.02,0.03
2013.06.28 08:18:58.781,0.18903,0.18937,0.02,0.02
2013.06.28 08:19:02.261,0.18903,0.18939,0.02,0.02
2013.06.28 08:19:08.351,0.18907,0.18937,0.02,0.02
2013.06.28 08:19:08.911,0.18908,0.18939,0.02,0.02
2013.06.28 08:19:09.673,0.18905,0.18937,0.02,0.02
2013.06.28 08:19:10.503,0.18899,0.18938,0.02,0.02
2013.06.28 08:19:10.621,0.18902,0.18933,0.02,0.02
2013.06.28 08:19:10.742,0.18898,0.18931,0.02,0.02
2013.06.28 08:19:10.941,0.18898,0.18931,0.02,0.02
2013.06.28 08:19:12.653,0.18897,0.18927,0.02,0.02
2013.06.28 08:19:13.188,0.18898,0.18931,0.02,0.02
2013.06.28 08:19:14.822,0.18897,0.18927,0.02,0.02
2013.06.28 08:19:14.881,0.18893,0.18927,0.02,0.02
2013.06.28 08:19:15.301,0.18897,0.18929,0.02,0.02
2013.06.28 08:19:19.168,0.18893,0.18927,0.02,0.02
2013.06.28 08:19:19.401,0.18892,0.18922,0.02,0.02
2013.06.28 08:19:19.998,0.18893,0.18923,0.02,0.02
2013.06.28 08:19:20.919,0.18892,0.18929,0.03,0.02
2013.06.28 08:19:21.658,0.18894,0.18927,0.02,0.03
2013.06.28 08:19:28.628,0.18898,0.1893,0.02,0.02
2013.06.28 08:19:28.802,0.18898,0.18928,0.02,0.02
2013.06.28 08:19:30.762,0.18897,0.18927,0.02,0.02
2013.06.28 08:19:32.106,0.18898,0.18931,0.02,0.02
2013.06.28 08:19:32.232,0.18898,0.18931,0.02,0.02
2013.06.28 08:19:36.372,0.18898,0.1893,0.02,0.02
2013.06.28 08:19:36.491,0.18898,0.18931,0.02,0.03
2013.06.28 08:19:37.422,0.18894,0.18926,0.02,0.02
2013.06.28 08:19:41.099,0.18892,0.18927,0.02,0.02
2013.06.28 08:19:41.212,0.18895,0.18928,0.02,0.02
2013.06.28 08:19:42.234,0.18892,0.18927,0.02,0.02
2013.06.28 08:19:42.751,0.18893,0.18923,0.02,0.02
2013.06.28 08:19:46.658,0.18892,0.18922,0.02,0.02
2013.06.28 08:19:48.289,0.18893,0.18924,0.02,0.02
2013.06.28 08:19:48.831,0.18893,0.18926,0.02,0.02
2013.06.28 08:19:50.548,0.18887,0.18917,0.02,0.02
2013.06.28 08:19:50.702,0.18888,0.18919,0.02,0.02
2013.06.28 08:19:51.064,0.18884,0.18918,0.02,0.02
2013.06.28 08:19:51.255,0.18878,0.18914,0.02,0.02
2013.06.28 08:19:52.078,0.18878,0.18919,0.02,0.02
2013.06.28 08:19:52.509,0.18882,0.18912,0.02,0.02
2013.06.28 08:19:53.065,0.18878,0.18913,0.02,0.02
2013.06.28 08:19:53.774,0.18874,0.18912,0.02,0.03
2013.06.28 08:19:57.881,0.18888,0.18919,0.02,0.02
2013.06.28 08:19:58.001,0.18878,0.18916,0.02,0.04
2013.06.28 08:19:58.092,0.18887,0.18918,0.02,0.02
2013.06.28 08:19:59.807,0.18882,0.18917,0.02,0.03
2013.06.28 08:20:00.549,0.18881,0.18917,0.02,0.03
2013.06.28 08:20:05.078,0.18882,0.18912,0.02,0.02
2013.06.28 08:20:05.251,0.18876,0.18912,0.02,0.02
2013.06.28 08:20:05.384,0.18882,0.18912,0.02,0.02
2013.06.28 08:20:06.113,0.18882,0.18912,0.02,0.02
2013.06.28 08:20:06.231,0.18881,0.18912,0.02,0.02
2013.06.28 08:20:06.304,0.18882,0.18917,0.02,0.03
2013.06.28 08:20:07.445,0.18883,0.18913,0.02,0.02
2013.06.28 08:20:07.818,0.18887,0.18917,0.02,0.03
2013.06.28 08:20:08.301,0.18887,0.18917,0.02,0.03
2013.06.28 08:20:08.832,0.18887,0.18918,0.02,0.02
2013.06.28 08:20:10.032,0.18888,0.18919,0.02,0.03
2013.06.28 08:20:10.091,0.18889,0.18923,0.02,0.02
2013.06.28 08:20:11.700,0.1889,0.18924,0.02,0.03
2013.06.28 08:20:11.951,0.18887,0.18919,0.02,0.02
2013.06.28 08:20:12.015,0.18881,0.18917,0.02,0.02
2013.06.28 08:20:15.668,0.18887,0.18917,0.02,0.02
2013.06.28 08:20:17.723,0.18884,0.18919,0.02,0.02
2013.06.28 08:20:18.031,0.18888,0.18918,0.02,0.02
2013.06.28 08:20:23.037,0.18887,0.18917,0.02,0.02
2013.06.28 08:20:23.751,0.18888,0.18918,0.02,0.02
2013.06.28 08:20:27.211,0.18885,0.18916,0.02,0.02
2013.06.28 08:20:27.271,0.18887,0.18917,0.02,0.02
2013.06.28 08:20:27.418,0.18888,0.18922,0.02,0.03
2013.06.28 08:20:27.941,0.18887,0.18917,0.02,0.02
2013.06.28 08:20:28.520,0.18887,0.18919,0.02,0.02
2013.06.28 08:20:36.382,0.18881,0.18917,0.03,0.02
2013.06.28 08:20:37.051,0.18887,0.18919,0.02,0.02
2013.06.28 08:20:39.761,0.18887,0.18917,0.02,0.02
2013.06.28 08:20:44.312,0.18881,0.18912,0.02,0.02
2013.06.28 08:20:44.431,0.18881,0.18913,0.02,0.02
2013.06.28 08:20:44.731,0.18878,0.18909,0.02,0.02
2013.06.28 08:20:45.081,0.18877,0.18907,0.02,0.02
2013.06.28 08:20:45.682,0.18878,0.18908,0.02,0.02
2013.06.28 08:20:46.286,0.18877,0.18907,0.02,0.02
2013.06.28 08:20:47.101,0.18878,0.18911,0.02,0.02
2013.06.28 08:20:47.671,0.18877,0.18912,0.02,0.02
2013.06.28 08:20:48.183,0.18877,0.18909,0.02,0.02
2013.06.28 08:20:54.763,0.18882,0.18912,0.02,0.03
2013.06.28 08:20:55.001,0.18883,0.18913,0.02,0.02
2013.06.28 08:20:58.281,0.18883,0.18919,0.02,0.02
2013.06.28 08:20:58.420,0.18886,0.18922,0.02,0.03
2013.06.28 08:20:59.662,0.18887,0.18917,0.02,0.02
2013.06.28 08:21:00.893,0.18888,0.18922,0.02,0.03
2013.06.28 08:21:09.108,0.18886,0.18918,0.02,0.02
2013.06.28 08:21:09.281,0.18881,0.18916,0.02,0.03
2013.06.28 08:21:11.351,0.18877,0.18907,0.03,0.02
2013.06.28 08:21:11.471,0.18877,0.18912,0.02,0.02
2013.06.28 08:21:11.531,0.18877,0.18909,0.02,0.02
2013.06.28 08:21:12.229,0.18876,0.18911,0.02,0.02
2013.06.28 08:21:13.333,0.18877,0.18907,0.02,0.02
2013.06.28 08:21:13.496,0.18877,0.18912,0.02,0.02
2013.06.28 08:21:14.348,0.18878,0.18908,0.02,0.02
2013.06.28 08:21:21.828,0.18877,0.18907,0.02,0.02
2013.06.28 08:21:23.651,0.18871,0.18907,0.02,0.03
2013.06.28 08:21:24.209,0.18876,0.18908,0.02,0.03
2013.06.28 08:21:25.099,0.18877,0.18907,0.02,0.02
2013.06.28 08:21:26.391,0.18878,0.18908,0.02,0.02
2013.06.28 08:21:26.901,0.18877,0.18907,0.02,0.02
2013.06.28 08:21:27.223,0.18876,0.18908,0.02,0.02
2013.06.28 08:21:27.737,0.18878,0.18908,0.02,0.02
2013.06.28 08:21:29.011,0.18873,0.18907,0.02,0.02
2013.06.28 08:21:29.092,0.18877,0.18907,0.02,0.02
2013.06.28 08:21:29.629,0.18878,0.18908,0.02,0.02
2013.06.28 08:21:30.771,0.18878,0.18909,0.02,0.02
2013.06.28 08:21:31.451,0.18877,0.18907,0.02,0.02
2013.06.28 08:21:31.843,0.18878,0.18911,0.02,0.02
2013.06.28 08:21:39.602,0.18877,0.18909,0.02,0.02
2013.06.28 08:21:40.180,0.18877,0.18907,0.02,0.02
2013.06.28 08:21:41.853,0.18877,0.18912,0.02,0.02
2013.06.28 08:21:42.032,0.18882,0.18912,0.02,0.02
2013.06.28 08:21:47.191,0.18877,0.18912,0.02,0.02
2013.06.28 08:21:47.401,0.18878,0.18911,0.02,0.02
2013.06.28 08:21:52.052,0.18877,0.18909,0.02,0.02
2013.06.28 08:21:56.452,0.18878,0.18909,0.02,0.02
2013.06.28 08:21:57.079,0.18877,0.18907,0.02,0.02
2013.06.28 08:21:59.382,0.18874,0.18906,0.02,0.02
2013.06.28 08:21:59.911,0.18878,0.18908,0.02,0.02
2013.06.28 08:22:04.132,0.18883,0.18914,0.02,0.02
2013.06.28 08:22:04.193,0.1888,0.18916,0.02,0.03
2013.06.28 08:22:04.571,0.18883,0.18916,0.02,0.02
2013.06.28 08:22:16.851,0.18879,0.18911,0.02,0.02
2013.06.28 08:22:16.971,0.18878,0.18911,0.02,0.02
2013.06.28 08:22:24.312,0.18876,0.18911,0.02,0.03
2013.06.28 08:22:24.592,0.18878,0.18911,0.02,0.02
2013.06.28 08:22:30.122,0.18877,0.18912,0.02,0.02
2013.06.28 08:22:31.238,0.18883,0.18913,0.02,0.02
2013.06.28 08:22:31.503,0.18882,0.18917,0.02,0.02
2013.06.28 08:22:31.627,0.18882,0.18917,0.02,0.02
2013.06.28 08:22:32.264,0.18882,0.18917,0.02,0.02
2013.06.28 08:22:33.001,0.18877,0.18912,0.02,0.02
2013.06.28 08:22:33.061,0.18877,0.18907,0.02,0.02
2013.06.28 08:22:35.781,0.18878,0.18909,0.02,0.02
2013.06.28 08:22:36.338,0.18877,0.18907,0.02,0.02
2013.06.28 08:22:38.123,0.18877,0.18909,0.02,0.02
2013.06.28 08:22:38.750,0.18877,0.18907,0.02,0.02
2013.06.28 08:22:39.413,0.18878,0.1891,0.02,0.02
2013.06.28 08:22:43.781,0.18877,0.18913,0.02,0.02
2013.06.28 08:22:43.911,0.18877,0.18913,0.02,0.03
2013.06.28 08:22:44.507,0.18877,0.18909,0.02,0.02
2013.06.28 08:22:45.232,0.18875,0.18907,0.02,0.02
2013.06.28 08:22:45.291,0.18872,0.18909,0.03,0.02
2013.06.28 08:22:45.928,0.18871,0.18905,0.03,0.02
2013.06.28 08:22:46.609,0.18874,0.18906,0.02,0.02
2013.06.28 08:22:46.721,0.18877,0.18907,0.02,0.02
2013.06.28 08:22:47.287,0.18878,0.18912,0.02,0.03
2013.06.28 08:22:47.871,0.18873,0.18906,0.02,0.02
2013.06.28 08:22:47.991,0.18872,0.18902,0.02,0.02
2013.06.28 08:22:48.261,0.18873,0.18904,0.02,0.02
2013.06.28 08:22:48.441,0.18867,0.18897,0.02,0.02
2013.06.28 08:22:48.561,0.18867,0.189,0.02,0.03
2013.06.28 08:22:49.302,0.18869,0.18902,0.02,0.02
2013.06.28 08:22:50.242,0.18867,0.18897,0.02,0.02
2013.06.28 08:22:50.302,0.18867,0.189,0.02,0.03
2013.06.28 08:22:50.941,0.18868,0.18898,0.02,0.02
2013.06.28 08:22:53.307,0.18873,0.18904,0.02,0.02
2013.06.28 08:22:53.541,0.18873,0.18906,0.02,0.03
2013.06.28 08:22:53.836,0.18877,0.18909,0.02,0.02
2013.06.28 08:22:54.091,0.18877,0.18912,0.02,0.02
2013.06.28 08:23:04.321,0.18875,0.18907,0.02,0.02
2013.06.28 08:23:04.724,0.18883,0.18915,0.02,0.02
2013.06.28 08:23:07.852,0.18882,0.18912,0.02,0.02
2013.06.28 08:23:08.934,0.18883,0.18913,0.02,0.02
2013.06.28 08:23:18.371,0.18882,0.18912,0.02,0.02
2013.06.28 08:23:19.581,0.18883,0.18914,0.02,0.02
2013.06.28 08:23:25.754,0.18882,0.18912,0.02,0.02
2013.06.28 08:23:26.482,0.18883,0.18914,0.02,0.02
2013.06.28 08:23:26.731,0.18882,0.18912,0.02,0.02
2013.06.28 08:23:26.851,0.18882,0.18912,0.02,0.02
2013.06.28 08:23:27.368,0.18883,0.18913,0.02,0.02
2013.06.28 08:23:28.503,0.18887,0.18917,0.02,0.02
2013.06.28 08:23:28.623,0.18887,0.18919,0.02,0.02
2013.06.28 08:23:36.121,0.18892,0.18923,0.02,0.02
2013.06.28 08:23:36.739,0.18897,0.18927,0.02,0.02
2013.06.28 08:23:36.972,0.18897,0.18929,0.02,0.02
2013.06.28 08:23:37.782,0.18894,0.18927,0.02,0.02
2013.06.28 08:23:39.102,0.18893,0.18926,0.02,0.02
2013.06.28 08:23:39.844,0.18892,0.18926,0.02,0.02
2013.06.28 08:23:40.178,0.18888,0.18921,0.02,0.02
2013.06.28 08:23:40.245,0.18886,0.18921,0.02,0.02
2013.06.28 08:23:48.412,0.18886,0.18917,0.02,0.02
2013.06.28 08:23:48.971,0.18886,0.18921,0.02,0.02
2013.06.28 08:23:50.180,0.18886,0.18917,0.02,0.02
2013.06.28 08:23:58.552,0.18884,0.18917,0.02,0.02
2013.06.28 08:23:59.870,0.18883,0.18916,0.02,0.02
2013.06.28 08:24:13.333,0.18883,0.18918,0.02,0.02
2013.06.28 08:24:14.120,0.18885,0.18917,0.02,0.02
2013.06.28 08:24:19.331,0.18882,0.18921,0.02,0.02
2013.06.28 08:24:19.744,0.18886,0.18919,0.02,0.02
2013.06.28 08:24:19.810,0.18886,0.18921,0.02,0.02
2013.06.28 08:24:21.811,0.18887,0.18918,0.02,0.02
2013.06.28 08:24:22.430,0.18888,0.18921,0.02,0.02
2013.06.28 08:24:23.962,0.18888,0.18923,0.02,0.02
2013.06.28 08:24:24.221,0.1889,0.18921,0.02,0.02
2013.06.28 08:24:24.341,0.18891,0.18923,0.02,0.02
2013.06.28 08:24:25.130,0.18892,0.18922,0.02,0.02
2013.06.28 08:24:25.641,0.18896,0.18929,0.02,0.02
2013.06.28 08:24:25.793,0.18897,0.18927,0.02,0.02
2013.06.28 08:24:27.181,0.18892,0.18927,0.02,0.02
2013.06.28 08:24:27.839,0.18891,0.18924,0.02,0.02
2013.06.28 08:24:28.963,0.18894,0.18927,0.02,0.02
2013.06.28 08:24:30.241,0.18894,0.18929,0.02,0.02
2013.06.28 08:24:33.341,0.18896,0.18928,0.02,0.02
2013.06.28 08:24:33.462,0.18896,0.18932,0.02,0.02
2013.06.28 08:24:35.201,0.18891,0.18927,0.02,0.02
2013.06.28 08:24:35.991,0.18891,0.18927,0.02,0.02
2013.06.28 08:24:39.218,0.18892,0.18929,0.02,0.02
2013.06.28 08:24:43.241,0.18891,0.18922,0.02,0.02
2013.06.28 08:24:43.301,0.1889,0.18922,0.02,0.02
2013.06.28 08:24:43.792,0.18892,0.18922,0.02,0.02
2013.06.28 08:24:44.280,0.18892,0.18922,0.02,0.02
2013.06.28 08:24:44.990,0.18893,0.18926,0.02,0.02
2013.06.28 08:24:47.885,0.18891,0.18922,0.02,0.02
2013.06.28 08:24:51.342,0.1889,0.18923,0.02,0.02
2013.06.28 08:24:51.995,0.18892,0.18923,0.02,0.02
2013.06.28 08:24:52.381,0.18888,0.1892,0.02,0.02
2013.06.28 08:24:52.442,0.18886,0.18917,0.02,0.02
2013.06.28 08:24:52.561,0.18882,0.18918,0.02,0.02
2013.06.28 08:24:53.071,0.18882,0.18918,0.03,0.02
2013.06.28 08:24:57.821,0.18882,0.18912,0.02,0.02
2013.06.28 08:24:57.881,0.18882,0.18916,0.02,0.02
2013.06.28 08:24:58.042,0.18882,0.18912,0.02,0.02
2013.06.28 08:24:58.617,0.18883,0.18914,0.02,0.02
2013.06.28 08:25:02.021,0.18888,0.1892,0.02,0.02
2013.06.28 08:25:03.491,0.18887,0.18922,0.02,0.03
2013.06.28 08:25:03.671,0.18887,0.18922,0.02,0.02
2013.06.28 08:25:07.692,0.18886,0.18917,0.02,0.02
2013.06.28 08:25:07.752,0.18887,0.18919,0.02,0.02
2013.06.28 08:25:07.871,0.18881,0.18917,0.02,0.02
2013.06.28 08:25:12.496,0.18893,0.18925,0.02,0.02
2013.06.28 08:25:12.612,0.18892,0.18927,0.02,0.02
2013.06.28 08:25:17.182,0.18898,0.18928,0.02,0.02
2013.06.28 08:25:17.312,0.18898,0.18932,0.02,0.02
2013.06.28 08:25:25.531,0.18902,0.18932,0.02,0.02
2013.06.28 08:25:25.602,0.18896,0.18932,0.02,0.02
2013.06.28 08:25:26.439,0.18903,0.18933,0.02,0.02
2013.06.28 08:25:35.142,0.18903,0.18937,0.02,0.02
2013.06.28 08:25:35.262,0.18903,0.18937,0.02,0.02
2013.06.28 08:25:35.827,0.18908,0.18941,0.02,0.02
2013.06.28 08:25:35.942,0.18908,0.18938,0.02,0.02
2013.06.28 08:25:38.397,0.18907,0.18937,0.02,0.02
2013.06.28 08:25:38.922,0.18902,0.18936,0.02,0.03
2013.06.28 08:25:39.462,0.18902,0.18934,0.02,0.02
2013.06.28 08:25:41.012,0.18898,0.18931,0.02,0.02
2013.06.28 08:25:41.071,0.18898,0.18931,0.02,0.02
2013.06.28 08:25:41.261,0.18898,0.18931,0.02,0.02
2013.06.28 08:25:41.591,0.18898,0.18931,0.02,0.02
2013.06.28 08:25:41.651,0.18896,0.18928,0.02,0.02
2013.06.28 08:25:42.793,0.18897,0.18927,0.02,0.02
2013.06.28 08:25:45.640,0.18897,0.18928,0.02,0.02
2013.06.28 08:25:46.156,0.18892,0.18927,0.02,0.02
2013.06.28 08:25:48.832,0.18908,0.18938,0.02,0.02
2013.06.28 08:25:48.892,0.18903,0.18936,0.02,0.03
2013.06.28 08:25:55.368,0.18908,0.1894,0.02,0.02
2013.06.28 08:25:55.602,0.18908,0.18938,0.02,0.02
2013.06.28 08:25:57.239,0.18907,0.18937,0.02,0.02
2013.06.28 08:26:01.113,0.18907,0.18943,0.03,0.02
2013.06.28 08:26:04.634,0.18908,0.18938,0.02,0.02
2013.06.28 08:26:12.621,0.18907,0.18942,0.02,0.03
2013.06.28 08:26:12.823,0.18907,0.18942,0.02,0.03
2013.06.28 08:26:13.139,0.18911,0.18945,0.02,0.02
2013.06.28 08:26:17.342,0.18907,0.18942,0.02,0.02
2013.06.28 08:26:17.882,0.18908,0.18945,0.02,0.02
2013.06.28 08:26:19.776,0.18909,0.18945,0.02,0.02
2013.06.28 08:26:20.922,0.18909,0.18942,0.02,0.03
2013.06.28 08:26:21.042,0.18909,0.18942,0.02,0.03
2013.06.28 08:26:21.550,0.1891,0.18944,0.02,0.03
2013.06.28 08:26:22.612,0.18918,0.18949,0.02,0.02
2013.06.28 08:26:23.615,0.18917,0.18949,0.02,0.03
2013.06.28 08:26:24.735,0.18917,0.18949,0.02,0.02
2013.06.28 08:26:25.244,0.18917,0.1895,0.02,0.02
2013.06.28 08:26:28.942,0.18918,0.1895,0.02,0.02
2013.06.28 08:26:34.502,0.18917,0.18949,0.02,0.02
2013.06.28 08:26:34.802,0.18909,0.18942,0.02,0.02
2013.06.28 08:26:34.862,0.18911,0.18948,0.02,0.02
2013.06.28 08:26:35.003,0.18906,0.18942,0.03,0.03
2013.06.28 08:26:35.632,0.18909,0.18945,0.02,0.02
2013.06.28 08:26:36.248,0.18912,0.18947,0.02,0.02
2013.06.28 08:26:36.962,0.18913,0.18947,0.02,0.02
2013.06.28 08:26:37.082,0.18918,0.18948,0.02,0.02
2013.06.28 08:26:37.702,0.18912,0.18943,0.02,0.02
2013.06.28 08:26:43.453,0.18908,0.18942,0.02,0.02
2013.06.28 08:26:45.314,0.18908,0.18941,0.02,0.03
2013.06.28 08:26:45.989,0.18908,0.18941,0.02,0.03
2013.06.28 08:26:50.541,0.18913,0.18945,0.02,0.02
2013.06.28 08:26:50.661,0.18913,0.18944,0.02,0.02
2013.06.28 08:26:58.589,0.18917,0.18947,0.02,0.02
2013.06.28 08:26:58.641,0.18915,0.1895,0.02,0.02
2013.06.28 08:27:05.267,0.18917,0.1895,0.02,0.02
2013.06.28 08:27:05.512,0.18908,0.18941,0.03,0.03
2013.06.28 08:27:05.662,0.18908,0.18941,0.02,0.03
2013.06.28 08:27:07.014,0.18907,0.18942,0.02,0.02
2013.06.28 08:27:07.151,0.1891,0.18941,0.02,0.02
2013.06.28 08:27:09.354,0.18918,0.1895,0.02,0.02
2013.06.28 08:27:09.562,0.18913,0.18949,0.02,0.02
2013.06.28 08:27:10.063,0.18917,0.18951,0.02,0.02
2013.06.28 08:27:11.192,0.18918,0.1895,0.02,0.02
2013.06.28 08:27:11.799,0.18917,0.18949,0.02,0.02
2013.06.28 08:27:16.293,0.18918,0.1895,0.02,0.02
2013.06.28 08:27:20.649,0.18917,0.18949,0.02,0.02
2013.06.28 08:27:21.228,0.18918,0.1895,0.02,0.02
2013.06.28 08:27:22.813,0.18917,0.18953,0.02,0.02
2013.06.28 08:27:23.123,0.18922,0.18952,0.02,0.02
2013.06.28 08:27:23.182,0.18922,0.18954,0.02,0.02
2013.06.28 08:27:23.362,0.18927,0.18958,0.02,0.02
2013.06.28 08:27:23.872,0.18916,0.18959,0.03,0.03
2013.06.28 08:27:23.931,0.18914,0.18958,0.03,0.03
2013.06.28 08:27:24.580,0.18919,0.18952,0.02,0.02
2013.06.28 08:27:25.464,0.1892,0.18954,0.02,0.02
2013.06.28 08:27:27.915,0.18917,0.18947,0.02,0.02
2013.06.28 08:27:28.272,0.18917,0.18952,0.02,0.02
2013.06.28 08:27:28.982,0.18923,0.18954,0.02,0.02
2013.06.28 08:27:29.588,0.18922,0.18953,0.02,0.02
2013.06.28 08:27:30.121,0.18922,0.18952,0.02,0.02
2013.06.28 08:27:30.382,0.18917,0.18948,0.02,0.02
2013.06.28 08:27:30.442,0.18917,0.18949,0.02,0.02
2013.06.28 08:27:30.502,0.18914,0.18947,0.02,0.02
2013.06.28 08:27:33.148,0.18918,0.18949,0.02,0.02
2013.06.28 08:27:34.466,0.18923,0.18954,0.02,0.03
2013.06.28 08:27:34.652,0.18923,0.18957,0.02,0.02
2013.06.28 08:27:35.339,0.18922,0.18952,0.02,0.02
2013.06.28 08:27:44.866,0.18923,0.18953,0.02,0.02
2013.06.28 08:27:47.305,0.18922,0.18952,0.02,0.02
2013.06.28 08:27:49.172,0.18923,0.18954,0.02,0.02
2013.06.28 08:27:49.412,0.18923,0.18957,0.02,0.02
2013.06.28 08:27:54.916,0.18922,0.18953,0.02,0.02
2013.06.28 08:27:57.091,0.18917,0.18951,0.02,0.02
2013.06.28 08:27:57.187,0.18915,0.18947,0.02,0.02
2013.06.28 08:27:58.519,0.18918,0.18948,0.02,0.02
2013.06.28 08:28:11.414,0.18917,0.18948,0.02,0.02
2013.06.28 08:28:12.112,0.18918,0.18949,0.02,0.02
2013.06.28 08:28:14.371,0.18912,0.18944,0.02,0.02
2013.06.28 08:28:14.492,0.18907,0.18941,0.02,0.03
2013.06.28 08:28:14.997,0.18906,0.18942,0.02,0.02
2013.06.28 08:28:15.322,0.18907,0.18937,0.02,0.02
2013.06.28 08:28:15.808,0.18905,0.18937,0.02,0.02
2013.06.28 08:28:16.359,0.18907,0.18939,0.02,0.02
2013.06.28 08:28:17.292,0.18917,0.18948,0.02,0.02
2013.06.28 08:28:17.472,0.18914,0.18947,0.02,0.02
2013.06.28 08:28:17.592,0.18917,0.18949,0.02,0.02
2013.06.28 08:28:18.414,0.18918,0.18949,0.02,0.02
2013.06.28 08:28:18.634,0.18917,0.18947,0.02,0.02
2013.06.28 08:28:19.222,0.18913,0.18946,0.02,0.02
2013.06.28 08:28:19.342,0.18909,0.18946,0.03,0.03
2013.06.28 08:28:23.430,0.18912,0.18947,0.02,0.04
2013.06.28 08:28:25.443,0.18912,0.18947,0.02,0.03
2013.06.28 08:28:25.502,0.18912,0.18947,0.02,0.02
2013.06.28 08:28:25.575,0.18912,0.18942,0.02,0.02
2013.06.28 08:28:25.692,0.18912,0.18942,0.02,0.02
2013.06.28 08:28:26.662,0.18913,0.18943,0.02,0.02
2013.06.28 08:28:29.362,0.18908,0.18941,0.02,0.02
2013.06.28 08:28:29.429,0.18905,0.18936,0.02,0.02
2013.06.28 08:28:29.942,0.18907,0.18937,0.02,0.02
2013.06.28 08:28:30.761,0.18908,0.18938,0.02,0.02
2013.06.28 08:28:31.922,0.18897,0.18932,0.02,0.02
2013.06.28 08:28:32.122,0.18897,0.18932,0.02,0.02
2013.06.28 08:28:32.472,0.18897,0.18932,0.02,0.02
2013.06.28 08:28:34.192,0.18898,0.18931,0.02,0.03
2013.06.28 08:28:34.969,0.18897,0.18927,0.02,0.02
2013.06.28 08:28:35.902,0.18899,0.18932,0.02,0.02
2013.06.28 08:28:38.238,0.18899,0.18934,0.02,0.02
2013.06.28 08:28:38.580,0.18898,0.18936,0.02,0.02
2013.06.28 08:28:38.912,0.18907,0.18942,0.02,0.03
2013.06.28 08:28:39.461,0.18907,0.18942,0.02,0.02
2013.06.28 08:28:43.280,0.18908,0.1894,0.02,0.02
2013.06.28 08:28:43.452,0.18906,0.18938,0.02,0.02
2013.06.28 08:28:44.009,0.18907,0.18942,0.02,0.03
2013.06.28 08:28:44.581,0.18902,0.18937,0.02,0.03
2013.06.28 08:28:44.653,0.18903,0.18934,0.02,0.02
2013.06.28 08:28:45.250,0.18902,0.18932,0.02,0.02
2013.06.28 08:28:46.341,0.18902,0.18933,0.02,0.02
2013.06.28 08:28:49.532,0.18903,0.18935,0.02,0.03
2013.06.28 08:28:50.002,0.18907,0.18937,0.02,0.02
2013.06.28 08:28:50.122,0.18907,0.18939,0.02,0.02
2013.06.28 08:28:50.919,0.18907,0.18937,0.02,0.02
2013.06.28 08:28:52.302,0.18908,0.18941,0.02,0.02
2013.06.28 08:28:52.362,0.18908,0.18941,0.02,0.02
2013.06.28 08:28:58.292,0.18907,0.18938,0.02,0.02
2013.06.28 08:28:58.472,0.18905,0.18937,0.02,0.02
2013.06.28 08:29:01.450,0.18908,0.18941,0.02,0.02
2013.06.28 08:29:12.023,0.18903,0.18936,0.02,0.02
2013.06.28 08:29:12.142,0.18903,0.18936,0.02,0.02
2013.06.28 08:29:12.363,0.18903,0.18936,0.02,0.02
2013.06.28 08:29:13.848,0.18901,0.18936,0.02,0.02
2013.06.28 08:29:14.362,0.18902,0.18937,0.02,0.03
2013.06.28 08:29:15.632,0.18902,0.18937,0.02,0.02
2013.06.28 08:29:16.731,0.18908,0.18939,0.02,0.02
2013.06.28 08:29:16.972,0.18907,0.18937,0.02,0.02
2013.06.28 08:29:25.621,0.18908,0.18938,0.02,0.02
2013.06.28 08:29:25.926,0.18909,0.18942,0.02,0.02
2013.06.28 08:29:32.987,0.18913,0.18944,0.02,0.02
2013.06.28 08:29:33.223,0.18913,0.18947,0.02,0.02
2013.06.28 08:29:33.352,0.1891,0.18942,0.02,0.02
2013.06.28 08:29:33.706,0.18911,0.18949,0.02,0.02
2013.06.28 08:29:33.773,0.18912,0.18948,0.02,0.02
2013.06.28 08:29:33.893,0.18909,0.18942,0.02,0.02
2013.06.28 08:29:33.952,0.18912,0.18943,0.02,0.02
2013.06.28 08:29:36.736,0.18908,0.18941,0.02,0.03
2013.06.28 08:29:36.852,0.18906,0.18938,0.02,0.02
2013.06.28 08:29:43.064,0.18907,0.18937,0.02,0.02
2013.06.28 08:29:43.382,0.18908,0.18943,0.02,0.02
2013.06.28 08:29:44.772,0.18907,0.18942,0.02,0.02
2013.06.28 08:29:44.892,0.18908,0.18939,0.02,0.02
2013.06.28 08:29:47.000,0.18912,0.18942,0.02,0.02
2013.06.28 08:29:47.182,0.18908,0.18942,0.02,0.02
2013.06.28 08:29:47.362,0.18912,0.18944,0.02,0.02
2013.06.28 08:29:47.782,0.18908,0.1894,0.02,0.02
2013.06.28 08:29:48.232,0.18907,0.18938,0.02,0.02
2013.06.28 08:29:50.829,0.18908,0.18941,0.02,0.02
2013.06.28 08:29:51.392,0.18907,0.18937,0.02,0.02
2013.06.28 08:29:52.050,0.18908,0.18941,0.02,0.02
2013.06.28 08:29:55.952,0.18906,0.18938,0.02,0.02
2013.06.28 08:29:56.132,0.18908,0.1894,0.02,0.02
2013.06.28 08:29:56.692,0.18908,0.18941,0.02,0.03
2013.06.28 08:29:57.892,0.18909,0.18943,0.02,0.02
2013.06.28 08:29:58.072,0.18911,0.18947,0.02,0.03
2013.06.28 08:29:58.770,0.18911,0.18942,0.02,0.02
2013.06.28 08:30:00.606,0.18911,0.18947,0.02,0.02
2013.06.28 08:30:01.108,0.18913,0.18948,0.02,0.02
2013.06.28 08:30:01.342,0.18911,0.18943,0.02,0.02
2013.06.28 08:30:01.886,0.1891,0.18943,0.02,0.02
2013.06.28 08:30:03.973,0.1891,0.18945,0.02,0.02
2013.06.28 08:30:05.902,0.18913,0.18948,0.02,0.02
2013.06.28 08:30:06.439,0.18913,0.18948,0.02,0.03
2013.06.28 08:30:07.280,0.18917,0.18947,0.02,0.02
2013.06.28 08:30:08.100,0.18917,0.18947,0.02,0.02
2013.06.28 08:30:09.476,0.18913,0.18948,0.02,0.02
2013.06.28 08:30:10.082,0.18907,0.18942,0.02,0.02
2013.06.28 08:30:10.142,0.18907,0.18944,0.02,0.02
2013.06.28 08:30:10.262,0.18912,0.18942,0.02,0.02
2013.06.28 08:30:10.398,0.18912,0.18942,0.02,0.02
2013.06.28 08:30:10.558,0.18907,0.18943,0.02,0.02
2013.06.28 08:30:11.112,0.18909,0.18941,0.02,0.02
2013.06.28 08:30:14.473,0.18907,0.18939,0.02,0.02
2013.06.28 08:30:14.593,0.18901,0.18937,0.02,0.02
2013.06.28 08:30:15.390,0.18905,0.18936,0.02,0.02
2013.06.28 08:30:17.643,0.18908,0.18941,0.02,0.02
2013.06.28 08:30:23.215,0.18905,0.18937,0.02,0.02
2013.06.28 08:30:25.485,0.18905,0.18937,0.02,0.02
2013.06.28 08:30:30.964,0.18905,0.18937,0.02,0.02
2013.06.28 08:30:32.214,0.18906,0.18938,0.02,0.02
2013.06.28 08:30:35.422,0.18903,0.18936,0.02,0.02
2013.06.28 08:30:38.112,0.18903,0.18936,0.02,0.02
2013.06.28 08:30:46.582,0.18905,0.18941,0.02,0.03
2013.06.28 08:30:46.941,0.18907,0.18942,0.02,0.02
2013.06.28 08:30:48.612,0.18906,0.18937,0.02,0.02
2013.06.28 08:30:48.852,0.18905,0.18937,0.02,0.02
2013.06.28 08:31:02.387,0.18906,0.18941,0.02,0.02
2013.06.28 08:31:05.555,0.18906,0.18937,0.02,0.02
2013.06.28 08:31:08.701,0.18902,0.18937,0.02,0.03
2013.06.28 08:31:08.900,0.18902,0.18937,0.02,0.03
2013.06.28 08:31:10.490,0.18902,0.18934,0.02,0.02
2013.06.28 08:31:14.842,0.18898,0.18933,0.02,0.02
2013.06.28 08:31:14.959,0.18898,0.18934,0.02,0.02
2013.06.28 08:31:15.012,0.18898,0.18934,0.02,0.02
2013.06.28 08:31:15.555,0.18898,0.18934,0.02,0.02
2013.06.28 08:31:15.612,0.18902,0.18936,0.02,0.02
2013.06.28 08:31:15.732,0.18902,0.18937,0.02,0.02
2013.06.28 08:31:17.262,0.18899,0.18933,0.02,0.02
2013.06.28 08:31:17.382,0.18902,0.18937,0.02,0.03
2013.06.28 08:31:17.442,0.189,0.18936,0.02,0.02
2013.06.28 08:31:18.119,0.18903,0.18936,0.02,0.03
2013.06.28 08:31:21.772,0.18903,0.18935,0.02,0.02
2013.06.28 08:31:27.289,0.18902,0.18933,0.02,0.02
2013.06.28 08:31:28.728,0.18903,0.18936,0.02,0.03
2013.06.28 08:31:29.402,0.18903,0.18936,0.02,0.03
2013.06.28 08:31:34.694,0.18902,0.18937,0.02,0.03
2013.06.28 08:31:36.452,0.18902,0.18936,0.02,0.03
2013.06.28 08:31:37.026,0.18903,0.18936,0.02,0.02
2013.06.28 08:31:37.463,0.18903,0.18936,0.02,0.02
2013.06.28 08:31:38.773,0.18908,0.18939,0.02,0.02
2013.06.28 08:31:38.832,0.18904,0.18936,0.02,0.02
2013.06.28 08:31:39.400,0.18908,0.18939,0.02,0.02
2013.06.28 08:31:44.513,0.18908,0.18942,0.02,0.02
2013.06.28 08:31:45.702,0.18913,0.18949,0.02,0.02
2013.06.28 08:31:45.822,0.18913,0.18948,0.02,0.02
2013.06.28 08:31:52.282,0.18918,0.18948,0.02,0.02
2013.06.28 08:31:52.582,0.18916,0.18947,0.02,0.02
2013.06.28 08:31:53.382,0.18918,0.18948,0.02,0.02
2013.06.28 08:31:53.712,0.18916,0.18947,0.02,0.02
2013.06.28 08:31:58.073,0.18905,0.18941,0.02,0.02
2013.06.28 08:31:58.472,0.18907,0.18942,0.02,0.03
2013.06.28 08:31:58.532,0.18905,0.1894,0.02,0.02
2013.06.28 08:31:58.744,0.18903,0.18936,0.02,0.02
2013.06.28 08:31:59.439,0.18902,0.18937,0.02,0.02
2013.06.28 08:32:00.382,0.18913,0.18944,0.02,0.02
2013.06.28 08:32:00.562,0.18908,0.18942,0.02,0.03
2013.06.28 08:32:00.712,0.1891,0.18942,0.02,0.02
2013.06.28 08:32:01.336,0.18911,0.18942,0.02,0.02
2013.06.28 08:32:02.424,0.18906,0.1894,0.02,0.02
2013.06.28 08:32:02.574,0.18904,0.1894,0.02,0.02
2013.06.28 08:32:03.120,0.18903,0.18941,0.02,0.02
2013.06.28 08:32:05.822,0.18913,0.18944,0.02,0.02
2013.06.28 08:32:05.944,0.18908,0.18941,0.03,0.02
2013.06.28 08:32:06.472,0.18913,0.18946,0.02,0.03
2013.06.28 08:32:09.324,0.1891,0.18946,0.02,0.03
2013.06.28 08:32:12.802,0.18912,0.18942,0.02,0.02
2013.06.28 08:32:18.152,0.18909,0.18941,0.02,0.02
2013.06.28 08:32:21.322,0.18908,0.18938,0.02,0.02
2013.06.28 08:32:21.382,0.18906,0.18939,0.02,0.03
2013.06.28 08:32:22.160,0.18908,0.18938,0.02,0.02
2013.06.28 08:32:25.222,0.18907,0.18942,0.02,0.02
2013.06.28 08:32:25.282,0.1891,0.18942,0.02,0.02
2013.06.28 08:32:25.716,0.18912,0.18942,0.02,0.02
2013.06.28 08:32:26.538,0.18913,0.18945,0.02,0.02
2013.06.28 08:32:27.612,0.18911,0.18942,0.02,0.02
2013.06.28 08:32:28.707,0.18907,0.18937,0.02,0.02
2013.06.28 08:32:29.210,0.18907,0.18937,0.02,0.02
2013.06.28 08:32:33.492,0.18908,0.18942,0.02,0.02
2013.06.28 08:32:33.612,0.18904,0.18936,0.03,0.02
2013.06.28 08:32:34.052,0.18907,0.18942,0.02,0.02
2013.06.28 08:32:35.301,0.18908,0.18938,0.02,0.02
2013.06.28 08:32:36.024,0.18907,0.18937,0.02,0.02
2013.06.28 08:32:36.934,0.18908,0.18939,0.02,0.02
2013.06.28 08:32:37.510,0.18907,0.18937,0.02,0.02
2013.06.28 08:32:38.180,0.18908,0.18939,0.02,0.02
2013.06.28 08:32:38.572,0.18913,0.18943,0.02,0.02
2013.06.28 08:32:38.692,0.18908,0.18941,0.02,0.02
2013.06.28 08:32:38.942,0.18908,0.18941,0.02,0.02
2013.06.28 08:32:46.344,0.18908,0.18942,0.02,0.03
2013.06.28 08:32:46.593,0.18906,0.18942,0.02,0.02
2013.06.28 08:32:47.154,0.18913,0.18943,0.02,0.02
2013.06.28 08:32:48.502,0.18908,0.18941,0.02,0.02
2013.06.28 08:32:48.562,0.18908,0.18941,0.02,0.03
2013.06.28 08:32:49.102,0.18908,0.18938,0.02,0.02
2013.06.28 08:32:49.532,0.18908,0.18938,0.02,0.02
2013.06.28 08:32:50.069,0.18904,0.18937,0.02,0.03
2013.06.28 08:32:53.058,0.18903,0.18934,0.02,0.02
2013.06.28 08:32:53.312,0.18903,0.18934,0.02,0.02
2013.06.28 08:32:53.574,0.18902,0.18933,0.02,0.02
2013.06.28 08:32:54.149,0.18902,0.18932,0.02,0.02
2013.06.28 08:32:55.698,0.18902,0.18932,0.02,0.02
2013.06.28 08:32:56.302,0.18897,0.18931,0.02,0.02
2013.06.28 08:32:56.572,0.18898,0.18934,0.02,0.02
2013.06.28 08:32:57.116,0.18902,0.18932,0.02,0.02
2013.06.28 08:33:00.062,0.18897,0.18932,0.02,0.03
2013.06.28 08:33:00.889,0.18898,0.18931,0.02,0.02
2013.06.28 08:33:02.020,0.18897,0.18932,0.02,0.02
2013.06.28 08:33:04.253,0.18897,0.1893,0.02,0.02
2013.06.28 08:33:04.382,0.18897,0.18932,0.02,0.02
2013.06.28 08:33:05.009,0.18903,0.18934,0.02,0.02
2013.06.28 08:33:06.204,0.189,0.18932,0.02,0.02
2013.06.28 08:33:08.172,0.18897,0.18934,0.03,0.02
2013.06.28 08:33:08.692,0.18902,0.18933,0.02,0.02
2013.06.28 08:33:08.812,0.18902,0.18937,0.02,0.03
2013.06.28 08:33:09.314,0.18896,0.18932,0.03,0.02
2013.06.28 08:33:11.032,0.18897,0.18932,0.02,0.02
2013.06.28 08:33:11.603,0.18897,0.18933,0.03,0.02
2013.06.28 08:33:12.310,0.18902,0.18932,0.02,0.02
2013.06.28 08:33:13.542,0.18902,0.18935,0.02,0.02
2013.06.28 08:33:14.000,0.18902,0.18937,0.02,0.02
2013.06.28 08:33:17.819,0.18903,0.18938,0.02,0.02
2013.06.28 08:33:19.363,0.18902,0.18937,0.02,0.02
2013.06.28 08:33:20.324,0.18903,0.18938,0.02,0.02
2013.06.28 08:33:22.756,0.18902,0.18937,0.02,0.02
2013.06.28 08:33:23.040,0.18902,0.18937,0.02,0.03
2013.06.28 08:33:24.212,0.18902,0.18937,0.02,0.02
2013.06.28 08:33:25.362,0.18902,0.18937,0.02,0.02
2013.06.28 08:33:26.321,0.18908,0.18938,0.02,0.02
2013.06.28 08:33:32.002,0.18902,0.18937,0.02,0.02
2013.06.28 08:33:35.311,0.18902,0.18933,0.02,0.02
2013.06.28 08:33:36.052,0.18903,0.18938,0.02,0.02
2013.06.28 08:33:38.282,0.18903,0.18938,0.02,0.02
2013.06.28 08:33:38.752,0.18908,0.18938,0.02,0.02
2013.06.28 08:33:39.308,0.18904,0.18936,0.02,0.03
2013.06.28 08:33:39.814,0.18908,0.18938,0.02,0.02
2013.06.28 08:33:46.303,0.18901,0.18937,0.03,0.02
2013.06.28 08:33:49.457,0.18906,0.18938,0.02,0.02
2013.06.28 08:33:49.570,0.18908,0.18938,0.02,0.02
2013.06.28 08:33:50.884,0.18907,0.18942,0.02,0.02
2013.06.28 08:33:51.719,0.18908,0.18944,0.02,0.03
2013.06.28 08:33:55.771,0.18908,0.18938,0.02,0.02
2013.06.28 08:33:56.460,0.18901,0.18937,0.03,0.03
2013.06.28 08:33:57.418,0.18903,0.18938,0.02,0.02
2013.06.28 08:33:58.618,0.18902,0.18936,0.03,0.03
2013.06.28 08:34:02.923,0.18907,0.18942,0.02,0.02
2013.06.28 08:34:02.983,0.18908,0.18944,0.02,0.03
2013.06.28 08:34:03.171,0.18907,0.18937,0.02,0.02
2013.06.28 08:34:03.737,0.18901,0.18937,0.02,0.03
2013.06.28 08:34:04.074,0.18904,0.18936,0.02,0.03
2013.06.28 08:34:04.653,0.18907,0.18937,0.02,0.02
2013.06.28 08:34:05.292,0.18907,0.18937,0.02,0.03
2013.06.28 08:34:07.972,0.18905,0.18937,0.02,0.03
2013.06.28 08:34:13.786,0.18906,0.18938,0.02,0.02
2013.06.28 08:34:14.398,0.18902,0.18938,0.03,0.02
2013.06.28 08:34:15.758,0.18901,0.18932,0.02,0.02
2013.06.28 08:34:17.592,0.18896,0.18932,0.03,0.03
2013.06.28 08:34:26.117,0.18901,0.18938,0.02,0.03
2013.06.28 08:34:27.035,0.18898,0.18936,0.02,0.03
2013.06.28 08:34:27.572,0.18897,0.18932,0.02,0.02
2013.06.28 08:34:32.712,0.18897,0.18935,0.03,0.02
2013.06.28 08:34:34.390,0.18902,0.18932,0.02,0.02
2013.06.28 08:34:40.295,0.18897,0.18932,0.02,0.02
2013.06.28 08:34:40.842,0.18903,0.18938,0.02,0.03
2013.06.28 08:34:40.902,0.18903,0.18936,0.02,0.03
2013.06.28 08:34:40.963,0.18906,0.18938,0.02,0.02
2013.06.28 08:34:41.022,0.18906,0.18937,0.02,0.02
2013.06.28 08:34:42.531,0.18903,0.18938,0.02,0.03
2013.06.28 08:34:45.293,0.18902,0.18937,0.02,0.03
2013.06.28 08:34:46.902,0.18906,0.18937,0.02,0.02
2013.06.28 08:34:47.023,0.18906,0.18938,0.02,0.02
2013.06.28 08:34:47.590,0.18904,0.18937,0.02,0.03
2013.06.28 08:34:53.602,0.18906,0.18937,0.02,0.02
2013.06.28 08:34:54.272,0.18906,0.18938,0.02,0.02
2013.06.28 08:34:56.964,0.18908,0.18938,0.02,0.02
2013.06.28 08:34:57.843,0.18905,0.18937,0.02,0.02
2013.06.28 08:35:02.478,0.18907,0.18942,0.02,0.02
2013.06.28 08:35:02.632,0.18908,0.18938,0.02,0.02
2013.06.28 08:35:03.162,0.18908,0.18938,0.02,0.02
2013.06.28 08:35:06.502,0.18907,0.18937,0.02,0.02
2013.06.28 08:35:07.606,0.18908,0.18943,0.02,0.02
2013.06.28 08:35:07.782,0.18909,0.18943,0.02,0.03
2013.06.28 08:35:09.375,0.18907,0.18938,0.02,0.02
2013.06.28 08:35:10.370,0.18907,0.18937,0.02,0.02
2013.06.28 08:35:11.073,0.18906,0.18937,0.02,0.02
2013.06.28 08:35:14.963,0.18908,0.18938,0.02,0.02
2013.06.28 08:35:17.222,0.18907,0.18937,0.02,0.03
2013.06.28 08:35:20.900,0.18902,0.18932,0.02,0.02
2013.06.28 08:35:21.143,0.18908,0.18938,0.02,0.02
2013.06.28 08:35:21.789,0.18904,0.18937,0.02,0.03
2013.06.28 08:35:23.282,0.18902,0.18932,0.02,0.02
2013.06.28 08:35:23.402,0.189,0.18932,0.02,0.02
2013.06.28 08:35:24.150,0.18903,0.18936,0.02,0.03
2013.06.28 08:35:24.820,0.18902,0.18933,0.02,0.02
2013.06.28 08:35:26.593,0.18903,0.18933,0.02,0.02
2013.06.28 08:35:27.179,0.18901,0.18933,0.02,0.02
2013.06.28 08:35:28.033,0.18897,0.18933,0.02,0.02
2013.06.28 08:35:28.572,0.18897,0.18932,0.02,0.02
2013.06.28 08:35:28.640,0.18898,0.18935,0.02,0.02
2013.06.28 08:35:33.623,0.18901,0.18933,0.02,0.02
2013.06.28 08:35:34.705,0.18896,0.18932,0.03,0.02
2013.06.28 08:35:35.230,0.18896,0.18932,0.04,0.02
2013.06.28 08:35:39.169,0.18902,0.18933,0.02,0.02
2013.06.28 08:35:42.551,0.18903,0.18938,0.02,0.02
2013.06.28 08:35:43.330,0.189,0.18933,0.02,0.02
2013.06.28 08:35:44.297,0.18902,0.18937,0.02,0.03
2013.06.28 08:35:49.023,0.18903,0.18938,0.02,0.02
2013.06.28 08:35:49.562,0.18902,0.18932,0.02,0.02
2013.06.28 08:35:49.683,0.18901,0.18932,0.02,0.02
2013.06.28 08:35:50.225,0.18903,0.18936,0.02,0.03
2013.06.28 08:35:50.663,0.18902,0.18937,0.02,0.02
2013.06.28 08:35:51.300,0.18902,0.18937,0.02,0.03
2013.06.28 08:35:52.882,0.18903,0.18938,0.02,0.03
2013.06.28 08:36:02.883,0.18903,0.18933,0.02,0.02
2013.06.28 08:36:03.413,0.18903,0.18936,0.02,0.03
2013.06.28 08:36:03.742,0.18903,0.18938,0.02,0.03
2013.06.28 08:36:04.272,0.18908,0.18938,0.02,0.02
2013.06.28 08:36:04.472,0.18908,0.18938,0.02,0.02
2013.06.28 08:36:06.063,0.18905,0.18936,0.02,0.02
2013.06.28 08:36:06.593,0.18907,0.18937,0.02,0.02
2013.06.28 08:36:07.663,0.18907,0.18937,0.02,0.03
2013.06.28 08:36:08.416,0.18908,0.18938,0.02,0.02
2013.06.28 08:36:08.972,0.18904,0.18936,0.02,0.03
2013.06.28 08:36:11.495,0.18908,0.18938,0.02,0.02
2013.06.28 08:36:13.925,0.18904,0.18936,0.02,0.03
2013.06.28 08:36:15.252,0.18907,0.18937,0.02,0.02
2013.06.28 08:36:19.176,0.18903,0.18936,0.02,0.03
2013.06.28 08:36:19.399,0.18902,0.18933,0.02,0.02
2013.06.28 08:36:20.873,0.18903,0.18938,0.02,0.03
2013.06.28 08:36:21.561,0.18902,0.18937,0.02,0.03
2013.06.28 08:36:22.890,0.18902,0.18932,0.02,0.02
2013.06.28 08:36:23.560,0.18896,0.18932,0.03,0.02
2013.06.28 08:36:25.293,0.18898,0.18931,0.02,0.02
2013.06.28 08:36:25.363,0.189,0.18932,0.02,0.02
2013.06.28 08:36:25.482,0.18899,0.18932,0.02,0.02
2013.06.28 08:36:25.623,0.189,0.18932,0.02,0.02
2013.06.28 08:36:27.743,0.18899,0.18932,0.02,0.03
2013.06.28 08:36:33.765,0.18903,0.1894,0.02,0.02
2013.06.28 08:36:33.883,0.18903,0.18935,0.02,0.02
2013.06.28 08:36:34.723,0.18903,0.18936,0.02,0.03
2013.06.28 08:36:35.232,0.18903,0.18933,0.02,0.02
2013.06.28 08:36:35.850,0.18901,0.18933,0.02,0.02
2013.06.28 08:36:38.638,0.18901,0.18934,0.02,0.03
2013.06.28 08:36:39.173,0.18897,0.18932,0.02,0.02
2013.06.28 08:36:40.243,0.18898,0.18934,0.02,0.02
2013.06.28 08:36:42.950,0.18902,0.18932,0.02,0.02
2013.06.28 08:36:46.182,0.18897,0.18934,0.03,0.02
2013.06.28 08:36:49.229,0.18897,0.18932,0.02,0.02
2013.06.28 08:36:52.222,0.18902,0.18934,0.02,0.02
2013.06.28 08:36:52.613,0.18903,0.18938,0.02,0.02
2013.06.28 08:36:53.142,0.18902,0.18937,0.02,0.03
2013.06.28 08:36:53.282,0.18903,0.18933,0.02,0.02
2013.06.28 08:36:57.983,0.18897,0.18932,0.03,0.03
2013.06.28 08:37:01.663,0.18903,0.18938,0.02,0.03
2013.06.28 08:37:02.028,0.18903,0.18933,0.02,0.02
2013.06.28 08:37:02.620,0.18896,0.18932,0.03,0.02
2013.06.28 08:37:16.963,0.18896,0.18932,0.03,0.02
2013.06.28 08:37:17.964,0.18897,0.18933,0.03,0.02
2013.06.28 08:37:25.808,0.18896,0.18932,0.03,0.02
2013.06.28 08:37:30.801,0.18897,0.18927,0.02,0.02
2013.06.28 08:37:30.923,0.18898,0.18933,0.02,0.02
2013.06.28 08:37:34.538,0.18897,0.18927,0.02,0.02
2013.06.28 08:37:35.871,0.18898,0.18929,0.02,0.02
2013.06.28 08:37:38.453,0.18897,0.18932,0.02,0.02
2013.06.28 08:37:38.673,0.18897,0.18932,0.03,0.02
2013.06.28 08:37:38.914,0.18897,0.18932,0.02,0.02
2013.06.28 08:37:39.113,0.18897,0.18932,0.03,0.02
2013.06.28 08:37:40.263,0.18902,0.18937,0.02,0.03
2013.06.28 08:37:40.323,0.18902,0.18937,0.02,0.03
2013.06.28 08:37:40.827,0.18903,0.18938,0.02,0.02
2013.06.28 08:37:41.653,0.18902,0.18937,0.02,0.03
2013.06.28 08:37:41.874,0.18905,0.18937,0.02,0.03
2013.06.28 08:37:41.934,0.18903,0.18937,0.02,0.03
2013.06.28 08:37:42.033,0.18905,0.18937,0.02,0.03
2013.06.28 08:37:46.313,0.18902,0.18935,0.02,0.02
2013.06.28 08:37:47.070,0.18905,0.18937,0.02,0.03
2013.06.28 08:37:47.333,0.18903,0.18935,0.02,0.02
2013.06.28 08:37:48.069,0.18903,0.18936,0.02,0.03
2013.06.28 08:37:56.026,0.18903,0.18938,0.02,0.02
2013.06.28 08:37:57.093,0.18906,0.18937,0.02,0.02
2013.06.28 08:37:59.540,0.18903,0.18938,0.02,0.02
2013.06.28 08:38:02.299,0.18902,0.18932,0.02,0.02
2013.06.28 08:38:07.703,0.18896,0.18932,0.02,0.02
2013.06.28 08:38:20.140,0.18897,0.18933,0.03,0.02
2013.06.28 08:38:25.473,0.18907,0.18937,0.02,0.03
2013.06.28 08:38:25.533,0.18907,0.18937,0.02,0.03
2013.06.28 08:38:31.321,0.18907,0.18937,0.02,0.02
2013.06.28 08:38:31.673,0.18908,0.18938,0.02,0.02
2013.06.28 08:38:36.717,0.18902,0.18937,0.02,0.03
2013.06.28 08:38:36.893,0.18906,0.18938,0.02,0.02
2013.06.28 08:38:37.049,0.18906,0.18937,0.02,0.02
2013.06.28 08:38:37.842,0.18902,0.18934,0.02,0.02
2013.06.28 08:38:38.899,0.18898,0.18931,0.02,0.02
2013.06.28 08:38:39.363,0.18897,0.18932,0.02,0.02
2013.06.28 08:38:42.104,0.18901,0.18932,0.02,0.02
2013.06.28 08:38:42.821,0.18902,0.18932,0.02,0.02
2013.06.28 08:38:43.083,0.18898,0.18934,0.02,0.03
2013.06.28 08:38:43.692,0.18903,0.18933,0.02,0.02
2013.06.28 08:38:45.118,0.18897,0.18932,0.02,0.02
2013.06.28 08:38:46.543,0.18902,0.18934,0.02,0.03
2013.06.28 08:38:47.149,0.18903,0.18933,0.02,0.02
2013.06.28 08:38:47.863,0.18902,0.18933,0.02,0.02
2013.06.28 08:38:49.065,0.18898,0.18931,0.02,0.02
2013.06.28 08:38:50.723,0.18901,0.18936,0.02,0.03
2013.06.28 08:38:51.500,0.189,0.18932,0.02,0.02
2013.06.28 08:38:53.909,0.18897,0.18932,0.02,0.02
2013.06.28 08:38:54.411,0.18897,0.18932,0.03,0.02
2013.06.28 08:39:00.895,0.18897,0.1893,0.02,0.02
2013.06.28 08:39:01.013,0.18897,0.18932,0.02,0.02
2013.06.28 08:39:01.781,0.18898,0.18929,0.02,0.02
2013.06.28 08:39:06.313,0.18899,0.18934,0.02,0.02
2013.06.28 08:39:06.373,0.18898,0.18931,0.02,0.02
2013.06.28 08:39:06.552,0.18902,0.18932,0.02,0.02
2013.06.28 08:39:07.253,0.18903,0.18939,0.02,0.02
2013.06.28 08:39:07.682,0.18902,0.18934,0.02,0.02
2013.06.28 08:39:07.803,0.18896,0.18932,0.02,0.02
2013.06.28 08:39:08.355,0.18902,0.18932,0.02,0.02
2013.06.28 08:39:13.769,0.18898,0.18929,0.02,0.02
2013.06.28 08:39:14.400,0.18897,0.18928,0.02,0.02
2013.06.28 08:39:14.913,0.18898,0.1893,0.02,0.02
2013.06.28 08:39:16.974,0.18897,0.18927,0.02,0.02
2013.06.28 08:39:19.123,0.18897,0.18927,0.02,0.02
2013.06.28 08:39:19.182,0.18897,0.18927,0.02,0.02
2013.06.28 08:39:20.000,0.18898,0.18929,0.02,0.02
2013.06.28 08:39:21.143,0.18897,0.18927,0.02,0.02
2013.06.28 08:39:22.203,0.18894,0.18926,0.02,0.02
2013.06.28 08:39:22.879,0.18898,0.1893,0.02,0.02
2013.06.28 08:39:23.563,0.18897,0.18928,0.02,0.02
2013.06.28 08:39:24.426,0.18897,0.18927,0.02,0.02
2013.06.28 08:39:26.699,0.18898,0.18928,0.02,0.02
2013.06.28 08:39:29.313,0.18896,0.18928,0.02,0.02
2013.06.28 08:39:29.847,0.18898,0.18928,0.02,0.02
2013.06.28 08:39:33.805,0.18897,0.18927,0.02,0.02
2013.06.28 08:39:47.522,0.18897,0.18928,0.02,0.02
2013.06.28 08:39:48.150,0.18897,0.18927,0.02,0.02
2013.06.28 08:39:49.651,0.18897,0.18929,0.02,0.02
2013.06.28 08:39:59.477,0.18898,0.18928,0.02,0.02
2013.06.28 08:40:02.643,0.18895,0.18927,0.02,0.02
2013.06.28 08:40:09.486,0.18888,0.18921,0.03,0.02
2013.06.28 08:40:09.575,0.18888,0.18921,0.02,0.02
2013.06.28 08:40:09.693,0.18887,0.18919,0.02,0.02
2013.06.28 08:40:15.276,0.18892,0.18923,0.02,0.02
2013.06.28 08:40:15.333,0.1889,0.18923,0.02,0.02
2013.06.28 08:40:15.453,0.18892,0.18924,0.02,0.02
2013.06.28 08:40:16.021,0.18893,0.18924,0.02,0.02
2013.06.28 08:40:16.680,0.18892,0.18922,0.02,0.02
2013.06.28 08:40:17.883,0.18892,0.18922,0.02,0.02
2013.06.28 08:40:20.153,0.18892,0.18927,0.02,0.02
2013.06.28 08:40:21.364,0.18886,0.18922,0.03,0.02
2013.06.28 08:40:21.584,0.18893,0.18925,0.02,0.02
2013.06.28 08:40:22.343,0.18893,0.18926,0.02,0.02
2013.06.28 08:40:27.974,0.18892,0.18922,0.02,0.02
2013.06.28 08:40:28.483,0.18892,0.18922,0.02,0.02
2013.06.28 08:40:30.716,0.18887,0.18923,0.03,0.02
2013.06.28 08:40:31.451,0.18887,0.18921,0.03,0.02
2013.06.28 08:40:46.886,0.18886,0.18922,0.03,0.02
2013.06.28 08:40:50.699,0.18883,0.18916,0.03,0.02
2013.06.28 08:40:50.873,0.18882,0.18915,0.02,0.02
2013.06.28 08:40:50.933,0.18884,0.18916,0.02,0.02
2013.06.28 08:40:51.293,0.18888,0.18918,0.02,0.02
2013.06.28 08:40:56.453,0.18893,0.18925,0.02,0.02
2013.06.28 08:40:57.763,0.18887,0.18917,0.02,0.02
2013.06.28 08:40:57.823,0.18887,0.18922,0.02,0.02
2013.06.28 08:40:57.883,0.18888,0.18919,0.02,0.02
2013.06.28 08:40:58.452,0.18885,0.18916,0.02,0.02
2013.06.28 08:41:00.354,0.18887,0.18917,0.02,0.02
2013.06.28 08:41:01.365,0.18888,0.18918,0.02,0.02
2013.06.28 08:41:07.033,0.18887,0.18917,0.02,0.02
2013.06.28 08:41:08.432,0.18888,0.18918,0.02,0.02
2013.06.28 08:41:08.954,0.18887,0.18917,0.02,0.02
2013.06.28 08:41:11.703,0.18877,0.18907,0.02,0.02
2013.06.28 08:41:11.763,0.18877,0.18909,0.02,0.02
2013.06.28 08:41:12.293,0.18872,0.18907,0.02,0.02
2013.06.28 08:41:14.873,0.18867,0.18906,0.02,0.03
2013.06.28 08:41:15.066,0.18873,0.18906,0.02,0.02
2013.06.28 08:41:15.241,0.18873,0.18906,0.02,0.02
2013.06.28 08:41:16.123,0.18873,0.18906,0.02,0.02
2013.06.28 08:41:16.483,0.18867,0.18906,0.02,0.03
2013.06.28 08:41:19.193,0.18873,0.18906,0.02,0.02
2013.06.28 08:41:19.553,0.18867,0.18904,0.03,0.02
2013.06.28 08:41:19.613,0.18868,0.18901,0.02,0.02
2013.06.28 08:41:19.673,0.18868,0.18901,0.02,0.02
2013.06.28 08:41:19.733,0.18867,0.18898,0.02,0.02
2013.06.28 08:41:19.793,0.18867,0.189,0.02,0.02
2013.06.28 08:41:19.973,0.18862,0.18898,0.03,0.02
2013.06.28 08:41:20.093,0.18862,0.18897,0.02,0.02
2013.06.28 08:41:20.853,0.18862,0.18894,0.02,0.02
2013.06.28 08:41:22.183,0.18863,0.18902,0.02,0.02
2013.06.28 08:41:22.333,0.18861,0.18897,0.02,0.02
2013.06.28 08:41:22.393,0.18869,0.18901,0.02,0.02
2013.06.28 08:41:24.183,0.18868,0.18905,0.02,0.02
2013.06.28 08:41:25.003,0.18861,0.18892,0.02,0.02
2013.06.28 08:41:25.183,0.18862,0.18894,0.02,0.02
2013.06.28 08:41:26.393,0.18858,0.18891,0.02,0.02
2013.06.28 08:41:26.453,0.18858,0.18891,0.02,0.02
2013.06.28 08:41:26.993,0.18857,0.18887,0.02,0.02
2013.06.28 08:41:27.323,0.18859,0.18891,0.02,0.02
2013.06.28 08:41:28.416,0.18867,0.18897,0.02,0.03
2013.06.28 08:41:28.653,0.18867,0.18899,0.02,0.02
2013.06.28 08:41:29.195,0.18872,0.18903,0.02,0.02
2013.06.28 08:41:29.253,0.18869,0.18903,0.02,0.02
2013.06.28 08:41:29.313,0.18871,0.18906,0.02,0.02
2013.06.28 08:41:30.366,0.18871,0.18902,0.02,0.02
2013.06.28 08:41:30.920,0.18867,0.189,0.02,0.02
2013.06.28 08:41:32.230,0.18867,0.18897,0.02,0.02
2013.06.28 08:41:32.863,0.18868,0.18899,0.02,0.03
2013.06.28 08:41:33.571,0.18866,0.18898,0.03,0.02
2013.06.28 08:41:35.427,0.18868,0.18899,0.02,0.02
2013.06.28 08:41:35.763,0.18872,0.18902,0.02,0.02
2013.06.28 08:41:35.883,0.18873,0.18906,0.02,0.02
2013.06.28 08:41:42.243,0.18873,0.18906,0.02,0.02
2013.06.28 08:41:42.343,0.18873,0.18906,0.02,0.02
2013.06.28 08:41:43.053,0.18871,0.18908,0.02,0.02
2013.06.28 08:41:43.473,0.18877,0.18912,0.02,0.02
2013.06.28 08:41:43.784,0.18878,0.18911,0.02,0.02
2013.06.28 08:41:45.197,0.18874,0.18907,0.02,0.02
2013.06.28 08:41:47.997,0.1887,0.18909,0.02,0.02
2013.06.28 08:41:49.632,0.18872,0.18903,0.02,0.02
2013.06.28 08:41:57.783,0.18867,0.18901,0.02,0.02
2013.06.28 08:41:57.874,0.18867,0.18897,0.02,0.02
2013.06.28 08:41:59.433,0.18867,0.18904,0.03,0.02
2013.06.28 08:41:59.623,0.18873,0.18906,0.02,0.02
2013.06.28 08:42:03.583,0.18873,0.18906,0.02,0.02
2013.06.28 08:42:03.674,0.18873,0.18906,0.02,0.02
2013.06.28 08:42:10.903,0.18877,0.1891,0.02,0.02
2013.06.28 08:42:11.033,0.18877,0.18912,0.02,0.03
2013.06.28 08:42:13.403,0.18883,0.18914,0.02,0.02
2013.06.28 08:42:13.463,0.18879,0.18911,0.02,0.02
2013.06.28 08:42:14.150,0.18882,0.18913,0.02,0.02
2013.06.28 08:42:18.574,0.18882,0.18912,0.02,0.02
2013.06.28 08:42:18.993,0.18877,0.18912,0.02,0.03
2013.06.28 08:42:27.563,0.1888,0.18912,0.02,0.02
2013.06.28 08:42:28.251,0.1888,0.18912,0.02,0.02
2013.06.28 08:42:28.909,0.18883,0.18917,0.02,0.02
2013.06.28 08:42:30.020,0.18878,0.18911,0.02,0.02
2013.06.28 08:42:30.133,0.18877,0.18908,0.02,0.02
2013.06.28 08:42:32.164,0.18877,0.18912,0.02,0.03
2013.06.28 08:42:32.343,0.18876,0.18912,0.03,0.03
2013.06.28 08:42:38.143,0.18878,0.18911,0.02,0.02
2013.06.28 08:42:38.267,0.18878,0.18911,0.02,0.02
2013.06.28 08:42:46.903,0.18882,0.18912,0.02,0.02
2013.06.28 08:42:47.043,0.18879,0.18911,0.02,0.02
2013.06.28 08:42:47.296,0.18882,0.18912,0.02,0.02
2013.06.28 08:42:47.813,0.18882,0.18917,0.02,0.02
2013.06.28 08:42:47.947,0.18883,0.18914,0.02,0.02
2013.06.28 08:42:48.003,0.18883,0.18914,0.02,0.02
2013.06.28 08:42:48.987,0.18882,0.18912,0.02,0.02
2013.06.28 08:42:50.517,0.18882,0.18912,0.02,0.02
2013.06.28 08:42:52.426,0.18883,0.18913,0.02,0.02
2013.06.28 08:42:53.465,0.18882,0.18912,0.02,0.02
2013.06.28 08:42:55.144,0.18884,0.18916,0.02,0.02
2013.06.28 08:42:55.363,0.18886,0.18918,0.02,0.02
2013.06.28 08:42:59.842,0.18882,0.18917,0.02,0.02
2013.06.28 08:43:00.203,0.18883,0.18913,0.02,0.02
2013.06.28 08:43:00.795,0.18877,0.18911,0.02,0.02
2013.06.28 08:43:03.094,0.18883,0.18913,0.02,0.02
2013.06.28 08:43:04.026,0.18882,0.18912,0.02,0.02
2013.06.28 08:43:05.358,0.18883,0.18916,0.02,0.02
2013.06.28 08:43:05.677,0.18883,0.18918,0.02,0.02
2013.06.28 08:43:08.213,0.18884,0.18917,0.02,0.02
2013.06.28 08:43:11.313,0.18888,0.18919,0.02,0.02
2013.06.28 08:43:11.453,0.18884,0.18916,0.02,0.02
2013.06.28 08:43:12.201,0.18888,0.18918,0.02,0.02
2013.06.28 08:43:16.513,0.18887,0.18917,0.02,0.02
2013.06.28 08:43:16.633,0.18877,0.18912,0.02,0.02
2013.06.28 08:43:16.753,0.18876,0.18911,0.02,0.02
2013.06.28 08:43:17.932,0.18878,0.18908,0.02,0.02
2013.06.28 08:43:21.930,0.18877,0.18907,0.02,0.02
2013.06.28 08:43:22.491,0.18877,0.18907,0.02,0.02
2013.06.28 08:43:22.651,0.18883,0.18913,0.02,0.02
2013.06.28 08:43:23.064,0.18882,0.18916,0.02,0.02
2013.06.28 08:43:27.213,0.1888,0.18912,0.02,0.02
2013.06.28 08:43:30.358,0.18878,0.1891,0.02,0.02
2013.06.28 08:43:30.474,0.18878,0.1891,0.02,0.02
2013.06.28 08:43:30.593,0.18877,0.18907,0.02,0.02
2013.06.28 08:43:31.100,0.18878,0.18909,0.02,0.02
2013.06.28 08:43:35.303,0.18878,0.18909,0.02,0.02
2013.06.28 08:43:35.953,0.18878,0.18909,0.02,0.02
2013.06.28 08:43:39.123,0.18877,0.18907,0.02,0.02
2013.06.28 08:43:39.215,0.18874,0.18907,0.02,0.02
2013.06.28 08:43:39.631,0.18875,0.18908,0.02,0.02
2013.06.28 08:43:40.775,0.18874,0.18907,0.02,0.02
2013.06.28 08:43:41.374,0.18872,0.18907,0.02,0.02
2013.06.28 08:43:41.474,0.18872,0.1891,0.03,0.03
2013.06.28 08:43:41.834,0.18877,0.18912,0.02,0.03
2013.06.28 08:43:42.073,0.18881,0.18913,0.02,0.02
2013.06.28 08:43:42.620,0.18882,0.18912,0.02,0.02
2013.06.28 08:43:43.320,0.18882,0.18913,0.02,0.02
2013.06.28 08:43:48.704,0.18875,0.18907,0.02,0.02
2013.06.28 08:43:55.783,0.18878,0.18914,0.02,0.03
2013.06.28 08:43:55.903,0.18881,0.18916,0.02,0.02
2013.06.28 08:43:56.560,0.1888,0.18914,0.02,0.02
2013.06.28 08:44:00.000,0.18879,0.18911,0.02,0.02
2013.06.28 08:44:00.293,0.1888,0.18912,0.02,0.02
2013.06.28 08:44:05.154,0.18883,0.18913,0.02,0.02
2013.06.28 08:44:05.934,0.18877,0.18912,0.02,0.03
2013.06.28 08:44:06.725,0.18878,0.18911,0.02,0.03
2013.06.28 08:44:08.233,0.18874,0.1891,0.02,0.02
2013.06.28 08:44:08.413,0.18877,0.18907,0.02,0.02
2013.06.28 08:44:10.053,0.18877,0.18907,0.02,0.02
2013.06.28 08:44:10.173,0.18878,0.18909,0.02,0.02
2013.06.28 08:44:10.401,0.18878,0.18911,0.02,0.02
2013.06.28 08:44:10.654,0.18877,0.18908,0.02,0.02
2013.06.28 08:44:11.184,0.18873,0.18905,0.02,0.02
2013.06.28 08:44:14.063,0.18872,0.18907,0.02,0.02
2013.06.28 08:44:14.193,0.18872,0.18907,0.02,0.02
2013.06.28 08:44:14.797,0.18872,0.18907,0.02,0.02
2013.06.28 08:44:15.372,0.18878,0.1891,0.02,0.02
2013.06.28 08:44:18.463,0.18878,0.18909,0.02,0.02
2013.06.28 08:44:18.643,0.18878,0.18911,0.02,0.02
2013.06.28 08:44:19.193,0.18882,0.18912,0.02,0.02
2013.06.28 08:44:19.325,0.18878,0.18912,0.02,0.02
2013.06.28 08:44:19.383,0.18882,0.18912,0.02,0.02
2013.06.28 08:44:19.893,0.18883,0.18913,0.02,0.02
2013.06.28 08:44:19.973,0.18882,0.18917,0.02,0.02
2013.06.28 08:44:20.173,0.18884,0.18917,0.02,0.02
2013.06.28 08:44:20.233,0.18885,0.18918,0.02,0.02
2013.06.28 08:44:20.750,0.18881,0.18914,0.02,0.02
2013.06.28 08:44:21.411,0.18882,0.18918,0.03,0.02
2013.06.28 08:44:22.851,0.18882,0.18917,0.02,0.02
2013.06.28 08:44:23.440,0.18882,0.18918,0.03,0.02
2013.06.28 08:44:24.573,0.18885,0.18919,0.02,0.02
2013.06.28 08:44:24.693,0.18884,0.18916,0.02,0.02
2013.06.28 08:44:25.481,0.18885,0.18917,0.02,0.02
2013.06.28 08:44:25.873,0.18882,0.18917,0.02,0.02
2013.06.28 08:44:30.504,0.18883,0.18918,0.02,0.02
2013.06.28 08:44:40.943,0.18883,0.18916,0.02,0.02
2013.06.28 08:44:41.003,0.18883,0.18916,0.02,0.02
2013.06.28 08:44:41.558,0.18887,0.18919,0.02,0.02
2013.06.28 08:44:43.893,0.18882,0.18912,0.02,0.02
2013.06.28 08:44:44.283,0.18882,0.18912,0.02,0.02
2013.06.28 08:44:44.374,0.18883,0.18914,0.02,0.02
2013.06.28 08:44:44.951,0.18882,0.18917,0.02,0.02
2013.06.28 08:44:48.193,0.18883,0.1892,0.02,0.02
2013.06.28 08:44:48.253,0.18883,0.18919,0.02,0.03
2013.06.28 08:44:48.990,0.18881,0.18917,0.02,0.02
2013.06.28 08:44:49.713,0.18882,0.18918,0.02,0.02
2013.06.28 08:44:51.821,0.18883,0.18919,0.02,0.02
2013.06.28 08:44:52.380,0.18882,0.18918,0.02,0.02
2013.06.28 08:44:55.719,0.18883,0.18917,0.02,0.02
2013.06.28 08:44:55.893,0.18884,0.18917,0.02,0.02
2013.06.28 08:44:56.286,0.18887,0.18917,0.02,0.02
2013.06.28 08:44:57.373,0.18888,0.18918,0.02,0.02
2013.06.28 08:45:00.254,0.18888,0.18923,0.02,0.02
2013.06.28 08:45:00.453,0.18887,0.18917,0.02,0.02
2013.06.28 08:45:00.513,0.18881,0.18917,0.02,0.02
2013.06.28 08:45:03.533,0.18883,0.18913,0.02,0.02
2013.06.28 08:45:04.641,0.18882,0.18917,0.02,0.02
2013.06.28 08:45:06.129,0.18879,0.18912,0.02,0.02
2013.06.28 08:45:06.461,0.18877,0.18915,0.02,0.03
2013.06.28 08:45:10.025,0.18876,0.18912,0.03,0.02
2013.06.28 08:45:11.549,0.18877,0.18915,0.02,0.03
2013.06.28 08:45:12.113,0.18876,0.18912,0.03,0.02
2013.06.28 08:45:12.681,0.18877,0.18915,0.02,0.03
2013.06.28 08:45:13.543,0.18878,0.18911,0.02,0.02
2013.06.28 08:45:14.073,0.18877,0.18912,0.02,0.02
2013.06.28 08:45:18.613,0.18878,0.18911,0.02,0.02
2013.06.28 08:45:19.230,0.18877,0.18907,0.02,0.02
2013.06.28 08:45:22.263,0.18877,0.18912,0.02,0.02
2013.06.28 08:45:22.323,0.18877,0.18912,0.02,0.02
2013.06.28 08:45:31.575,0.18881,0.18915,0.02,0.03
2013.06.28 08:45:31.752,0.18881,0.18913,0.02,0.02
2013.06.28 08:45:31.983,0.18883,0.18918,0.02,0.02
2013.06.28 08:45:33.221,0.18882,0.18912,0.02,0.02
2013.06.28 08:45:33.334,0.18882,0.18914,0.02,0.03
2013.06.28 08:45:35.476,0.18878,0.18914,0.02,0.02
2013.06.28 08:45:36.030,0.18877,0.18911,0.02,0.02
2013.06.28 08:45:41.313,0.18877,0.18913,0.02,0.02
2013.06.28 08:45:50.099,0.18876,0.18912,0.02,0.02
2013.06.28 08:45:51.552,0.18878,0.18908,0.02,0.02
2013.06.28 08:45:53.578,0.18877,0.18907,0.02,0.02
2013.06.28 08:45:54.288,0.18878,0.18908,0.02,0.02
2013.06.28 08:45:56.343,0.18877,0.18907,0.02,0.02
2013.06.28 08:45:56.404,0.18877,0.18912,0.02,0.02
2013.06.28 08:45:57.161,0.18878,0.18911,0.02,0.02
2013.06.28 08:46:13.615,0.18877,0.18907,0.02,0.02
2013.06.28 08:46:14.380,0.18873,0.18905,0.02,0.02
2013.06.28 08:46:15.051,0.18878,0.18908,0.02,0.02
2013.06.28 08:46:21.366,0.18878,0.18909,0.02,0.02
2013.06.28 08:46:25.149,0.18883,0.18913,0.02,0.02
2013.06.28 08:46:25.263,0.18881,0.18912,0.02,0.02
2013.06.28 08:46:26.964,0.18877,0.18912,0.02,0.02
2013.06.28 08:46:27.675,0.18877,0.18914,0.02,0.02
2013.06.28 08:46:32.557,0.18882,0.18912,0.02,0.02
2013.06.28 08:46:33.681,0.18883,0.18918,0.02,0.02
2013.06.28 08:46:34.290,0.18888,0.18919,0.02,0.02
2013.06.28 08:46:34.805,0.18887,0.18917,0.02,0.02
2013.06.28 08:46:36.553,0.18877,0.18913,0.02,0.02
2013.06.28 08:46:36.733,0.18877,0.18911,0.02,0.02
2013.06.28 08:46:37.253,0.18877,0.18907,0.02,0.02
2013.06.28 08:46:37.338,0.18882,0.18912,0.02,0.02
2013.06.28 08:46:37.513,0.18876,0.18912,0.03,0.02
2013.06.28 08:46:38.211,0.18883,0.18913,0.02,0.02
2013.06.28 08:46:43.333,0.18882,0.18912,0.02,0.02
2013.06.28 08:46:43.951,0.1888,0.18912,0.02,0.02
2013.06.28 08:46:45.165,0.18878,0.1891,0.02,0.02
2013.06.28 08:46:45.283,0.18877,0.18907,0.02,0.02
2013.06.28 08:46:55.755,0.18883,0.18913,0.02,0.02
2013.06.28 08:46:56.348,0.18882,0.18912,0.02,0.02
2013.06.28 08:46:59.477,0.18879,0.18914,0.02,0.02
2013.06.28 08:46:59.780,0.18879,0.18915,0.02,0.03
2013.06.28 08:47:00.289,0.18876,0.18912,0.03,0.02
2013.06.28 08:47:00.396,0.18877,0.18915,0.03,0.02
2013.06.28 08:47:01.222,0.18876,0.18909,0.03,0.02
2013.06.28 08:47:01.826,0.18878,0.18911,0.02,0.02
2013.06.28 08:47:14.815,0.18877,0.18907,0.02,0.02
2013.06.28 08:47:15.320,0.18878,0.18908,0.02,0.02
2013.06.28 08:47:16.001,0.18877,0.18907,0.02,0.02
2013.06.28 08:47:16.682,0.18878,0.18909,0.02,0.02
2013.06.28 08:48:00.673,0.18878,0.18911,0.02,0.02
2013.06.28 08:48:00.890,0.18883,0.18916,0.02,0.02
2013.06.28 08:48:05.050,0.18875,0.1891,0.02,0.02
2013.06.28 08:48:05.384,0.18883,0.18916,0.02,0.02
2013.06.28 08:48:09.498,0.18883,0.18918,0.02,0.02
2013.06.28 08:48:09.875,0.18874,0.18911,0.02,0.02
2013.06.28 08:48:09.994,0.18883,0.18915,0.02,0.02
2013.06.28 08:48:15.934,0.18888,0.18918,0.02,0.02
2013.06.28 08:48:16.054,0.18887,0.18917,0.02,0.02
2013.06.28 08:48:16.635,0.18888,0.18918,0.02,0.02
2013.06.28 08:48:24.395,0.18883,0.18914,0.02,0.03
2013.06.28 08:48:24.453,0.18881,0.18912,0.02,0.02
2013.06.28 08:48:25.505,0.18882,0.18912,0.02,0.02
2013.06.28 08:48:35.934,0.18883,0.18914,0.02,0.03
2013.06.28 08:48:41.145,0.1888,0.18911,0.02,0.02
2013.06.28 08:48:42.147,0.18881,0.18913,0.02,0.02
2013.06.28 08:48:42.717,0.18876,0.18912,0.03,0.02
2013.06.28 08:48:44.503,0.18878,0.18909,0.02,0.02
2013.06.28 08:48:45.051,0.18877,0.18907,0.02,0.02
2013.06.28 08:48:45.983,0.18878,0.18908,0.02,0.02
2013.06.28 08:48:47.174,0.18878,0.18912,0.02,0.02
2013.06.28 08:48:47.784,0.18883,0.18913,0.02,0.02
2013.06.28 08:48:48.401,0.18882,0.18912,0.02,0.02
2013.06.28 08:48:48.874,0.18883,0.18919,0.02,0.03
2013.06.28 08:48:55.963,0.18887,0.18919,0.02,0.02
2013.06.28 08:49:03.734,0.18888,0.18919,0.02,0.03
2013.06.28 08:49:05.524,0.18884,0.18918,0.02,0.02
2013.06.28 08:49:05.876,0.18883,0.18913,0.02,0.02
2013.06.28 08:49:06.438,0.18883,0.18913,0.02,0.03
2013.06.28 08:49:06.934,0.18882,0.18917,0.02,0.02
2013.06.28 08:49:07.702,0.18882,0.18919,0.02,0.02
2013.06.28 08:49:08.322,0.18883,0.18919,0.02,0.03
2013.06.28 08:49:08.444,0.18883,0.18913,0.02,0.02
2013.06.28 08:49:10.921,0.18883,0.18918,0.02,0.02
2013.06.28 08:49:15.559,0.18878,0.18911,0.02,0.03
2013.06.28 08:49:15.674,0.18878,0.18911,0.02,0.02
2013.06.28 08:49:16.101,0.18878,0.18911,0.02,0.03
2013.06.28 08:49:19.524,0.18878,0.1891,0.02,0.02
2013.06.28 08:49:19.584,0.18878,0.18913,0.02,0.02
2013.06.28 08:49:21.065,0.18878,0.18915,0.02,0.02
2013.06.28 08:49:22.514,0.18882,0.18917,0.02,0.02
2013.06.28 08:49:22.944,0.18883,0.18919,0.02,0.02
2013.06.28 08:49:23.471,0.18881,0.18918,0.02,0.02
2013.06.28 08:49:26.764,0.18878,0.18908,0.02,0.02
2013.06.28 08:49:26.824,0.18875,0.18906,0.02,0.03
2013.06.28 08:49:27.004,0.18883,0.18913,0.02,0.02
2013.06.28 08:49:27.914,0.18882,0.18912,0.02,0.03
2013.06.28 08:49:31.718,0.18883,0.18914,0.02,0.02
2013.06.28 08:49:31.954,0.18878,0.18908,0.02,0.02
2013.06.28 08:49:32.134,0.18882,0.18912,0.02,0.02
2013.06.28 08:49:33.147,0.18883,0.18914,0.02,0.02
2013.06.28 08:49:34.724,0.18882,0.18912,0.02,0.02
2013.06.28 08:49:35.034,0.18878,0.1891,0.02,0.02
2013.06.28 08:49:35.393,0.18877,0.18907,0.02,0.02
2013.06.28 08:49:35.992,0.18878,0.18911,0.02,0.03
2013.06.28 08:49:36.805,0.18877,0.18908,0.02,0.02
2013.06.28 08:49:36.924,0.18877,0.18912,0.02,0.03
2013.06.28 08:49:37.624,0.18881,0.18913,0.02,0.03
2013.06.28 08:49:38.190,0.18876,0.18912,0.02,0.03
2013.06.28 08:49:38.544,0.18882,0.18912,0.02,0.03
2013.06.28 08:49:38.810,0.18876,0.18912,0.02,0.03
2013.06.28 08:49:39.356,0.18882,0.18914,0.02,0.03
2013.06.28 08:49:40.294,0.18883,0.18918,0.02,0.02
2013.06.28 08:49:40.871,0.18883,0.18918,0.02,0.02
2013.06.28 08:49:42.845,0.18882,0.18918,0.02,0.02
2013.06.28 08:49:46.533,0.18883,0.18913,0.02,0.03
2013.06.28 08:49:47.221,0.18881,0.18913,0.02,0.02
2013.06.28 08:49:49.534,0.18883,0.18913,0.02,0.02
2013.06.28 08:49:55.364,0.18881,0.18912,0.02,0.02
2013.06.28 08:49:57.064,0.18882,0.18912,0.02,0.02
2013.06.28 08:49:57.254,0.18882,0.18913,0.02,0.02
2013.06.28 08:49:57.923,0.18882,0.18912,0.02,0.02
2013.06.28 08:49:59.146,0.18881,0.18912,0.02,0.02
2013.06.28 08:49:59.264,0.18881,0.18912,0.02,0.02
2013.06.28 08:49:59.354,0.1888,0.18912,0.02,0.02
2013.06.28 08:49:59.714,0.18878,0.18915,0.02,0.03
2013.06.28 08:49:59.774,0.18878,0.18915,0.02,0.03
2013.06.28 08:49:59.834,0.18875,0.18911,0.02,0.03
2013.06.28 08:50:00.015,0.18878,0.18911,0.02,0.03
2013.06.28 08:50:00.592,0.18878,0.18913,0.02,0.03
2013.06.28 08:50:00.654,0.18878,0.18911,0.02,0.03
2013.06.28 08:50:01.272,0.18878,0.18912,0.02,0.02
2013.06.28 08:50:05.456,0.18882,0.18919,0.02,0.02
2013.06.28 08:50:06.282,0.18883,0.18915,0.02,0.02
2013.06.28 08:50:12.106,0.18884,0.18918,0.02,0.02
2013.06.28 08:50:12.854,0.18883,0.18913,0.02,0.02
2013.06.28 08:50:13.247,0.18876,0.18912,0.02,0.02
2013.06.28 08:50:19.674,0.1888,0.18917,0.02,0.02
2013.06.28 08:50:19.794,0.18882,0.18918,0.02,0.03
2013.06.28 08:50:21.841,0.18887,0.18922,0.02,0.02
2013.06.28 08:50:21.907,0.18885,0.1892,0.02,0.02
2013.06.28 08:50:22.034,0.18887,0.18922,0.02,0.02
2013.06.28 08:50:22.454,0.1889,0.18922,0.02,0.02
2013.06.28 08:50:22.694,0.18892,0.18925,0.02,0.03
2013.06.28 08:50:24.068,0.18891,0.18922,0.02,0.02
2013.06.28 08:50:24.594,0.18888,0.18922,0.02,0.02
2013.06.28 08:50:25.214,0.18883,0.18923,0.02,0.02
2013.06.28 08:50:25.724,0.18883,0.18916,0.02,0.02
2013.06.28 08:50:26.066,0.18883,0.18916,0.02,0.02
2013.06.28 08:50:26.762,0.18882,0.18913,0.02,0.02
2013.06.28 08:50:27.694,0.18877,0.18911,0.02,0.02
2013.06.28 08:50:27.874,0.18877,0.18907,0.02,0.02
2013.06.28 08:50:28.481,0.18878,0.18909,0.02,0.02
2013.06.28 08:50:28.904,0.18876,0.18912,0.02,0.02
2013.06.28 08:50:29.005,0.18876,0.18912,0.02,0.02
2013.06.28 08:50:29.534,0.18881,0.18913,0.02,0.02
2013.06.28 08:50:30.334,0.18877,0.18911,0.02,0.02
2013.06.28 08:50:30.454,0.18878,0.18911,0.02,0.02
2013.06.28 08:50:31.012,0.18877,0.18907,0.02,0.02
2013.06.28 08:50:32.331,0.18878,0.18911,0.02,0.02
2013.06.28 08:50:39.863,0.18877,0.18912,0.02,0.02
2013.06.28 08:50:41.691,0.18883,0.18914,0.02,0.02
2013.06.28 08:50:41.873,0.18883,0.18916,0.02,0.02
2013.06.28 08:50:42.099,0.18878,0.18911,0.02,0.02
2013.06.28 08:50:42.311,0.18877,0.18908,0.03,0.02
2013.06.28 08:50:45.317,0.18878,0.18913,0.02,0.02
2013.06.28 08:50:45.584,0.18877,0.18911,0.03,0.02
2013.06.28 08:50:48.229,0.18876,0.18913,0.03,0.02
2013.06.28 08:50:48.344,0.18877,0.18912,0.02,0.02
2013.06.28 08:50:48.404,0.18877,0.18911,0.02,0.02
2013.06.28 08:50:57.955,0.18877,0.18908,0.02,0.02
2013.06.28 08:50:59.054,0.18876,0.18907,0.02,0.02
2013.06.28 08:51:01.124,0.18883,0.18913,0.02,0.02
2013.06.28 08:51:01.184,0.18878,0.18911,0.02,0.03
2013.06.28 08:51:01.324,0.18883,0.18916,0.02,0.02
2013.06.28 08:51:05.525,0.18879,0.18912,0.02,0.02
2013.06.28 08:51:12.214,0.18878,0.1891,0.02,0.02
2013.06.28 08:51:12.681,0.18877,0.18908,0.02,0.02
2013.06.28 08:51:17.102,0.18883,0.18915,0.02,0.02
2013.06.28 08:51:17.224,0.18877,0.18911,0.02,0.02
2013.06.28 08:51:17.344,0.18883,0.18916,0.02,0.02
2013.06.28 08:51:25.664,0.18879,0.18912,0.02,0.02
2013.06.28 08:51:31.374,0.18882,0.18912,0.02,0.02
2013.06.28 08:51:32.155,0.1888,0.18913,0.02,0.02
2013.06.28 08:51:33.665,0.18877,0.18911,0.02,0.02
2013.06.28 08:51:33.731,0.18876,0.18907,0.02,0.02
2013.06.28 08:51:38.532,0.18882,0.18912,0.02,0.02
2013.06.28 08:51:38.594,0.18878,0.18912,0.02,0.02
2013.06.28 08:51:38.725,0.1888,0.18912,0.02,0.02
2013.06.28 08:51:39.270,0.18882,0.18912,0.02,0.02
2013.06.28 08:51:41.497,0.18883,0.18913,0.02,0.02
2013.06.28 08:51:41.654,0.1888,0.18911,0.02,0.02
2013.06.28 08:51:43.284,0.18883,0.18916,0.02,0.02
2013.06.28 08:51:47.104,0.1888,0.18912,0.02,0.02
2013.06.28 08:51:52.554,0.18877,0.18909,0.02,0.02
2013.06.28 08:51:52.614,0.18874,0.18907,0.03,0.02
2013.06.28 08:51:53.161,0.18878,0.18909,0.02,0.02
2013.06.28 08:52:12.984,0.18878,0.18911,0.02,0.02
2013.06.28 08:52:38.484,0.18872,0.18907,0.03,0.02
2013.06.28 08:52:38.568,0.18873,0.18906,0.02,0.02
2013.06.28 08:52:38.624,0.18873,0.18905,0.02,0.02
2013.06.28 08:52:38.744,0.18872,0.18902,0.02,0.02
2013.06.28 08:52:39.255,0.18873,0.18903,0.02,0.02
2013.06.28 08:52:40.754,0.18872,0.18902,0.02,0.02
2013.06.28 08:52:41.184,0.18863,0.18894,0.02,0.03
2013.06.28 08:52:41.674,0.18855,0.18891,0.02,0.03
2013.06.28 08:52:41.844,0.18857,0.18889,0.02,0.02
2013.06.28 08:52:41.904,0.18853,0.18885,0.02,0.02
2013.06.28 08:52:42.445,0.18855,0.18887,0.02,0.02
2013.06.28 08:52:42.948,0.18858,0.18889,0.02,0.02
2013.06.28 08:52:43.272,0.18858,0.18895,0.02,0.04
2013.06.28 08:52:43.445,0.18862,0.18892,0.02,0.03
2013.06.28 08:52:43.704,0.18856,0.18892,0.02,0.03
2013.06.28 08:52:44.281,0.18863,0.18895,0.02,0.03
2013.06.28 08:52:44.809,0.18862,0.18898,0.02,0.02
2013.06.28 08:52:46.995,0.18861,0.18892,0.02,0.02
2013.06.28 08:52:47.061,0.1886,0.18892,0.02,0.02
2013.06.28 08:52:47.174,0.18861,0.18894,0.02,0.03
2013.06.28 08:52:47.835,0.18859,0.18891,0.02,0.02
2013.06.28 08:52:48.294,0.18859,0.18891,0.02,0.02
2013.06.28 08:52:48.931,0.18863,0.18893,0.02,0.02
2013.06.28 08:52:52.736,0.18856,0.18893,0.02,0.02
2013.06.28 08:52:53.045,0.18848,0.18886,0.02,0.02
2013.06.28 08:52:53.164,0.1885,0.18881,0.02,0.02
2013.06.28 08:52:53.224,0.18848,0.18883,0.03,0.02
2013.06.28 08:52:53.344,0.18848,0.18881,0.02,0.02
2013.06.28 08:52:53.704,0.18848,0.18878,0.02,0.02
2013.06.28 08:52:54.476,0.18848,0.18881,0.02,0.02
2013.06.28 08:52:54.834,0.18853,0.18884,0.02,0.02
2013.06.28 08:52:54.894,0.18853,0.18886,0.02,0.02
2013.06.28 08:52:55.014,0.18852,0.18887,0.02,0.02
2013.06.28 08:52:55.583,0.18853,0.1889,0.02,0.02
2013.06.28 08:52:56.624,0.18852,0.18887,0.02,0.02
2013.06.28 08:53:00.215,0.18851,0.18882,0.02,0.02
2013.06.28 08:53:00.274,0.18847,0.18884,0.03,0.02
2013.06.28 08:53:00.375,0.18847,0.1888,0.02,0.02
2013.06.28 08:53:07.715,0.18848,0.18878,0.02,0.02
2013.06.28 08:53:07.964,0.18838,0.18869,0.02,0.02
2013.06.28 08:53:08.024,0.18838,0.18869,0.02,0.02
2013.06.28 08:53:08.294,0.18838,0.18871,0.02,0.02
2013.06.28 08:53:08.931,0.18837,0.18869,0.02,0.02
2013.06.28 08:53:09.284,0.18837,0.1887,0.02,0.02
2013.06.28 08:53:10.004,0.18837,0.18867,0.02,0.02
2013.06.28 08:53:13.274,0.18838,0.18868,0.02,0.02
2013.06.28 08:53:14.214,0.18847,0.18877,0.02,0.02
2013.06.28 08:53:14.334,0.18845,0.18876,0.02,0.02
2013.06.28 08:53:16.112,0.18848,0.18878,0.02,0.02
2013.06.28 08:53:16.375,0.18847,0.18877,0.02,0.02
2013.06.28 08:53:16.485,0.18847,0.18877,0.02,0.02
2013.06.28 08:53:16.864,0.18847,0.18884,0.02,0.02
2013.06.28 08:53:17.074,0.18847,0.18877,0.02,0.02
2013.06.28 08:53:17.894,0.18842,0.18877,0.02,0.02
2013.06.28 08:53:20.412,0.1884,0.18872,0.02,0.02
2013.06.28 08:53:20.524,0.18837,0.18872,0.02,0.02
2013.06.28 08:53:20.635,0.18836,0.18872,0.02,0.02
2013.06.28 08:53:26.214,0.18843,0.18876,0.02,0.02
2013.06.28 08:53:26.274,0.18843,0.18881,0.03,0.02
2013.06.28 08:53:32.926,0.18852,0.18882,0.02,0.03
2013.06.28 08:53:33.044,0.18852,0.18886,0.02,0.02
2013.06.28 08:53:33.577,0.18853,0.18885,0.02,0.02
2013.06.28 08:53:34.125,0.18853,0.18887,0.02,0.02
2013.06.28 08:53:35.665,0.18848,0.18881,0.02,0.02
2013.06.28 08:53:41.078,0.18847,0.18882,0.02,0.03
2013.06.28 08:53:41.621,0.18847,0.18882,0.02,0.02
2013.06.28 08:53:41.794,0.18848,0.1888,0.02,0.02
2013.06.28 08:53:42.095,0.18843,0.18876,0.02,0.02
2013.06.28 08:53:43.144,0.18839,0.18871,0.02,0.02
2013.06.28 08:53:43.264,0.18838,0.18871,0.02,0.02
2013.06.28 08:53:45.894,0.18837,0.18871,0.02,0.02
2013.06.28 08:53:46.014,0.18837,0.18867,0.02,0.02
2013.06.28 08:53:50.599,0.18838,0.18879,0.02,0.02
2013.06.28 08:53:50.714,0.18843,0.18874,0.02,0.02
2013.06.28 08:53:50.774,0.18838,0.18871,0.03,0.02
2013.06.28 08:53:50.834,0.18843,0.18874,0.02,0.02
2013.06.28 08:53:51.234,0.18847,0.18878,0.02,0.02
2013.06.28 08:53:51.564,0.18848,0.18879,0.02,0.02
2013.06.28 08:53:52.171,0.18847,0.18878,0.02,0.02
2013.06.28 08:53:56.424,0.18847,0.18882,0.02,0.02
2013.06.28 08:53:58.252,0.18847,0.18878,0.02,0.02
2013.06.28 08:53:59.012,0.18846,0.18881,0.02,0.02
2013.06.28 08:54:04.434,0.18843,0.18876,0.02,0.02
2013.06.28 08:54:04.575,0.18841,0.18873,0.02,0.02
2013.06.28 08:54:05.500,0.18842,0.18872,0.02,0.02
2013.06.28 08:54:06.008,0.18842,0.18872,0.02,0.02
2013.06.28 08:54:06.701,0.18842,0.18872,0.02,0.02
2013.06.28 08:54:07.814,0.18842,0.18877,0.02,0.02
2013.06.28 08:54:17.794,0.18842,0.18877,0.02,0.02
2013.06.28 08:54:18.367,0.18844,0.18878,0.02,0.02
2013.06.28 08:54:18.484,0.18848,0.18881,0.02,0.02
2013.06.28 08:54:18.604,0.18841,0.18872,0.02,0.02
2013.06.28 08:54:18.724,0.18837,0.18874,0.04,0.03
2013.06.28 08:54:18.811,0.18837,0.18872,0.02,0.03
2013.06.28 08:54:24.053,0.18842,0.18873,0.02,0.02
2013.06.28 08:54:24.482,0.18842,0.18877,0.02,0.02
2013.06.28 08:54:24.744,0.18832,0.18867,0.02,0.02
2013.06.28 08:54:25.114,0.18829,0.18862,0.02,0.02
2013.06.28 08:54:25.295,0.18827,0.18862,0.02,0.02
2013.06.28 08:54:36.502,0.18827,0.18862,0.02,0.02
2013.06.28 08:54:37.054,0.18832,0.18864,0.02,0.02
2013.06.28 08:54:38.454,0.18827,0.18862,0.02,0.02
2013.06.28 08:54:40.844,0.18828,0.18861,0.02,0.02
2013.06.28 08:54:40.933,0.18828,0.18861,0.02,0.02
2013.06.28 08:54:41.248,0.18827,0.18862,0.02,0.02
2013.06.28 08:54:41.315,0.18828,0.18864,0.02,0.02
2013.06.28 08:54:41.376,0.18827,0.18862,0.02,0.02
2013.06.28 08:54:41.864,0.18833,0.18866,0.02,0.02
2013.06.28 08:54:42.886,0.18833,0.18863,0.02,0.02
2013.06.28 08:54:45.129,0.18826,0.18862,0.03,0.02
2013.06.28 08:54:47.454,0.18819,0.18854,0.02,0.02
2013.06.28 08:54:47.574,0.18817,0.1885,0.02,0.02
2013.06.28 08:54:48.124,0.18818,0.18849,0.02,0.02
2013.06.28 08:54:48.534,0.18813,0.18846,0.02,0.02
2013.06.28 08:54:48.654,0.18811,0.18842,0.02,0.02
2013.06.28 08:54:49.194,0.18811,0.18847,0.02,0.02
2013.06.28 08:54:52.554,0.18816,0.18853,0.02,0.02
2013.06.28 08:54:53.321,0.18822,0.18852,0.02,0.02
2013.06.28 08:54:53.665,0.18813,0.1885,0.04,0.02
2013.06.28 08:54:54.240,0.18816,0.18847,0.02,0.02
2013.06.28 08:54:57.432,0.18814,0.18847,0.02,0.02
2013.06.28 08:54:57.568,0.18812,0.18847,0.02,0.02
2013.06.28 08:54:58.245,0.18813,0.18848,0.02,0.02
2013.06.28 08:54:58.364,0.1881,0.18842,0.02,0.02
2013.06.28 08:54:59.071,0.1881,0.18846,0.02,0.02
2013.06.28 08:55:00.824,0.18807,0.18837,0.02,0.02
2013.06.28 08:55:01.004,0.18807,0.1884,0.02,0.02
2013.06.28 08:55:01.064,0.18807,0.18847,0.02,0.02
2013.06.28 08:55:01.184,0.18808,0.18847,0.02,0.02
2013.06.28 08:55:01.714,0.1881,0.18848,0.02,0.02
2013.06.28 08:55:02.307,0.18811,0.18851,0.02,0.02
2013.06.28 08:55:04.915,0.18818,0.1885,0.02,0.02
2013.06.28 08:55:05.834,0.18818,0.18851,0.02,0.02
2013.06.28 08:55:06.345,0.18817,0.18849,0.02,0.02
2013.06.28 08:55:07.386,0.18818,0.18849,0.02,0.02
2013.06.28 08:55:08.044,0.18817,0.18852,0.02,0.02
2013.06.28 08:55:12.874,0.18817,0.18852,0.02,0.02
2013.06.28 08:55:17.174,0.18818,0.18853,0.02,0.02
2013.06.28 08:55:17.448,0.18819,0.18853,0.02,0.02
2013.06.28 08:55:17.564,0.18823,0.18854,0.02,0.02
2013.06.28 08:55:17.859,0.18823,0.18859,0.02,0.02
2013.06.28 08:55:18.181,0.18823,0.18855,0.02,0.02
2013.06.28 08:55:18.955,0.18823,0.18856,0.02,0.02
2013.06.28 08:55:19.314,0.18819,0.18853,0.02,0.02
2013.06.28 08:55:19.554,0.18815,0.18852,0.02,0.02
2013.06.28 08:55:20.424,0.18815,0.18849,0.02,0.02
2013.06.28 08:55:20.486,0.18813,0.18848,0.02,0.02
2013.06.28 08:55:22.414,0.18818,0.1885,0.02,0.03
2013.06.28 08:55:22.474,0.18818,0.18849,0.02,0.03
2013.06.28 08:55:29.165,0.18827,0.18857,0.02,0.02
2013.06.28 08:55:29.345,0.18828,0.18859,0.02,0.03
2013.06.28 08:55:29.534,0.18828,0.18862,0.02,0.02
2013.06.28 08:55:29.774,0.18832,0.18862,0.02,0.02
2013.06.28 08:55:30.637,0.18833,0.18864,0.02,0.02
2013.06.28 08:55:31.142,0.18832,0.18862,0.02,0.02
2013.06.28 08:55:32.456,0.18833,0.18864,0.02,0.02
2013.06.28 08:55:34.244,0.18832,0.18862,0.02,0.02
2013.06.28 08:55:35.649,0.18833,0.18863,0.02,0.02
2013.06.28 08:55:36.284,0.18832,0.18862,0.02,0.02
2013.06.28 08:55:36.655,0.18832,0.18863,0.02,0.02
2013.06.28 08:55:36.834,0.18832,0.18862,0.02,0.02
2013.06.28 08:55:37.084,0.18832,0.18862,0.02,0.02
2013.06.28 08:55:37.591,0.18829,0.18864,0.02,0.02
2013.06.28 08:55:38.844,0.18828,0.18858,0.02,0.02
2013.06.28 08:55:39.418,0.18828,0.18859,0.02,0.02
2013.06.28 08:55:42.744,0.18821,0.18856,0.02,0.02
2013.06.28 08:55:43.339,0.18826,0.18857,0.02,0.02
2013.06.28 08:55:43.465,0.18827,0.1886,0.02,0.03
2013.06.28 08:55:48.278,0.18833,0.18863,0.02,0.02
2013.06.28 08:55:48.514,0.18833,0.18867,0.02,0.02
2013.06.28 08:55:48.634,0.18831,0.18864,0.02,0.03
2013.06.28 08:55:59.963,0.18829,0.18862,0.02,0.02
2013.06.28 08:56:00.736,0.18843,0.18873,0.02,0.02
2013.06.28 08:56:00.855,0.18843,0.18877,0.02,0.02
2013.06.28 08:56:01.036,0.18843,0.18878,0.02,0.02
2013.06.28 08:56:01.225,0.18843,0.18877,0.02,0.02
2013.06.28 08:56:01.962,0.18842,0.18877,0.02,0.02
2013.06.28 08:56:05.515,0.18848,0.18885,0.02,0.02
2013.06.28 08:56:05.706,0.18849,0.18882,0.02,0.02
2013.06.28 08:56:06.375,0.1885,0.18882,0.02,0.02
2013.06.28 08:56:10.395,0.18853,0.18887,0.02,0.02
2013.06.28 08:56:11.735,0.18852,0.18882,0.02,0.02
2013.06.28 08:56:12.488,0.18852,0.18882,0.02,0.02
2013.06.28 08:56:13.152,0.18853,0.18883,0.02,0.02
2013.06.28 08:56:13.765,0.18852,0.18882,0.02,0.03
2013.06.28 08:56:13.885,0.18846,0.18882,0.03,0.03
2013.06.28 08:56:16.679,0.18852,0.18882,0.02,0.03
2013.06.28 08:56:16.735,0.18853,0.18889,0.02,0.02
2013.06.28 08:56:16.985,0.18852,0.18887,0.02,0.02
2013.06.28 08:56:17.119,0.18858,0.18888,0.02,0.02
2013.06.28 08:56:17.672,0.18854,0.18887,0.02,0.02
2013.06.28 08:56:18.482,0.18858,0.18889,0.02,0.02
2013.06.28 08:56:19.885,0.18854,0.18886,0.02,0.02
2013.06.28 08:56:25.327,0.18855,0.18886,0.02,0.02
2013.06.28 08:56:26.267,0.18858,0.18895,0.02,0.02
2013.06.28 08:56:26.445,0.18855,0.18888,0.02,0.02
2013.06.28 08:56:27.735,0.18858,0.18892,0.02,0.03
2013.06.28 08:56:28.051,0.18859,0.18892,0.02,0.02
2013.06.28 08:56:28.727,0.18862,0.18892,0.02,0.02
2013.06.28 08:56:29.335,0.18856,0.18892,0.02,0.02
2013.06.28 08:56:29.946,0.18858,0.18891,0.02,0.03
2013.06.28 08:56:30.481,0.18855,0.18887,0.02,0.02
2013.06.28 08:56:31.153,0.18858,0.18888,0.02,0.02
2013.06.28 08:56:34.426,0.18857,0.18887,0.02,0.02
2013.06.28 08:56:36.672,0.18856,0.18888,0.02,0.02
2013.06.28 08:56:38.803,0.18847,0.18883,0.02,0.02
2013.06.28 08:56:38.986,0.18844,0.18881,0.02,0.02
2013.06.28 08:56:40.575,0.18842,0.18882,0.03,0.02
2013.06.28 08:56:40.905,0.18845,0.18877,0.02,0.02
2013.06.28 08:56:40.966,0.18842,0.18876,0.02,0.02
2013.06.28 08:56:41.476,0.18843,0.18876,0.02,0.02
2013.06.28 08:56:41.535,0.18843,0.18876,0.02,0.02
2013.06.28 08:56:41.739,0.18836,0.18872,0.02,0.02
2013.06.28 08:56:42.507,0.18836,0.18873,0.02,0.02
2013.06.28 08:56:44.575,0.18847,0.18877,0.02,0.02
2013.06.28 08:56:44.905,0.18848,0.18878,0.02,0.02
2013.06.28 08:56:45.512,0.18847,0.18877,0.02,0.02
2013.06.28 08:56:46.960,0.18853,0.18883,0.02,0.02
2013.06.28 08:56:47.016,0.18847,0.18881,0.02,0.02
2013.06.28 08:56:47.075,0.18851,0.18883,0.02,0.02
2013.06.28 08:56:47.833,0.18852,0.18882,0.02,0.02
2013.06.28 08:56:48.065,0.18847,0.18882,0.02,0.03
2013.06.28 08:56:48.215,0.18844,0.18882,0.02,0.04
2013.06.28 08:56:53.297,0.18843,0.18876,0.02,0.03
2013.06.28 08:56:53.415,0.18835,0.18871,0.02,0.02
2013.06.28 08:56:53.843,0.18835,0.18871,0.02,0.02
2013.06.28 08:57:04.946,0.18836,0.18871,0.02,0.02
2013.06.28 08:57:06.722,0.18836,0.18873,0.02,0.02
2013.06.28 08:57:11.709,0.18832,0.18872,0.03,0.02
2013.06.28 08:57:16.384,0.18839,0.18873,0.02,0.02
2013.06.28 08:57:19.786,0.18834,0.18872,0.02,0.02
2013.06.28 08:57:21.000,0.18842,0.18877,0.02,0.02
2013.06.28 08:57:21.175,0.18843,0.18876,0.02,0.02
2013.06.28 08:57:21.295,0.18843,0.18881,0.02,0.02
2013.06.28 08:57:21.415,0.18846,0.18879,0.02,0.02
2013.06.28 08:57:21.918,0.18845,0.18877,0.02,0.02
2013.06.28 08:57:22.572,0.18846,0.18881,0.02,0.02
2013.06.28 08:57:22.755,0.18843,0.18876,0.02,0.02
2013.06.28 08:57:22.846,0.18843,0.18875,0.02,0.02
2013.06.28 08:57:23.407,0.18836,0.18876,0.02,0.02
2013.06.28 08:57:25.035,0.18841,0.18878,0.02,0.02
2013.06.28 08:57:25.915,0.18843,0.18874,0.02,0.02
2013.06.28 08:57:28.199,0.18848,0.18878,0.02,0.02
2013.06.28 08:57:28.555,0.18848,0.18881,0.02,0.02
2013.06.28 08:57:29.235,0.18848,0.18881,0.02,0.02
2013.06.28 08:57:29.355,0.18846,0.18877,0.02,0.02
2013.06.28 08:57:29.545,0.18847,0.18877,0.02,0.02
2013.06.28 08:57:29.905,0.18834,0.18874,0.02,0.02
2013.06.28 08:57:30.120,0.18837,0.18872,0.02,0.03
2013.06.28 08:57:30.706,0.18838,0.18873,0.02,0.03
2013.06.28 08:57:30.775,0.18838,0.18871,0.02,0.03
2013.06.28 08:57:37.092,0.18836,0.18867,0.02,0.02
2013.06.28 08:57:37.146,0.18837,0.1887,0.02,0.03
2013.06.28 08:57:37.265,0.18831,0.18867,0.02,0.02
2013.06.28 08:57:45.938,0.1883,0.18862,0.02,0.02
2013.06.28 08:57:46.095,0.18827,0.18864,0.04,0.02
2013.06.28 08:57:46.215,0.18827,0.18862,0.02,0.02
2013.06.28 08:57:46.375,0.18827,0.18863,0.02,0.02
2013.06.28 08:57:46.685,0.18825,0.18859,0.02,0.02
2013.06.28 08:57:46.805,0.18822,0.18857,0.02,0.02
2013.06.28 08:57:46.866,0.18822,0.18859,0.02,0.02
2013.06.28 08:57:46.950,0.18822,0.18857,0.02,0.02
2013.06.28 08:57:47.065,0.18823,0.18859,0.03,0.03
2013.06.28 08:57:47.185,0.18823,0.18855,0.02,0.02
2013.06.28 08:57:47.862,0.18822,0.18852,0.02,0.02
2013.06.28 08:57:48.495,0.18822,0.18857,0.02,0.02
2013.06.28 08:57:48.615,0.18824,0.18862,0.02,0.02
2013.06.28 08:57:49.002,0.18828,0.18861,0.02,0.02
2013.06.28 08:57:49.146,0.18828,0.18863,0.02,0.02
2013.06.28 08:57:49.507,0.18822,0.18859,0.02,0.03
2013.06.28 08:57:50.015,0.18822,0.18854,0.02,0.02
2013.06.28 08:57:52.423,0.18822,0.18857,0.02,0.03
2013.06.28 08:57:54.099,0.18821,0.18857,0.02,0.02
2013.06.28 08:57:54.215,0.18821,0.18857,0.02,0.03
2013.06.28 08:57:54.865,0.18822,0.18859,0.02,0.03
2013.06.28 08:57:55.126,0.18821,0.18857,0.02,0.02
2013.06.28 08:57:55.792,0.18823,0.18858,0.02,0.02
2013.06.28 08:57:56.465,0.18823,0.18857,0.02,0.02
2013.06.28 08:57:57.122,0.18821,0.18855,0.02,0.02
2013.06.28 08:57:57.986,0.18822,0.1886,0.02,0.03
2013.06.28 08:58:00.047,0.18822,0.18857,0.02,0.02
2013.06.28 08:58:00.226,0.18822,0.18857,0.03,0.03
2013.06.28 08:58:00.782,0.18823,0.18858,0.02,0.02
2013.06.28 08:58:00.993,0.18823,0.18856,0.02,0.03
2013.06.28 08:58:01.442,0.18822,0.18857,0.02,0.02
2013.06.28 08:58:05.295,0.18823,0.18855,0.02,0.02
2013.06.28 08:58:07.615,0.18823,0.18856,0.02,0.03
2013.06.28 08:58:07.702,0.18823,0.18854,0.02,0.02
2013.06.28 08:58:07.922,0.18823,0.18856,0.02,0.03
2013.06.28 08:58:08.481,0.18823,0.1886,0.02,0.02
2013.06.28 08:58:11.029,0.18822,0.18852,0.02,0.02
2013.06.28 08:58:11.205,0.18822,0.18857,0.02,0.03
2013.06.28 08:58:12.515,0.18833,0.18864,0.02,0.02
2013.06.28 08:58:12.575,0.18827,0.18862,0.02,0.02
2013.06.28 08:58:12.695,0.18827,0.18862,0.02,0.03
2013.06.28 08:58:13.095,0.18833,0.1887,0.02,0.03
2013.06.28 08:58:13.155,0.18834,0.18866,0.02,0.02
2013.06.28 08:58:15.035,0.18827,0.18857,0.02,0.02
2013.06.28 08:58:15.160,0.18827,0.18862,0.02,0.02
2013.06.28 08:58:16.165,0.18822,0.18857,0.03,0.02
2013.06.28 08:58:22.625,0.18838,0.1887,0.02,0.02
2013.06.28 08:58:22.745,0.18827,0.18861,0.03,0.02
2013.06.28 08:58:22.816,0.18835,0.18866,0.02,0.02
2013.06.28 08:58:23.110,0.18837,0.18867,0.02,0.02
2013.06.28 08:58:23.165,0.18837,0.18869,0.02,0.02
2013.06.28 08:58:23.578,0.18834,0.18867,0.02,0.02
2013.06.28 08:58:24.136,0.18834,0.18867,0.02,0.02
2013.06.28 08:58:24.633,0.18838,0.18869,0.02,0.02
2013.06.28 08:58:26.889,0.18833,0.18866,0.02,0.02
2013.06.28 08:58:27.071,0.18833,0.18866,0.02,0.02
2013.06.28 08:58:27.425,0.18827,0.18861,0.03,0.02
2013.06.28 08:58:27.766,0.18832,0.18863,0.02,0.02
2013.06.28 08:58:28.593,0.18832,0.18864,0.02,0.03
2013.06.28 08:58:28.975,0.18831,0.18864,0.02,0.03
2013.06.28 08:58:30.100,0.18827,0.18864,0.03,0.02
2013.06.28 08:58:31.621,0.18826,0.18862,0.03,0.02
2013.06.28 08:58:32.860,0.18827,0.18865,0.03,0.02
2013.06.28 08:58:33.173,0.18833,0.18863,0.02,0.02
2013.06.28 08:58:33.685,0.18833,0.18863,0.02,0.02
2013.06.28 08:58:35.411,0.18832,0.18863,0.02,0.02
2013.06.28 08:58:35.942,0.18828,0.1886,0.02,0.02
2013.06.28 08:58:36.540,0.1883,0.18862,0.02,0.02
2013.06.28 08:58:36.595,0.18832,0.18862,0.02,0.02
2013.06.28 08:58:36.716,0.18832,0.18864,0.02,0.02
2013.06.28 08:58:37.160,0.18832,0.18862,0.02,0.02
2013.06.28 08:58:40.008,0.18827,0.18865,0.03,0.02
2013.06.28 08:58:43.805,0.18827,0.18859,0.02,0.03
2013.06.28 08:58:43.865,0.18828,0.18859,0.02,0.03
2013.06.28 08:58:44.636,0.18826,0.18857,0.02,0.02
2013.06.28 08:58:45.295,0.18822,0.18852,0.02,0.02
2013.06.28 08:58:45.476,0.18823,0.18854,0.02,0.02
2013.06.28 08:58:46.195,0.18822,0.18852,0.02,0.02
2013.06.28 08:58:48.166,0.18822,0.18857,0.02,0.02
2013.06.28 08:58:49.283,0.18826,0.18858,0.02,0.03
2013.06.28 08:58:53.619,0.18826,0.18857,0.02,0.02
2013.06.28 08:58:55.125,0.18827,0.18858,0.02,0.02
2013.06.28 08:59:15.156,0.18828,0.1886,0.02,0.03
2013.06.28 08:59:15.764,0.18827,0.18857,0.02,0.03
2013.06.28 08:59:17.130,0.18825,0.18857,0.02,0.03
2013.06.28 08:59:17.677,0.18828,0.18859,0.02,0.03
2013.06.28 08:59:18.023,0.18828,0.18864,0.02,0.02
2013.06.28 08:59:19.776,0.18827,0.18859,0.02,0.02
2013.06.28 08:59:20.289,0.18825,0.18857,0.02,0.02
2013.06.28 08:59:21.770,0.18828,0.18859,0.02,0.02
2013.06.28 08:59:23.732,0.18828,0.18858,0.02,0.02
2013.06.28 08:59:24.767,0.18827,0.18857,0.02,0.02
2013.06.28 08:59:25.945,0.18826,0.18857,0.02,0.02
2013.06.28 08:59:26.146,0.18827,0.18859,0.02,0.02
2013.06.28 08:59:26.850,0.18828,0.18858,0.02,0.02
2013.06.28 08:59:28.290,0.18827,0.18857,0.02,0.02
2013.06.28 08:59:32.504,0.18828,0.18859,0.02,0.02
2013.06.28 08:59:32.955,0.18824,0.18856,0.02,0.02
2013.06.28 08:59:33.523,0.18825,0.18857,0.02,0.02
2013.06.28 08:59:33.765,0.18822,0.18852,0.02,0.02
2013.06.28 08:59:33.885,0.18823,0.18854,0.02,0.02
2013.06.28 08:59:41.263,0.18824,0.18857,0.02,0.02
2013.06.28 08:59:44.885,0.18828,0.18865,0.02,0.02
2013.06.28 08:59:45.031,0.18828,0.18861,0.02,0.03
2013.06.28 08:59:46.126,0.18829,0.18862,0.02,0.02
2013.06.28 08:59:57.862,0.18829,0.18865,0.02,0.02
2013.06.28 08:59:59.035,0.18832,0.18868,0.02,0.02
2013.06.28 08:59:59.155,0.18832,0.18863,0.02,0.02
2013.06.28 08:59:59.703,0.18838,0.18868,0.02,0.02
