2013.06.28 02:00:00.132,0.18539,0.18576,0.02,0.02
2013.06.28 02:00:00.252,0.1854,0.18578,0.02,0.02
2013.06.28 02:00:00.363,0.18536,0.18573,0.03,0.02
2013.06.28 02:00:00.812,0.18534,0.18566,0.02,0.02
2013.06.28 02:00:01.014,0.18529,0.18566,0.02,0.02
2013.06.28 02:00:03.112,0.18528,0.18562,0.02,0.02
2013.06.28 02:00:03.719,0.18534,0.18572,0.02,0.03
2013.06.28 02:00:04.158,0.18532,0.1857,0.02,0.02
2013.06.28 02:00:04.718,0.1853,0.18567,0.04,0.02
2013.06.28 02:00:05.433,0.18523,0.18559,0.02,0.02
2013.06.28 02:00:05.541,0.18527,0.18562,0.02,0.02
2013.06.28 02:00:05.959,0.18524,0.18558,0.02,0.02
2013.06.28 02:00:06.162,0.18528,0.18566,0.02,0.02
2013.06.28 02:00:06.467,0.18537,0.18576,0.02,0.02
2013.06.28 02:00:06.566,0.18525,0.18562,0.02,0.02
2013.06.28 02:00:06.622,0.18531,0.1857,0.02,0.02
2013.06.28 02:00:07.072,0.18537,0.18575,0.02,0.02
2013.06.28 02:00:07.704,0.18529,0.18563,0.02,0.02
2013.06.28 02:00:08.788,0.18534,0.18572,0.02,0.02
2013.06.28 02:00:09.362,0.18527,0.18567,0.02,0.02
2013.06.28 02:00:09.776,0.1853,0.18562,0.02,0.02
2013.06.28 02:00:10.213,0.18534,0.18572,0.02,0.02
2013.06.28 02:00:10.658,0.18536,0.18573,0.02,0.02
2013.06.28 02:00:11.096,0.18543,0.18582,0.02,0.02
2013.06.28 02:00:11.817,0.18543,0.18581,0.02,0.02
2013.06.28 02:00:12.243,0.18535,0.18573,0.02,0.02
2013.06.28 02:00:14.213,0.18535,0.18572,0.02,0.02
2013.06.28 02:00:14.272,0.18539,0.18578,0.02,0.02
2013.06.28 02:00:14.817,0.18545,0.18584,0.02,0.02
2013.06.28 02:00:14.929,0.18536,0.18567,0.02,0.02
2013.06.28 02:00:15.042,0.18541,0.18577,0.02,0.02
2013.06.28 02:00:15.827,0.18534,0.18566,0.02,0.02
2013.06.28 02:00:16.352,0.18542,0.18578,0.02,0.02
2013.06.28 02:00:16.412,0.18547,0.18586,0.02,0.03
2013.06.28 02:00:16.633,0.18541,0.18578,0.02,0.02
2013.06.28 02:00:16.694,0.18547,0.18586,0.02,0.03
2013.06.28 02:00:16.805,0.18543,0.1858,0.02,0.02
2013.06.28 02:00:16.923,0.18541,0.18577,0.02,0.02
2013.06.28 02:00:17.013,0.18529,0.18562,0.02,0.02
2013.06.28 02:00:17.132,0.18534,0.18566,0.02,0.02
2013.06.28 02:00:17.192,0.18538,0.18576,0.02,0.02
2013.06.28 02:00:17.252,0.18534,0.18566,0.02,0.02
2013.06.28 02:00:17.817,0.18532,0.18567,0.02,0.03
2013.06.28 02:00:18.489,0.18539,0.18578,0.02,0.03
2013.06.28 02:00:19.005,0.1854,0.18578,0.02,0.02
2013.06.28 02:00:19.636,0.18534,0.18566,0.02,0.02
2013.06.28 02:00:20.593,0.18541,0.18579,0.02,0.02
2013.06.28 02:00:23.162,0.18532,0.18567,0.02,0.02
2013.06.28 02:00:23.342,0.18539,0.18577,0.02,0.02
2013.06.28 02:00:23.402,0.18529,0.18562,0.02,0.02
2013.06.28 02:00:23.522,0.18536,0.18573,0.02,0.02
2013.06.28 02:00:24.072,0.18533,0.18572,0.02,0.02
2013.06.28 02:00:24.767,0.18533,0.18571,0.02,0.02
2013.06.28 02:00:25.341,0.18534,0.18572,0.02,0.03
2013.06.28 02:00:28.123,0.18531,0.18567,0.02,0.02
2013.06.28 02:00:28.382,0.18537,0.18574,0.02,0.02
2013.06.28 02:00:28.948,0.18529,0.18566,0.02,0.03
2013.06.28 02:00:29.253,0.18529,0.18563,0.02,0.02
2013.06.28 02:00:30.672,0.18534,0.18572,0.02,0.02
2013.06.28 02:00:30.873,0.18533,0.1857,0.02,0.02
2013.06.28 02:00:32.031,0.18527,0.18557,0.02,0.02
2013.06.28 02:00:32.737,0.18524,0.18556,0.02,0.02
2013.06.28 02:00:33.363,0.18529,0.18561,0.02,0.02
2013.06.28 02:00:33.576,0.18535,0.18571,0.02,0.02
2013.06.28 02:00:34.082,0.18524,0.18556,0.02,0.02
2013.06.28 02:00:34.556,0.18532,0.1857,0.02,0.03
2013.06.28 02:00:34.673,0.18533,0.18571,0.02,0.02
2013.06.28 02:00:36.992,0.18524,0.18556,0.02,0.02
2013.06.28 02:00:38.992,0.18528,0.18561,0.02,0.02
2013.06.28 02:00:39.581,0.1853,0.18563,0.02,0.02
2013.06.28 02:00:39.889,0.1853,0.18563,0.02,0.02
2013.06.28 02:00:39.944,0.18534,0.18573,0.02,0.02
2013.06.28 02:00:45.952,0.18528,0.18561,0.02,0.02
2013.06.28 02:00:46.013,0.18544,0.18582,0.02,0.02
2013.06.28 02:00:46.072,0.18532,0.18579,0.02,0.02
2013.06.28 02:00:46.133,0.18535,0.18574,0.02,0.02
2013.06.28 02:00:46.282,0.18537,0.18576,0.02,0.02
2013.06.28 02:00:46.672,0.18544,0.18583,0.02,0.02
2013.06.28 02:00:47.112,0.18542,0.1858,0.02,0.02
2013.06.28 02:00:47.888,0.18532,0.18576,0.02,0.02
2013.06.28 02:00:48.542,0.18529,0.18564,0.02,0.02
2013.06.28 02:00:48.603,0.18535,0.18574,0.02,0.02
2013.06.28 02:00:48.663,0.18532,0.18567,0.02,0.02
2013.06.28 02:00:49.211,0.18529,0.18562,0.02,0.02
2013.06.28 02:00:50.522,0.18539,0.18577,0.02,0.02
2013.06.28 02:00:50.842,0.18536,0.18574,0.02,0.02
2013.06.28 02:00:50.962,0.18534,0.18572,0.02,0.02
2013.06.28 02:00:51.082,0.18535,0.18574,0.02,0.02
2013.06.28 02:00:53.502,0.18533,0.18571,0.02,0.02
2013.06.28 02:00:53.562,0.18523,0.18556,0.02,0.02
2013.06.28 02:00:53.843,0.1853,0.18568,0.02,0.02
2013.06.28 02:00:54.022,0.18528,0.18566,0.02,0.02
2013.06.28 02:00:55.862,0.18525,0.18557,0.02,0.02
2013.06.28 02:00:55.922,0.18533,0.1857,0.02,0.02
2013.06.28 02:00:56.472,0.18535,0.18574,0.02,0.03
2013.06.28 02:00:56.543,0.18534,0.1857,0.02,0.02
2013.06.28 02:00:57.064,0.1853,0.18562,0.02,0.02
2013.06.28 02:00:57.637,0.18532,0.1857,0.02,0.02
2013.06.28 02:00:59.510,0.1853,0.18567,0.02,0.02
2013.06.28 02:00:59.562,0.18524,0.18557,0.02,0.02
2013.06.28 02:01:00.002,0.18526,0.18564,0.02,0.02
2013.06.28 02:01:00.617,0.1852,0.18557,0.02,0.03
2013.06.28 02:01:01.002,0.18519,0.18553,0.02,0.02
2013.06.28 02:01:01.594,0.18523,0.18561,0.02,0.02
2013.06.28 02:01:01.814,0.18519,0.18557,0.02,0.02
2013.06.28 02:01:01.872,0.18513,0.18546,0.02,0.02
2013.06.28 02:01:02.144,0.18516,0.18555,0.02,0.03
2013.06.28 02:01:02.736,0.18516,0.18555,0.02,0.02
2013.06.28 02:01:02.792,0.18507,0.18542,0.02,0.02
2013.06.28 02:01:03.059,0.18514,0.18552,0.02,0.02
2013.06.28 02:01:03.593,0.18506,0.18547,0.02,0.02
2013.06.28 02:01:04.593,0.18514,0.18553,0.02,0.02
2013.06.28 02:01:05.023,0.18515,0.18549,0.02,0.02
2013.06.28 02:01:05.202,0.18517,0.18556,0.02,0.02
2013.06.28 02:01:05.442,0.18514,0.18546,0.02,0.02
2013.06.28 02:01:05.502,0.18521,0.18559,0.02,0.02
2013.06.28 02:01:05.833,0.18512,0.18547,0.02,0.02
2013.06.28 02:01:05.953,0.18519,0.18557,0.02,0.02
2013.06.28 02:01:06.072,0.18512,0.18547,0.02,0.02
2013.06.28 02:01:06.629,0.18518,0.18556,0.02,0.03
2013.06.28 02:01:06.693,0.18516,0.18555,0.02,0.02
2013.06.28 02:01:07.082,0.18515,0.18546,0.03,0.02
2013.06.28 02:01:07.142,0.18517,0.18556,0.02,0.02
2013.06.28 02:01:07.643,0.18519,0.18551,0.02,0.02
2013.06.28 02:01:07.783,0.18523,0.1856,0.02,0.02
2013.06.28 02:01:08.313,0.18522,0.18559,0.02,0.02
2013.06.28 02:01:08.652,0.18514,0.18546,0.02,0.02
2013.06.28 02:01:08.773,0.18517,0.18555,0.02,0.02
2013.06.28 02:01:09.278,0.18518,0.18556,0.02,0.03
2013.06.28 02:01:10.504,0.1851,0.18546,0.02,0.03
2013.06.28 02:01:10.811,0.18508,0.18547,0.02,0.03
2013.06.28 02:01:11.326,0.18508,0.18547,0.02,0.03
2013.06.28 02:01:11.382,0.18511,0.18547,0.02,0.02
2013.06.28 02:01:12.372,0.18514,0.18546,0.02,0.02
2013.06.28 02:01:12.497,0.18522,0.18559,0.02,0.02
2013.06.28 02:01:13.143,0.1852,0.18558,0.02,0.02
2013.06.28 02:01:13.492,0.1851,0.18547,0.02,0.02
2013.06.28 02:01:13.612,0.18517,0.18553,0.02,0.02
2013.06.28 02:01:14.700,0.18509,0.18546,0.02,0.02
2013.06.28 02:01:15.952,0.18513,0.18547,0.02,0.02
2013.06.28 02:01:16.182,0.18521,0.1856,0.02,0.02
2013.06.28 02:01:16.302,0.18515,0.18547,0.02,0.02
2013.06.28 02:01:16.971,0.18514,0.18546,0.02,0.02
2013.06.28 02:01:17.102,0.18523,0.18562,0.02,0.03
2013.06.28 02:01:20.502,0.18519,0.18551,0.02,0.02
2013.06.28 02:01:21.019,0.18524,0.18563,0.02,0.02
2013.06.28 02:01:21.554,0.18527,0.18565,0.02,0.02
2013.06.28 02:01:22.323,0.18523,0.18562,0.02,0.02
2013.06.28 02:01:22.442,0.18527,0.18565,0.02,0.02
2013.06.28 02:01:23.017,0.18526,0.18564,0.02,0.02
2013.06.28 02:01:26.128,0.18523,0.18557,0.02,0.02
2013.06.28 02:01:26.512,0.18525,0.18561,0.02,0.02
2013.06.28 02:01:26.632,0.18527,0.18565,0.02,0.02
2013.06.28 02:01:27.072,0.18532,0.18568,0.02,0.02
2013.06.28 02:01:27.153,0.18527,0.18565,0.02,0.02
2013.06.28 02:01:28.982,0.1852,0.18552,0.02,0.02
2013.06.28 02:01:29.637,0.18521,0.18553,0.02,0.02
2013.06.28 02:01:29.903,0.18519,0.18552,0.02,0.02
2013.06.28 02:01:30.142,0.18525,0.18561,0.02,0.02
2013.06.28 02:01:30.968,0.18518,0.18552,0.02,0.02
2013.06.28 02:01:31.592,0.18527,0.18563,0.02,0.02
2013.06.28 02:01:31.712,0.18522,0.1856,0.02,0.02
2013.06.28 02:01:32.469,0.18514,0.18547,0.02,0.02
2013.06.28 02:01:36.082,0.18513,0.18547,0.02,0.02
2013.06.28 02:01:36.253,0.1852,0.18557,0.02,0.02
2013.06.28 02:01:36.353,0.18518,0.18556,0.02,0.02
2013.06.28 02:01:36.450,0.18519,0.18557,0.02,0.02
2013.06.28 02:01:36.972,0.18514,0.18547,0.02,0.02
2013.06.28 02:01:39.419,0.18521,0.18558,0.02,0.02
2013.06.28 02:01:44.411,0.18513,0.18546,0.02,0.02
2013.06.28 02:01:45.742,0.18518,0.18555,0.02,0.02
2013.06.28 02:01:50.757,0.18519,0.18556,0.02,0.02
2013.06.28 02:01:56.244,0.18514,0.18547,0.02,0.02
2013.06.28 02:01:56.635,0.18523,0.18561,0.02,0.02
2013.06.28 02:01:56.745,0.18522,0.1856,0.02,0.02
2013.06.28 02:01:57.342,0.1852,0.18557,0.02,0.02
2013.06.28 02:01:59.622,0.18513,0.18546,0.02,0.02
2013.06.28 02:01:59.742,0.18523,0.18561,0.02,0.02
2013.06.28 02:01:59.922,0.18519,0.18556,0.02,0.02
2013.06.28 02:02:01.152,0.1851,0.18542,0.02,0.02
2013.06.28 02:02:03.057,0.1851,0.18543,0.02,0.02
2013.06.28 02:02:04.172,0.18524,0.18562,0.02,0.02
2013.06.28 02:02:04.568,0.18522,0.18561,0.02,0.02
2013.06.28 02:02:05.162,0.18515,0.18547,0.02,0.02
2013.06.28 02:02:05.712,0.1851,0.18546,0.02,0.02
2013.06.28 02:02:05.832,0.1852,0.18557,0.02,0.02
2013.06.28 02:02:06.302,0.18508,0.18542,0.02,0.02
2013.06.28 02:02:06.362,0.18516,0.18554,0.02,0.03
2013.06.28 02:02:06.443,0.18519,0.18557,0.02,0.02
2013.06.28 02:02:06.562,0.18515,0.18552,0.02,0.03
2013.06.28 02:02:06.653,0.18519,0.18557,0.02,0.02
2013.06.28 02:02:07.493,0.18509,0.18541,0.02,0.02
2013.06.28 02:02:08.305,0.18512,0.18542,0.02,0.02
2013.06.28 02:02:08.747,0.18516,0.18555,0.02,0.02
2013.06.28 02:02:08.962,0.18518,0.18557,0.02,0.02
2013.06.28 02:02:09.293,0.18521,0.18559,0.02,0.02
2013.06.28 02:02:09.728,0.18515,0.18548,0.02,0.02
2013.06.28 02:02:09.842,0.18523,0.18561,0.02,0.02
2013.06.28 02:02:09.943,0.1852,0.18559,0.02,0.02
2013.06.28 02:02:10.142,0.18525,0.18562,0.02,0.02
2013.06.28 02:02:10.792,0.18514,0.18556,0.02,0.02
2013.06.28 02:02:12.305,0.18516,0.18548,0.02,0.02
2013.06.28 02:02:18.936,0.18519,0.18556,0.02,0.02
2013.06.28 02:02:19.062,0.18522,0.18552,0.02,0.02
2013.06.28 02:02:19.342,0.18527,0.18566,0.02,0.02
2013.06.28 02:02:19.662,0.18524,0.18563,0.02,0.02
2013.06.28 02:02:19.854,0.18518,0.18552,0.02,0.03
2013.06.28 02:02:20.437,0.18527,0.18565,0.02,0.02
2013.06.28 02:02:20.602,0.18521,0.18559,0.02,0.02
2013.06.28 02:02:20.822,0.18529,0.18568,0.02,0.02
2013.06.28 02:02:21.596,0.18519,0.18551,0.02,0.02
2013.06.28 02:02:23.142,0.1852,0.18552,0.02,0.02
2013.06.28 02:02:29.102,0.18522,0.18552,0.02,0.02
2013.06.28 02:02:29.622,0.18519,0.18551,0.02,0.02
2013.06.28 02:02:31.516,0.1852,0.18553,0.02,0.02
2013.06.28 02:02:33.365,0.1852,0.18561,0.02,0.02
2013.06.28 02:02:34.110,0.1852,0.18553,0.02,0.02
2013.06.28 02:02:34.972,0.1852,0.18551,0.02,0.02
2013.06.28 02:02:36.407,0.1852,0.18561,0.02,0.02
2013.06.28 02:02:36.941,0.1853,0.18568,0.02,0.02
2013.06.28 02:02:37.772,0.1852,0.18552,0.02,0.02
2013.06.28 02:02:38.308,0.1853,0.18568,0.02,0.02
2013.06.28 02:02:38.852,0.18528,0.18567,0.02,0.02
2013.06.28 02:02:38.913,0.18533,0.18571,0.02,0.02
2013.06.28 02:02:39.035,0.1853,0.18571,0.02,0.02
2013.06.28 02:02:39.162,0.18536,0.18574,0.02,0.02
2013.06.28 02:02:39.235,0.18531,0.18569,0.02,0.02
2013.06.28 02:02:39.356,0.18534,0.18572,0.02,0.02
2013.06.28 02:02:40.013,0.18538,0.18577,0.02,0.02
2013.06.28 02:02:40.172,0.18532,0.18571,0.02,0.02
2013.06.28 02:02:40.903,0.18528,0.18571,0.02,0.02
2013.06.28 02:02:41.004,0.18534,0.18573,0.02,0.02
2013.06.28 02:02:41.470,0.18538,0.18576,0.02,0.02
2013.06.28 02:02:42.872,0.18529,0.18562,0.02,0.02
2013.06.28 02:02:42.969,0.18535,0.18572,0.02,0.02
2013.06.28 02:02:44.094,0.18526,0.18557,0.02,0.02
2013.06.28 02:02:44.562,0.18525,0.18557,0.02,0.02
2013.06.28 02:02:44.622,0.18532,0.18571,0.02,0.02
2013.06.28 02:02:45.129,0.18525,0.18556,0.02,0.02
2013.06.28 02:02:45.980,0.18526,0.18558,0.02,0.02
2013.06.28 02:02:46.533,0.18524,0.18557,0.02,0.02
2013.06.28 02:02:46.592,0.18534,0.18572,0.02,0.02
2013.06.28 02:02:47.257,0.18532,0.1857,0.02,0.02
2013.06.28 02:02:47.642,0.18534,0.18572,0.02,0.02
2013.06.28 02:02:47.992,0.1853,0.18562,0.02,0.02
2013.06.28 02:02:48.382,0.18533,0.18571,0.02,0.02
2013.06.28 02:02:49.227,0.18525,0.18557,0.02,0.02
2013.06.28 02:02:49.833,0.18534,0.18571,0.02,0.02
2013.06.28 02:02:50.572,0.18537,0.18575,0.02,0.02
2013.06.28 02:02:51.269,0.18528,0.18561,0.02,0.02
2013.06.28 02:02:51.552,0.18533,0.18571,0.02,0.02
2013.06.28 02:02:53.749,0.18524,0.18556,0.02,0.02
2013.06.28 02:02:53.843,0.18529,0.18568,0.02,0.02
2013.06.28 02:02:54.382,0.18528,0.18565,0.02,0.02
2013.06.28 02:02:55.452,0.18525,0.18557,0.02,0.02
2013.06.28 02:02:55.513,0.18533,0.18572,0.02,0.02
2013.06.28 02:02:55.632,0.1853,0.18567,0.02,0.02
2013.06.28 02:02:55.752,0.18533,0.18571,0.02,0.02
2013.06.28 02:02:56.072,0.1853,0.18567,0.02,0.02
2013.06.28 02:02:57.004,0.18531,0.1857,0.02,0.02
2013.06.28 02:02:57.697,0.18525,0.18557,0.02,0.02
2013.06.28 02:02:58.032,0.1853,0.18567,0.02,0.02
2013.06.28 02:02:58.402,0.18521,0.18557,0.02,0.02
2013.06.28 02:02:58.582,0.18527,0.18565,0.02,0.02
2013.06.28 02:03:00.623,0.18529,0.18567,0.02,0.02
2013.06.28 02:03:01.203,0.18525,0.18557,0.02,0.02
2013.06.28 02:03:01.403,0.18532,0.18571,0.02,0.02
2013.06.28 02:03:02.241,0.18526,0.18558,0.02,0.02
2013.06.28 02:03:04.024,0.18531,0.1857,0.02,0.02
2013.06.28 02:03:04.539,0.18524,0.18557,0.02,0.02
2013.06.28 02:03:05.268,0.18526,0.18558,0.02,0.02
2013.06.28 02:03:07.104,0.18534,0.18572,0.02,0.02
2013.06.28 02:03:07.648,0.18532,0.1857,0.02,0.02
2013.06.28 02:03:09.673,0.18534,0.18572,0.02,0.02
2013.06.28 02:03:10.202,0.18533,0.18572,0.02,0.02
2013.06.28 02:03:12.042,0.18534,0.18573,0.02,0.02
2013.06.28 02:03:15.526,0.18531,0.18566,0.02,0.02
2013.06.28 02:03:15.643,0.18538,0.18577,0.02,0.02
2013.06.28 02:03:15.702,0.18534,0.18573,0.02,0.02
2013.06.28 02:03:15.766,0.18538,0.18576,0.02,0.02
2013.06.28 02:03:19.452,0.1853,0.18576,0.02,0.02
2013.06.28 02:03:20.136,0.18532,0.18576,0.02,0.02
2013.06.28 02:03:20.964,0.18535,0.18566,0.02,0.02
2013.06.28 02:03:21.235,0.1854,0.18578,0.02,0.02
2013.06.28 02:03:22.392,0.18537,0.18567,0.02,0.02
2013.06.28 02:03:23.654,0.18538,0.18576,0.02,0.02
2013.06.28 02:03:24.084,0.1854,0.18579,0.02,0.02
2013.06.28 02:03:24.542,0.18542,0.18581,0.02,0.02
2013.06.28 02:03:25.777,0.18536,0.18568,0.02,0.02
2013.06.28 02:03:26.287,0.18534,0.18567,0.02,0.02
2013.06.28 02:03:26.867,0.18535,0.18567,0.02,0.02
2013.06.28 02:03:28.368,0.18536,0.18567,0.02,0.02
2013.06.28 02:03:29.302,0.18535,0.18567,0.02,0.02
2013.06.28 02:03:29.812,0.18536,0.18568,0.02,0.02
2013.06.28 02:03:30.429,0.1854,0.18579,0.02,0.02
2013.06.28 02:03:30.763,0.18544,0.18582,0.02,0.02
2013.06.28 02:03:31.643,0.1854,0.18579,0.02,0.02
2013.06.28 02:03:31.832,0.18537,0.18576,0.02,0.02
2013.06.28 02:03:32.572,0.18539,0.18577,0.02,0.02
2013.06.28 02:03:32.632,0.18544,0.18582,0.02,0.02
2013.06.28 02:03:34.464,0.18534,0.18567,0.02,0.02
2013.06.28 02:03:34.643,0.1854,0.18579,0.02,0.02
2013.06.28 02:03:36.052,0.18544,0.18582,0.02,0.02
2013.06.28 02:03:36.153,0.18539,0.18577,0.02,0.02
2013.06.28 02:03:36.913,0.18535,0.18572,0.02,0.02
2013.06.28 02:03:36.972,0.18544,0.18582,0.02,0.02
2013.06.28 02:03:37.092,0.18538,0.18577,0.02,0.02
2013.06.28 02:03:37.272,0.18542,0.18581,0.02,0.02
2013.06.28 02:03:38.483,0.18547,0.18585,0.02,0.02
2013.06.28 02:03:39.704,0.18541,0.18573,0.02,0.02
2013.06.28 02:03:39.822,0.18544,0.18582,0.02,0.02
2013.06.28 02:03:40.044,0.18549,0.18587,0.02,0.02
2013.06.28 02:03:46.603,0.1854,0.18585,0.02,0.02
2013.06.28 02:03:48.042,0.18544,0.18576,0.02,0.02
2013.06.28 02:03:48.163,0.1855,0.18587,0.02,0.02
2013.06.28 02:03:48.284,0.18552,0.18591,0.02,0.02
2013.06.28 02:03:49.658,0.18549,0.18582,0.02,0.02
2013.06.28 02:03:50.228,0.18557,0.18595,0.02,0.02
2013.06.28 02:03:51.516,0.18548,0.18581,0.02,0.02
2013.06.28 02:03:52.002,0.18553,0.1859,0.02,0.02
2013.06.28 02:03:52.187,0.18556,0.18595,0.02,0.02
2013.06.28 02:03:52.312,0.18552,0.18591,0.02,0.02
2013.06.28 02:03:52.937,0.18554,0.18592,0.02,0.02
2013.06.28 02:03:53.456,0.18552,0.18591,0.02,0.02
2013.06.28 02:03:57.052,0.18549,0.18588,0.02,0.02
2013.06.28 02:03:57.938,0.18549,0.18581,0.02,0.02
2013.06.28 02:03:58.062,0.18555,0.18592,0.02,0.02
2013.06.28 02:03:58.122,0.18556,0.18593,0.02,0.02
2013.06.28 02:03:58.393,0.18558,0.18596,0.02,0.02
2013.06.28 02:03:58.738,0.18556,0.18587,0.02,0.02
2013.06.28 02:03:59.268,0.18555,0.18587,0.02,0.02
2013.06.28 02:04:00.002,0.18555,0.18587,0.02,0.02
2013.06.28 02:04:00.381,0.18565,0.18597,0.02,0.02
2013.06.28 02:04:00.742,0.18567,0.18605,0.02,0.02
2013.06.28 02:04:01.073,0.18572,0.18609,0.02,0.02
2013.06.28 02:04:01.232,0.18567,0.18605,0.02,0.02
2013.06.28 02:04:01.800,0.18559,0.18592,0.02,0.02
2013.06.28 02:04:02.373,0.18561,0.18593,0.02,0.02
2013.06.28 02:04:02.946,0.1856,0.18592,0.02,0.02
2013.06.28 02:04:03.479,0.18561,0.18593,0.02,0.02
2013.06.28 02:04:04.023,0.18559,0.18591,0.02,0.02
2013.06.28 02:04:04.532,0.18561,0.18599,0.02,0.02
2013.06.28 02:04:04.922,0.1857,0.18609,0.02,0.02
2013.06.28 02:04:05.104,0.18569,0.18607,0.02,0.02
2013.06.28 02:04:06.142,0.18566,0.18605,0.02,0.02
2013.06.28 02:04:07.522,0.1856,0.18593,0.02,0.02
2013.06.28 02:04:08.076,0.18559,0.18592,0.02,0.02
2013.06.28 02:04:08.542,0.18562,0.18599,0.02,0.02
2013.06.28 02:04:08.673,0.18567,0.18605,0.02,0.02
2013.06.28 02:04:08.733,0.18563,0.18601,0.02,0.02
2013.06.28 02:04:09.448,0.18563,0.186,0.02,0.02
2013.06.28 02:04:09.974,0.18563,0.18601,0.02,0.02
2013.06.28 02:04:10.257,0.18553,0.18587,0.02,0.02
2013.06.28 02:04:10.432,0.18558,0.18595,0.02,0.02
2013.06.28 02:04:10.552,0.18554,0.18586,0.02,0.02
2013.06.28 02:04:12.613,0.1856,0.18599,0.02,0.02
2013.06.28 02:04:14.932,0.18557,0.18588,0.02,0.02
2013.06.28 02:04:15.004,0.1856,0.18593,0.02,0.02
2013.06.28 02:04:15.063,0.18563,0.18602,0.02,0.02
2013.06.28 02:04:15.782,0.18565,0.18604,0.02,0.02
2013.06.28 02:04:16.466,0.18559,0.18592,0.02,0.02
2013.06.28 02:04:17.208,0.18567,0.18605,0.02,0.02
2013.06.28 02:04:17.543,0.18558,0.18592,0.02,0.02
2013.06.28 02:04:17.933,0.18564,0.18602,0.02,0.02
2013.06.28 02:04:18.015,0.18562,0.18601,0.02,0.02
2013.06.28 02:04:19.444,0.18561,0.186,0.02,0.02
2013.06.28 02:04:20.012,0.18556,0.18587,0.02,0.02
2013.06.28 02:04:20.372,0.1856,0.18598,0.02,0.02
2013.06.28 02:04:20.992,0.18554,0.18586,0.02,0.02
2013.06.28 02:04:21.190,0.18562,0.18601,0.02,0.02
2013.06.28 02:04:21.960,0.18565,0.18604,0.02,0.02
2013.06.28 02:04:22.022,0.1856,0.18592,0.02,0.02
2013.06.28 02:04:22.082,0.18561,0.18593,0.02,0.02
2013.06.28 02:04:22.742,0.1856,0.18592,0.02,0.02
2013.06.28 02:04:23.219,0.18555,0.18588,0.02,0.02
2013.06.28 02:04:23.485,0.18562,0.186,0.02,0.02
2013.06.28 02:04:23.972,0.18555,0.18586,0.02,0.02
2013.06.28 02:04:24.139,0.18559,0.18597,0.02,0.02
2013.06.28 02:04:24.249,0.18557,0.18595,0.02,0.02
2013.06.28 02:04:24.573,0.18549,0.18582,0.02,0.02
2013.06.28 02:04:25.083,0.18549,0.18582,0.02,0.02
2013.06.28 02:04:25.503,0.18552,0.18586,0.02,0.02
2013.06.28 02:04:25.743,0.18557,0.18596,0.02,0.02
2013.06.28 02:04:26.503,0.1855,0.18586,0.02,0.02
2013.06.28 02:04:27.033,0.18551,0.18587,0.02,0.02
2013.06.28 02:04:27.222,0.18557,0.18588,0.02,0.02
2013.06.28 02:04:27.602,0.1856,0.18597,0.02,0.02
2013.06.28 02:04:28.203,0.18557,0.18594,0.02,0.02
2013.06.28 02:04:29.582,0.18551,0.18587,0.02,0.03
2013.06.28 02:04:31.604,0.1855,0.18586,0.02,0.03
2013.06.28 02:04:32.644,0.18545,0.18582,0.02,0.02
2013.06.28 02:04:32.922,0.18553,0.18591,0.02,0.02
2013.06.28 02:04:34.500,0.18545,0.18581,0.02,0.02
2013.06.28 02:04:35.030,0.18547,0.18582,0.02,0.02
2013.06.28 02:04:43.612,0.18555,0.18593,0.02,0.02
2013.06.28 02:04:44.114,0.18553,0.18592,0.02,0.02
2013.06.28 02:04:44.849,0.18547,0.18582,0.02,0.02
2013.06.28 02:04:47.773,0.18551,0.18589,0.02,0.02
2013.06.28 02:04:47.833,0.18545,0.18582,0.02,0.02
2013.06.28 02:04:49.472,0.18557,0.18594,0.02,0.02
2013.06.28 02:04:50.213,0.18557,0.18595,0.02,0.02
2013.06.28 02:04:50.332,0.18551,0.18587,0.02,0.02
2013.06.28 02:04:50.392,0.18554,0.18592,0.02,0.02
2013.06.28 02:04:50.563,0.18557,0.18596,0.02,0.02
2013.06.28 02:04:52.592,0.18557,0.18588,0.02,0.02
2013.06.28 02:04:52.712,0.18552,0.18587,0.02,0.02
2013.06.28 02:04:55.333,0.18548,0.18582,0.02,0.02
2013.06.28 02:04:55.452,0.18546,0.18582,0.02,0.02
2013.06.28 02:04:55.993,0.18554,0.18592,0.02,0.02
2013.06.28 02:05:03.514,0.18553,0.18591,0.02,0.02
2013.06.28 02:05:05.885,0.18545,0.18581,0.02,0.02
2013.06.28 02:05:13.602,0.18556,0.18595,0.02,0.02
2013.06.28 02:05:14.802,0.18554,0.18592,0.02,0.02
2013.06.28 02:05:14.862,0.18558,0.18596,0.02,0.02
2013.06.28 02:05:15.583,0.18552,0.18587,0.02,0.02
2013.06.28 02:05:16.033,0.18554,0.18592,0.02,0.02
2013.06.28 02:05:16.262,0.18557,0.18596,0.02,0.02
2013.06.28 02:05:16.722,0.18545,0.18582,0.02,0.02
2013.06.28 02:05:17.137,0.18554,0.18592,0.02,0.02
2013.06.28 02:05:22.444,0.18545,0.18576,0.02,0.02
2013.06.28 02:05:22.662,0.18551,0.18589,0.02,0.02
2013.06.28 02:05:23.084,0.18548,0.18586,0.02,0.02
2013.06.28 02:05:29.053,0.18538,0.18571,0.02,0.02
2013.06.28 02:05:29.172,0.18548,0.18586,0.02,0.02
2013.06.28 02:05:29.373,0.18545,0.18582,0.02,0.02
2013.06.28 02:05:29.708,0.18544,0.18581,0.02,0.02
2013.06.28 02:05:30.032,0.18534,0.18569,0.02,0.02
2013.06.28 02:05:30.092,0.18541,0.18579,0.02,0.02
2013.06.28 02:05:32.182,0.18543,0.18582,0.02,0.02
2013.06.28 02:05:32.242,0.18541,0.18579,0.02,0.02
2013.06.28 02:05:32.334,0.1854,0.18578,0.02,0.02
2013.06.28 02:05:38.902,0.18538,0.18577,0.02,0.02
2013.06.28 02:05:42.642,0.18529,0.18561,0.02,0.02
2013.06.28 02:05:43.053,0.18528,0.18562,0.02,0.02
2013.06.28 02:05:43.404,0.18534,0.18572,0.02,0.02
2013.06.28 02:05:44.038,0.18529,0.18561,0.02,0.02
2013.06.28 02:05:47.708,0.18531,0.18562,0.02,0.02
2013.06.28 02:05:48.128,0.18538,0.18577,0.02,0.02
2013.06.28 02:05:48.463,0.18542,0.18581,0.02,0.02
2013.06.28 02:05:49.058,0.18535,0.18568,0.02,0.02
2013.06.28 02:05:50.876,0.18533,0.18569,0.02,0.02
2013.06.28 02:05:50.958,0.18538,0.18576,0.02,0.02
2013.06.28 02:05:51.103,0.18543,0.18581,0.02,0.02
2013.06.28 02:05:51.222,0.18537,0.18567,0.02,0.02
2013.06.28 02:05:51.282,0.1854,0.18578,0.02,0.02
2013.06.28 02:05:51.472,0.18542,0.18581,0.02,0.02
2013.06.28 02:05:55.502,0.18535,0.18566,0.02,0.02
2013.06.28 02:05:55.562,0.1854,0.18579,0.02,0.02
2013.06.28 02:05:55.888,0.18538,0.18577,0.02,0.02
2013.06.28 02:05:58.427,0.18534,0.18567,0.02,0.02
2013.06.28 02:05:58.623,0.18543,0.18582,0.02,0.02
2013.06.28 02:05:59.157,0.18534,0.18567,0.02,0.02
2013.06.28 02:06:02.814,0.18537,0.18567,0.02,0.02
2013.06.28 02:06:07.248,0.18534,0.18567,0.02,0.02
2013.06.28 02:06:10.057,0.18537,0.18575,0.02,0.02
2013.06.28 02:06:10.603,0.18548,0.18586,0.02,0.02
2013.06.28 02:06:11.002,0.1854,0.18585,0.02,0.02
2013.06.28 02:06:11.122,0.18543,0.18582,0.02,0.02
2013.06.28 02:06:11.362,0.18549,0.18587,0.02,0.02
2013.06.28 02:06:12.142,0.18552,0.1859,0.02,0.02
2013.06.28 02:06:12.412,0.18546,0.18577,0.02,0.02
2013.06.28 02:06:13.132,0.1855,0.18588,0.02,0.02
2013.06.28 02:06:13.643,0.18552,0.18589,0.02,0.02
2013.06.28 02:06:15.704,0.18557,0.18595,0.02,0.02
2013.06.28 02:06:16.482,0.18544,0.18577,0.02,0.02
2013.06.28 02:06:16.602,0.18545,0.18588,0.02,0.02
2013.06.28 02:06:16.782,0.1855,0.18589,0.02,0.02
2013.06.28 02:06:16.903,0.18552,0.1859,0.02,0.02
2013.06.28 02:06:17.121,0.1855,0.18588,0.02,0.02
2013.06.28 02:06:17.564,0.18548,0.18587,0.02,0.02
2013.06.28 02:06:26.444,0.18539,0.18576,0.02,0.03
2013.06.28 02:06:26.649,0.18547,0.18585,0.02,0.02
2013.06.28 02:06:26.763,0.18547,0.18577,0.02,0.02
2013.06.28 02:06:27.123,0.18548,0.18587,0.02,0.02
2013.06.28 02:06:27.501,0.1855,0.18589,0.02,0.02
2013.06.28 02:06:31.283,0.18547,0.18585,0.02,0.02
2013.06.28 02:06:31.912,0.18544,0.18576,0.02,0.02
2013.06.28 02:06:39.433,0.18547,0.18577,0.02,0.02
2013.06.28 02:06:39.520,0.18541,0.18577,0.02,0.02
2013.06.28 02:06:40.032,0.1854,0.18576,0.02,0.03
2013.06.28 02:06:40.738,0.18541,0.18573,0.02,0.02
2013.06.28 02:06:41.593,0.18546,0.18584,0.02,0.02
2013.06.28 02:06:42.139,0.18548,0.18585,0.02,0.02
2013.06.28 02:06:42.718,0.18539,0.18576,0.02,0.03
2013.06.28 02:06:43.499,0.18542,0.18573,0.02,0.02
2013.06.28 02:06:50.453,0.18539,0.18572,0.02,0.02
2013.06.28 02:06:51.373,0.18542,0.18577,0.02,0.03
2013.06.28 02:06:51.959,0.18539,0.18576,0.02,0.03
2013.06.28 02:06:56.249,0.18542,0.18573,0.02,0.02
2013.06.28 02:07:01.402,0.18539,0.18572,0.02,0.02
2013.06.28 02:07:09.073,0.18535,0.18572,0.02,0.02
2013.06.28 02:07:10.073,0.18546,0.18584,0.02,0.02
2013.06.28 02:07:10.543,0.18543,0.18581,0.02,0.02
2013.06.28 02:07:10.603,0.18533,0.18566,0.02,0.02
2013.06.28 02:07:10.663,0.18539,0.18577,0.02,0.02
2013.06.28 02:07:11.210,0.18538,0.18576,0.02,0.02
2013.06.28 02:07:11.535,0.18542,0.1858,0.02,0.02
2013.06.28 02:07:13.023,0.18539,0.18577,0.02,0.02
2013.06.28 02:07:15.133,0.18528,0.18562,0.02,0.02
2013.06.28 02:07:15.253,0.18537,0.18574,0.02,0.02
2013.06.28 02:07:15.417,0.18534,0.18572,0.02,0.02
2013.06.28 02:07:16.453,0.18529,0.18561,0.02,0.02
2013.06.28 02:07:16.873,0.18538,0.18576,0.02,0.02
2013.06.28 02:07:18.464,0.18528,0.18562,0.02,0.02
2013.06.28 02:07:18.703,0.18534,0.18572,0.02,0.02
2013.06.28 02:07:19.203,0.18529,0.18562,0.02,0.02
2013.06.28 02:07:19.263,0.18539,0.18577,0.02,0.02
2013.06.28 02:07:22.439,0.1853,0.18562,0.02,0.02
2013.06.28 02:07:23.772,0.18529,0.18561,0.02,0.02
2013.06.28 02:07:27.116,0.18525,0.18561,0.02,0.02
2013.06.28 02:07:27.324,0.18536,0.18574,0.02,0.02
2013.06.28 02:07:27.453,0.18534,0.18572,0.02,0.02
2013.06.28 02:07:29.158,0.18529,0.18561,0.02,0.02
2013.06.28 02:07:29.214,0.18537,0.18574,0.02,0.02
2013.06.28 02:07:29.333,0.18535,0.18574,0.02,0.02
2013.06.28 02:07:29.453,0.18539,0.18577,0.02,0.02
2013.06.28 02:07:31.182,0.1853,0.18567,0.02,0.02
2013.06.28 02:07:31.786,0.18529,0.18562,0.02,0.02
2013.06.28 02:07:33.210,0.1853,0.18562,0.02,0.02
2013.06.28 02:07:34.155,0.18529,0.18561,0.02,0.02
2013.06.28 02:07:34.818,0.1853,0.18563,0.02,0.02
2013.06.28 02:07:35.518,0.18529,0.18561,0.02,0.02
2013.06.28 02:07:40.033,0.18529,0.18561,0.02,0.02
2013.06.28 02:07:40.153,0.18537,0.18575,0.02,0.02
2013.06.28 02:07:40.251,0.18535,0.18573,0.02,0.02
2013.06.28 02:07:44.473,0.18532,0.18562,0.02,0.02
2013.06.28 02:07:44.944,0.18539,0.18577,0.02,0.02
2013.06.28 02:07:53.504,0.18529,0.18562,0.02,0.02
2013.06.28 02:07:53.563,0.18536,0.18575,0.02,0.02
2013.06.28 02:07:53.769,0.18534,0.18571,0.02,0.02
2013.06.28 02:07:58.563,0.1853,0.18561,0.02,0.02
2013.06.28 02:07:58.697,0.18536,0.18574,0.02,0.02
2013.06.28 02:07:59.209,0.18538,0.18576,0.02,0.02
2013.06.28 02:08:00.103,0.18529,0.18561,0.02,0.02
2013.06.28 02:08:00.337,0.18534,0.18572,0.02,0.02
2013.06.28 02:08:01.993,0.18528,0.18561,0.02,0.02
2013.06.28 02:08:06.733,0.18525,0.18561,0.02,0.02
2013.06.28 02:08:06.854,0.18536,0.18574,0.02,0.02
2013.06.28 02:08:09.684,0.18527,0.18562,0.02,0.02
2013.06.28 02:08:09.743,0.18534,0.18571,0.02,0.02
2013.06.28 02:08:12.919,0.18523,0.18556,0.02,0.02
2013.06.28 02:08:13.234,0.18531,0.18568,0.02,0.02
2013.06.28 02:08:13.858,0.1853,0.18567,0.02,0.02
2013.06.28 02:08:14.670,0.18525,0.18558,0.02,0.02
2013.06.28 02:08:15.093,0.18534,0.18573,0.02,0.02
2013.06.28 02:08:20.135,0.18524,0.18556,0.02,0.02
2013.06.28 02:08:20.231,0.1853,0.18568,0.02,0.02
2013.06.28 02:08:20.565,0.18529,0.18567,0.02,0.02
2013.06.28 02:08:23.093,0.18527,0.18565,0.02,0.02
2013.06.28 02:08:24.515,0.18519,0.18556,0.02,0.02
2013.06.28 02:08:24.922,0.18519,0.18556,0.02,0.02
2013.06.28 02:08:27.024,0.18519,0.18561,0.02,0.02
2013.06.28 02:08:27.096,0.18526,0.18557,0.02,0.02
2013.06.28 02:08:28.363,0.1852,0.18556,0.02,0.02
2013.06.28 02:08:28.484,0.18526,0.18564,0.02,0.02
2013.06.28 02:08:29.005,0.18518,0.18557,0.02,0.02
2013.06.28 02:08:29.074,0.18522,0.18557,0.02,0.03
2013.06.28 02:08:29.133,0.18535,0.18573,0.02,0.02
2013.06.28 02:08:29.254,0.18529,0.18567,0.02,0.02
2013.06.28 02:08:30.278,0.1852,0.18557,0.02,0.03
2013.06.28 02:08:30.793,0.18529,0.18567,0.02,0.02
2013.06.28 02:08:31.753,0.1852,0.18557,0.02,0.03
2013.06.28 02:08:32.369,0.18528,0.18566,0.02,0.02
2013.06.28 02:08:41.554,0.18519,0.18556,0.02,0.03
2013.06.28 02:08:41.950,0.1853,0.18568,0.02,0.02
2013.06.28 02:08:49.258,0.18521,0.18557,0.02,0.02
2013.06.28 02:08:49.313,0.18529,0.18567,0.02,0.02
2013.06.28 02:08:52.023,0.1853,0.18564,0.02,0.02
2013.06.28 02:08:52.366,0.18545,0.18583,0.02,0.02
2013.06.28 02:08:52.446,0.18538,0.18576,0.02,0.02
2013.06.28 02:08:54.643,0.18536,0.18574,0.02,0.02
2013.06.28 02:08:54.703,0.18528,0.18563,0.02,0.02
2013.06.28 02:08:57.143,0.18524,0.18556,0.02,0.02
2013.06.28 02:08:57.394,0.18531,0.18569,0.02,0.02
2013.06.28 02:08:59.215,0.18521,0.18553,0.02,0.02
2013.06.28 02:08:59.925,0.1852,0.18556,0.02,0.02
2013.06.28 02:09:01.463,0.18523,0.18557,0.02,0.02
2013.06.28 02:09:01.643,0.18533,0.18571,0.02,0.02
2013.06.28 02:09:02.064,0.18524,0.18558,0.02,0.02
2013.06.28 02:09:02.323,0.18533,0.18571,0.02,0.02
2013.06.28 02:09:07.986,0.18529,0.18563,0.02,0.02
2013.06.28 02:09:08.184,0.18531,0.18568,0.02,0.02
2013.06.28 02:09:08.304,0.18533,0.18571,0.02,0.02
2013.06.28 02:09:09.005,0.18527,0.18562,0.02,0.02
2013.06.28 02:09:11.494,0.1853,0.18567,0.02,0.02
2013.06.28 02:09:11.613,0.18538,0.18577,0.02,0.02
2013.06.28 02:09:11.679,0.18534,0.18572,0.02,0.02
2013.06.28 02:09:11.803,0.1854,0.18578,0.02,0.02
2013.06.28 02:09:12.724,0.18542,0.18581,0.02,0.02
2013.06.28 02:09:13.305,0.18533,0.18581,0.02,0.02
2013.06.28 02:09:13.933,0.18535,0.18581,0.02,0.02
2013.06.28 02:09:14.082,0.18539,0.18578,0.02,0.02
2013.06.28 02:09:14.203,0.18544,0.18583,0.02,0.02
2013.06.28 02:09:14.550,0.18545,0.18581,0.02,0.02
2013.06.28 02:09:14.966,0.18548,0.18587,0.02,0.02
2013.06.28 02:09:15.083,0.18545,0.18577,0.02,0.02
2013.06.28 02:09:15.295,0.18553,0.18592,0.02,0.02
2013.06.28 02:09:15.434,0.18551,0.18588,0.02,0.02
2013.06.28 02:09:16.394,0.18552,0.1859,0.02,0.02
2013.06.28 02:09:17.693,0.18544,0.18576,0.02,0.02
2013.06.28 02:09:17.754,0.18551,0.18588,0.02,0.02
2013.06.28 02:09:17.815,0.18548,0.18587,0.02,0.02
2013.06.28 02:09:17.993,0.18544,0.18576,0.02,0.02
2013.06.28 02:09:18.294,0.18552,0.18591,0.02,0.02
2013.06.28 02:09:18.795,0.18544,0.18576,0.02,0.02
2013.06.28 02:09:20.658,0.18546,0.18578,0.02,0.02
2013.06.28 02:09:26.681,0.18545,0.18576,0.02,0.02
2013.06.28 02:09:26.765,0.18551,0.18588,0.02,0.02
2013.06.28 02:09:27.533,0.18542,0.18572,0.02,0.02
2013.06.28 02:09:27.714,0.18547,0.18585,0.02,0.02
2013.06.28 02:09:34.805,0.1854,0.18576,0.02,0.03
2013.06.28 02:09:35.473,0.18543,0.18577,0.02,0.03
2013.06.28 02:09:35.594,0.1855,0.18588,0.02,0.02
2013.06.28 02:09:37.984,0.18546,0.18585,0.02,0.02
2013.06.28 02:09:39.006,0.18539,0.18576,0.02,0.02
2013.06.28 02:09:39.523,0.18543,0.18577,0.02,0.02
2013.06.28 02:09:39.643,0.18552,0.18589,0.02,0.02
2013.06.28 02:09:40.123,0.18547,0.18585,0.02,0.02
2013.06.28 02:09:40.393,0.18554,0.18592,0.02,0.02
2013.06.28 02:09:40.575,0.18547,0.18584,0.02,0.02
2013.06.28 02:09:40.682,0.18553,0.1859,0.02,0.02
2013.06.28 02:09:41.144,0.18549,0.18585,0.02,0.02
2013.06.28 02:09:42.493,0.18539,0.18571,0.02,0.02
2013.06.28 02:09:42.989,0.18544,0.18581,0.02,0.02
2013.06.28 02:09:44.030,0.1854,0.18573,0.02,0.02
2013.06.28 02:09:44.956,0.18538,0.18574,0.02,0.02
2013.06.28 02:09:47.333,0.18541,0.18576,0.02,0.02
2013.06.28 02:09:47.654,0.18547,0.18586,0.02,0.02
2013.06.28 02:09:49.678,0.18535,0.18566,0.02,0.02
2013.06.28 02:09:49.794,0.18545,0.18582,0.02,0.02
2013.06.28 02:09:50.064,0.18543,0.18581,0.02,0.02
2013.06.28 02:09:50.218,0.18534,0.18568,0.02,0.02
2013.06.28 02:09:50.919,0.18541,0.1858,0.02,0.02
2013.06.28 02:09:51.523,0.18533,0.18569,0.02,0.02
2013.06.28 02:09:52.075,0.18535,0.18572,0.02,0.02
2013.06.28 02:09:52.133,0.18544,0.18582,0.02,0.02
2013.06.28 02:09:52.685,0.18534,0.18571,0.02,0.02
2013.06.28 02:09:52.824,0.18542,0.18581,0.02,0.02
2013.06.28 02:09:55.344,0.18543,0.18581,0.02,0.02
2013.06.28 02:09:56.926,0.18537,0.18567,0.02,0.02
2013.06.28 02:09:57.058,0.18542,0.1858,0.02,0.02
2013.06.28 02:09:58.347,0.18536,0.18566,0.02,0.02
2013.06.28 02:09:58.587,0.18538,0.18577,0.02,0.02
2013.06.28 02:10:00.710,0.18529,0.18563,0.02,0.02
2013.06.28 02:10:00.894,0.18535,0.18572,0.02,0.02
2013.06.28 02:10:01.265,0.18539,0.18577,0.02,0.02
2013.06.28 02:10:01.325,0.18536,0.18573,0.02,0.03
2013.06.28 02:10:03.643,0.18536,0.18566,0.02,0.02
2013.06.28 02:10:03.946,0.1854,0.18578,0.02,0.02
2013.06.28 02:10:04.463,0.18531,0.18567,0.02,0.02
2013.06.28 02:10:05.396,0.18529,0.18562,0.02,0.02
2013.06.28 02:10:05.634,0.18536,0.18575,0.02,0.02
2013.06.28 02:10:06.614,0.18539,0.18577,0.02,0.02
2013.06.28 02:10:06.823,0.1853,0.18566,0.02,0.02
2013.06.28 02:10:08.504,0.18539,0.18577,0.02,0.02
2013.06.28 02:10:08.624,0.18528,0.18562,0.02,0.02
2013.06.28 02:10:08.684,0.18536,0.18573,0.02,0.02
2013.06.28 02:10:09.966,0.1853,0.18566,0.02,0.02
2013.06.28 02:10:10.024,0.18539,0.18577,0.02,0.02
2013.06.28 02:10:10.705,0.18539,0.18577,0.02,0.02
2013.06.28 02:10:11.085,0.18543,0.18581,0.02,0.02
2013.06.28 02:10:11.574,0.18541,0.18579,0.02,0.02
2013.06.28 02:10:11.634,0.18538,0.18575,0.02,0.02
2013.06.28 02:10:13.524,0.18534,0.18567,0.02,0.02
2013.06.28 02:10:17.154,0.18529,0.18563,0.02,0.02
2013.06.28 02:10:17.328,0.18536,0.18574,0.02,0.02
2013.06.28 02:10:17.445,0.18534,0.18572,0.02,0.02
2013.06.28 02:10:21.459,0.18534,0.18567,0.03,0.02
2013.06.28 02:10:21.573,0.18536,0.18566,0.02,0.02
2013.06.28 02:10:21.884,0.18539,0.18578,0.02,0.02
2013.06.28 02:10:22.223,0.18536,0.18567,0.02,0.02
2013.06.28 02:10:22.424,0.18544,0.18581,0.02,0.03
2013.06.28 02:10:23.084,0.18541,0.18579,0.02,0.02
2013.06.28 02:10:27.616,0.18534,0.18566,0.02,0.02
2013.06.28 02:10:28.175,0.18547,0.18584,0.02,0.02
2013.06.28 02:10:29.083,0.18535,0.18567,0.02,0.02
2013.06.28 02:10:29.203,0.18543,0.18581,0.02,0.02
2013.06.28 02:10:30.383,0.18534,0.18567,0.02,0.02
2013.06.28 02:10:31.624,0.18547,0.18585,0.02,0.02
2013.06.28 02:10:35.315,0.18548,0.18587,0.02,0.02
2013.06.28 02:10:35.482,0.18542,0.18581,0.02,0.02
2013.06.28 02:10:36.418,0.18544,0.18578,0.02,0.02
2013.06.28 02:10:36.898,0.18549,0.18587,0.02,0.02
2013.06.28 02:10:37.350,0.18552,0.18591,0.02,0.02
2013.06.28 02:10:37.784,0.18548,0.18587,0.02,0.02
2013.06.28 02:10:38.226,0.1855,0.18588,0.02,0.02
2013.06.28 02:10:39.018,0.18547,0.18577,0.02,0.02
2013.06.28 02:10:39.134,0.18553,0.1859,0.02,0.02
2013.06.28 02:10:39.854,0.18543,0.18584,0.02,0.02
2013.06.28 02:10:40.154,0.1855,0.18588,0.02,0.02
2013.06.28 02:10:43.604,0.18547,0.18586,0.02,0.02
2013.06.28 02:10:44.368,0.18539,0.18577,0.02,0.02
2013.06.28 02:10:44.906,0.18535,0.18567,0.02,0.02
2013.06.28 02:10:45.324,0.18544,0.18582,0.02,0.02
2013.06.28 02:10:46.049,0.18535,0.18572,0.02,0.02
2013.06.28 02:10:50.000,0.18535,0.18567,0.02,0.02
2013.06.28 02:10:50.374,0.18548,0.18586,0.02,0.02
2013.06.28 02:10:59.664,0.18544,0.18582,0.02,0.02
2013.06.28 02:11:01.273,0.18535,0.18567,0.02,0.02
2013.06.28 02:11:05.913,0.18535,0.18566,0.02,0.02
2013.06.28 02:11:11.124,0.18535,0.18567,0.02,0.02
2013.06.28 02:11:11.243,0.18542,0.18581,0.02,0.02
2013.06.28 02:11:12.029,0.18543,0.18581,0.02,0.02
2013.06.28 02:11:17.004,0.18542,0.18581,0.02,0.02
2013.06.28 02:11:18.524,0.18543,0.18581,0.02,0.02
2013.06.28 02:11:19.204,0.18538,0.18571,0.02,0.02
2013.06.28 02:11:19.324,0.18545,0.18579,0.02,0.02
2013.06.28 02:11:19.384,0.18546,0.18583,0.02,0.02
2013.06.28 02:11:19.597,0.18549,0.18587,0.02,0.02
2013.06.28 02:11:20.370,0.18544,0.1858,0.02,0.02
2013.06.28 02:11:20.994,0.18553,0.18591,0.02,0.02
2013.06.28 02:11:21.577,0.18547,0.18586,0.02,0.02
2013.06.28 02:11:22.895,0.1854,0.18581,0.02,0.02
2013.06.28 02:11:23.334,0.18552,0.18591,0.02,0.02
2013.06.28 02:11:23.564,0.18549,0.18588,0.02,0.02
2013.06.28 02:11:24.054,0.18547,0.18578,0.02,0.02
2013.06.28 02:11:24.114,0.18553,0.18591,0.02,0.02
2013.06.28 02:11:24.264,0.18549,0.18587,0.02,0.02
2013.06.28 02:11:24.384,0.18552,0.18591,0.02,0.02
2013.06.28 02:11:25.039,0.18544,0.18577,0.02,0.02
2013.06.28 02:11:26.774,0.18551,0.1859,0.02,0.02
2013.06.28 02:11:28.114,0.18542,0.18577,0.02,0.02
2013.06.28 02:11:28.375,0.18549,0.18588,0.02,0.02
2013.06.28 02:11:28.930,0.18542,0.18577,0.02,0.02
2013.06.28 02:11:29.812,0.18545,0.18578,0.02,0.02
2013.06.28 02:11:30.135,0.18552,0.18591,0.02,0.02
2013.06.28 02:11:32.558,0.18544,0.18576,0.02,0.02
2013.06.28 02:11:36.694,0.18553,0.18591,0.02,0.02
2013.06.28 02:11:39.472,0.18547,0.18577,0.02,0.02
2013.06.28 02:11:39.594,0.18551,0.18589,0.02,0.02
2013.06.28 02:11:40.516,0.18545,0.18576,0.02,0.02
2013.06.28 02:11:40.674,0.18549,0.18588,0.02,0.02
2013.06.28 02:11:46.794,0.18539,0.18576,0.02,0.02
2013.06.28 02:11:46.991,0.18548,0.18586,0.02,0.02
2013.06.28 02:11:47.149,0.18545,0.18577,0.02,0.02
2013.06.28 02:11:48.994,0.18542,0.18577,0.02,0.02
2013.06.28 02:11:51.172,0.18545,0.18577,0.02,0.02
2013.06.28 02:11:51.404,0.18552,0.1859,0.02,0.02
2013.06.28 02:11:51.759,0.18554,0.18592,0.02,0.02
2013.06.28 02:11:52.845,0.18544,0.18576,0.02,0.02
2013.06.28 02:11:52.964,0.18543,0.18577,0.02,0.03
2013.06.28 02:11:53.130,0.18549,0.18587,0.02,0.02
2013.06.28 02:11:56.155,0.18545,0.18576,0.02,0.02
2013.06.28 02:11:56.323,0.18553,0.18591,0.02,0.02
2013.06.28 02:11:58.564,0.1854,0.18576,0.02,0.02
2013.06.28 02:11:59.349,0.18542,0.18577,0.02,0.03
2013.06.28 02:12:00.065,0.18539,0.18576,0.02,0.02
2013.06.28 02:12:05.321,0.18542,0.18577,0.02,0.02
2013.06.28 02:12:07.045,0.1854,0.18576,0.02,0.02
2013.06.28 02:12:07.224,0.18551,0.1859,0.02,0.02
2013.06.28 02:12:08.063,0.18539,0.18576,0.02,0.02
2013.06.28 02:12:08.304,0.18546,0.18585,0.02,0.02
2013.06.28 02:12:10.421,0.1854,0.18577,0.02,0.02
2013.06.28 02:12:11.064,0.18537,0.18572,0.02,0.02
2013.06.28 02:12:11.325,0.18544,0.18583,0.02,0.02
2013.06.28 02:12:12.144,0.18547,0.18586,0.02,0.02
2013.06.28 02:12:12.645,0.18547,0.18586,0.02,0.02
2013.06.28 02:12:13.695,0.18541,0.18577,0.02,0.02
2013.06.28 02:12:13.924,0.18544,0.18582,0.02,0.02
2013.06.28 02:12:14.034,0.18548,0.18586,0.02,0.02
2013.06.28 02:12:14.924,0.18539,0.18576,0.02,0.02
2013.06.28 02:12:17.494,0.18543,0.18577,0.02,0.02
2013.06.28 02:12:18.099,0.18551,0.1859,0.02,0.02
2013.06.28 02:12:18.824,0.18539,0.18576,0.02,0.02
2013.06.28 02:12:18.884,0.18548,0.18586,0.02,0.02
2013.06.28 02:12:22.794,0.18542,0.18577,0.02,0.02
2013.06.28 02:12:27.426,0.18539,0.18573,0.02,0.02
2013.06.28 02:12:27.484,0.18545,0.18582,0.02,0.02
2013.06.28 02:12:27.994,0.18536,0.18572,0.02,0.02
2013.06.28 02:12:28.799,0.18544,0.18583,0.02,0.02
2013.06.28 02:12:29.574,0.18547,0.18586,0.02,0.02
2013.06.28 02:12:30.109,0.18547,0.18585,0.02,0.02
2013.06.28 02:12:30.469,0.18548,0.18587,0.02,0.02
2013.06.28 02:12:33.655,0.18542,0.18577,0.02,0.02
2013.06.28 02:12:33.894,0.18546,0.18583,0.02,0.02
2013.06.28 02:12:33.955,0.18548,0.18587,0.02,0.02
2013.06.28 02:12:36.030,0.18544,0.18578,0.02,0.02
2013.06.28 02:12:36.648,0.18547,0.18586,0.02,0.02
2013.06.28 02:12:39.475,0.18544,0.1858,0.02,0.02
2013.06.28 02:12:39.598,0.18552,0.18591,0.02,0.02
2013.06.28 02:12:39.928,0.18549,0.18587,0.02,0.02
2013.06.28 02:12:40.044,0.18554,0.18592,0.02,0.02
2013.06.28 02:12:41.594,0.18552,0.18589,0.02,0.02
2013.06.28 02:12:42.209,0.18553,0.1859,0.02,0.02
2013.06.28 02:12:47.968,0.18547,0.18578,0.02,0.02
2013.06.28 02:12:49.487,0.18544,0.18577,0.02,0.02
2013.06.28 02:12:49.604,0.18549,0.18586,0.02,0.02
2013.06.28 02:12:49.746,0.18552,0.18591,0.02,0.02
2013.06.28 02:12:50.451,0.18548,0.18585,0.02,0.02
2013.06.28 02:12:52.313,0.18554,0.18592,0.02,0.02
2013.06.28 02:12:52.850,0.18553,0.18591,0.02,0.02
2013.06.28 02:12:53.455,0.18543,0.18576,0.02,0.02
2013.06.28 02:12:53.739,0.18549,0.18587,0.02,0.02
2013.06.28 02:12:54.509,0.18539,0.18576,0.02,0.02
2013.06.28 02:12:55.149,0.18539,0.18572,0.02,0.02
2013.06.28 02:12:55.820,0.18542,0.18577,0.02,0.02
2013.06.28 02:13:11.018,0.18539,0.18572,0.02,0.02
2013.06.28 02:13:11.528,0.18542,0.18577,0.02,0.02
2013.06.28 02:13:14.744,0.18548,0.18586,0.02,0.02
2013.06.28 02:13:16.044,0.1855,0.18588,0.02,0.02
2013.06.28 02:13:16.223,0.18554,0.18592,0.02,0.02
2013.06.28 02:13:17.044,0.18545,0.18586,0.02,0.02
2013.06.28 02:13:17.104,0.18552,0.1859,0.02,0.02
2013.06.28 02:13:17.694,0.18544,0.18577,0.02,0.02
2013.06.28 02:13:18.004,0.18544,0.1858,0.02,0.02
2013.06.28 02:13:18.365,0.18553,0.18592,0.02,0.02
2013.06.28 02:13:18.604,0.18549,0.18581,0.02,0.02
2013.06.28 02:13:18.794,0.18556,0.18594,0.02,0.02
2013.06.28 02:13:19.104,0.18549,0.18581,0.02,0.02
2013.06.28 02:13:19.295,0.18556,0.18593,0.02,0.02
2013.06.28 02:13:19.534,0.18553,0.18591,0.02,0.02
2013.06.28 02:13:20.074,0.18553,0.18591,0.02,0.02
2013.06.28 02:13:20.384,0.18544,0.18577,0.02,0.02
2013.06.28 02:13:20.774,0.18544,0.18577,0.02,0.02
2013.06.28 02:13:21.360,0.18552,0.1859,0.02,0.03
2013.06.28 02:13:21.941,0.18546,0.18578,0.02,0.02
2013.06.28 02:13:29.624,0.1854,0.18576,0.02,0.02
2013.06.28 02:13:30.144,0.18548,0.18585,0.02,0.02
2013.06.28 02:13:30.222,0.18544,0.18577,0.02,0.02
2013.06.28 02:13:30.950,0.18545,0.18581,0.02,0.02
2013.06.28 02:13:31.130,0.18552,0.18591,0.02,0.02
2013.06.28 02:13:31.940,0.18544,0.18581,0.02,0.03
2013.06.28 02:13:32.609,0.18554,0.1859,0.02,0.02
2013.06.28 02:13:33.004,0.18552,0.1859,0.02,0.02
2013.06.28 02:13:36.458,0.18545,0.18581,0.02,0.03
2013.06.28 02:13:36.525,0.18554,0.18592,0.02,0.02
2013.06.28 02:13:37.054,0.18545,0.18583,0.02,0.02
2013.06.28 02:13:38.701,0.18555,0.18586,0.02,0.02
2013.06.28 02:13:39.304,0.18558,0.18596,0.02,0.02
2013.06.28 02:13:39.810,0.18562,0.186,0.02,0.02
2013.06.28 02:13:40.479,0.18555,0.18587,0.02,0.02
2013.06.28 02:13:40.820,0.18553,0.18587,0.02,0.03
2013.06.28 02:13:40.874,0.18559,0.18596,0.02,0.02
2013.06.28 02:13:40.934,0.18557,0.18595,0.02,0.02
2013.06.28 02:13:41.104,0.18557,0.18587,0.02,0.02
2013.06.28 02:13:41.577,0.18553,0.18587,0.02,0.03
2013.06.28 02:13:41.916,0.1856,0.18597,0.02,0.02
2013.06.28 02:13:42.034,0.18557,0.18587,0.02,0.02
2013.06.28 02:13:42.156,0.18563,0.18601,0.02,0.02
2013.06.28 02:13:42.998,0.18554,0.18586,0.02,0.02
2013.06.28 02:13:44.418,0.18551,0.18587,0.02,0.03
2013.06.28 02:13:44.614,0.1856,0.18598,0.02,0.02
2013.06.28 02:13:44.884,0.18558,0.18595,0.02,0.02
2013.06.28 02:13:45.025,0.18554,0.18586,0.02,0.02
2013.06.28 02:13:45.382,0.18563,0.18601,0.02,0.02
2013.06.28 02:13:48.115,0.18563,0.18602,0.02,0.02
2013.06.28 02:13:48.544,0.1856,0.18592,0.02,0.02
2013.06.28 02:13:48.884,0.18566,0.18604,0.02,0.02
2013.06.28 02:13:49.489,0.18567,0.18605,0.02,0.02
2013.06.28 02:13:49.819,0.1857,0.18609,0.02,0.02
2013.06.28 02:13:50.114,0.18566,0.18604,0.02,0.02
2013.06.28 02:13:50.644,0.1857,0.18608,0.02,0.02
2013.06.28 02:13:50.895,0.18567,0.18606,0.02,0.02
2013.06.28 02:13:51.970,0.18564,0.18604,0.02,0.02
2013.06.28 02:13:52.059,0.18572,0.18611,0.02,0.02
2013.06.28 02:13:52.114,0.18565,0.18596,0.02,0.02
2013.06.28 02:13:52.294,0.18566,0.18604,0.03,0.02
2013.06.28 02:13:52.554,0.18572,0.1861,0.02,0.02
2013.06.28 02:13:53.804,0.18566,0.18598,0.02,0.02
2013.06.28 02:13:54.544,0.18565,0.18597,0.02,0.02
2013.06.28 02:13:55.874,0.18566,0.18598,0.02,0.02
2013.06.28 02:13:57.089,0.18573,0.18611,0.02,0.02
2013.06.28 02:13:57.204,0.1857,0.18603,0.02,0.02
2013.06.28 02:13:57.444,0.18576,0.18615,0.02,0.02
2013.06.28 02:13:58.034,0.18581,0.1862,0.02,0.02
2013.06.28 02:13:59.206,0.18572,0.18603,0.02,0.02
2013.06.28 02:13:59.634,0.18576,0.18614,0.02,0.02
2013.06.28 02:14:00.168,0.18573,0.18606,0.02,0.02
2013.06.28 02:14:00.684,0.18574,0.18607,0.02,0.02
2013.06.28 02:14:01.262,0.18579,0.18618,0.02,0.02
2013.06.28 02:14:01.595,0.18582,0.18621,0.02,0.02
2013.06.28 02:14:01.808,0.18576,0.18614,0.03,0.02
2013.06.28 02:14:01.918,0.18583,0.18622,0.02,0.02
2013.06.28 02:14:02.034,0.18577,0.18607,0.02,0.02
2013.06.28 02:14:02.354,0.18574,0.18607,0.02,0.03
2013.06.28 02:14:02.494,0.18577,0.18615,0.02,0.02
2013.06.28 02:14:02.744,0.18576,0.18612,0.03,0.02
2013.06.28 02:14:03.114,0.18582,0.1862,0.02,0.02
2013.06.28 02:14:03.237,0.18577,0.18615,0.02,0.02
2013.06.28 02:14:03.756,0.18578,0.18617,0.02,0.02
2013.06.28 02:14:03.815,0.18575,0.18606,0.02,0.02
2013.06.28 02:14:03.934,0.18584,0.18621,0.02,0.02
2013.06.28 02:14:04.254,0.18577,0.18615,0.02,0.02
2013.06.28 02:14:04.447,0.18581,0.18619,0.02,0.02
2013.06.28 02:14:04.564,0.18578,0.18615,0.02,0.02
2013.06.28 02:14:04.804,0.18576,0.18612,0.02,0.02
2013.06.28 02:14:05.124,0.18581,0.18619,0.02,0.02
2013.06.28 02:14:05.554,0.18579,0.18616,0.02,0.02
2013.06.28 02:14:06.269,0.18571,0.18607,0.02,0.02
2013.06.28 02:14:07.984,0.1857,0.18606,0.02,0.02
2013.06.28 02:14:09.094,0.18573,0.18607,0.02,0.02
2013.06.28 02:14:09.214,0.18581,0.18619,0.02,0.02
2013.06.28 02:14:09.877,0.18574,0.18606,0.02,0.02
2013.06.28 02:14:10.064,0.18578,0.18617,0.02,0.02
2013.06.28 02:14:10.184,0.18576,0.18614,0.02,0.02
2013.06.28 02:14:11.634,0.18567,0.18603,0.02,0.02
2013.06.28 02:14:12.084,0.18564,0.18597,0.02,0.02
2013.06.28 02:14:12.264,0.18572,0.1861,0.02,0.02
2013.06.28 02:14:12.825,0.18569,0.18606,0.02,0.02
2013.06.28 02:14:13.463,0.18564,0.18597,0.02,0.02
2013.06.28 02:14:14.309,0.18568,0.18606,0.02,0.02
2013.06.28 02:14:14.525,0.18574,0.18612,0.02,0.02
2013.06.28 02:14:14.745,0.18572,0.1861,0.02,0.02
2013.06.28 02:14:15.251,0.18568,0.18607,0.02,0.02
2013.06.28 02:14:15.324,0.18568,0.18606,0.02,0.02
2013.06.28 02:14:15.411,0.18565,0.18598,0.02,0.02
2013.06.28 02:14:17.164,0.1857,0.18608,0.02,0.02
2013.06.28 02:14:18.500,0.18565,0.18602,0.02,0.02
2013.06.28 02:14:18.614,0.18565,0.18603,0.02,0.02
2013.06.28 02:14:19.520,0.18565,0.18601,0.02,0.02
2013.06.28 02:14:20.064,0.18565,0.18602,0.02,0.02
2013.06.28 02:14:20.184,0.18571,0.1861,0.02,0.02
2013.06.28 02:14:21.123,0.18573,0.18612,0.02,0.02
2013.06.28 02:14:24.914,0.1857,0.18612,0.02,0.02
2013.06.28 02:14:25.284,0.18577,0.18616,0.02,0.02
2013.06.28 02:14:25.830,0.1857,0.18614,0.02,0.02
2013.06.28 02:14:26.479,0.18571,0.18609,0.02,0.02
2013.06.28 02:14:28.723,0.1857,0.18603,0.02,0.02
2013.06.28 02:14:28.844,0.18571,0.18607,0.02,0.02
2013.06.28 02:14:30.544,0.18573,0.18612,0.02,0.02
2013.06.28 02:14:30.766,0.18578,0.18616,0.02,0.02
2013.06.28 02:14:32.444,0.1857,0.18606,0.02,0.02
2013.06.28 02:14:33.451,0.18575,0.18606,0.02,0.02
2013.06.28 02:14:33.875,0.1857,0.18606,0.02,0.03
2013.06.28 02:14:34.390,0.1858,0.18619,0.02,0.02
2013.06.28 02:14:35.824,0.18574,0.18606,0.02,0.02
2013.06.28 02:14:36.371,0.18577,0.18607,0.02,0.02
2013.06.28 02:14:36.518,0.18569,0.18606,0.02,0.03
2013.06.28 02:14:36.815,0.18578,0.18617,0.02,0.02
2013.06.28 02:14:37.255,0.18576,0.18613,0.02,0.02
2013.06.28 02:14:38.020,0.1857,0.18602,0.02,0.02
2013.06.28 02:14:38.245,0.18575,0.18611,0.02,0.02
2013.06.28 02:14:39.011,0.18572,0.18602,0.02,0.02
2013.06.28 02:14:39.681,0.18569,0.18602,0.02,0.02
2013.06.28 02:14:40.524,0.18576,0.18612,0.02,0.02
2013.06.28 02:14:41.524,0.1857,0.18607,0.02,0.03
2013.06.28 02:14:42.099,0.18577,0.18613,0.02,0.02
2013.06.28 02:14:42.531,0.18579,0.18611,0.02,0.02
2013.06.28 02:14:42.654,0.1858,0.18617,0.02,0.02
2013.06.28 02:14:42.990,0.18586,0.18624,0.02,0.02
2013.06.28 02:14:43.650,0.18579,0.18612,0.02,0.02
2013.06.28 02:14:43.961,0.18575,0.18611,0.02,0.02
2013.06.28 02:14:44.134,0.18584,0.18622,0.02,0.02
2013.06.28 02:14:44.274,0.18583,0.18621,0.02,0.02
2013.06.28 02:14:44.861,0.18577,0.18612,0.02,0.02
2013.06.28 02:14:45.639,0.18574,0.18611,0.02,0.02
2013.06.28 02:14:46.084,0.1858,0.18618,0.02,0.02
2013.06.28 02:14:46.629,0.18574,0.18611,0.02,0.02
2013.06.28 02:14:47.686,0.1858,0.18619,0.02,0.02
2013.06.28 02:14:48.780,0.18577,0.18612,0.02,0.02
2013.06.28 02:14:48.895,0.18582,0.18621,0.02,0.02
2013.06.28 02:14:49.234,0.18577,0.18615,0.02,0.02
2013.06.28 02:14:49.354,0.18575,0.18612,0.02,0.02
2013.06.28 02:14:50.096,0.18581,0.1862,0.02,0.02
2013.06.28 02:14:50.684,0.18586,0.18625,0.02,0.02
2013.06.28 02:14:50.744,0.18579,0.18613,0.02,0.02
2013.06.28 02:14:50.804,0.18579,0.18616,0.02,0.02
2013.06.28 02:14:50.924,0.18583,0.18621,0.02,0.02
2013.06.28 02:14:51.045,0.18579,0.18612,0.02,0.02
2013.06.28 02:14:51.234,0.18587,0.18626,0.02,0.02
2013.06.28 02:14:52.524,0.18575,0.18607,0.02,0.02
2013.06.28 02:14:52.664,0.18574,0.18606,0.02,0.02
2013.06.28 02:14:52.725,0.18581,0.18619,0.02,0.02
2013.06.28 02:14:53.007,0.1857,0.18607,0.02,0.02
2013.06.28 02:14:53.274,0.18577,0.18615,0.02,0.02
2013.06.28 02:14:53.809,0.18569,0.18606,0.02,0.02
2013.06.28 02:14:54.424,0.1857,0.18607,0.02,0.02
2013.06.28 02:14:55.036,0.18572,0.18607,0.02,0.02
2013.06.28 02:14:55.960,0.18578,0.18611,0.02,0.02
2013.06.28 02:14:56.315,0.18582,0.1862,0.02,0.02
2013.06.28 02:14:56.604,0.18586,0.18625,0.02,0.02
2013.06.28 02:14:56.664,0.18585,0.18622,0.02,0.02
2013.06.28 02:14:56.744,0.18587,0.18625,0.02,0.02
2013.06.28 02:14:58.174,0.1859,0.18629,0.02,0.02
2013.06.28 02:14:58.414,0.18587,0.18625,0.02,0.02
2013.06.28 02:14:59.523,0.1858,0.18612,0.02,0.02
2013.06.28 02:15:01.485,0.1858,0.18623,0.02,0.02
2013.06.28 02:15:03.513,0.18574,0.18611,0.02,0.02
2013.06.28 02:15:03.634,0.18583,0.18622,0.02,0.02
2013.06.28 02:15:04.104,0.1858,0.18619,0.02,0.02
2013.06.28 02:15:04.742,0.18576,0.18611,0.02,0.02
2013.06.28 02:15:07.285,0.18582,0.18621,0.02,0.02
2013.06.28 02:15:08.313,0.18574,0.18611,0.02,0.02
2013.06.28 02:15:08.494,0.18579,0.18618,0.02,0.02
2013.06.28 02:15:08.895,0.18583,0.18621,0.02,0.02
2013.06.28 02:15:09.054,0.18577,0.18613,0.02,0.02
2013.06.28 02:15:09.114,0.18581,0.18619,0.02,0.02
2013.06.28 02:15:09.854,0.18574,0.18611,0.02,0.02
2013.06.28 02:15:10.164,0.1858,0.18612,0.02,0.02
2013.06.28 02:15:10.224,0.18581,0.1862,0.03,0.02
2013.06.28 02:15:10.699,0.18583,0.18622,0.02,0.02
2013.06.28 02:15:11.204,0.18586,0.18624,0.02,0.02
2013.06.28 02:15:11.305,0.18581,0.18619,0.02,0.02
2013.06.28 02:15:12.414,0.18581,0.18614,0.02,0.02
2013.06.28 02:15:12.624,0.18585,0.18623,0.02,0.02
2013.06.28 02:15:12.964,0.18578,0.18616,0.02,0.02
2013.06.28 02:15:13.224,0.18576,0.18615,0.02,0.02
2013.06.28 02:15:13.945,0.18577,0.18615,0.02,0.02
2013.06.28 02:15:14.692,0.18569,0.18612,0.02,0.02
2013.06.28 02:15:18.215,0.18577,0.18612,0.02,0.02
2013.06.28 02:15:18.335,0.18577,0.18615,0.02,0.02
2013.06.28 02:15:18.682,0.18581,0.1862,0.02,0.02
2013.06.28 02:15:21.075,0.18579,0.18617,0.02,0.02
2013.06.28 02:15:32.600,0.18576,0.18611,0.02,0.02
2013.06.28 02:15:32.714,0.1858,0.18618,0.02,0.02
2013.06.28 02:15:33.389,0.18577,0.18612,0.02,0.02
2013.06.28 02:15:34.059,0.18574,0.18612,0.02,0.02
2013.06.28 02:15:34.628,0.18577,0.18612,0.02,0.02
2013.06.28 02:15:34.954,0.18583,0.18621,0.02,0.02
2013.06.28 02:15:35.014,0.1858,0.18618,0.02,0.02
2013.06.28 02:15:35.074,0.18578,0.18616,0.02,0.02
2013.06.28 02:15:36.706,0.1857,0.18606,0.02,0.02
2013.06.28 02:15:40.104,0.18566,0.18602,0.02,0.02
2013.06.28 02:15:40.224,0.18573,0.1861,0.02,0.02
2013.06.28 02:15:41.584,0.18576,0.18618,0.02,0.02
2013.06.28 02:15:46.324,0.18579,0.18613,0.02,0.02
2013.06.28 02:15:46.599,0.18582,0.18621,0.02,0.02
2013.06.28 02:15:50.564,0.18582,0.18613,0.02,0.02
2013.06.28 02:15:51.545,0.18584,0.18622,0.02,0.02
2013.06.28 02:15:54.724,0.18585,0.18623,0.02,0.02
2013.06.28 02:15:56.514,0.18583,0.18622,0.02,0.02
2013.06.28 02:15:56.574,0.18577,0.18612,0.02,0.02
2013.06.28 02:15:57.035,0.18581,0.1862,0.02,0.02
2013.06.28 02:15:57.619,0.18574,0.18611,0.02,0.02
2013.06.28 02:16:03.125,0.18584,0.18623,0.02,0.02
2013.06.28 02:16:03.780,0.18578,0.18612,0.02,0.02
2013.06.28 02:16:04.234,0.18582,0.1862,0.02,0.02
2013.06.28 02:16:07.855,0.18565,0.18597,0.02,0.02
2013.06.28 02:16:07.914,0.18577,0.18616,0.02,0.02
2013.06.28 02:16:08.034,0.18574,0.18612,0.02,0.02
2013.06.28 02:16:08.327,0.18559,0.18592,0.02,0.02
2013.06.28 02:16:08.504,0.18568,0.18606,0.02,0.02
2013.06.28 02:16:09.180,0.18562,0.18593,0.02,0.02
2013.06.28 02:16:10.183,0.18559,0.18592,0.02,0.02
2013.06.28 02:16:10.374,0.18565,0.18603,0.02,0.02
2013.06.28 02:16:10.493,0.18559,0.18599,0.02,0.02
2013.06.28 02:16:10.674,0.18567,0.18606,0.02,0.02
2013.06.28 02:16:11.175,0.18559,0.18597,0.02,0.02
2013.06.28 02:16:11.756,0.18568,0.18607,0.02,0.02
2013.06.28 02:16:12.604,0.18562,0.186,0.02,0.02
2013.06.28 02:16:15.608,0.18565,0.186,0.02,0.02
2013.06.28 02:16:15.796,0.18571,0.1861,0.02,0.02
2013.06.28 02:16:17.959,0.18569,0.18607,0.02,0.02
2013.06.28 02:16:18.399,0.18572,0.18611,0.02,0.02
2013.06.28 02:16:21.714,0.18574,0.18611,0.02,0.02
2013.06.28 02:16:21.935,0.18577,0.18616,0.02,0.02
2013.06.28 02:16:22.621,0.18579,0.18617,0.02,0.02
2013.06.28 02:16:24.517,0.18573,0.1861,0.02,0.02
2013.06.28 02:16:31.515,0.18575,0.18615,0.02,0.02
2013.06.28 02:16:33.514,0.18577,0.18616,0.02,0.02
2013.06.28 02:16:33.794,0.18582,0.18621,0.02,0.02
2013.06.28 02:16:41.044,0.1858,0.18618,0.02,0.02
2013.06.28 02:16:49.245,0.18582,0.1862,0.02,0.02
2013.06.28 02:16:49.364,0.18577,0.18615,0.02,0.02
2013.06.28 02:16:49.575,0.18582,0.1862,0.02,0.02
2013.06.28 02:16:49.914,0.18577,0.18614,0.02,0.02
2013.06.28 02:16:50.465,0.18574,0.18613,0.02,0.02
2013.06.28 02:16:50.606,0.18576,0.18613,0.02,0.02
2013.06.28 02:16:52.153,0.1857,0.18602,0.02,0.02
2013.06.28 02:16:55.009,0.18575,0.18611,0.02,0.02
2013.06.28 02:16:55.570,0.18569,0.18601,0.02,0.02
2013.06.28 02:16:58.564,0.18574,0.18612,0.02,0.02
2013.06.28 02:16:58.764,0.1857,0.18607,0.02,0.02
2013.06.28 02:16:59.314,0.18569,0.18606,0.02,0.02
2013.06.28 02:17:00.442,0.18559,0.18596,0.02,0.02
2013.06.28 02:17:00.716,0.18567,0.18605,0.02,0.02
2013.06.28 02:17:01.877,0.18561,0.18597,0.02,0.02
2013.06.28 02:17:04.564,0.1856,0.18593,0.02,0.02
2013.06.28 02:17:04.745,0.18564,0.18602,0.02,0.02
2013.06.28 02:17:06.046,0.18568,0.18606,0.02,0.03
2013.06.28 02:17:06.569,0.18558,0.18591,0.02,0.02
2013.06.28 02:17:06.704,0.18564,0.18602,0.02,0.02
2013.06.28 02:17:11.124,0.18559,0.18593,0.02,0.03
2013.06.28 02:17:14.021,0.18569,0.18607,0.02,0.02
2013.06.28 02:17:14.626,0.18565,0.18603,0.02,0.02
2013.06.28 02:17:14.685,0.18569,0.18607,0.02,0.02
2013.06.28 02:17:14.934,0.18564,0.18605,0.02,0.02
2013.06.28 02:17:15.230,0.18572,0.18611,0.02,0.02
2013.06.28 02:17:15.754,0.18566,0.18611,0.02,0.02
2013.06.28 02:17:16.504,0.18569,0.18611,0.02,0.02
2013.06.28 02:17:16.716,0.18576,0.18614,0.02,0.02
2013.06.28 02:17:21.065,0.18581,0.1862,0.02,0.02
2013.06.28 02:17:21.638,0.18574,0.18619,0.02,0.02
2013.06.28 02:17:22.703,0.18581,0.18619,0.02,0.02
2013.06.28 02:17:22.954,0.18578,0.18617,0.02,0.02
2013.06.28 02:17:23.394,0.18576,0.18615,0.02,0.02
2013.06.28 02:17:23.900,0.18569,0.18607,0.02,0.02
2013.06.28 02:17:27.339,0.18575,0.18614,0.03,0.03
2013.06.28 02:17:28.079,0.18576,0.18615,0.03,0.03
2013.06.28 02:17:29.824,0.18575,0.18613,0.03,0.02
2013.06.28 02:17:35.205,0.18569,0.18612,0.02,0.02
2013.06.28 02:17:44.974,0.18577,0.18616,0.02,0.02
2013.06.28 02:17:45.363,0.18582,0.1862,0.02,0.02
2013.06.28 02:17:45.696,0.18579,0.18618,0.02,0.02
2013.06.28 02:17:46.250,0.18573,0.18613,0.02,0.02
2013.06.28 02:17:46.514,0.18577,0.18616,0.02,0.02
2013.06.28 02:17:47.624,0.18571,0.18609,0.02,0.02
2013.06.28 02:17:48.270,0.1857,0.18608,0.02,0.02
2013.06.28 02:17:49.815,0.18577,0.18616,0.02,0.02
2013.06.28 02:17:55.624,0.18573,0.18611,0.02,0.02
2013.06.28 02:17:55.684,0.18582,0.1862,0.02,0.02
2013.06.28 02:17:57.964,0.18581,0.18619,0.02,0.02
2013.06.28 02:17:58.094,0.18577,0.18616,0.02,0.02
2013.06.28 02:17:58.544,0.18575,0.18614,0.02,0.02
2013.06.28 02:18:18.555,0.18574,0.18613,0.02,0.02
2013.06.28 02:18:33.894,0.18578,0.18617,0.02,0.02
2013.06.28 02:18:34.491,0.18579,0.18618,0.02,0.02
2013.06.28 02:18:36.822,0.18575,0.18611,0.02,0.02
2013.06.28 02:18:44.075,0.1858,0.18614,0.02,0.02
2013.06.28 02:18:44.435,0.18593,0.18632,0.02,0.02
2013.06.28 02:18:44.604,0.18579,0.18615,0.03,0.02
2013.06.28 02:18:44.935,0.18587,0.18626,0.02,0.02
2013.06.28 02:18:45.275,0.18591,0.18629,0.02,0.02
2013.06.28 02:18:45.886,0.18589,0.18627,0.02,0.02
2013.06.28 02:18:46.465,0.1859,0.18629,0.02,0.02
2013.06.28 02:18:46.766,0.18586,0.18625,0.02,0.02
2013.06.28 02:18:46.876,0.18589,0.18628,0.02,0.02
2013.06.28 02:18:47.580,0.18589,0.18627,0.02,0.02
2013.06.28 02:18:48.644,0.1859,0.18628,0.02,0.02
2013.06.28 02:18:49.727,0.18587,0.18625,0.02,0.02
2013.06.28 02:18:49.845,0.1859,0.18628,0.02,0.02
2013.06.28 02:18:51.656,0.18588,0.18626,0.02,0.02
2013.06.28 02:18:51.817,0.18591,0.18629,0.02,0.02
2013.06.28 02:18:52.569,0.18592,0.1863,0.02,0.02
2013.06.28 02:18:52.753,0.18589,0.18621,0.02,0.02
2013.06.28 02:18:52.935,0.1859,0.18628,0.02,0.02
2013.06.28 02:18:53.136,0.18592,0.1863,0.02,0.02
2013.06.28 02:18:53.896,0.1858,0.18617,0.02,0.03
2013.06.28 02:18:54.135,0.1859,0.18628,0.02,0.02
2013.06.28 02:18:54.285,0.18588,0.18627,0.02,0.02
2013.06.28 02:18:54.920,0.18587,0.18626,0.02,0.02
2013.06.28 02:18:57.805,0.18587,0.18618,0.02,0.02
2013.06.28 02:18:57.864,0.1859,0.18629,0.02,0.02
2013.06.28 02:18:57.994,0.18587,0.18625,0.02,0.02
2013.06.28 02:18:58.135,0.18592,0.1863,0.02,0.02
2013.06.28 02:18:58.940,0.18584,0.18624,0.02,0.02
2013.06.28 02:18:59.633,0.18586,0.18624,0.02,0.02
2013.06.28 02:19:01.365,0.18584,0.18629,0.02,0.02
2013.06.28 02:19:05.559,0.18591,0.1863,0.02,0.02
2013.06.28 02:19:10.038,0.18585,0.18623,0.02,0.02
2013.06.28 02:19:10.385,0.18589,0.18627,0.02,0.02
2013.06.28 02:19:10.820,0.18598,0.18636,0.02,0.02
2013.06.28 02:19:11.265,0.18593,0.18632,0.02,0.02
2013.06.28 02:19:11.594,0.18591,0.1863,0.02,0.02
2013.06.28 02:19:12.150,0.1859,0.18629,0.02,0.02
2013.06.28 02:19:13.177,0.18581,0.18617,0.02,0.02
2013.06.28 02:19:13.295,0.18588,0.18625,0.02,0.02
2013.06.28 02:19:13.820,0.18581,0.18617,0.02,0.02
2013.06.28 02:19:22.819,0.18586,0.18624,0.02,0.02
2013.06.28 02:19:23.294,0.18583,0.18621,0.02,0.02
2013.06.28 02:19:26.475,0.18591,0.1863,0.02,0.02
2013.06.28 02:19:26.595,0.18586,0.18623,0.02,0.02
2013.06.28 02:19:26.662,0.1859,0.18629,0.02,0.02
2013.06.28 02:19:37.335,0.18585,0.18616,0.02,0.02
2013.06.28 02:19:37.394,0.18587,0.18626,0.02,0.02
2013.06.28 02:19:37.605,0.18593,0.18631,0.02,0.02
2013.06.28 02:19:38.466,0.18595,0.18634,0.02,0.02
2013.06.28 02:19:41.367,0.18595,0.18634,0.02,0.02
2013.06.28 02:19:41.545,0.1861,0.18648,0.02,0.02
2013.06.28 02:19:41.638,0.18597,0.18635,0.02,0.02
2013.06.28 02:19:41.805,0.18601,0.18639,0.02,0.02
2013.06.28 02:19:42.832,0.18601,0.18632,0.02,0.02
2013.06.28 02:19:43.192,0.18603,0.18641,0.02,0.02
2013.06.28 02:19:45.232,0.18597,0.18632,0.02,0.02
2013.06.28 02:19:45.295,0.18601,0.1864,0.02,0.02
2013.06.28 02:19:45.546,0.18599,0.18637,0.02,0.02
2013.06.28 02:19:52.827,0.18599,0.18633,0.03,0.02
2013.06.28 02:19:52.884,0.18602,0.1864,0.02,0.02
2013.06.28 02:19:53.242,0.18601,0.18643,0.02,0.02
2013.06.28 02:19:54.281,0.186,0.18633,0.02,0.02
2013.06.28 02:19:54.335,0.18603,0.18641,0.02,0.02
2013.06.28 02:19:54.455,0.18605,0.18643,0.02,0.02
2013.06.28 02:19:56.357,0.18596,0.18632,0.02,0.02
2013.06.28 02:19:56.415,0.18603,0.18641,0.02,0.02
2013.06.28 02:19:56.715,0.186,0.18638,0.02,0.02
2013.06.28 02:19:57.475,0.18597,0.18628,0.02,0.02
2013.06.28 02:19:58.099,0.18594,0.18631,0.02,0.02
2013.06.28 02:20:01.435,0.18603,0.18641,0.02,0.02
2013.06.28 02:20:01.555,0.18607,0.18646,0.02,0.02
2013.06.28 02:20:04.615,0.18599,0.18644,0.02,0.02
2013.06.28 02:20:04.956,0.18605,0.18644,0.02,0.02
2013.06.28 02:20:05.285,0.18609,0.18647,0.02,0.02
2013.06.28 02:20:08.275,0.18607,0.18645,0.02,0.02
2013.06.28 02:20:08.874,0.18607,0.18646,0.02,0.02
2013.06.28 02:20:09.015,0.18613,0.18651,0.02,0.02
2013.06.28 02:20:10.675,0.18616,0.18654,0.02,0.02
2013.06.28 02:20:10.816,0.18612,0.18651,0.02,0.02
2013.06.28 02:20:13.594,0.18615,0.18654,0.02,0.02
2013.06.28 02:20:13.715,0.18612,0.1865,0.02,0.02
2013.06.28 02:20:14.255,0.18612,0.18651,0.02,0.02
2013.06.28 02:20:15.395,0.18605,0.18637,0.03,0.02
2013.06.28 02:20:19.655,0.18615,0.18654,0.02,0.02
2013.06.28 02:20:19.715,0.18612,0.1865,0.02,0.02
2013.06.28 02:20:19.829,0.18617,0.18655,0.02,0.02
2013.06.28 02:20:20.275,0.18609,0.1865,0.02,0.02
2013.06.28 02:20:20.875,0.18605,0.18637,0.02,0.02
2013.06.28 02:20:20.935,0.18612,0.1865,0.02,0.02
2013.06.28 02:20:22.918,0.18606,0.18637,0.02,0.02
2013.06.28 02:20:23.872,0.18605,0.18636,0.02,0.02
2013.06.28 02:20:26.265,0.18604,0.18637,0.02,0.02
2013.06.28 02:20:26.325,0.18609,0.18647,0.02,0.02
2013.06.28 02:20:26.484,0.18609,0.18642,0.02,0.02
2013.06.28 02:20:26.605,0.18616,0.18654,0.02,0.02
2013.06.28 02:20:26.743,0.18613,0.1865,0.02,0.02
2013.06.28 02:20:26.865,0.18617,0.18654,0.02,0.02
2013.06.28 02:20:27.410,0.18612,0.18649,0.02,0.02
2013.06.28 02:20:28.618,0.18609,0.18645,0.02,0.02
2013.06.28 02:20:30.812,0.18615,0.18654,0.02,0.02
2013.06.28 02:20:33.125,0.18608,0.18649,0.02,0.02
2013.06.28 02:20:33.675,0.18615,0.18646,0.02,0.02
2013.06.28 02:20:33.795,0.18615,0.18651,0.02,0.02
2013.06.28 02:20:33.876,0.18617,0.18655,0.02,0.02
2013.06.28 02:20:34.641,0.18614,0.18647,0.02,0.02
2013.06.28 02:20:36.506,0.18622,0.18661,0.02,0.02
2013.06.28 02:20:37.426,0.18622,0.1866,0.02,0.02
2013.06.28 02:20:39.076,0.18621,0.18658,0.02,0.02
2013.06.28 02:20:44.614,0.18613,0.18655,0.02,0.02
2013.06.28 02:20:44.818,0.18616,0.18654,0.02,0.02
2013.06.28 02:20:45.575,0.18619,0.18659,0.02,0.02
2013.06.28 02:20:47.095,0.1862,0.1866,0.02,0.02
2013.06.28 02:20:47.650,0.18615,0.18662,0.02,0.02
2013.06.28 02:20:48.583,0.18618,0.1865,0.02,0.02
2013.06.28 02:20:49.099,0.18614,0.18646,0.02,0.02
2013.06.28 02:20:49.405,0.18624,0.18661,0.02,0.02
2013.06.28 02:20:50.305,0.18614,0.18646,0.02,0.02
2013.06.28 02:20:51.131,0.18625,0.18663,0.02,0.02
2013.06.28 02:20:51.355,0.18625,0.18669,0.03,0.03
2013.06.28 02:20:51.495,0.18623,0.18663,0.02,0.02
2013.06.28 02:20:51.810,0.1863,0.18667,0.02,0.02
2013.06.28 02:20:54.750,0.18626,0.18658,0.02,0.02
2013.06.28 02:20:57.256,0.18631,0.18669,0.02,0.02
2013.06.28 02:20:57.955,0.18631,0.18666,0.02,0.02
2013.06.28 02:20:58.441,0.18634,0.18673,0.02,0.02
2013.06.28 02:20:58.895,0.1863,0.18667,0.02,0.02
2013.06.28 02:20:59.775,0.18633,0.18672,0.02,0.02
2013.06.28 02:21:00.245,0.18631,0.18668,0.02,0.02
2013.06.28 02:21:00.790,0.18625,0.18666,0.02,0.02
2013.06.28 02:21:00.925,0.18631,0.18671,0.02,0.02
2013.06.28 02:21:01.086,0.18635,0.18674,0.02,0.02
2013.06.28 02:21:01.505,0.18629,0.18662,0.02,0.02
2013.06.28 02:21:01.634,0.18632,0.18671,0.02,0.02
2013.06.28 02:21:02.016,0.18632,0.18663,0.02,0.02
2013.06.28 02:21:02.135,0.1863,0.18662,0.02,0.02
2013.06.28 02:21:02.332,0.1863,0.18677,0.02,0.02
2013.06.28 02:21:02.385,0.18631,0.18672,0.03,0.02
2013.06.28 02:21:02.505,0.18635,0.18677,0.02,0.02
2013.06.28 02:21:02.806,0.18638,0.18679,0.02,0.02
2013.06.28 02:21:03.505,0.18635,0.18679,0.02,0.02
2013.06.28 02:21:03.614,0.18636,0.18675,0.02,0.02
2013.06.28 02:21:03.726,0.1864,0.18681,0.02,0.02
2013.06.28 02:21:04.245,0.18637,0.18667,0.02,0.02
2013.06.28 02:21:05.252,0.1864,0.18683,0.03,0.03
2013.06.28 02:21:05.378,0.18665,0.18738,0.03,0.03
2013.06.28 02:21:05.495,0.18679,0.18736,0.03,0.02
2013.06.28 02:21:05.876,0.1871,0.18742,0.03,0.01
2013.06.28 02:21:06.362,0.18715,0.18756,0.02,0.03
2013.06.28 02:21:06.780,0.18714,0.18754,0.02,0.02
2013.06.28 02:21:07.107,0.18697,0.18752,0.02,0.02
2013.06.28 02:21:07.305,0.18693,0.1875,0.02,0.02
2013.06.28 02:21:07.865,0.18683,0.18747,0.02,0.02
2013.06.28 02:21:07.986,0.18682,0.18732,0.02,0.02
2013.06.28 02:21:08.186,0.1869,0.18722,0.03,0.02
2013.06.28 02:21:08.797,0.18699,0.18749,0.03,0.02
2013.06.28 02:21:08.941,0.18699,0.18741,0.03,0.02
2013.06.28 02:21:09.066,0.187,0.18755,0.02,0.02
2013.06.28 02:21:09.135,0.18701,0.18742,0.02,0.02
2013.06.28 02:21:09.269,0.187,0.18751,0.02,0.02
2013.06.28 02:21:09.786,0.187,0.18738,0.02,0.02
2013.06.28 02:21:10.055,0.18699,0.18749,0.03,0.02
2013.06.28 02:21:10.116,0.1871,0.18749,0.03,0.02
2013.06.28 02:21:10.247,0.18719,0.18754,0.03,0.02
2013.06.28 02:21:10.316,0.18715,0.18751,0.02,0.02
2013.06.28 02:21:10.446,0.18719,0.18766,0.02,0.02
2013.06.28 02:21:10.576,0.18716,0.18763,0.02,0.02
2013.06.28 02:21:10.945,0.18716,0.18751,0.02,0.02
2013.06.28 02:21:11.076,0.18715,0.18749,0.02,0.02
2013.06.28 02:21:11.285,0.18724,0.18756,0.03,0.02
2013.06.28 02:21:11.356,0.18724,0.18757,0.03,0.02
2013.06.28 02:21:11.425,0.18715,0.18752,0.02,0.02
2013.06.28 02:21:11.745,0.18713,0.18752,0.02,0.02
2013.06.28 02:21:11.876,0.18712,0.18749,0.02,0.02
2013.06.28 02:21:12.405,0.1871,0.1875,0.03,0.02
2013.06.28 02:21:12.715,0.18711,0.18752,0.03,0.02
2013.06.28 02:21:12.956,0.18706,0.18745,0.02,0.02
2013.06.28 02:21:13.297,0.18706,0.18741,0.02,0.02
2013.06.28 02:21:13.366,0.18701,0.18743,0.02,0.02
2013.06.28 02:21:13.725,0.18706,0.18747,0.02,0.02
2013.06.28 02:21:14.085,0.18708,0.18748,0.02,0.02
2013.06.28 02:21:14.145,0.18705,0.18747,0.02,0.02
2013.06.28 02:21:14.257,0.18703,0.18745,0.02,0.02
2013.06.28 02:21:14.945,0.18704,0.18743,0.02,0.02
2013.06.28 02:21:15.950,0.18704,0.18741,0.02,0.02
2013.06.28 02:21:16.395,0.18705,0.18746,0.02,0.02
2013.06.28 02:21:16.549,0.18705,0.18744,0.02,0.02
2013.06.28 02:21:16.766,0.18705,0.18747,0.03,0.02
2013.06.28 02:21:17.105,0.18704,0.18741,0.02,0.02
2013.06.28 02:21:17.225,0.187,0.18741,0.02,0.02
2013.06.28 02:21:17.365,0.18699,0.18739,0.02,0.02
2013.06.28 02:21:17.545,0.18697,0.18739,0.02,0.02
2013.06.28 02:21:17.665,0.18697,0.18737,0.02,0.02
2013.06.28 02:21:18.041,0.18692,0.18733,0.02,0.02
2013.06.28 02:21:18.548,0.18691,0.18733,0.02,0.02
2013.06.28 02:21:19.105,0.18692,0.18731,0.02,0.02
2013.06.28 02:21:19.575,0.1869,0.18731,0.02,0.02
2013.06.28 02:21:19.635,0.18693,0.18734,0.02,0.02
2013.06.28 02:21:20.055,0.18692,0.18735,0.02,0.02
2013.06.28 02:21:20.284,0.18696,0.18737,0.02,0.02
2013.06.28 02:21:20.405,0.18698,0.18737,0.02,0.02
2013.06.28 02:21:20.936,0.18699,0.18739,0.02,0.02
2013.06.28 02:21:20.995,0.18695,0.18736,0.02,0.02
2013.06.28 02:21:21.106,0.18694,0.18734,0.02,0.02
2013.06.28 02:21:21.880,0.18693,0.18733,0.02,0.02
2013.06.28 02:21:22.265,0.18696,0.18737,0.02,0.02
2013.06.28 02:21:23.023,0.18693,0.18735,0.02,0.02
2013.06.28 02:21:24.205,0.187,0.18742,0.02,0.03
2013.06.28 02:21:24.385,0.18704,0.18744,0.02,0.02
2013.06.28 02:21:24.715,0.187,0.18742,0.02,0.02
2013.06.28 02:21:25.105,0.18701,0.18743,0.03,0.02
2013.06.28 02:21:25.435,0.18711,0.18749,0.02,0.02
2013.06.28 02:21:25.555,0.18714,0.18756,0.02,0.03
2013.06.28 02:21:25.676,0.18716,0.18757,0.02,0.02
2013.06.28 02:21:26.121,0.18714,0.18756,0.02,0.02
2013.06.28 02:21:26.495,0.18715,0.18753,0.02,0.02
2013.06.28 02:21:26.555,0.18715,0.18757,0.03,0.02
2013.06.28 02:21:26.639,0.18715,0.18753,0.02,0.02
2013.06.28 02:21:26.814,0.18714,0.18756,0.02,0.02
2013.06.28 02:21:26.875,0.18712,0.18754,0.02,0.02
2013.06.28 02:21:27.235,0.18716,0.18756,0.02,0.02
2013.06.28 02:21:27.638,0.18717,0.18756,0.02,0.02
2013.06.28 02:21:28.105,0.18715,0.18753,0.02,0.02
2013.06.28 02:21:28.188,0.18712,0.18752,0.02,0.02
2013.06.28 02:21:29.325,0.18711,0.18752,0.02,0.02
2013.06.28 02:21:29.501,0.18713,0.18752,0.02,0.02
2013.06.28 02:21:29.827,0.18713,0.18751,0.02,0.02
2013.06.28 02:21:30.195,0.18713,0.18754,0.02,0.02
2013.06.28 02:21:30.255,0.18714,0.18754,0.02,0.02
2013.06.28 02:21:30.315,0.18711,0.18753,0.02,0.02
2013.06.28 02:21:30.381,0.18713,0.18755,0.02,0.02
2013.06.28 02:21:30.725,0.18713,0.18751,0.02,0.02
2013.06.28 02:21:31.275,0.18713,0.18752,0.02,0.02
2013.06.28 02:21:31.478,0.18711,0.18752,0.02,0.02
2013.06.28 02:21:31.655,0.1871,0.1875,0.02,0.02
2013.06.28 02:21:32.311,0.18712,0.18753,0.02,0.03
2013.06.28 02:21:32.647,0.1871,0.18752,0.03,0.02
2013.06.28 02:21:32.972,0.18712,0.18752,0.02,0.02
2013.06.28 02:21:33.435,0.18715,0.18754,0.03,0.02
2013.06.28 02:21:33.495,0.18714,0.1875,0.02,0.02
2013.06.28 02:21:34.079,0.18712,0.18753,0.02,0.02
2013.06.28 02:21:34.255,0.18709,0.18748,0.02,0.02
2013.06.28 02:21:34.804,0.18712,0.18753,0.02,0.02
2013.06.28 02:21:35.055,0.18709,0.18751,0.02,0.02
2013.06.28 02:21:35.562,0.18713,0.18752,0.02,0.02
2013.06.28 02:21:36.695,0.18716,0.18754,0.02,0.02
2013.06.28 02:21:36.755,0.18717,0.18759,0.02,0.02
2013.06.28 02:21:36.935,0.1872,0.18762,0.02,0.02
2013.06.28 02:21:37.254,0.18718,0.18756,0.02,0.03
2013.06.28 02:21:38.114,0.18715,0.18755,0.02,0.02
2013.06.28 02:21:38.175,0.18717,0.18755,0.02,0.02
2013.06.28 02:21:38.505,0.18713,0.18754,0.02,0.02
2013.06.28 02:21:38.715,0.18711,0.18753,0.02,0.02
2013.06.28 02:21:38.843,0.18711,0.18747,0.02,0.02
2013.06.28 02:21:39.475,0.1871,0.18748,0.02,0.02
2013.06.28 02:21:39.991,0.18711,0.18749,0.03,0.02
2013.06.28 02:21:40.765,0.18711,0.18747,0.02,0.02
2013.06.28 02:21:41.065,0.18712,0.18751,0.02,0.02
2013.06.28 02:21:41.585,0.18712,0.18749,0.02,0.02
2013.06.28 02:21:43.534,0.18713,0.18752,0.02,0.02
2013.06.28 02:21:44.840,0.1871,0.18747,0.02,0.02
2013.06.28 02:21:44.965,0.18711,0.18749,0.02,0.02
2013.06.28 02:21:45.365,0.18705,0.18743,0.02,0.02
2013.06.28 02:21:45.745,0.18706,0.18745,0.02,0.02
2013.06.28 02:21:47.765,0.18706,0.18746,0.02,0.02
2013.06.28 02:21:48.321,0.18708,0.18747,0.02,0.02
2013.06.28 02:21:50.249,0.18708,0.18746,0.02,0.02
2013.06.28 02:21:50.385,0.18711,0.18748,0.02,0.02
2013.06.28 02:21:50.445,0.18711,0.18751,0.02,0.02
2013.06.28 02:21:50.565,0.18712,0.18754,0.02,0.02
2013.06.28 02:21:50.685,0.18719,0.18757,0.02,0.02
2013.06.28 02:21:50.988,0.18717,0.18756,0.02,0.03
2013.06.28 02:21:51.287,0.1872,0.18757,0.02,0.02
2013.06.28 02:21:51.345,0.18717,0.18757,0.02,0.02
2013.06.28 02:21:53.175,0.18718,0.18757,0.02,0.02
2013.06.28 02:21:53.596,0.1872,0.18757,0.02,0.02
2013.06.28 02:21:54.105,0.18721,0.18757,0.02,0.02
2013.06.28 02:21:54.660,0.18723,0.18761,0.02,0.02
2013.06.28 02:21:55.237,0.18723,0.18756,0.02,0.02
2013.06.28 02:21:55.885,0.18719,0.18756,0.02,0.03
2013.06.28 02:21:56.695,0.18722,0.18756,0.02,0.02
2013.06.28 02:21:59.283,0.18722,0.18757,0.02,0.02
2013.06.28 02:21:59.345,0.18725,0.18761,0.02,0.02
2013.06.28 02:21:59.685,0.1872,0.18756,0.02,0.03
2013.06.28 02:22:00.200,0.18725,0.18756,0.02,0.02
2013.06.28 02:22:00.397,0.18726,0.18764,0.03,0.02
2013.06.28 02:22:01.227,0.18726,0.18757,0.02,0.02
2013.06.28 02:22:04.218,0.18726,0.18756,0.02,0.02
2013.06.28 02:22:04.802,0.18729,0.18769,0.02,0.02
2013.06.28 02:22:05.255,0.18728,0.18769,0.02,0.02
2013.06.28 02:22:06.195,0.18729,0.18763,0.02,0.03
2013.06.28 02:22:07.953,0.18728,0.1876,0.02,0.02
2013.06.28 02:22:09.596,0.18729,0.18765,0.02,0.03
2013.06.28 02:22:10.098,0.1873,0.18769,0.02,0.03
2013.06.28 02:22:10.595,0.18726,0.18764,0.02,0.02
2013.06.28 02:22:12.686,0.18726,0.18756,0.02,0.02
2013.06.28 02:22:12.847,0.18731,0.18767,0.02,0.02
2013.06.28 02:22:13.928,0.18725,0.18757,0.02,0.02
2013.06.28 02:22:13.985,0.18729,0.18766,0.02,0.02
2013.06.28 02:22:16.801,0.18726,0.18765,0.02,0.03
2013.06.28 02:22:17.466,0.1873,0.18769,0.02,0.03
2013.06.28 02:22:20.390,0.1873,0.18765,0.02,0.02
2013.06.28 02:22:20.445,0.18728,0.18765,0.02,0.02
2013.06.28 02:22:20.705,0.1872,0.18757,0.02,0.02
2013.06.28 02:22:20.765,0.18723,0.18762,0.02,0.02
2013.06.28 02:22:20.859,0.18722,0.18758,0.02,0.02
2013.06.28 02:22:21.053,0.1872,0.18757,0.03,0.02
2013.06.28 02:22:21.618,0.1872,0.18756,0.02,0.03
2013.06.28 02:22:21.675,0.18721,0.18756,0.02,0.02
2013.06.28 02:22:21.815,0.18721,0.18758,0.03,0.02
2013.06.28 02:22:22.145,0.18724,0.18762,0.02,0.02
2013.06.28 02:22:22.530,0.18731,0.18769,0.02,0.02
2013.06.28 02:22:22.636,0.1873,0.18767,0.02,0.02
2013.06.28 02:22:23.295,0.18729,0.18763,0.02,0.02
2013.06.28 02:22:23.725,0.18723,0.18762,0.02,0.02
2013.06.28 02:22:23.925,0.18722,0.18762,0.02,0.02
2013.06.28 02:22:24.442,0.18722,0.18761,0.02,0.02
2013.06.28 02:22:25.001,0.18722,0.18762,0.02,0.03
2013.06.28 02:22:25.982,0.18716,0.18757,0.02,0.02
2013.06.28 02:22:26.108,0.1872,0.18758,0.02,0.02
2013.06.28 02:22:26.616,0.18715,0.18756,0.02,0.02
2013.06.28 02:22:30.015,0.18721,0.18759,0.03,0.02
2013.06.28 02:22:30.899,0.18715,0.18757,0.02,0.02
2013.06.28 02:22:31.015,0.18718,0.18757,0.02,0.02
2013.06.28 02:22:31.816,0.18721,0.1876,0.02,0.02
2013.06.28 02:22:32.361,0.18721,0.18757,0.02,0.02
2013.06.28 02:22:32.479,0.18721,0.18756,0.02,0.02
2013.06.28 02:22:34.502,0.18719,0.18757,0.02,0.02
2013.06.28 02:22:35.275,0.18716,0.18756,0.04,0.02
2013.06.28 02:22:35.335,0.18713,0.18754,0.02,0.02
2013.06.28 02:22:35.395,0.18715,0.18753,0.03,0.02
2013.06.28 02:22:35.497,0.18714,0.18749,0.02,0.02
2013.06.28 02:22:41.315,0.18717,0.18755,0.02,0.02
2013.06.28 02:22:41.375,0.18719,0.18758,0.02,0.02
2013.06.28 02:22:41.435,0.18721,0.18761,0.02,0.02
2013.06.28 02:22:41.645,0.18714,0.18753,0.02,0.02
2013.06.28 02:22:42.005,0.18725,0.18762,0.03,0.02
2013.06.28 02:22:42.433,0.18716,0.18752,0.02,0.02
2013.06.28 02:22:42.635,0.18711,0.1875,0.02,0.02
2013.06.28 02:22:42.855,0.18716,0.18754,0.04,0.02
2013.06.28 02:22:42.985,0.1871,0.18746,0.02,0.02
2013.06.28 02:22:43.105,0.18714,0.18753,0.02,0.02
2013.06.28 02:22:44.493,0.18711,0.18746,0.02,0.02
2013.06.28 02:22:45.355,0.18714,0.18751,0.02,0.02
2013.06.28 02:22:47.305,0.18713,0.18752,0.02,0.02
2013.06.28 02:22:48.305,0.18703,0.18736,0.02,0.02
2013.06.28 02:22:48.365,0.18705,0.18744,0.04,0.02
2013.06.28 02:22:48.815,0.18702,0.18741,0.02,0.02
2013.06.28 02:22:49.102,0.18704,0.18741,0.02,0.02
2013.06.28 02:22:52.126,0.18699,0.18731,0.02,0.02
2013.06.28 02:22:53.359,0.18699,0.18731,0.02,0.02
2013.06.28 02:22:53.535,0.18702,0.1874,0.02,0.02
2013.06.28 02:22:53.687,0.18701,0.18736,0.02,0.02
2013.06.28 02:22:57.595,0.18699,0.18731,0.02,0.02
2013.06.28 02:22:57.776,0.18704,0.18743,0.02,0.02
2013.06.28 02:22:58.805,0.18705,0.18744,0.02,0.02
2013.06.28 02:22:59.135,0.18704,0.18744,0.02,0.02
2013.06.28 02:22:59.195,0.18708,0.18747,0.02,0.02
2013.06.28 02:22:59.531,0.18713,0.18751,0.02,0.02
2013.06.28 02:22:59.855,0.18711,0.18749,0.02,0.02
2013.06.28 02:22:59.976,0.18706,0.18744,0.02,0.02
2013.06.28 02:23:00.246,0.1871,0.18748,0.02,0.02
2013.06.28 02:23:01.065,0.1871,0.18745,0.02,0.02
2013.06.28 02:23:01.455,0.18711,0.18746,0.02,0.02
2013.06.28 02:23:01.575,0.18707,0.18746,0.02,0.02
2013.06.28 02:23:01.656,0.18705,0.18743,0.02,0.02
2013.06.28 02:23:01.885,0.18708,0.18747,0.02,0.02
2013.06.28 02:23:02.665,0.18708,0.18743,0.02,0.02
2013.06.28 02:23:07.858,0.18705,0.18742,0.02,0.02
2013.06.28 02:23:08.276,0.18706,0.18745,0.02,0.02
2013.06.28 02:23:09.145,0.18706,0.18744,0.02,0.02
2013.06.28 02:23:09.546,0.18708,0.18746,0.02,0.02
2013.06.28 02:23:09.856,0.18702,0.18742,0.02,0.02
2013.06.28 02:23:10.351,0.18704,0.18743,0.02,0.02
2013.06.28 02:23:10.465,0.18704,0.18741,0.02,0.02
2013.06.28 02:23:10.655,0.18707,0.18749,0.02,0.02
2013.06.28 02:23:11.011,0.18711,0.18751,0.02,0.02
2013.06.28 02:23:15.136,0.18704,0.18748,0.02,0.02
2013.06.28 02:23:15.255,0.18709,0.18748,0.02,0.02
2013.06.28 02:23:15.505,0.18712,0.1875,0.02,0.02
2013.06.28 02:23:16.159,0.18706,0.18749,0.02,0.02
2013.06.28 02:23:16.441,0.18707,0.18747,0.02,0.02
2013.06.28 02:23:16.551,0.1871,0.18748,0.02,0.02
2013.06.28 02:23:17.892,0.18704,0.18746,0.02,0.02
2013.06.28 02:23:18.306,0.18708,0.18746,0.02,0.02
2013.06.28 02:23:22.135,0.18705,0.18747,0.02,0.02
2013.06.28 02:23:22.316,0.18702,0.18745,0.02,0.02
2013.06.28 02:23:22.376,0.18705,0.18744,0.02,0.02
2013.06.28 02:23:23.076,0.18705,0.18737,0.02,0.02
2013.06.28 02:23:23.780,0.187,0.18732,0.02,0.02
2013.06.28 02:23:24.325,0.18695,0.18731,0.02,0.02
2013.06.28 02:23:24.445,0.18699,0.18736,0.02,0.02
2013.06.28 02:23:24.565,0.18697,0.18736,0.02,0.02
2013.06.28 02:23:25.257,0.18696,0.18728,0.02,0.02
2013.06.28 02:23:25.375,0.1869,0.18727,0.02,0.02
2013.06.28 02:23:25.456,0.18692,0.18731,0.02,0.02
2013.06.28 02:23:26.015,0.18689,0.18726,0.02,0.02
2013.06.28 02:23:26.616,0.18687,0.18725,0.02,0.02
2013.06.28 02:23:26.760,0.18684,0.18721,0.02,0.02
2013.06.28 02:23:27.127,0.18681,0.18722,0.02,0.03
2013.06.28 02:23:27.894,0.1868,0.18721,0.02,0.02
2013.06.28 02:23:28.149,0.18684,0.18721,0.02,0.02
2013.06.28 02:23:29.133,0.18681,0.18721,0.02,0.02
2013.06.28 02:23:31.015,0.18679,0.18721,0.02,0.03
2013.06.28 02:23:31.210,0.18684,0.18718,0.02,0.02
2013.06.28 02:23:31.385,0.18687,0.18725,0.02,0.02
2013.06.28 02:23:31.713,0.18681,0.18717,0.02,0.02
2013.06.28 02:23:32.290,0.18686,0.18723,0.02,0.02
2013.06.28 02:23:33.168,0.18686,0.18717,0.02,0.02
2013.06.28 02:23:33.225,0.18689,0.18727,0.02,0.02
2013.06.28 02:23:38.305,0.18686,0.18718,0.02,0.02
2013.06.28 02:23:38.620,0.18684,0.18718,0.02,0.02
2013.06.28 02:23:40.339,0.18685,0.18717,0.02,0.02
2013.06.28 02:23:40.600,0.18686,0.18724,0.04,0.02
2013.06.28 02:23:41.799,0.18689,0.18727,0.02,0.02
2013.06.28 02:23:42.581,0.18686,0.18718,0.02,0.02
2013.06.28 02:23:42.975,0.1869,0.18728,0.02,0.02
2013.06.28 02:23:44.985,0.18693,0.18731,0.02,0.02
2013.06.28 02:23:45.875,0.18695,0.18732,0.02,0.02
2013.06.28 02:23:45.995,0.18699,0.18738,0.02,0.02
2013.06.28 02:23:46.126,0.18696,0.18732,0.02,0.02
2013.06.28 02:23:46.186,0.18696,0.18734,0.02,0.02
2013.06.28 02:23:46.560,0.18688,0.18727,0.02,0.02
2013.06.28 02:23:46.615,0.18698,0.18736,0.02,0.02
2013.06.28 02:23:46.675,0.18692,0.1873,0.02,0.02
2013.06.28 02:23:46.885,0.18684,0.18719,0.02,0.02
2013.06.28 02:23:47.005,0.18684,0.18716,0.02,0.02
2013.06.28 02:23:47.345,0.18688,0.18726,0.02,0.02
2013.06.28 02:23:51.615,0.18689,0.18728,0.02,0.02
2013.06.28 02:23:57.105,0.18693,0.18731,0.02,0.02
2013.06.28 02:23:58.181,0.18695,0.18732,0.02,0.02
2013.06.28 02:23:58.540,0.18691,0.18729,0.02,0.02
2013.06.28 02:24:03.250,0.18684,0.18716,0.02,0.02
2013.06.28 02:24:03.420,0.18685,0.18722,0.03,0.02
2013.06.28 02:24:04.245,0.18687,0.18725,0.02,0.02
2013.06.28 02:24:04.595,0.18686,0.18724,0.04,0.02
2013.06.28 02:24:04.676,0.18689,0.18727,0.02,0.02
2013.06.28 02:24:07.191,0.1868,0.18712,0.02,0.02
2013.06.28 02:24:07.256,0.18688,0.18724,0.02,0.02
2013.06.28 02:24:07.366,0.18686,0.18724,0.02,0.02
2013.06.28 02:24:07.585,0.18683,0.18721,0.02,0.02
2013.06.28 02:24:07.645,0.18679,0.18711,0.03,0.02
2013.06.28 02:24:09.065,0.18675,0.18708,0.02,0.02
2013.06.28 02:24:09.386,0.18677,0.18716,0.02,0.02
2013.06.28 02:24:09.708,0.18682,0.18721,0.02,0.02
2013.06.28 02:24:12.466,0.18674,0.18711,0.02,0.02
2013.06.28 02:24:12.616,0.18676,0.18714,0.03,0.02
2013.06.28 02:24:12.777,0.18679,0.18718,0.02,0.02
2013.06.28 02:24:15.895,0.1867,0.18707,0.02,0.02
2013.06.28 02:24:16.086,0.18676,0.18714,0.02,0.02
2013.06.28 02:24:16.445,0.18675,0.18712,0.02,0.02
2013.06.28 02:24:17.716,0.18674,0.18712,0.02,0.02
2013.06.28 02:24:18.329,0.18673,0.18711,0.02,0.02
2013.06.28 02:24:19.122,0.1867,0.18703,0.02,0.02
2013.06.28 02:24:19.845,0.18674,0.18712,0.02,0.02
2013.06.28 02:24:19.909,0.18665,0.18702,0.02,0.02
2013.06.28 02:24:20.442,0.18673,0.18712,0.02,0.02
2013.06.28 02:24:21.130,0.18669,0.18702,0.02,0.02
2013.06.28 02:24:21.346,0.18671,0.1871,0.03,0.02
2013.06.28 02:24:22.130,0.18665,0.18702,0.02,0.02
2013.06.28 02:24:23.697,0.18664,0.18701,0.02,0.02
2013.06.28 02:24:26.185,0.18665,0.18702,0.02,0.02
2013.06.28 02:24:26.609,0.18668,0.18707,0.02,0.02
2013.06.28 02:24:28.454,0.1866,0.18697,0.02,0.02
2013.06.28 02:24:28.845,0.18666,0.18705,0.02,0.02
2013.06.28 02:24:29.597,0.1866,0.18698,0.02,0.02
2013.06.28 02:24:30.045,0.18666,0.18701,0.02,0.02
2013.06.28 02:24:30.105,0.18671,0.1871,0.02,0.02
2013.06.28 02:24:30.165,0.18667,0.18705,0.02,0.02
2013.06.28 02:24:30.285,0.1867,0.18709,0.02,0.02
2013.06.28 02:24:30.628,0.18663,0.18699,0.02,0.02
2013.06.28 02:24:30.745,0.18668,0.18707,0.02,0.02
2013.06.28 02:24:31.040,0.18668,0.18703,0.02,0.02
2013.06.28 02:24:31.225,0.1867,0.18709,0.02,0.02
2013.06.28 02:24:31.800,0.18673,0.18712,0.02,0.02
2013.06.28 02:24:32.316,0.18672,0.1871,0.02,0.02
2013.06.28 02:24:35.735,0.18671,0.18709,0.02,0.02
2013.06.28 02:24:36.075,0.18668,0.18706,0.02,0.02
2013.06.28 02:24:36.148,0.18667,0.18705,0.02,0.02
2013.06.28 02:24:36.265,0.18664,0.18701,0.02,0.02
2013.06.28 02:24:36.415,0.18662,0.18701,0.02,0.02
2013.06.28 02:24:43.926,0.18649,0.18696,0.02,0.02
2013.06.28 02:24:44.106,0.18658,0.18695,0.02,0.02
2013.06.28 02:24:44.166,0.18653,0.18692,0.02,0.02
2013.06.28 02:24:44.759,0.18645,0.18676,0.02,0.02
2013.06.28 02:24:45.378,0.18643,0.18677,0.02,0.02
2013.06.28 02:24:45.555,0.1865,0.18689,0.02,0.02
2013.06.28 02:24:46.121,0.1865,0.18689,0.02,0.02
2013.06.28 02:24:47.865,0.18643,0.18676,0.02,0.02
2013.06.28 02:24:49.865,0.18651,0.1869,0.02,0.02
2013.06.28 02:24:49.985,0.18649,0.18686,0.02,0.02
2013.06.28 02:24:50.175,0.18639,0.18673,0.02,0.02
2013.06.28 02:24:50.305,0.18646,0.18685,0.02,0.02
2013.06.28 02:24:50.556,0.18644,0.18682,0.02,0.02
2013.06.28 02:24:51.177,0.1864,0.18673,0.02,0.02
2013.06.28 02:24:52.195,0.18647,0.18686,0.02,0.02
2013.06.28 02:24:52.316,0.18644,0.18682,0.02,0.02
2013.06.28 02:24:52.725,0.18641,0.18672,0.02,0.02
2013.06.28 02:24:52.918,0.18646,0.18684,0.02,0.02
2013.06.28 02:24:57.525,0.1864,0.18673,0.02,0.02
2013.06.28 02:24:57.645,0.18644,0.18683,0.02,0.02
2013.06.28 02:24:58.810,0.18646,0.18684,0.02,0.02
2013.06.28 02:24:59.602,0.18647,0.18684,0.02,0.02
2013.06.28 02:25:02.927,0.18635,0.18672,0.02,0.02
2013.06.28 02:25:03.215,0.18644,0.18682,0.02,0.02
2013.06.28 02:25:03.751,0.18635,0.18671,0.02,0.02
2013.06.28 02:25:07.548,0.18638,0.18672,0.02,0.02
2013.06.28 02:25:07.735,0.18647,0.18686,0.02,0.02
2013.06.28 02:25:08.902,0.18643,0.18681,0.02,0.02
2013.06.28 02:25:11.454,0.18634,0.18669,0.02,0.02
2013.06.28 02:25:11.585,0.18637,0.18672,0.02,0.02
2013.06.28 02:25:12.625,0.18634,0.18672,0.02,0.02
2013.06.28 02:25:12.733,0.1864,0.18679,0.02,0.02
2013.06.28 02:25:14.985,0.18635,0.18671,0.02,0.02
2013.06.28 02:25:15.087,0.18644,0.18682,0.02,0.02
2013.06.28 02:25:15.464,0.1864,0.18672,0.02,0.02
2013.06.28 02:25:15.585,0.18646,0.18677,0.02,0.02
2013.06.28 02:25:15.646,0.18654,0.18693,0.02,0.02
2013.06.28 02:25:15.765,0.18646,0.18681,0.02,0.02
2013.06.28 02:25:15.885,0.18644,0.18676,0.03,0.02
2013.06.28 02:25:15.945,0.18646,0.18685,0.02,0.02
2013.06.28 02:25:18.658,0.18648,0.18687,0.02,0.02
2013.06.28 02:25:19.236,0.18648,0.18686,0.02,0.02
2013.06.28 02:25:19.941,0.18648,0.18687,0.02,0.02
2013.06.28 02:25:26.405,0.18645,0.18677,0.03,0.02
2013.06.28 02:25:26.479,0.18654,0.18692,0.02,0.02
2013.06.28 02:25:27.012,0.18649,0.18682,0.02,0.02
2013.06.28 02:25:27.125,0.18653,0.18695,0.02,0.02
2013.06.28 02:25:27.185,0.18656,0.18698,0.02,0.02
2013.06.28 02:25:27.525,0.1866,0.187,0.02,0.02
2013.06.28 02:25:28.451,0.18654,0.18695,0.02,0.02
2013.06.28 02:25:35.316,0.18657,0.187,0.02,0.02
2013.06.28 02:25:35.647,0.18658,0.18696,0.02,0.02
2013.06.28 02:25:35.965,0.18645,0.18686,0.03,0.02
2013.06.28 02:25:36.661,0.18658,0.18697,0.02,0.02
2013.06.28 02:25:36.775,0.18655,0.18693,0.02,0.02
2013.06.28 02:25:37.240,0.1866,0.18699,0.02,0.02
2013.06.28 02:25:37.570,0.18663,0.18702,0.02,0.02
2013.06.28 02:25:37.797,0.18661,0.18699,0.02,0.02
2013.06.28 02:25:37.896,0.18663,0.18702,0.02,0.02
2013.06.28 02:25:42.505,0.18659,0.18692,0.02,0.02
2013.06.28 02:25:43.080,0.18662,0.18701,0.02,0.02
2013.06.28 02:25:43.710,0.18659,0.18699,0.02,0.02
2013.06.28 02:25:44.051,0.18665,0.18704,0.02,0.02
2013.06.28 02:25:44.127,0.18662,0.18705,0.02,0.02
2013.06.28 02:25:45.606,0.18668,0.18707,0.02,0.02
2013.06.28 02:25:45.795,0.18665,0.18703,0.02,0.02
2013.06.28 02:25:45.899,0.18668,0.18707,0.02,0.02
2013.06.28 02:25:46.806,0.18669,0.18708,0.02,0.02
2013.06.28 02:25:47.431,0.1867,0.18709,0.02,0.02
2013.06.28 02:25:48.775,0.18665,0.1871,0.02,0.02
2013.06.28 02:25:48.835,0.18666,0.18707,0.02,0.02
2013.06.28 02:25:48.895,0.1867,0.18712,0.02,0.02
2013.06.28 02:25:50.025,0.18665,0.18696,0.02,0.02
2013.06.28 02:25:50.396,0.18672,0.18709,0.02,0.02
2013.06.28 02:25:51.770,0.18666,0.18697,0.02,0.02
2013.06.28 02:25:52.792,0.18665,0.18696,0.02,0.02
2013.06.28 02:26:01.125,0.18665,0.18696,0.03,0.02
2013.06.28 02:26:01.185,0.18669,0.18705,0.02,0.02
2013.06.28 02:26:02.175,0.18672,0.1871,0.02,0.02
2013.06.28 02:26:02.241,0.18668,0.18705,0.02,0.02
2013.06.28 02:26:03.010,0.18666,0.18703,0.02,0.02
2013.06.28 02:26:03.690,0.1866,0.18697,0.02,0.02
2013.06.28 02:26:05.785,0.18666,0.18697,0.02,0.02
2013.06.28 02:26:06.502,0.1866,0.18697,0.02,0.03
2013.06.28 02:26:16.005,0.18664,0.18696,0.02,0.02
2013.06.28 02:26:16.536,0.18675,0.18713,0.02,0.02
2013.06.28 02:26:16.655,0.18672,0.1871,0.02,0.02
2013.06.28 02:26:16.955,0.18675,0.18713,0.02,0.02
2013.06.28 02:26:17.496,0.18671,0.18709,0.03,0.02
2013.06.28 02:26:17.625,0.18677,0.18714,0.02,0.02
2013.06.28 02:26:17.745,0.18672,0.18709,0.02,0.03
2013.06.28 02:26:17.817,0.18674,0.18712,0.02,0.02
2013.06.28 02:26:18.175,0.18671,0.18708,0.02,0.02
2013.06.28 02:26:20.545,0.18675,0.18714,0.02,0.02
2013.06.28 02:26:20.665,0.18673,0.18711,0.02,0.02
2013.06.28 02:26:24.195,0.18669,0.18709,0.02,0.02
2013.06.28 02:26:24.602,0.18675,0.18713,0.02,0.02
2013.06.28 02:26:25.621,0.18676,0.18713,0.02,0.02
2013.06.28 02:26:25.835,0.18676,0.18713,0.02,0.02
2013.06.28 02:26:26.139,0.18686,0.18725,0.02,0.02
2013.06.28 02:26:28.367,0.18689,0.18727,0.02,0.02
2013.06.28 02:26:48.519,0.18688,0.18726,0.02,0.02
2013.06.28 02:26:49.265,0.18678,0.18726,0.02,0.02
2013.06.28 02:26:49.820,0.18687,0.18725,0.02,0.02
2013.06.28 02:26:50.695,0.18675,0.18723,0.02,0.02
2013.06.28 02:26:51.431,0.18685,0.18724,0.02,0.02
2013.06.28 02:27:11.886,0.18687,0.18725,0.02,0.02
2013.06.28 02:27:14.496,0.18678,0.18723,0.02,0.02
2013.06.28 02:27:14.557,0.18681,0.18723,0.02,0.02
2013.06.28 02:27:14.947,0.18689,0.18727,0.02,0.02
2013.06.28 02:27:15.065,0.18691,0.18728,0.02,0.02
2013.06.28 02:27:15.205,0.1869,0.18728,0.02,0.03
2013.06.28 02:27:15.266,0.18697,0.18735,0.02,0.02
2013.06.28 02:27:15.802,0.18696,0.18734,0.02,0.02
2013.06.28 02:27:16.355,0.18692,0.1873,0.02,0.02
2013.06.28 02:27:16.805,0.18679,0.18726,0.02,0.02
2013.06.28 02:27:16.886,0.18687,0.18725,0.02,0.02
2013.06.28 02:27:17.513,0.18681,0.18723,0.02,0.02
2013.06.28 02:27:17.696,0.18689,0.18727,0.02,0.02
2013.06.28 02:27:17.826,0.18689,0.18726,0.02,0.02
2013.06.28 02:27:18.092,0.18692,0.18731,0.02,0.02
2013.06.28 02:27:22.578,0.18689,0.18726,0.02,0.02
2013.06.28 02:27:34.125,0.18692,0.18731,0.02,0.02
2013.06.28 02:27:34.306,0.18695,0.18733,0.02,0.02
2013.06.28 02:27:34.616,0.18695,0.18734,0.02,0.02
2013.06.28 02:27:34.678,0.18696,0.18734,0.02,0.02
2013.06.28 02:27:35.168,0.1869,0.18727,0.02,0.02
2013.06.28 02:27:35.562,0.18693,0.18731,0.02,0.02
2013.06.28 02:27:36.261,0.1869,0.18727,0.02,0.02
2013.06.28 02:27:50.141,0.18696,0.18733,0.02,0.02
2013.06.28 02:27:50.316,0.18697,0.18734,0.02,0.02
2013.06.28 02:27:50.376,0.18701,0.18739,0.03,0.02
2013.06.28 02:27:50.751,0.187,0.18742,0.02,0.02
2013.06.28 02:28:10.656,0.18703,0.18741,0.02,0.02
2013.06.28 02:28:14.943,0.18703,0.18741,0.02,0.02
2013.06.28 02:28:15.145,0.18704,0.18743,0.02,0.02
2013.06.28 02:28:15.743,0.18707,0.18745,0.02,0.02
2013.06.28 02:28:23.777,0.18707,0.18742,0.02,0.02
2013.06.28 02:28:23.836,0.18707,0.18745,0.02,0.02
2013.06.28 02:28:29.431,0.18704,0.18741,0.02,0.03
2013.06.28 02:28:33.985,0.18707,0.18738,0.02,0.02
2013.06.28 02:28:34.497,0.18704,0.18737,0.02,0.02
2013.06.28 02:28:35.496,0.1871,0.18748,0.02,0.02
2013.06.28 02:28:36.283,0.18707,0.18741,0.02,0.02
2013.06.28 02:28:44.676,0.1871,0.18742,0.02,0.02
2013.06.28 02:28:44.928,0.18704,0.18736,0.02,0.02
2013.06.28 02:28:46.006,0.18707,0.18737,0.02,0.02
2013.06.28 02:28:48.725,0.1871,0.18741,0.02,0.02
2013.06.28 02:28:48.801,0.18704,0.18736,0.02,0.02
2013.06.28 02:28:52.696,0.18707,0.18737,0.02,0.02
2013.06.28 02:28:56.686,0.18699,0.18731,0.02,0.02
2013.06.28 02:28:57.199,0.18699,0.18731,0.02,0.02
2013.06.28 02:28:57.417,0.18706,0.18744,0.02,0.02
2013.06.28 02:29:03.170,0.187,0.18732,0.02,0.02
2013.06.28 02:29:03.326,0.18702,0.18739,0.02,0.02
2013.06.28 02:29:04.716,0.18703,0.18741,0.02,0.02
2013.06.28 02:29:05.226,0.18706,0.18743,0.02,0.02
2013.06.28 02:29:07.666,0.18701,0.18737,0.02,0.02
2013.06.28 02:29:08.078,0.18698,0.18736,0.02,0.02
2013.06.28 02:29:10.386,0.18701,0.18739,0.02,0.02
2013.06.28 02:29:10.952,0.18703,0.18741,0.02,0.02
2013.06.28 02:29:11.632,0.187,0.18736,0.02,0.02
2013.06.28 02:29:11.746,0.18704,0.18741,0.02,0.02
2013.06.28 02:29:12.173,0.18702,0.18741,0.02,0.02
2013.06.28 02:29:14.705,0.18696,0.18731,0.02,0.02
2013.06.28 02:29:14.826,0.18701,0.18738,0.02,0.02
2013.06.28 02:29:14.945,0.18699,0.18736,0.02,0.02
2013.06.28 02:29:16.656,0.18699,0.18731,0.02,0.02
2013.06.28 02:29:16.775,0.18701,0.18732,0.02,0.02
2013.06.28 02:29:17.183,0.18704,0.18741,0.02,0.02
2013.06.28 02:29:19.196,0.18704,0.18737,0.02,0.02
2013.06.28 02:29:19.876,0.18705,0.18743,0.02,0.02
2013.06.28 02:29:23.177,0.18699,0.18731,0.02,0.02
2013.06.28 02:29:31.199,0.18707,0.18745,0.02,0.02
2013.06.28 02:29:32.161,0.18699,0.18732,0.02,0.02
2013.06.28 02:29:32.446,0.18703,0.1874,0.02,0.02
2013.06.28 02:29:33.075,0.18702,0.18741,0.02,0.02
2013.06.28 02:29:33.407,0.18707,0.18746,0.02,0.02
2013.06.28 02:29:33.656,0.18705,0.18743,0.02,0.02
2013.06.28 02:29:33.737,0.18701,0.1874,0.02,0.02
2013.06.28 02:29:34.422,0.18695,0.18728,0.02,0.02
2013.06.28 02:29:44.283,0.18694,0.18731,0.02,0.02
2013.06.28 02:29:46.646,0.18703,0.1874,0.02,0.02
2013.06.28 02:29:47.663,0.18694,0.18729,0.02,0.02
2013.06.28 02:29:48.289,0.18699,0.18737,0.02,0.02
2013.06.28 02:29:51.596,0.18704,0.18742,0.02,0.02
2013.06.28 02:29:52.014,0.18701,0.1874,0.02,0.02
2013.06.28 02:29:53.726,0.1869,0.18726,0.02,0.02
2013.06.28 02:29:53.786,0.18699,0.18737,0.02,0.02
2013.06.28 02:29:53.917,0.18698,0.18736,0.02,0.02
2013.06.28 02:29:54.527,0.18698,0.18736,0.02,0.02
2013.06.28 02:29:59.675,0.18698,0.18731,0.02,0.02
2013.06.28 02:29:59.997,0.18702,0.1874,0.02,0.02
2013.06.28 02:30:00.354,0.18698,0.18732,0.02,0.02
2013.06.28 02:30:00.665,0.18699,0.18737,0.02,0.02
2013.06.28 02:30:00.996,0.18685,0.18728,0.02,0.02
2013.06.28 02:30:01.116,0.18695,0.18733,0.03,0.02
2013.06.28 02:30:01.416,0.18693,0.18726,0.02,0.02
2013.06.28 02:30:01.875,0.18701,0.18739,0.02,0.02
2013.06.28 02:30:01.967,0.18697,0.18735,0.02,0.02
2013.06.28 02:30:02.456,0.18684,0.18716,0.02,0.02
2013.06.28 02:30:02.576,0.18693,0.18731,0.02,0.02
2013.06.28 02:30:02.757,0.18691,0.18729,0.02,0.02
2013.06.28 02:30:04.286,0.18691,0.18731,0.03,0.02
2013.06.28 02:30:04.406,0.18693,0.18732,0.02,0.02
2013.06.28 02:30:04.856,0.18695,0.18736,0.02,0.02
2013.06.28 02:30:05.371,0.18698,0.18737,0.02,0.02
2013.06.28 02:30:05.701,0.187,0.18738,0.02,0.02
2013.06.28 02:30:06.176,0.18697,0.18736,0.02,0.02
2013.06.28 02:30:06.297,0.18696,0.18734,0.02,0.02
2013.06.28 02:30:07.156,0.18698,0.18735,0.02,0.02
2013.06.28 02:30:07.659,0.18695,0.18726,0.02,0.02
2013.06.28 02:30:08.154,0.18694,0.18731,0.02,0.03
2013.06.28 02:30:08.379,0.18694,0.18726,0.02,0.02
2013.06.28 02:30:08.496,0.18701,0.18738,0.02,0.02
2013.06.28 02:30:08.814,0.18694,0.18731,0.02,0.02
2013.06.28 02:30:09.217,0.18691,0.1873,0.02,0.02
2013.06.28 02:30:10.034,0.18691,0.18721,0.02,0.02
2013.06.28 02:30:10.156,0.18689,0.18722,0.02,0.02
2013.06.28 02:30:10.486,0.18697,0.18736,0.02,0.02
2013.06.28 02:30:10.546,0.18695,0.18732,0.02,0.02
2013.06.28 02:30:10.606,0.18692,0.18727,0.02,0.02
2013.06.28 02:30:10.946,0.18701,0.18739,0.02,0.02
2013.06.28 02:30:11.436,0.18694,0.18726,0.02,0.02
2013.06.28 02:30:11.700,0.18694,0.18726,0.02,0.02
2013.06.28 02:30:11.756,0.18697,0.18735,0.02,0.02
2013.06.28 02:30:12.276,0.18693,0.18726,0.02,0.02
2013.06.28 02:30:12.756,0.18689,0.18722,0.02,0.02
2013.06.28 02:30:13.116,0.18691,0.18728,0.02,0.02
2013.06.28 02:30:14.596,0.18691,0.18722,0.02,0.02
2013.06.28 02:30:14.656,0.18694,0.18731,0.02,0.02
2013.06.28 02:30:15.000,0.18683,0.18716,0.02,0.02
2013.06.28 02:30:15.056,0.18689,0.18727,0.02,0.02
2013.06.28 02:30:15.306,0.18692,0.1873,0.02,0.02
2013.06.28 02:30:15.417,0.1869,0.18728,0.02,0.02
2013.06.28 02:30:15.956,0.18684,0.18728,0.02,0.02
2013.06.28 02:30:16.032,0.1869,0.18722,0.02,0.02
2013.06.28 02:30:16.085,0.18692,0.1873,0.02,0.02
2013.06.28 02:30:16.396,0.18697,0.18734,0.02,0.02
2013.06.28 02:30:16.716,0.18691,0.1873,0.03,0.02
2013.06.28 02:30:17.153,0.18694,0.18732,0.02,0.02
2013.06.28 02:30:17.606,0.18694,0.18726,0.02,0.02
2013.06.28 02:30:17.727,0.18695,0.18734,0.02,0.02
2013.06.28 02:30:18.116,0.18698,0.18737,0.02,0.02
2013.06.28 02:30:18.438,0.18698,0.18736,0.02,0.02
2013.06.28 02:30:19.036,0.18695,0.18735,0.02,0.02
2013.06.28 02:30:21.546,0.18695,0.18737,0.02,0.02
2013.06.28 02:30:21.952,0.18698,0.18737,0.02,0.03
2013.06.28 02:30:22.776,0.18696,0.18737,0.02,0.04
2013.06.28 02:30:23.206,0.18696,0.1873,0.02,0.02
2013.06.28 02:30:23.526,0.18699,0.18736,0.02,0.03
2013.06.28 02:30:24.120,0.18697,0.18736,0.02,0.04
2013.06.28 02:30:24.823,0.18697,0.18728,0.02,0.02
2013.06.28 02:30:25.036,0.18701,0.18738,0.02,0.02
2013.06.28 02:30:26.376,0.18695,0.18731,0.02,0.02
2013.06.28 02:30:26.436,0.18697,0.18735,0.02,0.02
2013.06.28 02:30:27.196,0.18703,0.18741,0.02,0.02
2013.06.28 02:30:27.715,0.18702,0.1874,0.02,0.02
2013.06.28 02:30:28.483,0.18702,0.18741,0.02,0.02
2013.06.28 02:30:28.606,0.18701,0.18739,0.02,0.02
2013.06.28 02:30:28.695,0.18699,0.18737,0.02,0.02
2013.06.28 02:30:29.216,0.18699,0.18738,0.02,0.02
2013.06.28 02:30:30.941,0.18687,0.18732,0.02,0.02
2013.06.28 02:30:31.066,0.18695,0.18734,0.02,0.02
2013.06.28 02:30:31.633,0.18695,0.18733,0.02,0.02
2013.06.28 02:30:31.766,0.18689,0.18726,0.02,0.02
2013.06.28 02:30:31.986,0.18695,0.18734,0.03,0.02
2013.06.28 02:30:32.106,0.18697,0.18735,0.02,0.02
2013.06.28 02:30:32.226,0.18702,0.18741,0.02,0.02
2013.06.28 02:30:32.567,0.18695,0.18737,0.02,0.02
2013.06.28 02:30:34.146,0.18701,0.18737,0.02,0.02
2013.06.28 02:30:34.206,0.18705,0.18744,0.02,0.02
2013.06.28 02:30:34.516,0.18702,0.18737,0.02,0.02
2013.06.28 02:30:35.026,0.18699,0.18737,0.02,0.02
2013.06.28 02:30:35.146,0.18707,0.18744,0.02,0.02
2013.06.28 02:30:35.486,0.1871,0.18748,0.02,0.02
2013.06.28 02:30:36.030,0.18701,0.18737,0.02,0.02
2013.06.28 02:30:36.207,0.18707,0.18746,0.02,0.02
2013.06.28 02:30:36.873,0.187,0.18737,0.02,0.02
2013.06.28 02:30:37.534,0.18699,0.18732,0.02,0.02
2013.06.28 02:30:38.270,0.187,0.18732,0.02,0.02
2013.06.28 02:30:39.590,0.18699,0.18732,0.02,0.02
2013.06.28 02:30:43.527,0.187,0.18732,0.02,0.02
2013.06.28 02:30:43.841,0.18705,0.18743,0.02,0.02
2013.06.28 02:30:44.066,0.18701,0.18738,0.02,0.02
2013.06.28 02:30:45.306,0.18695,0.18728,0.02,0.02
2013.06.28 02:30:45.385,0.187,0.18738,0.02,0.02
2013.06.28 02:30:45.932,0.187,0.18737,0.02,0.02
2013.06.28 02:30:45.987,0.18702,0.1874,0.02,0.02
2013.06.28 02:30:46.626,0.18706,0.18745,0.02,0.02
2013.06.28 02:30:47.028,0.18706,0.18738,0.02,0.02
2013.06.28 02:30:47.186,0.1871,0.18749,0.02,0.02
2013.06.28 02:30:47.306,0.18703,0.18742,0.02,0.02
2013.06.28 02:30:47.417,0.18702,0.1874,0.02,0.02
2013.06.28 02:30:47.476,0.18707,0.18745,0.02,0.02
2013.06.28 02:30:48.020,0.18706,0.18744,0.02,0.02
2013.06.28 02:30:48.076,0.18706,0.18742,0.02,0.03
2013.06.28 02:30:48.386,0.18712,0.1875,0.02,0.02
2013.06.28 02:30:50.996,0.18709,0.18741,0.02,0.02
2013.06.28 02:30:51.126,0.18716,0.18754,0.02,0.02
2013.06.28 02:30:51.377,0.18712,0.1875,0.02,0.02
2013.06.28 02:30:51.437,0.18715,0.18753,0.02,0.02
2013.06.28 02:30:52.006,0.18712,0.18742,0.02,0.02
2013.06.28 02:30:52.146,0.18713,0.1875,0.02,0.02
2013.06.28 02:30:55.597,0.18713,0.18751,0.02,0.02
2013.06.28 02:30:55.698,0.18712,0.18749,0.02,0.02
2013.06.28 02:30:55.756,0.18705,0.18741,0.02,0.02
2013.06.28 02:30:56.686,0.18712,0.18743,0.02,0.02
2013.06.28 02:30:56.746,0.18714,0.18753,0.02,0.02
2013.06.28 02:30:57.349,0.18709,0.18753,0.02,0.02
2013.06.28 02:30:57.756,0.18712,0.18751,0.02,0.02
2013.06.28 02:30:57.816,0.18716,0.18754,0.02,0.02
2013.06.28 02:30:59.036,0.18716,0.18747,0.02,0.02
2013.06.28 02:30:59.156,0.18716,0.18747,0.02,0.02
2013.06.28 02:30:59.218,0.18714,0.1875,0.02,0.02
2013.06.28 02:30:59.386,0.18719,0.18757,0.02,0.02
2013.06.28 02:31:00.102,0.18715,0.18747,0.02,0.02
2013.06.28 02:31:00.620,0.18714,0.18747,0.02,0.02
2013.06.28 02:31:01.141,0.18715,0.18748,0.02,0.02
2013.06.28 02:31:01.356,0.18716,0.18754,0.02,0.02
2013.06.28 02:31:02.065,0.18717,0.18755,0.02,0.02
2013.06.28 02:31:02.616,0.18717,0.18752,0.02,0.02
2013.06.28 02:31:02.687,0.18718,0.18756,0.02,0.02
2013.06.28 02:31:02.806,0.18723,0.18762,0.02,0.02
2013.06.28 02:31:02.960,0.18716,0.18751,0.02,0.02
2013.06.28 02:31:03.076,0.18724,0.18761,0.02,0.02
2013.06.28 02:31:03.576,0.18715,0.18751,0.02,0.02
2013.06.28 02:31:03.786,0.18723,0.18761,0.02,0.02
2013.06.28 02:31:04.166,0.18714,0.18751,0.02,0.02
2013.06.28 02:31:04.776,0.18715,0.18747,0.02,0.02
2013.06.28 02:31:04.837,0.18713,0.1875,0.02,0.02
2013.06.28 02:31:05.046,0.18719,0.18757,0.02,0.02
2013.06.28 02:31:05.876,0.18721,0.1876,0.02,0.02
2013.06.28 02:31:06.382,0.18714,0.18747,0.02,0.02
2013.06.28 02:31:06.457,0.18717,0.18754,0.02,0.02
2013.06.28 02:31:07.096,0.1871,0.18746,0.02,0.02
2013.06.28 02:31:07.216,0.18714,0.18751,0.02,0.02
2013.06.28 02:31:07.516,0.18705,0.18743,0.02,0.02
2013.06.28 02:31:07.636,0.18705,0.18743,0.02,0.02
2013.06.28 02:31:08.303,0.18704,0.18738,0.02,0.02
2013.06.28 02:31:09.053,0.18703,0.18739,0.02,0.02
2013.06.28 02:31:10.116,0.18711,0.1875,0.02,0.02
2013.06.28 02:31:11.675,0.18711,0.18742,0.02,0.02
2013.06.28 02:31:12.064,0.18713,0.18751,0.02,0.02
2013.06.28 02:31:12.666,0.18715,0.18753,0.02,0.02
2013.06.28 02:31:13.154,0.18713,0.1875,0.02,0.02
2013.06.28 02:31:13.264,0.18715,0.18753,0.02,0.02
2013.06.28 02:31:13.726,0.18717,0.18756,0.02,0.02
2013.06.28 02:31:13.846,0.18712,0.1875,0.02,0.02
2013.06.28 02:31:13.976,0.18716,0.18755,0.02,0.02
2013.06.28 02:31:14.306,0.18712,0.18751,0.02,0.02
2013.06.28 02:31:14.742,0.18715,0.18753,0.02,0.02
2013.06.28 02:31:15.423,0.18709,0.18743,0.02,0.02
2013.06.28 02:31:17.069,0.187,0.18741,0.02,0.02
2013.06.28 02:31:17.126,0.18712,0.18751,0.02,0.02
2013.06.28 02:31:17.218,0.1871,0.18747,0.02,0.02
2013.06.28 02:31:17.280,0.18707,0.18738,0.02,0.02
2013.06.28 02:31:17.336,0.18711,0.18749,0.02,0.02
2013.06.28 02:31:17.866,0.18709,0.18748,0.02,0.02
2013.06.28 02:31:18.433,0.18706,0.18737,0.02,0.02
2013.06.28 02:31:21.606,0.18706,0.18743,0.02,0.02
2013.06.28 02:31:21.846,0.18703,0.18741,0.02,0.02
2013.06.28 02:31:22.096,0.187,0.18736,0.02,0.02
2013.06.28 02:31:22.756,0.18701,0.18736,0.02,0.02
2013.06.28 02:31:23.956,0.18695,0.18732,0.02,0.02
2013.06.28 02:31:24.316,0.18702,0.18741,0.02,0.02
2013.06.28 02:31:24.626,0.18701,0.18738,0.02,0.02
2013.06.28 02:31:26.654,0.18701,0.1874,0.02,0.02
2013.06.28 02:31:27.205,0.18702,0.1874,0.02,0.02
2013.06.28 02:31:27.456,0.18701,0.18739,0.02,0.02
2013.06.28 02:31:28.074,0.18702,0.1874,0.02,0.02
2013.06.28 02:31:28.306,0.18699,0.18736,0.02,0.02
2013.06.28 02:31:28.637,0.18706,0.18744,0.02,0.02
2013.06.28 02:31:30.029,0.18688,0.18721,0.02,0.02
2013.06.28 02:31:30.285,0.18695,0.18734,0.02,0.02
2013.06.28 02:31:30.406,0.18693,0.18731,0.02,0.02
2013.06.28 02:31:30.947,0.18698,0.18736,0.02,0.02
2013.06.28 02:31:31.270,0.18697,0.18735,0.02,0.02
2013.06.28 02:31:33.116,0.18684,0.18717,0.02,0.03
2013.06.28 02:31:33.176,0.18691,0.18729,0.02,0.02
2013.06.28 02:31:33.367,0.18694,0.18732,0.02,0.02
2013.06.28 02:31:33.666,0.18685,0.18727,0.02,0.02
2013.06.28 02:31:33.986,0.18685,0.18718,0.02,0.02
2013.06.28 02:31:34.046,0.18691,0.1873,0.02,0.02
2013.06.28 02:31:34.166,0.18693,0.18731,0.02,0.02
2013.06.28 02:31:34.847,0.1869,0.18728,0.02,0.02
2013.06.28 02:31:35.329,0.18687,0.18726,0.02,0.02
2013.06.28 02:31:35.567,0.18693,0.18732,0.02,0.02
2013.06.28 02:31:36.306,0.1869,0.18725,0.02,0.02
2013.06.28 02:31:36.456,0.1869,0.18723,0.02,0.02
2013.06.28 02:31:43.025,0.18684,0.18721,0.02,0.02
2013.06.28 02:31:43.086,0.18695,0.18732,0.02,0.02
2013.06.28 02:31:43.146,0.18683,0.18717,0.02,0.03
2013.06.28 02:31:43.206,0.18691,0.18727,0.02,0.02
2013.06.28 02:31:44.536,0.18684,0.18718,0.02,0.02
2013.06.28 02:31:52.146,0.18684,0.18716,0.02,0.02
2013.06.28 02:31:52.364,0.18693,0.18732,0.02,0.02
2013.06.28 02:31:53.426,0.18689,0.18721,0.02,0.02
2013.06.28 02:31:53.744,0.18683,0.18717,0.02,0.02
2013.06.28 02:31:53.806,0.18694,0.18733,0.02,0.02
2013.06.28 02:31:53.926,0.18691,0.18729,0.02,0.02
2013.06.28 02:31:54.053,0.18685,0.18717,0.02,0.02
2013.06.28 02:31:54.327,0.18694,0.18732,0.02,0.02
2013.06.28 02:31:55.573,0.18684,0.18716,0.02,0.02
2013.06.28 02:31:55.806,0.18691,0.18728,0.02,0.02
2013.06.28 02:31:56.394,0.1869,0.18728,0.02,0.02
2013.06.28 02:31:58.106,0.18683,0.18717,0.02,0.02
2013.06.28 02:31:58.714,0.18689,0.18727,0.02,0.02
2013.06.28 02:31:59.526,0.18679,0.18712,0.03,0.02
2013.06.28 02:31:59.646,0.1868,0.18713,0.03,0.02
2013.06.28 02:32:00.393,0.18689,0.18726,0.02,0.02
2013.06.28 02:32:00.557,0.1868,0.18716,0.03,0.02
2013.06.28 02:32:00.736,0.18691,0.18729,0.02,0.02
2013.06.28 02:32:00.856,0.18684,0.18723,0.02,0.02
2013.06.28 02:32:00.947,0.1869,0.18728,0.02,0.02
2013.06.28 02:32:01.486,0.18683,0.18717,0.02,0.02
2013.06.28 02:32:01.802,0.18693,0.18731,0.02,0.02
2013.06.28 02:32:08.002,0.18684,0.18726,0.02,0.02
2013.06.28 02:32:08.160,0.18689,0.18728,0.02,0.02
2013.06.28 02:32:11.001,0.18695,0.18734,0.02,0.02
2013.06.28 02:32:11.566,0.18694,0.18733,0.02,0.02
2013.06.28 02:32:11.626,0.18685,0.18731,0.02,0.02
2013.06.28 02:32:11.686,0.18689,0.18728,0.02,0.02
2013.06.28 02:32:11.880,0.18695,0.18733,0.02,0.02
2013.06.28 02:32:12.685,0.18692,0.18727,0.02,0.02
2013.06.28 02:32:13.234,0.18696,0.18735,0.02,0.02
2013.06.28 02:32:13.903,0.1869,0.1873,0.02,0.02
2013.06.28 02:32:18.486,0.18698,0.18736,0.02,0.02
2013.06.28 02:32:19.244,0.18699,0.18737,0.02,0.02
2013.06.28 02:32:19.758,0.18702,0.1874,0.02,0.02
2013.06.28 02:32:19.907,0.187,0.18737,0.02,0.02
2013.06.28 02:32:20.026,0.18698,0.18736,0.02,0.02
2013.06.28 02:32:20.568,0.1869,0.18726,0.02,0.02
2013.06.28 02:32:20.686,0.18691,0.18727,0.02,0.02
2013.06.28 02:32:21.016,0.1869,0.18727,0.02,0.02
2013.06.28 02:32:21.136,0.18695,0.18735,0.02,0.02
2013.06.28 02:32:21.196,0.18705,0.18743,0.02,0.02
2013.06.28 02:32:22.146,0.18705,0.18737,0.02,0.02
2013.06.28 02:32:22.502,0.18707,0.18744,0.02,0.02
2013.06.28 02:32:22.905,0.1871,0.18748,0.02,0.02
2013.06.28 02:32:24.436,0.18699,0.18736,0.02,0.02
2013.06.28 02:32:25.036,0.18701,0.18737,0.02,0.02
2013.06.28 02:32:25.156,0.18708,0.18746,0.02,0.02
2013.06.28 02:32:25.786,0.18709,0.18748,0.02,0.02
2013.06.28 02:32:29.026,0.18705,0.18736,0.02,0.02
2013.06.28 02:32:29.206,0.18711,0.1875,0.02,0.02
2013.06.28 02:32:29.523,0.187,0.18736,0.02,0.02
2013.06.28 02:32:29.646,0.18708,0.18747,0.02,0.02
2013.06.28 02:32:30.542,0.18702,0.18737,0.02,0.02
2013.06.28 02:32:30.854,0.18699,0.18733,0.02,0.02
2013.06.28 02:32:31.036,0.18706,0.18745,0.02,0.02
2013.06.28 02:32:31.096,0.18706,0.18737,0.02,0.02
2013.06.28 02:32:31.226,0.18709,0.18747,0.02,0.02
2013.06.28 02:32:31.607,0.18705,0.18737,0.02,0.02
2013.06.28 02:32:32.293,0.1871,0.18749,0.02,0.02
2013.06.28 02:32:33.560,0.18707,0.18738,0.02,0.02
2013.06.28 02:32:34.275,0.18711,0.1875,0.02,0.02
2013.06.28 02:32:35.023,0.18705,0.18743,0.02,0.02
2013.06.28 02:32:35.532,0.18706,0.18746,0.02,0.02
2013.06.28 02:32:36.050,0.18707,0.18747,0.02,0.02
2013.06.28 02:32:36.567,0.18717,0.18756,0.02,0.02
2013.06.28 02:32:36.816,0.18713,0.18752,0.02,0.02
2013.06.28 02:32:36.986,0.18713,0.18747,0.02,0.02
2013.06.28 02:32:37.166,0.18719,0.18757,0.02,0.02
2013.06.28 02:32:37.227,0.18712,0.1875,0.02,0.02
2013.06.28 02:32:37.447,0.1872,0.18759,0.02,0.02
2013.06.28 02:32:38.018,0.1872,0.18758,0.02,0.02
2013.06.28 02:32:38.346,0.18713,0.18749,0.02,0.02
2013.06.28 02:32:38.656,0.18714,0.18748,0.02,0.02
2013.06.28 02:32:39.419,0.18714,0.18749,0.02,0.02
2013.06.28 02:32:39.566,0.18721,0.18752,0.02,0.02
2013.06.28 02:32:39.686,0.18723,0.18762,0.02,0.02
2013.06.28 02:32:39.896,0.18716,0.18751,0.02,0.02
2013.06.28 02:32:40.126,0.18726,0.18765,0.02,0.02
2013.06.28 02:32:41.066,0.1872,0.1876,0.02,0.02
2013.06.28 02:32:41.685,0.18725,0.18764,0.02,0.02
2013.06.28 02:32:42.329,0.18719,0.18752,0.02,0.02
2013.06.28 02:32:42.636,0.18716,0.18748,0.02,0.02
2013.06.28 02:32:43.736,0.18715,0.18752,0.02,0.03
2013.06.28 02:32:43.916,0.18722,0.18759,0.02,0.02
2013.06.28 02:32:44.532,0.18716,0.18752,0.02,0.02
2013.06.28 02:32:45.334,0.18715,0.18751,0.02,0.02
2013.06.28 02:32:45.506,0.1872,0.18752,0.02,0.02
2013.06.28 02:32:45.661,0.18731,0.18769,0.02,0.02
2013.06.28 02:32:45.776,0.18728,0.18766,0.02,0.02
2013.06.28 02:32:46.491,0.18723,0.18759,0.02,0.02
2013.06.28 02:32:46.666,0.1874,0.18778,0.02,0.02
2013.06.28 02:32:46.871,0.18728,0.18766,0.02,0.02
2013.06.28 02:32:47.046,0.18724,0.18756,0.02,0.02
2013.06.28 02:32:47.106,0.18725,0.18756,0.02,0.02
2013.06.28 02:32:47.346,0.18721,0.18756,0.02,0.02
2013.06.28 02:32:47.576,0.18731,0.18769,0.02,0.02
2013.06.28 02:32:47.696,0.18729,0.18766,0.02,0.02
2013.06.28 02:32:47.864,0.18719,0.18756,0.02,0.04
2013.06.28 02:32:47.986,0.18726,0.18764,0.02,0.02
2013.06.28 02:32:48.197,0.18719,0.18756,0.02,0.02
2013.06.28 02:32:48.316,0.18727,0.18765,0.02,0.02
2013.06.28 02:32:49.086,0.18721,0.18756,0.02,0.03
2013.06.28 02:32:49.436,0.18725,0.18761,0.02,0.02
2013.06.28 02:32:50.057,0.18714,0.18751,0.02,0.02
2013.06.28 02:32:50.296,0.18719,0.18756,0.02,0.02
2013.06.28 02:32:50.416,0.18723,0.18761,0.02,0.02
2013.06.28 02:32:50.480,0.18719,0.18756,0.02,0.02
2013.06.28 02:32:50.746,0.18722,0.18761,0.02,0.02
2013.06.28 02:32:51.313,0.18714,0.18752,0.02,0.02
2013.06.28 02:32:52.026,0.18716,0.18753,0.02,0.02
2013.06.28 02:32:52.766,0.18719,0.18756,0.02,0.03
2013.06.28 02:32:52.827,0.18724,0.18762,0.02,0.02
2013.06.28 02:32:53.366,0.18719,0.18756,0.02,0.03
2013.06.28 02:32:53.796,0.18729,0.18767,0.02,0.02
2013.06.28 02:32:54.196,0.18739,0.18776,0.02,0.02
2013.06.28 02:32:54.326,0.18729,0.18767,0.02,0.02
2013.06.28 02:32:54.586,0.18731,0.1877,0.02,0.02
2013.06.28 02:32:55.116,0.18725,0.18757,0.02,0.02
2013.06.28 02:32:55.426,0.18727,0.18758,0.02,0.02
2013.06.28 02:32:55.619,0.1873,0.18768,0.02,0.02
2013.06.28 02:32:56.206,0.18732,0.1877,0.02,0.02
2013.06.28 02:32:56.767,0.18719,0.18756,0.03,0.03
2013.06.28 02:32:56.827,0.18726,0.18764,0.03,0.02
2013.06.28 02:32:57.162,0.18726,0.18756,0.02,0.02
2013.06.28 02:32:57.478,0.18728,0.18765,0.02,0.02
2013.06.28 02:32:58.898,0.18726,0.18765,0.03,0.02
2013.06.28 02:32:59.484,0.18723,0.18756,0.02,0.02
2013.06.28 02:33:00.026,0.18726,0.18765,0.02,0.02
2013.06.28 02:33:00.156,0.18724,0.18761,0.02,0.02
2013.06.28 02:33:00.497,0.18715,0.18746,0.02,0.02
2013.06.28 02:33:00.708,0.18719,0.18756,0.02,0.02
2013.06.28 02:33:00.766,0.18721,0.18759,0.02,0.02
2013.06.28 02:33:01.314,0.18715,0.18748,0.02,0.02
2013.06.28 02:33:01.577,0.1872,0.18757,0.02,0.03
2013.06.28 02:33:02.096,0.18721,0.18759,0.02,0.02
2013.06.28 02:33:02.617,0.18726,0.18763,0.02,0.03
2013.06.28 02:33:02.827,0.18721,0.1876,0.02,0.02
2013.06.28 02:33:03.086,0.18721,0.18751,0.02,0.02
2013.06.28 02:33:03.267,0.18721,0.18756,0.02,0.02
2013.06.28 02:33:03.386,0.18724,0.18761,0.02,0.02
2013.06.28 02:33:05.516,0.18721,0.18753,0.02,0.02
2013.06.28 02:33:06.336,0.18727,0.18765,0.02,0.02
2013.06.28 02:33:06.935,0.18719,0.18752,0.02,0.02
2013.06.28 02:33:10.205,0.18721,0.18752,0.02,0.02
2013.06.28 02:33:10.718,0.18725,0.18761,0.02,0.02
2013.06.28 02:33:12.096,0.18715,0.18746,0.02,0.02
2013.06.28 02:33:12.456,0.18726,0.18765,0.02,0.02
2013.06.28 02:33:12.879,0.18718,0.18754,0.02,0.02
2013.06.28 02:33:13.246,0.18724,0.18761,0.02,0.02
2013.06.28 02:33:13.327,0.18718,0.18754,0.02,0.02
2013.06.28 02:33:14.956,0.18715,0.18747,0.02,0.02
2013.06.28 02:33:15.537,0.18724,0.18763,0.02,0.02
2013.06.28 02:33:15.656,0.18714,0.18746,0.02,0.02
2013.06.28 02:33:15.814,0.18723,0.18762,0.02,0.02
2013.06.28 02:33:17.496,0.18714,0.18748,0.02,0.02
2013.06.28 02:33:17.616,0.1872,0.18757,0.02,0.02
2013.06.28 02:33:19.543,0.18713,0.18749,0.02,0.02
2013.06.28 02:33:19.658,0.18723,0.18762,0.02,0.02
2013.06.28 02:33:19.757,0.18717,0.18756,0.02,0.02
2013.06.28 02:33:20.298,0.18716,0.18753,0.02,0.02
2013.06.28 02:33:20.786,0.18715,0.18747,0.02,0.02
2013.06.28 02:33:20.846,0.18722,0.18761,0.02,0.02
2013.06.28 02:33:20.966,0.1872,0.18758,0.02,0.02
2013.06.28 02:33:21.052,0.18718,0.18756,0.02,0.02
2013.06.28 02:33:21.166,0.18715,0.18753,0.02,0.02
2013.06.28 02:33:21.226,0.18709,0.18741,0.02,0.02
2013.06.28 02:33:21.537,0.18706,0.18743,0.02,0.02
2013.06.28 02:33:21.956,0.18714,0.18752,0.02,0.02
2013.06.28 02:33:22.508,0.18709,0.18743,0.02,0.02
2013.06.28 02:33:22.707,0.18717,0.18756,0.02,0.02
2013.06.28 02:33:22.812,0.18714,0.18752,0.02,0.02
2013.06.28 02:33:23.586,0.18716,0.18755,0.02,0.02
2013.06.28 02:33:24.136,0.18716,0.18755,0.02,0.02
2013.06.28 02:33:24.596,0.18708,0.18742,0.02,0.02
2013.06.28 02:33:25.666,0.18717,0.18755,0.02,0.02
2013.06.28 02:33:25.726,0.18712,0.18751,0.02,0.02
2013.06.28 02:33:26.122,0.18705,0.18738,0.02,0.02
2013.06.28 02:33:26.266,0.18704,0.18739,0.02,0.02
2013.06.28 02:33:26.952,0.187,0.18732,0.03,0.02
2013.06.28 02:33:27.328,0.18708,0.18745,0.02,0.02
2013.06.28 02:33:27.916,0.18699,0.18734,0.02,0.02
2013.06.28 02:33:28.156,0.187,0.18733,0.02,0.02
2013.06.28 02:33:28.768,0.187,0.18736,0.02,0.02
2013.06.28 02:33:28.886,0.18712,0.18751,0.02,0.02
2013.06.28 02:33:29.006,0.18708,0.18747,0.02,0.02
2013.06.28 02:33:29.171,0.18711,0.18749,0.02,0.02
2013.06.28 02:33:29.576,0.18705,0.18743,0.02,0.02
2013.06.28 02:33:29.636,0.18713,0.18751,0.02,0.02
2013.06.28 02:33:31.052,0.18705,0.18745,0.02,0.02
2013.06.28 02:33:31.576,0.18704,0.18737,0.02,0.02
2013.06.28 02:33:31.636,0.1871,0.18748,0.02,0.02
2013.06.28 02:33:32.048,0.18712,0.18751,0.02,0.02
2013.06.28 02:33:32.800,0.18704,0.18741,0.02,0.02
2013.06.28 02:33:34.033,0.18703,0.18738,0.02,0.02
2013.06.28 02:33:34.146,0.18711,0.18748,0.02,0.02
2013.06.28 02:33:34.507,0.18712,0.18751,0.02,0.02
2013.06.28 02:33:34.876,0.18704,0.18744,0.02,0.02
2013.06.28 02:33:35.493,0.18703,0.18739,0.02,0.02
2013.06.28 02:33:35.707,0.1871,0.18748,0.02,0.02
2013.06.28 02:33:35.916,0.187,0.18741,0.02,0.02
2013.06.28 02:33:35.979,0.1871,0.18748,0.02,0.02
2013.06.28 02:33:37.423,0.1871,0.18742,0.02,0.02
2013.06.28 02:33:37.537,0.18709,0.18741,0.02,0.02
2013.06.28 02:33:38.140,0.18711,0.18743,0.02,0.02
2013.06.28 02:33:38.447,0.18717,0.18756,0.02,0.02
2013.06.28 02:33:38.719,0.1871,0.18748,0.02,0.02
2013.06.28 02:33:39.066,0.18699,0.18732,0.02,0.02
2013.06.28 02:33:39.187,0.18706,0.18745,0.02,0.02
2013.06.28 02:33:39.268,0.18703,0.18742,0.02,0.02
2013.06.28 02:33:39.387,0.18701,0.18739,0.02,0.02
2013.06.28 02:33:40.226,0.18701,0.18733,0.02,0.02
2013.06.28 02:33:40.748,0.18695,0.18732,0.02,0.02
2013.06.28 02:33:40.866,0.18704,0.18742,0.02,0.02
2013.06.28 02:33:41.556,0.18694,0.18729,0.02,0.02
2013.06.28 02:33:41.697,0.18699,0.18738,0.02,0.02
2013.06.28 02:33:42.355,0.187,0.18733,0.02,0.02
2013.06.28 02:33:42.476,0.18704,0.18743,0.02,0.02
2013.06.28 02:33:43.057,0.18698,0.18736,0.02,0.02
2013.06.28 02:33:43.472,0.187,0.18736,0.02,0.02
2013.06.28 02:33:43.987,0.18699,0.18736,0.02,0.02
2013.06.28 02:33:44.536,0.187,0.18736,0.02,0.02
2013.06.28 02:33:45.405,0.18694,0.18729,0.02,0.02
2013.06.28 02:33:45.536,0.18704,0.18742,0.02,0.02
2013.06.28 02:33:45.656,0.187,0.18738,0.02,0.02
2013.06.28 02:33:46.077,0.18705,0.18743,0.02,0.02
2013.06.28 02:33:46.636,0.18694,0.18727,0.02,0.02
2013.06.28 02:33:46.737,0.18703,0.18741,0.02,0.02
2013.06.28 02:33:46.886,0.18697,0.18736,0.02,0.02
2013.06.28 02:33:47.978,0.1869,0.18726,0.02,0.02
2013.06.28 02:33:48.096,0.18699,0.18738,0.02,0.02
2013.06.28 02:33:49.536,0.18694,0.18731,0.02,0.02
2013.06.28 02:33:50.030,0.18703,0.18741,0.02,0.02
2013.06.28 02:33:50.360,0.18699,0.18737,0.02,0.02
2013.06.28 02:33:50.526,0.18702,0.18741,0.02,0.02
2013.06.28 02:33:51.145,0.18702,0.1874,0.02,0.02
2013.06.28 02:33:51.266,0.18698,0.18736,0.02,0.02
2013.06.28 02:33:51.326,0.187,0.18732,0.02,0.02
2013.06.28 02:33:51.506,0.18693,0.18728,0.02,0.02
2013.06.28 02:33:51.626,0.18701,0.18739,0.02,0.02
2013.06.28 02:33:52.115,0.18698,0.18736,0.02,0.02
2013.06.28 02:33:52.804,0.18697,0.18735,0.02,0.02
2013.06.28 02:33:53.475,0.18697,0.18735,0.02,0.02
2013.06.28 02:33:54.256,0.18691,0.18727,0.02,0.02
2013.06.28 02:33:54.398,0.18699,0.18737,0.02,0.02
2013.06.28 02:33:55.473,0.18694,0.18726,0.02,0.02
2013.06.28 02:33:55.896,0.18703,0.18741,0.02,0.02
2013.06.28 02:33:57.038,0.18691,0.18723,0.02,0.02
2013.06.28 02:33:57.414,0.1869,0.18727,0.02,0.02
2013.06.28 02:33:57.477,0.18695,0.18733,0.02,0.02
2013.06.28 02:33:57.537,0.18689,0.18723,0.02,0.02
2013.06.28 02:33:57.726,0.1869,0.18722,0.02,0.02
2013.06.28 02:33:57.966,0.18695,0.18732,0.02,0.02
2013.06.28 02:33:58.543,0.18687,0.18722,0.02,0.02
2013.06.28 02:34:02.586,0.18697,0.18736,0.02,0.02
2013.06.28 02:34:02.752,0.18694,0.18732,0.02,0.02
2013.06.28 02:34:02.866,0.18698,0.18736,0.02,0.02
2013.06.28 02:34:03.593,0.18689,0.18726,0.02,0.02
2013.06.28 02:34:04.547,0.1869,0.18727,0.02,0.02
2013.06.28 02:34:04.666,0.18694,0.18731,0.02,0.02
2013.06.28 02:34:04.856,0.18699,0.18737,0.02,0.02
2013.06.28 02:34:05.066,0.18696,0.18731,0.02,0.02
2013.06.28 02:34:05.593,0.187,0.18739,0.02,0.02
2013.06.28 02:34:06.479,0.18694,0.18727,0.02,0.02
2013.06.28 02:34:06.677,0.18691,0.18727,0.02,0.02
2013.06.28 02:34:06.826,0.18698,0.18737,0.02,0.02
2013.06.28 02:34:07.519,0.18691,0.18727,0.02,0.02
2013.06.28 02:34:07.598,0.18697,0.18736,0.02,0.02
2013.06.28 02:34:08.176,0.18699,0.18738,0.02,0.02
2013.06.28 02:34:08.597,0.18697,0.18735,0.02,0.02
2013.06.28 02:34:13.707,0.18685,0.18722,0.02,0.02
2013.06.28 02:34:13.907,0.18695,0.18733,0.02,0.02
2013.06.28 02:34:14.146,0.18693,0.18731,0.02,0.02
2013.06.28 02:34:14.356,0.18683,0.18719,0.02,0.02
2013.06.28 02:34:14.825,0.18684,0.18718,0.02,0.02
2013.06.28 02:34:16.772,0.18694,0.18733,0.02,0.02
2013.06.28 02:34:16.848,0.18685,0.18722,0.02,0.02
2013.06.28 02:34:17.594,0.18685,0.18726,0.02,0.02
2013.06.28 02:34:20.476,0.18684,0.18717,0.02,0.02
2013.06.28 02:34:20.656,0.18691,0.1873,0.02,0.02
2013.06.28 02:34:22.466,0.18689,0.18728,0.02,0.02
2013.06.28 02:34:23.730,0.18683,0.18716,0.02,0.02
2013.06.28 02:34:24.477,0.18694,0.18732,0.02,0.02
2013.06.28 02:34:25.027,0.18693,0.18731,0.02,0.02
2013.06.28 02:34:25.206,0.1869,0.18728,0.02,0.02
2013.06.28 02:34:25.476,0.18687,0.18717,0.02,0.02
2013.06.28 02:34:25.596,0.1868,0.18716,0.03,0.03
2013.06.28 02:34:26.424,0.1868,0.18717,0.02,0.03
2013.06.28 02:34:27.972,0.1868,0.18716,0.02,0.02
2013.06.28 02:34:28.557,0.1869,0.18728,0.02,0.02
2013.06.28 02:34:29.075,0.1868,0.18716,0.03,0.02
2013.06.28 02:34:29.686,0.18691,0.18729,0.02,0.02
2013.06.28 02:34:31.036,0.1868,0.18711,0.02,0.02
2013.06.28 02:34:31.156,0.1868,0.18712,0.02,0.02
2013.06.28 02:34:31.216,0.18689,0.18725,0.02,0.02
2013.06.28 02:34:31.955,0.18679,0.18713,0.02,0.02
2013.06.28 02:34:32.196,0.1868,0.18716,0.02,0.02
2013.06.28 02:34:32.737,0.18681,0.18717,0.02,0.02
2013.06.28 02:34:33.826,0.1868,0.18716,0.02,0.02
2013.06.28 02:34:35.024,0.18681,0.18712,0.02,0.02
2013.06.28 02:34:35.533,0.1868,0.18711,0.02,0.02
2013.06.28 02:34:36.442,0.1868,0.18711,0.02,0.02
2013.06.28 02:34:36.737,0.18688,0.18726,0.02,0.02
2013.06.28 02:34:36.856,0.18685,0.18723,0.02,0.02
2013.06.28 02:34:37.406,0.18675,0.18706,0.03,0.02
2013.06.28 02:34:37.586,0.18674,0.18706,0.03,0.02
2013.06.28 02:34:37.664,0.18684,0.18722,0.02,0.02
2013.06.28 02:34:38.176,0.18684,0.18723,0.02,0.02
2013.06.28 02:34:38.478,0.18675,0.18718,0.03,0.02
2013.06.28 02:34:38.626,0.18679,0.18718,0.02,0.02
2013.06.28 02:34:38.806,0.18689,0.18727,0.02,0.02
2013.06.28 02:34:39.403,0.18689,0.18727,0.02,0.02
2013.06.28 02:34:41.554,0.1868,0.18713,0.02,0.02
2013.06.28 02:34:42.084,0.18679,0.1872,0.02,0.02
2013.06.28 02:34:43.236,0.18683,0.1872,0.02,0.02
2013.06.28 02:34:43.763,0.18684,0.1873,0.02,0.02
2013.06.28 02:34:45.656,0.18685,0.18717,0.02,0.02
2013.06.28 02:34:45.742,0.1869,0.18728,0.02,0.02
2013.06.28 02:34:45.857,0.18693,0.18731,0.02,0.02
2013.06.28 02:34:46.577,0.18684,0.18717,0.02,0.02
2013.06.28 02:34:47.126,0.18692,0.18723,0.02,0.02
2013.06.28 02:34:47.306,0.18697,0.18736,0.02,0.02
2013.06.28 02:34:47.997,0.18689,0.18735,0.02,0.02
2013.06.28 02:34:48.486,0.18702,0.1874,0.02,0.02
2013.06.28 02:34:48.606,0.18695,0.18726,0.02,0.02
2013.06.28 02:34:49.337,0.18696,0.18728,0.02,0.02
2013.06.28 02:34:49.396,0.18695,0.18727,0.02,0.02
2013.06.28 02:34:49.516,0.187,0.18738,0.02,0.02
2013.06.28 02:34:50.891,0.18698,0.18736,0.02,0.02
2013.06.28 02:34:51.466,0.18699,0.18736,0.02,0.02
2013.06.28 02:34:55.368,0.1869,0.18727,0.02,0.02
2013.06.28 02:34:56.993,0.18696,0.18727,0.02,0.02
2013.06.28 02:34:57.376,0.18701,0.18738,0.02,0.02
2013.06.28 02:34:59.136,0.18698,0.18732,0.02,0.02
2013.06.28 02:35:01.786,0.18706,0.18744,0.02,0.02
2013.06.28 02:35:02.403,0.18702,0.18739,0.02,0.02
2013.06.28 02:35:03.397,0.187,0.18739,0.02,0.02
2013.06.28 02:35:04.093,0.18702,0.18747,0.02,0.02
2013.06.28 02:35:04.976,0.187,0.18736,0.02,0.02
2013.06.28 02:35:05.036,0.18704,0.18737,0.02,0.02
2013.06.28 02:35:05.356,0.18712,0.1875,0.02,0.02
2013.06.28 02:35:05.896,0.18706,0.18744,0.02,0.02
2013.06.28 02:35:06.226,0.18714,0.18753,0.02,0.02
2013.06.28 02:35:06.726,0.18711,0.18749,0.02,0.02
2013.06.28 02:35:07.096,0.18716,0.18755,0.02,0.02
2013.06.28 02:35:08.106,0.18713,0.18752,0.02,0.02
2013.06.28 02:35:08.226,0.18711,0.1875,0.02,0.02
2013.06.28 02:35:11.008,0.18704,0.18743,0.02,0.02
2013.06.28 02:35:11.186,0.18715,0.18753,0.02,0.02
2013.06.28 02:35:13.669,0.18718,0.18756,0.02,0.02
2013.06.28 02:35:13.828,0.18711,0.1875,0.03,0.02
2013.06.28 02:35:13.888,0.18717,0.18755,0.02,0.02
2013.06.28 02:35:14.179,0.1871,0.1875,0.02,0.02
2013.06.28 02:35:14.237,0.18721,0.18759,0.02,0.02
2013.06.28 02:35:14.356,0.18713,0.18751,0.02,0.02
2013.06.28 02:35:14.486,0.1871,0.1875,0.02,0.02
2013.06.28 02:35:17.562,0.18714,0.18746,0.02,0.02
2013.06.28 02:35:18.874,0.18718,0.18756,0.02,0.02
2013.06.28 02:35:19.106,0.18716,0.18747,0.02,0.02
2013.06.28 02:35:19.426,0.18718,0.18757,0.02,0.02
2013.06.28 02:35:19.533,0.1872,0.18759,0.02,0.02
2013.06.28 02:35:20.416,0.18724,0.18763,0.02,0.02
2013.06.28 02:35:20.746,0.18721,0.18759,0.03,0.02
2013.06.28 02:35:21.636,0.18716,0.18747,0.02,0.02
2013.06.28 02:35:22.076,0.18725,0.18762,0.02,0.02
2013.06.28 02:35:22.629,0.18719,0.18751,0.02,0.02
2013.06.28 02:35:23.236,0.18724,0.18763,0.02,0.02
2013.06.28 02:35:24.136,0.18732,0.1877,0.02,0.02
2013.06.28 02:35:24.343,0.18721,0.18759,0.02,0.02
2013.06.28 02:35:24.807,0.18718,0.18756,0.02,0.02
2013.06.28 02:35:25.326,0.1871,0.18746,0.02,0.03
2013.06.28 02:35:26.534,0.18712,0.18747,0.02,0.02
2013.06.28 02:35:27.145,0.18717,0.18756,0.02,0.02
2013.06.28 02:35:30.026,0.18714,0.18746,0.02,0.02
2013.06.28 02:35:30.543,0.18721,0.18759,0.02,0.02
2013.06.28 02:35:31.536,0.18715,0.18747,0.02,0.02
2013.06.28 02:35:31.900,0.18722,0.1876,0.02,0.02
2013.06.28 02:35:32.533,0.18715,0.18746,0.02,0.02
2013.06.28 02:35:33.607,0.18718,0.18756,0.02,0.02
2013.06.28 02:35:33.666,0.18715,0.18751,0.02,0.01
2013.06.28 02:35:33.797,0.1872,0.18757,0.02,0.02
2013.06.28 02:35:34.263,0.18722,0.18761,0.02,0.02
2013.06.28 02:35:35.503,0.18715,0.18756,0.02,0.02
2013.06.28 02:35:36.125,0.18715,0.18755,0.02,0.02
2013.06.28 02:35:36.207,0.18721,0.1876,0.02,0.02
2013.06.28 02:35:37.046,0.18714,0.18746,0.02,0.02
2013.06.28 02:35:37.166,0.18719,0.18756,0.02,0.02
2013.06.28 02:35:37.943,0.1871,0.18742,0.02,0.02
2013.06.28 02:35:38.684,0.18717,0.18755,0.02,0.02
2013.06.28 02:35:40.188,0.18718,0.18755,0.02,0.02
2013.06.28 02:35:43.596,0.18722,0.1876,0.02,0.02
2013.06.28 02:35:45.146,0.18721,0.18759,0.02,0.02
2013.06.28 02:35:45.506,0.18715,0.18747,0.02,0.02
2013.06.28 02:35:45.566,0.18722,0.18761,0.02,0.02
2013.06.28 02:35:45.657,0.18718,0.18757,0.02,0.02
2013.06.28 02:35:45.937,0.18722,0.18759,0.02,0.02
2013.06.28 02:35:46.127,0.18719,0.18751,0.02,0.02
2013.06.28 02:35:46.457,0.18723,0.18761,0.02,0.02
2013.06.28 02:35:46.526,0.18719,0.18751,0.02,0.02
2013.06.28 02:35:46.706,0.1872,0.18755,0.02,0.02
2013.06.28 02:35:47.037,0.18727,0.18765,0.02,0.02
2013.06.28 02:35:49.606,0.18721,0.18756,0.02,0.02
2013.06.28 02:35:49.846,0.18728,0.18766,0.02,0.02
2013.06.28 02:35:50.020,0.18728,0.18761,0.02,0.02
2013.06.28 02:35:50.197,0.18731,0.18769,0.02,0.02
2013.06.28 02:35:50.326,0.18729,0.18765,0.02,0.02
2013.06.28 02:35:50.386,0.18732,0.18769,0.02,0.02
2013.06.28 02:35:50.526,0.18719,0.18757,0.02,0.03
2013.06.28 02:35:50.607,0.18732,0.18771,0.02,0.02
2013.06.28 02:35:51.148,0.18737,0.18774,0.02,0.02
2013.06.28 02:35:51.686,0.18726,0.18757,0.02,0.02
2013.06.28 02:35:51.806,0.18731,0.18768,0.02,0.02
2013.06.28 02:35:52.584,0.18724,0.18756,0.02,0.02
2013.06.28 02:35:52.775,0.18719,0.18756,0.02,0.02
2013.06.28 02:35:52.896,0.18728,0.18765,0.02,0.02
2013.06.28 02:35:53.616,0.18724,0.18756,0.02,0.02
2013.06.28 02:35:53.818,0.18726,0.18764,0.03,0.02
2013.06.28 02:35:54.533,0.1872,0.18757,0.02,0.03
2013.06.28 02:35:55.726,0.18731,0.18769,0.02,0.02
2013.06.28 02:35:55.966,0.18726,0.18765,0.02,0.02
2013.06.28 02:35:56.927,0.18728,0.18766,0.02,0.02
2013.06.28 02:35:57.188,0.18732,0.1877,0.02,0.02
2013.06.28 02:35:57.306,0.18728,0.18766,0.02,0.02
2013.06.28 02:35:58.277,0.18724,0.18756,0.02,0.02
2013.06.28 02:35:59.006,0.18731,0.1877,0.02,0.02
2013.06.28 02:35:59.690,0.18725,0.18757,0.02,0.02
2013.06.28 02:36:00.156,0.18728,0.18765,0.02,0.02
2013.06.28 02:36:00.216,0.18724,0.18757,0.02,0.02
2013.06.28 02:36:00.566,0.18731,0.1877,0.02,0.02
2013.06.28 02:36:02.457,0.18724,0.18756,0.02,0.02
2013.06.28 02:36:02.633,0.18726,0.18765,0.02,0.02
2013.06.28 02:36:04.546,0.18723,0.18757,0.02,0.02
2013.06.28 02:36:05.042,0.1873,0.18769,0.02,0.02
2013.06.28 02:36:05.765,0.18731,0.1877,0.02,0.02
2013.06.28 02:36:06.576,0.18724,0.18757,0.02,0.02
2013.06.28 02:36:07.516,0.18725,0.18756,0.02,0.02
2013.06.28 02:36:15.704,0.18728,0.18767,0.02,0.02
2013.06.28 02:36:15.997,0.18733,0.18771,0.02,0.02
2013.06.28 02:36:17.038,0.18731,0.18769,0.02,0.02
2013.06.28 02:36:17.156,0.18727,0.18766,0.02,0.02
2013.06.28 02:36:17.734,0.18725,0.18756,0.02,0.02
2013.06.28 02:36:18.543,0.18724,0.18756,0.02,0.02
2013.06.28 02:36:18.868,0.18732,0.18771,0.02,0.02
2013.06.28 02:36:19.348,0.18727,0.18765,0.02,0.02
2013.06.28 02:36:25.137,0.18728,0.18767,0.02,0.02
2013.06.28 02:36:25.256,0.18733,0.18771,0.02,0.02
2013.06.28 02:36:27.328,0.18725,0.18756,0.02,0.02
2013.06.28 02:36:29.756,0.18737,0.18775,0.02,0.02
2013.06.28 02:36:30.287,0.18732,0.1877,0.02,0.02
2013.06.28 02:36:30.945,0.18733,0.18772,0.02,0.02
2013.06.28 02:36:31.196,0.18731,0.1877,0.02,0.02
2013.06.28 02:36:31.726,0.1873,0.18768,0.02,0.02
2013.06.28 02:36:34.504,0.18727,0.18758,0.02,0.02
2013.06.28 02:36:34.557,0.18731,0.18769,0.02,0.02
2013.06.28 02:36:35.626,0.1873,0.18762,0.02,0.02
2013.06.28 02:36:35.727,0.18731,0.1877,0.03,0.02
2013.06.28 02:36:35.834,0.18737,0.18774,0.02,0.02
2013.06.28 02:36:37.561,0.18729,0.1877,0.02,0.02
2013.06.28 02:36:37.684,0.18732,0.1877,0.02,0.02
2013.06.28 02:36:39.016,0.18734,0.18766,0.02,0.02
2013.06.28 02:36:39.136,0.18737,0.18774,0.02,0.02
2013.06.28 02:36:39.207,0.18734,0.18772,0.02,0.02
2013.06.28 02:36:39.356,0.18737,0.18776,0.02,0.02
2013.06.28 02:36:39.985,0.1873,0.18761,0.02,0.02
2013.06.28 02:36:40.846,0.18736,0.18774,0.02,0.02
2013.06.28 02:36:42.506,0.1873,0.18762,0.02,0.02
2013.06.28 02:36:43.212,0.18729,0.18761,0.02,0.02
2013.06.28 02:36:43.606,0.18735,0.18772,0.02,0.02
2013.06.28 02:36:43.666,0.18737,0.18774,0.02,0.02
2013.06.28 02:36:45.086,0.1874,0.18778,0.02,0.02
2013.06.28 02:36:45.172,0.18735,0.18773,0.03,0.02
2013.06.28 02:36:45.446,0.18733,0.18777,0.02,0.02
2013.06.28 02:36:46.354,0.18737,0.18767,0.02,0.02
2013.06.28 02:36:46.892,0.1874,0.18773,0.03,0.02
2013.06.28 02:36:47.404,0.18741,0.18778,0.02,0.02
2013.06.28 02:36:47.589,0.18743,0.18782,0.02,0.02
2013.06.28 02:36:47.646,0.18745,0.18778,0.02,0.02
2013.06.28 02:36:47.766,0.18745,0.1878,0.02,0.02
2013.06.28 02:36:47.826,0.18746,0.18783,0.02,0.02
2013.06.28 02:36:48.006,0.1875,0.18783,0.02,0.02
2013.06.28 02:36:48.246,0.18751,0.18789,0.02,0.02
2013.06.28 02:36:48.526,0.1875,0.18782,0.03,0.02
2013.06.28 02:36:48.586,0.18755,0.18794,0.02,0.02
2013.06.28 02:36:49.047,0.18755,0.18786,0.03,0.02
2013.06.28 02:36:49.166,0.1876,0.18791,0.02,0.02
2013.06.28 02:36:49.705,0.18761,0.18793,0.02,0.03
2013.06.28 02:36:50.006,0.18762,0.18799,0.02,0.02
2013.06.28 02:36:50.327,0.18755,0.18793,0.02,0.02
2013.06.28 02:36:50.761,0.18753,0.18789,0.02,0.02
2013.06.28 02:36:51.463,0.18749,0.18782,0.02,0.02
2013.06.28 02:36:52.135,0.1875,0.18782,0.02,0.02
2013.06.28 02:36:52.526,0.18745,0.18781,0.02,0.02
2013.06.28 02:36:52.867,0.18749,0.18786,0.02,0.02
2013.06.28 02:36:53.066,0.18749,0.18782,0.02,0.02
2013.06.28 02:36:53.126,0.18749,0.18782,0.03,0.02
2013.06.28 02:36:53.495,0.18754,0.18792,0.02,0.02
2013.06.28 02:36:53.717,0.1875,0.18782,0.02,0.02
2013.06.28 02:36:54.198,0.18755,0.18793,0.02,0.03
2013.06.28 02:36:54.875,0.18752,0.18787,0.02,0.03
2013.06.28 02:36:56.617,0.18749,0.18782,0.02,0.02
2013.06.28 02:36:57.567,0.1875,0.18787,0.02,0.03
2013.06.28 02:36:57.626,0.18754,0.18787,0.02,0.02
2013.06.28 02:36:57.687,0.18757,0.18794,0.02,0.02
2013.06.28 02:36:58.016,0.18755,0.18786,0.02,0.02
2013.06.28 02:36:58.556,0.18755,0.18786,0.02,0.02
2013.06.28 02:36:58.616,0.18757,0.18795,0.02,0.02
2013.06.28 02:36:58.986,0.18756,0.18792,0.02,0.02
2013.06.28 02:36:59.551,0.18752,0.18783,0.02,0.02
2013.06.28 02:37:00.153,0.18749,0.18782,0.02,0.02
2013.06.28 02:37:01.194,0.18751,0.18783,0.02,0.02
2013.06.28 02:37:02.522,0.18749,0.18786,0.02,0.03
2013.06.28 02:37:03.129,0.18744,0.18777,0.02,0.02
2013.06.28 02:37:03.318,0.18751,0.1879,0.02,0.02
2013.06.28 02:37:03.436,0.1875,0.18787,0.02,0.02
2013.06.28 02:37:03.657,0.18748,0.18782,0.02,0.02
2013.06.28 02:37:04.278,0.1875,0.18787,0.02,0.02
2013.06.28 02:37:04.397,0.18755,0.18793,0.02,0.02
2013.06.28 02:37:04.549,0.18749,0.18782,0.02,0.02
2013.06.28 02:37:04.669,0.18751,0.1879,0.03,0.02
2013.06.28 02:37:04.856,0.18749,0.18786,0.02,0.02
2013.06.28 02:37:05.417,0.18757,0.18796,0.02,0.02
2013.06.28 02:37:05.626,0.18755,0.18792,0.03,0.02
2013.06.28 02:37:06.186,0.18756,0.18786,0.02,0.02
2013.06.28 02:37:06.407,0.18758,0.18795,0.02,0.02
2013.06.28 02:37:06.746,0.18755,0.18792,0.02,0.02
2013.06.28 02:37:07.375,0.18755,0.18786,0.02,0.02
2013.06.28 02:37:08.054,0.18754,0.18787,0.02,0.03
2013.06.28 02:37:08.646,0.18753,0.18791,0.02,0.02
2013.06.28 02:37:09.048,0.18744,0.18781,0.02,0.02
2013.06.28 02:37:09.196,0.18749,0.18786,0.02,0.03
2013.06.28 02:37:09.586,0.18744,0.18777,0.02,0.02
2013.06.28 02:37:09.996,0.18746,0.18785,0.02,0.02
2013.06.28 02:37:10.556,0.18746,0.18778,0.02,0.02
2013.06.28 02:37:11.896,0.18746,0.1878,0.02,0.02
2013.06.28 02:37:11.956,0.18748,0.18786,0.02,0.02
2013.06.28 02:37:13.516,0.18744,0.18781,0.02,0.02
2013.06.28 02:37:14.536,0.18748,0.18782,0.02,0.02
2013.06.28 02:37:14.815,0.18752,0.1879,0.02,0.02
2013.06.28 02:37:16.076,0.18753,0.18788,0.02,0.02
2013.06.28 02:37:16.457,0.18755,0.1879,0.02,0.02
2013.06.28 02:37:16.962,0.1875,0.1879,0.02,0.02
2013.06.28 02:37:17.136,0.18754,0.18793,0.02,0.02
2013.06.28 02:37:17.478,0.18749,0.18782,0.02,0.02
2013.06.28 02:37:17.596,0.18751,0.18788,0.02,0.02
2013.06.28 02:37:17.784,0.1875,0.18786,0.02,0.02
2013.06.28 02:37:18.095,0.18749,0.18782,0.02,0.02
2013.06.28 02:37:18.156,0.18751,0.18789,0.02,0.02
2013.06.28 02:37:18.509,0.18752,0.18783,0.02,0.02
2013.06.28 02:37:19.112,0.1875,0.18782,0.02,0.02
2013.06.28 02:37:19.764,0.18754,0.18792,0.02,0.02
2013.06.28 02:37:20.188,0.18753,0.18791,0.02,0.02
2013.06.28 02:37:21.987,0.18756,0.18794,0.02,0.02
2013.06.28 02:37:26.197,0.18753,0.18786,0.02,0.02
2013.06.28 02:37:26.556,0.18754,0.18792,0.02,0.02
2013.06.28 02:37:26.616,0.1875,0.18782,0.02,0.02
2013.06.28 02:37:26.697,0.18752,0.18789,0.02,0.02
2013.06.28 02:37:27.096,0.1875,0.18786,0.02,0.02
2013.06.28 02:37:27.623,0.18749,0.18782,0.02,0.02
2013.06.28 02:37:29.346,0.18751,0.18789,0.02,0.02
2013.06.28 02:37:29.627,0.18751,0.18782,0.02,0.02
2013.06.28 02:37:29.686,0.18752,0.1879,0.02,0.02
2013.06.28 02:37:30.037,0.18757,0.18795,0.02,0.02
2013.06.28 02:37:30.278,0.18756,0.18793,0.02,0.02
2013.06.28 02:37:30.396,0.18758,0.18796,0.02,0.02
2013.06.28 02:37:30.616,0.18756,0.18793,0.02,0.02
2013.06.28 02:37:30.736,0.1876,0.18798,0.02,0.03
2013.06.28 02:37:31.320,0.18758,0.1879,0.02,0.02
2013.06.28 02:37:31.377,0.18755,0.18786,0.02,0.02
2013.06.28 02:37:31.737,0.18759,0.1879,0.02,0.02
2013.06.28 02:37:32.057,0.1876,0.18798,0.02,0.02
2013.06.28 02:37:32.528,0.18761,0.18796,0.02,0.02
2013.06.28 02:37:32.586,0.18765,0.18804,0.03,0.02
2013.06.28 02:37:32.726,0.18761,0.18797,0.02,0.02
2013.06.28 02:37:32.846,0.18763,0.18797,0.02,0.02
2013.06.28 02:37:33.206,0.18763,0.18802,0.02,0.02
2013.06.28 02:37:33.574,0.18759,0.18798,0.02,0.02
2013.06.28 02:37:34.271,0.18759,0.18792,0.02,0.02
2013.06.28 02:37:34.678,0.18761,0.188,0.02,0.02
2013.06.28 02:37:35.027,0.18763,0.18801,0.02,0.02
2013.06.28 02:37:35.086,0.1876,0.18793,0.02,0.02
2013.06.28 02:37:35.606,0.18759,0.18792,0.02,0.02
2013.06.28 02:37:35.846,0.18761,0.18793,0.02,0.02
2013.06.28 02:37:35.906,0.18763,0.18801,0.02,0.02
2013.06.28 02:37:36.706,0.18759,0.18792,0.02,0.02
2013.06.28 02:37:38.596,0.18759,0.18792,0.02,0.02
2013.06.28 02:37:39.405,0.18764,0.18803,0.02,0.02
2013.06.28 02:37:39.916,0.18761,0.18796,0.02,0.02
2013.06.28 02:37:39.989,0.18764,0.18796,0.02,0.02
2013.06.28 02:37:41.786,0.18765,0.18803,0.02,0.02
2013.06.28 02:37:41.846,0.18759,0.18796,0.02,0.02
2013.06.28 02:37:42.147,0.18764,0.18796,0.02,0.02
2013.06.28 02:37:42.276,0.18761,0.18792,0.02,0.02
2013.06.28 02:37:42.884,0.1876,0.18791,0.02,0.02
2013.06.28 02:37:42.959,0.18764,0.18797,0.02,0.02
2013.06.28 02:37:43.528,0.18769,0.18807,0.02,0.02
2013.06.28 02:37:44.068,0.18765,0.18796,0.02,0.02
2013.06.28 02:37:44.456,0.18772,0.1881,0.02,0.02
2013.06.28 02:37:44.577,0.18771,0.18808,0.02,0.02
2013.06.28 02:37:44.638,0.18774,0.18811,0.02,0.02
2013.06.28 02:37:44.697,0.18774,0.18807,0.03,0.02
2013.06.28 02:37:44.756,0.18774,0.18808,0.02,0.03
2013.06.28 02:37:45.133,0.18778,0.18815,0.02,0.02
2013.06.28 02:37:45.925,0.18774,0.18806,0.02,0.02
2013.06.28 02:37:46.484,0.18775,0.18806,0.02,0.02
2013.06.28 02:37:46.596,0.18774,0.18806,0.02,0.02
2013.06.28 02:37:46.721,0.1878,0.18816,0.02,0.02
2013.06.28 02:37:47.375,0.1878,0.1881,0.02,0.02
2013.06.28 02:37:48.627,0.18781,0.18819,0.02,0.02
2013.06.28 02:37:48.801,0.1878,0.18815,0.02,0.02
2013.06.28 02:37:48.957,0.18782,0.1882,0.02,0.02
2013.06.28 02:37:49.176,0.1878,0.18818,0.02,0.02
2013.06.28 02:37:49.417,0.18786,0.18825,0.02,0.02
2013.06.28 02:37:49.476,0.18785,0.18823,0.03,0.02
2013.06.28 02:37:49.536,0.18789,0.18823,0.02,0.02
2013.06.28 02:37:49.677,0.1879,0.18827,0.02,0.02
2013.06.28 02:37:50.034,0.18793,0.18831,0.02,0.02
2013.06.28 02:37:50.086,0.18789,0.18826,0.02,0.02
2013.06.28 02:37:50.146,0.18792,0.18831,0.02,0.02
2013.06.28 02:37:50.780,0.18789,0.18825,0.02,0.02
2013.06.28 02:37:51.108,0.1879,0.18827,0.02,0.02
2013.06.28 02:37:51.662,0.18789,0.18822,0.03,0.02
2013.06.28 02:37:51.987,0.1879,0.18822,0.02,0.02
2013.06.28 02:37:52.685,0.18788,0.18821,0.02,0.02
2013.06.28 02:37:52.760,0.1879,0.18827,0.03,0.02
2013.06.28 02:37:53.066,0.18781,0.18817,0.02,0.02
2013.06.28 02:37:53.126,0.18788,0.18826,0.02,0.02
2013.06.28 02:37:53.199,0.18784,0.1882,0.02,0.02
2013.06.28 02:37:53.711,0.18783,0.18817,0.02,0.02
2013.06.28 02:37:54.293,0.18785,0.1882,0.02,0.02
2013.06.28 02:37:54.856,0.18783,0.18821,0.02,0.02
2013.06.28 02:37:54.945,0.18783,0.18816,0.02,0.02
2013.06.28 02:37:55.066,0.18784,0.18822,0.02,0.02
2013.06.28 02:37:55.186,0.18781,0.1882,0.03,0.02
2013.06.28 02:37:55.838,0.18785,0.18823,0.02,0.02
2013.06.28 02:37:56.106,0.18785,0.18816,0.02,0.02
2013.06.28 02:37:58.066,0.18785,0.18817,0.02,0.02
2013.06.28 02:37:58.217,0.18784,0.18817,0.02,0.02
2013.06.28 02:37:58.276,0.18784,0.1882,0.02,0.02
2013.06.28 02:37:58.619,0.18788,0.1882,0.02,0.02
2013.06.28 02:37:59.004,0.1879,0.18829,0.03,0.02
2013.06.28 02:37:59.176,0.18787,0.18817,0.02,0.02
2013.06.28 02:37:59.724,0.18787,0.18825,0.02,0.02
2013.06.28 02:38:00.456,0.18785,0.1882,0.02,0.02
2013.06.28 02:38:01.816,0.18788,0.18826,0.02,0.02
2013.06.28 02:38:02.711,0.18785,0.18817,0.02,0.02
2013.06.28 02:38:03.095,0.1879,0.18828,0.02,0.02
2013.06.28 02:38:03.931,0.1879,0.18822,0.02,0.02
2013.06.28 02:38:04.445,0.18788,0.1882,0.02,0.02
2013.06.28 02:38:04.767,0.18783,0.18821,0.02,0.02
2013.06.28 02:38:05.279,0.18779,0.18812,0.02,0.02
2013.06.28 02:38:06.427,0.18784,0.18816,0.02,0.02
2013.06.28 02:38:06.546,0.18786,0.18822,0.02,0.02
2013.06.28 02:38:06.886,0.18784,0.18816,0.02,0.02
2013.06.28 02:38:07.427,0.18785,0.18816,0.02,0.02
2013.06.28 02:38:07.967,0.18784,0.18816,0.02,0.02
2013.06.28 02:38:08.307,0.18784,0.18821,0.02,0.03
2013.06.28 02:38:08.938,0.18779,0.18816,0.02,0.03
2013.06.28 02:38:10.476,0.18775,0.18811,0.02,0.02
2013.06.28 02:38:10.661,0.1878,0.18819,0.02,0.02
2013.06.28 02:38:11.433,0.18776,0.18812,0.02,0.02
2013.06.28 02:38:12.113,0.18779,0.18817,0.02,0.04
2013.06.28 02:38:14.546,0.18775,0.18811,0.02,0.02
2013.06.28 02:38:16.448,0.18776,0.18812,0.02,0.02
2013.06.28 02:38:17.058,0.18775,0.1881,0.02,0.02
2013.06.28 02:38:18.946,0.1877,0.18807,0.03,0.02
2013.06.28 02:38:19.077,0.18777,0.18815,0.02,0.02
2013.06.28 02:38:19.276,0.1877,0.18803,0.02,0.02
2013.06.28 02:38:19.406,0.18774,0.18812,0.02,0.02
2013.06.28 02:38:19.526,0.18772,0.1881,0.02,0.02
2013.06.28 02:38:20.389,0.18769,0.18802,0.02,0.02
2013.06.28 02:38:21.366,0.18774,0.18812,0.02,0.02
2013.06.28 02:38:21.666,0.18781,0.18819,0.02,0.02
2013.06.28 02:38:21.726,0.18772,0.18811,0.02,0.02
2013.06.28 02:38:21.817,0.18764,0.18801,0.02,0.02
2013.06.28 02:38:21.937,0.1877,0.18809,0.02,0.02
2013.06.28 02:38:22.533,0.18764,0.18797,0.02,0.02
2013.06.28 02:38:23.046,0.18768,0.18807,0.02,0.02
2013.06.28 02:38:23.615,0.18765,0.18797,0.02,0.02
2013.06.28 02:38:24.417,0.18762,0.18793,0.02,0.02
2013.06.28 02:38:24.537,0.18766,0.18803,0.02,0.02
2013.06.28 02:38:25.483,0.1876,0.18792,0.02,0.02
2013.06.28 02:38:26.466,0.1876,0.18792,0.02,0.02
2013.06.28 02:38:28.020,0.1876,0.18796,0.03,0.02
2013.06.28 02:38:30.047,0.18768,0.18803,0.02,0.02
2013.06.28 02:38:30.227,0.18774,0.18812,0.02,0.02
2013.06.28 02:38:30.297,0.18771,0.18809,0.03,0.02
2013.06.28 02:38:32.052,0.18768,0.18802,0.02,0.02
2013.06.28 02:38:32.165,0.18773,0.18811,0.02,0.02
2013.06.28 02:38:32.580,0.1877,0.18802,0.02,0.02
2013.06.28 02:38:32.707,0.18771,0.18806,0.02,0.02
2013.06.28 02:38:32.817,0.18774,0.18813,0.02,0.02
2013.06.28 02:38:33.256,0.18776,0.18814,0.02,0.02
2013.06.28 02:38:34.482,0.18776,0.18813,0.02,0.02
2013.06.28 02:38:34.596,0.18778,0.18817,0.02,0.02
2013.06.28 02:38:35.204,0.18776,0.18817,0.02,0.02
2013.06.28 02:38:36.656,0.18783,0.18821,0.02,0.02
2013.06.28 02:38:36.897,0.1878,0.18817,0.02,0.02
2013.06.28 02:38:36.974,0.18784,0.18822,0.02,0.02
2013.06.28 02:38:37.527,0.18787,0.18826,0.02,0.02
2013.06.28 02:38:37.647,0.18785,0.18823,0.02,0.02
2013.06.28 02:38:37.766,0.18789,0.18827,0.02,0.02
2013.06.28 02:38:40.056,0.18792,0.1883,0.02,0.02
2013.06.28 02:38:40.696,0.18785,0.18824,0.02,0.02
2013.06.28 02:38:40.757,0.18788,0.18827,0.02,0.02
2013.06.28 02:38:41.147,0.1879,0.18829,0.02,0.02
2013.06.28 02:38:41.597,0.18793,0.18831,0.02,0.02
2013.06.28 02:38:42.106,0.18789,0.18826,0.02,0.02
2013.06.28 02:38:42.934,0.18793,0.18831,0.02,0.02
2013.06.28 02:38:43.117,0.18791,0.18828,0.02,0.02
2013.06.28 02:38:43.236,0.18789,0.18832,0.02,0.02
2013.06.28 02:38:43.557,0.18794,0.18827,0.02,0.02
2013.06.28 02:38:43.677,0.18794,0.18827,0.02,0.03
2013.06.28 02:38:43.736,0.18794,0.18826,0.02,0.02
2013.06.28 02:38:43.796,0.18796,0.18833,0.03,0.02
2013.06.28 02:38:44.097,0.18796,0.1883,0.02,0.03
2013.06.28 02:38:44.217,0.18798,0.18834,0.02,0.02
2013.06.28 02:38:44.337,0.18796,0.1883,0.02,0.03
2013.06.28 02:38:44.457,0.18798,0.18835,0.02,0.02
2013.06.28 02:38:45.007,0.18801,0.18839,0.02,0.02
2013.06.28 02:38:45.417,0.18799,0.18833,0.02,0.02
2013.06.28 02:38:45.536,0.18801,0.18838,0.02,0.02
2013.06.28 02:38:45.853,0.188,0.18835,0.02,0.02
2013.06.28 02:38:46.912,0.18805,0.18837,0.03,0.02
2013.06.28 02:38:47.262,0.18806,0.18841,0.02,0.02
2013.06.28 02:38:47.596,0.18807,0.18843,0.02,0.02
2013.06.28 02:38:48.138,0.18805,0.18837,0.03,0.03
2013.06.28 02:38:49.506,0.18804,0.18835,0.03,0.02
2013.06.28 02:38:50.184,0.18805,0.18837,0.03,0.03
2013.06.28 02:38:51.166,0.18809,0.18841,0.02,0.02
2013.06.28 02:38:51.227,0.18809,0.18843,0.02,0.02
2013.06.28 02:38:52.178,0.18811,0.18849,0.03,0.02
2013.06.28 02:38:53.161,0.18808,0.18846,0.02,0.02
2013.06.28 02:38:53.806,0.18809,0.18842,0.02,0.02
2013.06.28 02:38:54.411,0.18809,0.18841,0.02,0.02
2013.06.28 02:38:54.487,0.18811,0.18848,0.03,0.02
2013.06.28 02:38:55.554,0.18811,0.18841,0.02,0.02
2013.06.28 02:38:56.010,0.1881,0.18846,0.02,0.02
2013.06.28 02:38:56.973,0.18809,0.18842,0.02,0.02
2013.06.28 02:38:57.106,0.1881,0.18848,0.02,0.02
2013.06.28 02:38:57.326,0.18816,0.18851,0.02,0.02
2013.06.28 02:38:57.387,0.18816,0.18852,0.02,0.03
2013.06.28 02:38:57.446,0.18819,0.18855,0.02,0.02
2013.06.28 02:38:57.928,0.18815,0.18852,0.02,0.02
2013.06.28 02:38:58.428,0.18816,0.18853,0.02,0.02
2013.06.28 02:38:58.588,0.18812,0.18851,0.02,0.02
2013.06.28 02:38:58.707,0.18816,0.18853,0.02,0.02
2013.06.28 02:38:58.827,0.18815,0.18846,0.03,0.02
2013.06.28 02:38:58.886,0.1882,0.18858,0.02,0.02
2013.06.28 02:38:59.177,0.18816,0.18851,0.02,0.02
2013.06.28 02:38:59.236,0.18819,0.18856,0.02,0.03
2013.06.28 02:39:00.448,0.18815,0.18846,0.03,0.02
2013.06.28 02:39:00.566,0.18816,0.18851,0.02,0.02
2013.06.28 02:39:00.687,0.18816,0.18855,0.03,0.02
2013.06.28 02:39:00.746,0.18816,0.18848,0.02,0.02
2013.06.28 02:39:00.949,0.18816,0.18853,0.02,0.02
2013.06.28 02:39:01.169,0.18815,0.18849,0.02,0.02
2013.06.28 02:39:01.499,0.18817,0.18855,0.02,0.02
2013.06.28 02:39:02.307,0.18815,0.18846,0.03,0.02
2013.06.28 02:39:03.084,0.18808,0.1884,0.02,0.02
2013.06.28 02:39:03.899,0.1881,0.18847,0.02,0.02
2013.06.28 02:39:05.532,0.1881,0.18848,0.03,0.02
2013.06.28 02:39:05.972,0.1881,0.18847,0.02,0.02
2013.06.28 02:39:07.126,0.18809,0.18848,0.02,0.02
2013.06.28 02:39:07.186,0.18807,0.18845,0.02,0.02
2013.06.28 02:39:08.107,0.18803,0.18837,0.02,0.02
2013.06.28 02:39:08.193,0.18804,0.18836,0.02,0.02
2013.06.28 02:39:10.543,0.18807,0.18837,0.02,0.02
2013.06.28 02:39:11.017,0.1881,0.18849,0.03,0.02
2013.06.28 02:39:11.730,0.18811,0.18848,0.02,0.02
2013.06.28 02:39:11.786,0.1881,0.18842,0.02,0.02
2013.06.28 02:39:11.888,0.18812,0.18851,0.02,0.02
2013.06.28 02:39:11.996,0.18811,0.18847,0.02,0.02
2013.06.28 02:39:13.067,0.18814,0.18847,0.02,0.02
2013.06.28 02:39:13.128,0.18814,0.18849,0.02,0.02
2013.06.28 02:39:13.307,0.18817,0.18854,0.02,0.02
2013.06.28 02:39:13.687,0.18815,0.18846,0.02,0.02
2013.06.28 02:39:13.807,0.18819,0.18856,0.02,0.03
2013.06.28 02:39:15.091,0.18819,0.18851,0.02,0.02
2013.06.28 02:39:15.336,0.1882,0.18858,0.03,0.03
2013.06.28 02:39:16.104,0.18821,0.18859,0.02,0.02
2013.06.28 02:39:16.418,0.18814,0.18847,0.02,0.02
2013.06.28 02:39:17.035,0.18816,0.18847,0.02,0.02
2013.06.28 02:39:17.157,0.18819,0.18857,0.02,0.02
2013.06.28 02:39:17.727,0.1882,0.18858,0.02,0.03
2013.06.28 02:39:18.486,0.1882,0.18851,0.02,0.02
2013.06.28 02:39:19.206,0.18816,0.18853,0.02,0.03
2013.06.28 02:39:19.266,0.18814,0.18852,0.02,0.02
2013.06.28 02:39:19.637,0.18812,0.18843,0.02,0.02
2013.06.28 02:39:20.334,0.18811,0.18847,0.02,0.02
2013.06.28 02:39:21.007,0.18815,0.18851,0.02,0.02
2013.06.28 02:39:21.246,0.18812,0.18848,0.02,0.02
2013.06.28 02:39:21.833,0.18809,0.18845,0.02,0.02
2013.06.28 02:39:22.386,0.18809,0.18847,0.02,0.02
2013.06.28 02:39:23.067,0.18809,0.18843,0.02,0.02
2013.06.28 02:39:23.126,0.18811,0.18848,0.02,0.03
2013.06.28 02:39:23.853,0.18811,0.18843,0.02,0.02
2013.06.28 02:39:24.207,0.18805,0.18844,0.02,0.02
2013.06.28 02:39:24.507,0.1881,0.18843,0.02,0.02
2013.06.28 02:39:24.627,0.18811,0.18849,0.02,0.02
2013.06.28 02:39:24.710,0.1881,0.18843,0.03,0.02
2013.06.28 02:39:25.239,0.1881,0.18844,0.02,0.02
2013.06.28 02:39:25.309,0.18812,0.18846,0.02,0.02
2013.06.28 02:39:25.816,0.1881,0.18847,0.02,0.02
2013.06.28 02:39:26.177,0.18813,0.18851,0.02,0.02
2013.06.28 02:39:26.477,0.1881,0.18849,0.02,0.02
2013.06.28 02:39:26.968,0.18809,0.18845,0.02,0.03
2013.06.28 02:39:27.357,0.1881,0.18848,0.02,0.02
2013.06.28 02:39:28.329,0.1881,0.18841,0.02,0.02
2013.06.28 02:39:28.887,0.18814,0.18853,0.02,0.02
2013.06.28 02:39:29.107,0.18812,0.1885,0.02,0.03
2013.06.28 02:39:29.997,0.18809,0.18841,0.02,0.02
2013.06.28 02:39:30.616,0.18813,0.18851,0.02,0.02
2013.06.28 02:39:31.506,0.18815,0.18847,0.02,0.02
2013.06.28 02:39:31.578,0.18816,0.18852,0.02,0.03
2013.06.28 02:39:31.886,0.18821,0.18856,0.02,0.02
2013.06.28 02:39:32.437,0.18822,0.1886,0.02,0.03
2013.06.28 02:39:32.511,0.18821,0.18856,0.02,0.02
2013.06.28 02:39:32.627,0.18822,0.1886,0.02,0.03
2013.06.28 02:39:32.946,0.18814,0.18846,0.02,0.02
2013.06.28 02:39:33.007,0.18817,0.18855,0.02,0.02
2013.06.28 02:39:33.177,0.18816,0.18852,0.02,0.03
2013.06.28 02:39:33.790,0.18812,0.18846,0.02,0.02
2013.06.28 02:39:34.411,0.1881,0.18846,0.02,0.03
2013.06.28 02:39:34.650,0.18818,0.18854,0.02,0.02
2013.06.28 02:39:35.367,0.18815,0.18847,0.02,0.02
2013.06.28 02:39:36.047,0.18812,0.18847,0.02,0.03
2013.06.28 02:39:36.167,0.18816,0.18852,0.02,0.02
2013.06.28 02:39:36.287,0.18814,0.18852,0.02,0.02
2013.06.28 02:39:40.367,0.1881,0.18842,0.02,0.02
2013.06.28 02:39:42.096,0.18814,0.18847,0.03,0.03
2013.06.28 02:39:42.217,0.1882,0.18851,0.02,0.02
2013.06.28 02:39:43.527,0.1882,0.18851,0.02,0.02
2013.06.28 02:39:43.995,0.18822,0.18859,0.02,0.02
2013.06.28 02:39:44.248,0.18816,0.18852,0.03,0.02
2013.06.28 02:39:44.376,0.18815,0.18851,0.02,0.02
2013.06.28 02:39:45.458,0.18811,0.18843,0.02,0.02
2013.06.28 02:39:47.471,0.18809,0.18842,0.02,0.02
2013.06.28 02:39:47.897,0.18814,0.18847,0.03,0.02
2013.06.28 02:39:47.957,0.18818,0.18856,0.02,0.02
2013.06.28 02:39:48.077,0.18816,0.18854,0.02,0.02
2013.06.28 02:39:48.178,0.18819,0.18855,0.02,0.02
2013.06.28 02:39:48.811,0.18819,0.18851,0.02,0.02
2013.06.28 02:39:49.194,0.18821,0.18858,0.03,0.02
2013.06.28 02:39:49.706,0.18823,0.18861,0.02,0.02
2013.06.28 02:39:50.027,0.18821,0.18856,0.02,0.02
2013.06.28 02:39:50.687,0.18822,0.18859,0.02,0.02
2013.06.28 02:39:51.351,0.18821,0.18858,0.03,0.02
2013.06.28 02:39:51.677,0.18825,0.18861,0.02,0.03
2013.06.28 02:39:51.797,0.18826,0.1886,0.02,0.02
2013.06.28 02:39:51.901,0.18825,0.18857,0.02,0.02
2013.06.28 02:39:52.257,0.18831,0.18869,0.02,0.02
2013.06.28 02:39:52.437,0.1883,0.18867,0.03,0.02
2013.06.28 02:39:52.567,0.1883,0.18867,0.02,0.02
2013.06.28 02:39:52.882,0.18833,0.1887,0.02,0.02
2013.06.28 02:39:53.237,0.18825,0.18862,0.02,0.02
2013.06.28 02:39:53.417,0.1883,0.18867,0.02,0.02
2013.06.28 02:39:53.797,0.18828,0.18866,0.02,0.02
2013.06.28 02:39:54.107,0.18831,0.18869,0.02,0.02
2013.06.28 02:39:55.371,0.18833,0.18866,0.02,0.02
2013.06.28 02:39:55.427,0.18831,0.18868,0.02,0.02
2013.06.28 02:39:55.667,0.18838,0.18875,0.02,0.02
2013.06.28 02:39:55.847,0.18836,0.1887,0.02,0.02
2013.06.28 02:39:55.907,0.18835,0.18867,0.02,0.02
2013.06.28 02:39:56.257,0.1884,0.18878,0.02,0.02
2013.06.28 02:39:56.842,0.1884,0.18877,0.02,0.02
2013.06.28 02:39:57.573,0.18834,0.18867,0.02,0.02
2013.06.28 02:39:57.914,0.18843,0.18881,0.02,0.02
2013.06.28 02:39:58.542,0.18837,0.18868,0.02,0.02
2013.06.28 02:39:58.685,0.18838,0.18877,0.02,0.02
2013.06.28 02:39:59.675,0.18836,0.18875,0.02,0.02
2013.06.28 02:40:00.087,0.18825,0.18862,0.02,0.02
2013.06.28 02:40:00.147,0.18833,0.18871,0.02,0.02
2013.06.28 02:40:00.206,0.1883,0.18864,0.02,0.02
2013.06.28 02:40:00.627,0.18826,0.18862,0.02,0.02
2013.06.28 02:40:01.147,0.1883,0.18866,0.02,0.02
2013.06.28 02:40:01.954,0.18831,0.1887,0.02,0.02
2013.06.28 02:40:02.087,0.18824,0.18861,0.02,0.02
2013.06.28 02:40:02.207,0.18829,0.18868,0.02,0.02
2013.06.28 02:40:02.526,0.18825,0.18861,0.02,0.02
2013.06.28 02:40:02.842,0.18829,0.18866,0.02,0.02
2013.06.28 02:40:03.077,0.1883,0.18867,0.02,0.02
2013.06.28 02:40:03.267,0.18824,0.18861,0.02,0.02
2013.06.28 02:40:03.699,0.18824,0.18858,0.02,0.02
2013.06.28 02:40:04.273,0.18826,0.18864,0.03,0.02
2013.06.28 02:40:04.996,0.18823,0.1886,0.02,0.02
2013.06.28 02:40:05.117,0.18826,0.1886,0.02,0.02
2013.06.28 02:40:05.176,0.18828,0.18867,0.02,0.02
2013.06.28 02:40:05.714,0.18828,0.18866,0.02,0.02
2013.06.28 02:40:06.317,0.18828,0.18867,0.02,0.02
2013.06.28 02:40:06.637,0.18835,0.18867,0.02,0.02
2013.06.28 02:40:06.817,0.18837,0.18874,0.02,0.02
2013.06.28 02:40:06.977,0.18839,0.18876,0.02,0.02
2013.06.28 02:40:07.296,0.18838,0.18876,0.02,0.02
2013.06.28 02:40:07.837,0.18838,0.1888,0.02,0.02
2013.06.28 02:40:07.897,0.18841,0.18875,0.02,0.02
2013.06.28 02:40:07.957,0.18843,0.18881,0.02,0.02
2013.06.28 02:40:08.117,0.18839,0.18874,0.02,0.02
2013.06.28 02:40:08.177,0.18841,0.18876,0.02,0.02
2013.06.28 02:40:08.562,0.18847,0.18886,0.02,0.02
2013.06.28 02:40:09.064,0.18843,0.18879,0.02,0.02
2013.06.28 02:40:09.697,0.18844,0.18879,0.02,0.02
2013.06.28 02:40:10.137,0.18845,0.18884,0.02,0.02
2013.06.28 02:40:10.218,0.18844,0.18882,0.02,0.02
2013.06.28 02:40:10.322,0.18846,0.18884,0.02,0.02
2013.06.28 02:40:10.587,0.18844,0.18883,0.02,0.02
2013.06.28 02:40:10.647,0.18836,0.18871,0.02,0.02
2013.06.28 02:40:10.707,0.18842,0.1888,0.02,0.02
2013.06.28 02:40:10.767,0.18842,0.18879,0.02,0.02
2013.06.28 02:40:10.947,0.18836,0.18871,0.02,0.02
2013.06.28 02:40:11.477,0.1884,0.18873,0.03,0.02
2013.06.28 02:40:11.657,0.18837,0.18872,0.02,0.02
2013.06.28 02:40:11.973,0.18836,0.18872,0.02,0.02
2013.06.28 02:40:12.027,0.1884,0.18877,0.02,0.02
2013.06.28 02:40:12.467,0.18837,0.18875,0.02,0.02
2013.06.28 02:40:13.109,0.18837,0.1887,0.02,0.02
2013.06.28 02:40:13.227,0.1883,0.18867,0.02,0.02
2013.06.28 02:40:13.347,0.18836,0.18876,0.03,0.03
2013.06.28 02:40:13.467,0.18837,0.18877,0.03,0.02
2013.06.28 02:40:13.827,0.18836,0.18874,0.02,0.02
2013.06.28 02:40:14.177,0.18835,0.18866,0.02,0.02
2013.06.28 02:40:14.728,0.18836,0.18873,0.02,0.02
2013.06.28 02:40:14.847,0.18838,0.18875,0.02,0.02
2013.06.28 02:40:15.797,0.18838,0.18871,0.02,0.02
2013.06.28 02:40:16.047,0.18842,0.1888,0.02,0.02
2013.06.28 02:40:16.815,0.18842,0.18873,0.02,0.02
2013.06.28 02:40:17.136,0.18847,0.18884,0.02,0.02
2013.06.28 02:40:17.785,0.18847,0.18885,0.02,0.02
2013.06.28 02:40:18.484,0.18844,0.18879,0.02,0.02
2013.06.28 02:40:19.037,0.18841,0.18881,0.02,0.02
2013.06.28 02:40:19.804,0.18845,0.18883,0.02,0.02
2013.06.28 02:40:20.777,0.18842,0.1888,0.02,0.02
2013.06.28 02:40:21.155,0.18838,0.18874,0.02,0.02
2013.06.28 02:40:21.217,0.18842,0.1888,0.02,0.02
2013.06.28 02:40:21.747,0.18841,0.18879,0.02,0.02
2013.06.28 02:40:21.857,0.18837,0.18875,0.02,0.02
2013.06.28 02:40:22.564,0.18839,0.18877,0.02,0.02
2013.06.28 02:40:23.117,0.18836,0.18868,0.02,0.02
2013.06.28 02:40:23.895,0.18835,0.18868,0.02,0.02
2013.06.28 02:40:23.957,0.18829,0.18867,0.02,0.02
2013.06.28 02:40:24.077,0.18835,0.18872,0.02,0.02
2013.06.28 02:40:26.169,0.18826,0.18857,0.02,0.02
2013.06.28 02:40:26.486,0.18825,0.18856,0.02,0.02
2013.06.28 02:40:26.547,0.1883,0.18869,0.02,0.02
2013.06.28 02:40:26.607,0.18827,0.18857,0.02,0.02
2013.06.28 02:40:26.695,0.18824,0.18857,0.02,0.02
2013.06.28 02:40:27.797,0.18828,0.18864,0.02,0.02
2013.06.28 02:40:28.337,0.18823,0.18857,0.02,0.02
2013.06.28 02:40:28.617,0.1882,0.18853,0.02,0.02
2013.06.28 02:40:28.757,0.18823,0.18862,0.02,0.02
2013.06.28 02:40:29.382,0.1882,0.18853,0.02,0.02
2013.06.28 02:40:29.437,0.18821,0.18852,0.02,0.02
2013.06.28 02:40:29.767,0.18826,0.18865,0.02,0.02
2013.06.28 02:40:30.244,0.18829,0.18868,0.02,0.02
2013.06.28 02:40:30.905,0.18829,0.18868,0.02,0.02
2013.06.28 02:40:31.207,0.18828,0.18865,0.02,0.02
2013.06.28 02:40:31.417,0.18825,0.18862,0.02,0.02
2013.06.28 02:40:31.559,0.18819,0.18852,0.02,0.02
2013.06.28 02:40:31.797,0.18819,0.18852,0.02,0.02
2013.06.28 02:40:31.857,0.18821,0.18859,0.03,0.02
2013.06.28 02:40:32.197,0.18814,0.18851,0.02,0.02
2013.06.28 02:40:32.317,0.18821,0.18858,0.02,0.02
2013.06.28 02:40:32.657,0.18823,0.18861,0.02,0.02
2013.06.28 02:40:32.998,0.18819,0.18854,0.02,0.02
2013.06.28 02:40:33.297,0.18825,0.18864,0.02,0.02
2013.06.28 02:40:33.737,0.18819,0.18852,0.02,0.02
2013.06.28 02:40:34.325,0.18816,0.18852,0.02,0.02
2013.06.28 02:40:34.387,0.18822,0.18859,0.02,0.02
2013.06.28 02:40:34.528,0.18822,0.18852,0.02,0.02
2013.06.28 02:40:34.827,0.18823,0.18861,0.02,0.02
2013.06.28 02:40:35.181,0.18825,0.18858,0.02,0.02
2013.06.28 02:40:35.576,0.18827,0.18866,0.02,0.02
2013.06.28 02:40:35.767,0.18825,0.18863,0.02,0.02
2013.06.28 02:40:36.709,0.18816,0.18852,0.02,0.02
2013.06.28 02:40:36.869,0.18823,0.18861,0.02,0.02
2013.06.28 02:40:37.139,0.1882,0.18858,0.02,0.02
2013.06.28 02:40:37.198,0.18823,0.18861,0.02,0.02
2013.06.28 02:40:37.787,0.18825,0.18864,0.02,0.02
2013.06.28 02:40:38.107,0.18819,0.18857,0.02,0.02
2013.06.28 02:40:38.317,0.18821,0.18858,0.02,0.02
2013.06.28 02:40:38.945,0.1882,0.18857,0.02,0.02
2013.06.28 02:40:39.177,0.18819,0.18851,0.02,0.02
2013.06.28 02:40:39.417,0.18824,0.18862,0.02,0.02
2013.06.28 02:40:39.940,0.1883,0.18868,0.02,0.02
2013.06.28 02:40:40.497,0.18825,0.18856,0.02,0.02
2013.06.28 02:40:40.647,0.18827,0.18866,0.02,0.02
2013.06.28 02:40:41.107,0.18824,0.18863,0.02,0.02
2013.06.28 02:40:41.167,0.18815,0.18852,0.02,0.02
2013.06.28 02:40:41.318,0.18815,0.18852,0.02,0.02
2013.06.28 02:40:41.437,0.18819,0.18857,0.02,0.02
2013.06.28 02:40:42.265,0.18817,0.18856,0.02,0.02
2013.06.28 02:40:43.022,0.18814,0.18847,0.02,0.02
2013.06.28 02:40:43.297,0.18819,0.18857,0.02,0.02
2013.06.28 02:40:43.757,0.18813,0.18846,0.02,0.02
2013.06.28 02:40:43.818,0.18817,0.18855,0.02,0.02
2013.06.28 02:40:44.464,0.18819,0.18857,0.02,0.02
2013.06.28 02:40:45.018,0.18815,0.18848,0.02,0.02
2013.06.28 02:40:45.583,0.18813,0.18846,0.02,0.02
2013.06.28 02:40:46.108,0.18816,0.18854,0.02,0.02
2013.06.28 02:40:46.637,0.1881,0.18841,0.02,0.02
2013.06.28 02:40:47.043,0.18807,0.18842,0.02,0.02
2013.06.28 02:40:47.227,0.18814,0.18853,0.02,0.02
2013.06.28 02:40:47.347,0.18812,0.1885,0.02,0.02
2013.06.28 02:40:47.944,0.18809,0.18842,0.02,0.02
2013.06.28 02:40:48.589,0.18807,0.18838,0.02,0.02
2013.06.28 02:40:49.121,0.18805,0.18838,0.02,0.02
2013.06.28 02:40:50.565,0.18806,0.18837,0.02,0.02
2013.06.28 02:40:50.712,0.1881,0.18847,0.02,0.02
2013.06.28 02:40:51.077,0.18806,0.18841,0.02,0.02
2013.06.28 02:40:51.262,0.18812,0.1885,0.02,0.02
2013.06.28 02:40:54.087,0.18809,0.18843,0.02,0.02
2013.06.28 02:40:54.541,0.18814,0.18853,0.02,0.02
2013.06.28 02:40:55.068,0.18811,0.18848,0.02,0.02
2013.06.28 02:40:55.127,0.18811,0.1885,0.02,0.02
2013.06.28 02:40:55.456,0.18815,0.18853,0.02,0.02
2013.06.28 02:40:55.757,0.18814,0.18852,0.02,0.02
2013.06.28 02:40:56.313,0.18809,0.18842,0.02,0.02
2013.06.28 02:40:57.027,0.18812,0.1885,0.02,0.02
2013.06.28 02:40:57.307,0.18812,0.18842,0.02,0.02
2013.06.28 02:40:57.487,0.18816,0.18854,0.02,0.02
2013.06.28 02:40:57.868,0.18813,0.18852,0.02,0.02
2013.06.28 02:40:58.087,0.1881,0.18843,0.02,0.02
2013.06.28 02:40:58.267,0.18816,0.18854,0.02,0.02
2013.06.28 02:40:58.986,0.1881,0.1885,0.02,0.02
2013.06.28 02:41:02.087,0.18817,0.18856,0.02,0.02
2013.06.28 02:41:02.437,0.18811,0.18843,0.02,0.02
2013.06.28 02:41:02.617,0.18814,0.18853,0.02,0.02
2013.06.28 02:41:03.107,0.18812,0.18851,0.02,0.02
2013.06.28 02:41:04.027,0.18812,0.18844,0.02,0.02
2013.06.28 02:41:04.357,0.18816,0.18855,0.02,0.02
2013.06.28 02:41:05.157,0.18809,0.18842,0.02,0.02
2013.06.28 02:41:05.277,0.18814,0.18853,0.02,0.02
2013.06.28 02:41:05.727,0.18812,0.1885,0.02,0.02
2013.06.28 02:41:07.627,0.18809,0.18843,0.02,0.02
2013.06.28 02:41:07.848,0.18815,0.18852,0.02,0.02
2013.06.28 02:41:08.627,0.18808,0.18844,0.02,0.02
2013.06.28 02:41:08.687,0.18815,0.18846,0.02,0.02
2013.06.28 02:41:09.007,0.18818,0.18857,0.02,0.02
2013.06.28 02:41:09.067,0.18818,0.18853,0.02,0.02
2013.06.28 02:41:09.548,0.18823,0.18861,0.02,0.02
2013.06.28 02:41:10.067,0.1882,0.18854,0.02,0.02
2013.06.28 02:41:10.646,0.18823,0.18862,0.02,0.02
2013.06.28 02:41:11.147,0.18827,0.18865,0.02,0.02
2013.06.28 02:41:11.387,0.18825,0.18862,0.02,0.02
2013.06.28 02:41:11.572,0.18828,0.18867,0.02,0.02
2013.06.28 02:41:12.057,0.18826,0.18864,0.02,0.02
2013.06.28 02:41:12.231,0.18823,0.18861,0.02,0.02
2013.06.28 02:41:12.464,0.18814,0.18852,0.02,0.02
2013.06.28 02:41:12.777,0.1881,0.18846,0.02,0.02
2013.06.28 02:41:12.837,0.18817,0.18855,0.02,0.02
2013.06.28 02:41:13.037,0.18816,0.18852,0.02,0.02
2013.06.28 02:41:13.221,0.18819,0.18857,0.02,0.02
2013.06.28 02:41:14.034,0.18815,0.18851,0.02,0.02
2013.06.28 02:41:15.064,0.18815,0.18852,0.02,0.02
2013.06.28 02:41:15.917,0.18817,0.18855,0.02,0.02
2013.06.28 02:41:16.316,0.18815,0.18853,0.02,0.02
2013.06.28 02:41:16.907,0.18807,0.18842,0.02,0.02
2013.06.28 02:41:17.027,0.18814,0.18853,0.02,0.02
2013.06.28 02:41:17.178,0.18812,0.18851,0.02,0.02
2013.06.28 02:41:17.917,0.18806,0.18841,0.02,0.02
2013.06.28 02:41:18.039,0.18805,0.18837,0.02,0.02
2013.06.28 02:41:18.099,0.1881,0.18849,0.02,0.02
2013.06.28 02:41:19.808,0.18809,0.18847,0.02,0.02
2013.06.28 02:41:23.358,0.18805,0.18844,0.02,0.02
2013.06.28 02:41:23.867,0.18798,0.18832,0.02,0.02
2013.06.28 02:41:23.927,0.18804,0.18843,0.02,0.02
2013.06.28 02:41:26.408,0.18803,0.18841,0.02,0.02
2013.06.28 02:41:27.058,0.18803,0.18841,0.02,0.02
2013.06.28 02:41:27.473,0.188,0.18837,0.02,0.02
2013.06.28 02:41:27.648,0.18806,0.18844,0.02,0.02
2013.06.28 02:41:28.074,0.18796,0.18831,0.02,0.02
2013.06.28 02:41:28.187,0.18796,0.18831,0.02,0.02
2013.06.28 02:41:28.507,0.18802,0.18839,0.02,0.02
2013.06.28 02:41:30.128,0.18802,0.18833,0.02,0.02
2013.06.28 02:41:30.459,0.18805,0.18844,0.02,0.02
2013.06.28 02:41:30.960,0.18798,0.18834,0.02,0.02
2013.06.28 02:41:31.347,0.18804,0.18841,0.02,0.02
2013.06.28 02:41:32.228,0.18801,0.18837,0.02,0.02
2013.06.28 02:41:32.747,0.18805,0.18844,0.02,0.02
2013.06.28 02:41:33.873,0.18802,0.18833,0.02,0.02
2013.06.28 02:41:34.200,0.18796,0.18832,0.02,0.02
2013.06.28 02:41:34.407,0.18803,0.18841,0.02,0.02
2013.06.28 02:41:35.015,0.18796,0.18831,0.02,0.02
2013.06.28 02:41:35.557,0.18795,0.18827,0.02,0.02
2013.06.28 02:41:35.617,0.18799,0.18838,0.02,0.02
2013.06.28 02:41:35.737,0.18802,0.1884,0.02,0.02
2013.06.28 02:41:37.073,0.18794,0.18829,0.02,0.02
2013.06.28 02:41:38.101,0.18795,0.18828,0.02,0.02
2013.06.28 02:41:38.811,0.18794,0.18827,0.02,0.02
2013.06.28 02:41:41.290,0.18797,0.18836,0.02,0.02
2013.06.28 02:41:41.975,0.18795,0.18828,0.02,0.02
2013.06.28 02:41:44.907,0.18797,0.18828,0.02,0.02
2013.06.28 02:41:45.147,0.18803,0.18841,0.02,0.02
2013.06.28 02:41:45.357,0.188,0.18838,0.02,0.02
2013.06.28 02:41:46.109,0.18796,0.18831,0.02,0.02
2013.06.28 02:41:47.217,0.18788,0.1882,0.02,0.02
2013.06.28 02:41:47.277,0.18794,0.18832,0.02,0.03
2013.06.28 02:41:47.337,0.18792,0.18831,0.02,0.03
2013.06.28 02:41:50.611,0.18789,0.18822,0.02,0.03
2013.06.28 02:41:57.095,0.18785,0.18816,0.02,0.02
2013.06.28 02:41:57.297,0.18786,0.18825,0.02,0.02
2013.06.28 02:41:57.427,0.18785,0.18821,0.02,0.02
2013.06.28 02:41:57.985,0.18779,0.18816,0.02,0.03
2013.06.28 02:42:02.067,0.18786,0.18817,0.02,0.02
2013.06.28 02:42:02.138,0.1879,0.18829,0.02,0.02
2013.06.28 02:42:02.814,0.18785,0.18817,0.03,0.02
2013.06.28 02:42:03.137,0.18789,0.18825,0.02,0.02
2013.06.28 02:42:03.660,0.18787,0.18826,0.02,0.03
2013.06.28 02:42:04.377,0.18789,0.18828,0.02,0.02
2013.06.28 02:42:04.887,0.1879,0.18829,0.02,0.02
2013.06.28 02:42:04.948,0.18787,0.18817,0.02,0.02
2013.06.28 02:42:05.495,0.1879,0.18822,0.02,0.02
2013.06.28 02:42:05.927,0.1879,0.18826,0.02,0.02
2013.06.28 02:42:07.708,0.18791,0.18829,0.03,0.02
2013.06.28 02:42:08.749,0.18792,0.18831,0.02,0.02
2013.06.28 02:42:15.361,0.18791,0.18829,0.03,0.02
2013.06.28 02:42:16.062,0.18792,0.18831,0.02,0.02
2013.06.28 02:42:16.298,0.1879,0.18828,0.03,0.02
2013.06.28 02:42:16.562,0.18794,0.18832,0.02,0.02
2013.06.28 02:42:17.447,0.18794,0.18833,0.02,0.02
2013.06.28 02:42:19.427,0.18783,0.18817,0.02,0.02
2013.06.28 02:42:19.555,0.18789,0.18827,0.02,0.02
2013.06.28 02:42:19.898,0.18786,0.18824,0.02,0.02
2013.06.28 02:42:19.957,0.18779,0.18816,0.02,0.02
2013.06.28 02:42:20.324,0.18782,0.18821,0.02,0.02
2013.06.28 02:42:20.540,0.18782,0.18813,0.02,0.02
2013.06.28 02:42:20.787,0.18789,0.18827,0.02,0.02
2013.06.28 02:42:20.878,0.18786,0.18825,0.02,0.02
2013.06.28 02:42:21.865,0.18791,0.1883,0.02,0.02
2013.06.28 02:42:21.975,0.18787,0.18824,0.02,0.02
2013.06.28 02:42:22.098,0.1879,0.18828,0.02,0.02
2013.06.28 02:42:22.199,0.18787,0.18824,0.02,0.02
2013.06.28 02:42:22.304,0.18791,0.18829,0.02,0.02
2013.06.28 02:42:23.129,0.18784,0.18818,0.02,0.02
2013.06.28 02:42:23.189,0.18788,0.18827,0.02,0.02
2013.06.28 02:42:23.745,0.18784,0.18817,0.02,0.02
2013.06.28 02:42:24.637,0.1879,0.18829,0.02,0.02
2013.06.28 02:42:24.757,0.18786,0.18825,0.02,0.02
2013.06.28 02:42:24.817,0.18786,0.18823,0.02,0.02
2013.06.28 02:42:24.877,0.18791,0.18828,0.02,0.02
2013.06.28 02:42:24.948,0.18787,0.18824,0.02,0.02
2013.06.28 02:42:25.127,0.18792,0.1883,0.02,0.02
2013.06.28 02:42:25.665,0.1879,0.18826,0.02,0.02
2013.06.28 02:42:27.182,0.1879,0.18823,0.02,0.02
2013.06.28 02:42:27.918,0.1879,0.18826,0.02,0.02
2013.06.28 02:42:28.009,0.18794,0.18827,0.02,0.02
2013.06.28 02:42:28.167,0.18797,0.18835,0.02,0.02
2013.06.28 02:42:28.287,0.18795,0.18833,0.02,0.02
2013.06.28 02:42:28.347,0.188,0.18837,0.02,0.02
2013.06.28 02:42:28.797,0.18798,0.18836,0.02,0.02
2013.06.28 02:42:29.328,0.188,0.18837,0.02,0.02
2013.06.28 02:42:29.854,0.18797,0.18835,0.02,0.02
2013.06.28 02:42:30.667,0.18794,0.18835,0.02,0.02
2013.06.28 02:42:30.762,0.18798,0.18836,0.02,0.02
2013.06.28 02:42:31.237,0.18789,0.18822,0.02,0.02
2013.06.28 02:42:31.537,0.18787,0.18823,0.02,0.02
2013.06.28 02:42:33.117,0.18783,0.18822,0.02,0.02
2013.06.28 02:42:33.178,0.18791,0.18829,0.02,0.02
2013.06.28 02:42:33.238,0.18788,0.18821,0.02,0.02
2013.06.28 02:42:33.339,0.18794,0.18831,0.02,0.02
2013.06.28 02:42:33.397,0.18788,0.18821,0.02,0.02
2013.06.28 02:42:34.184,0.1879,0.18822,0.02,0.02
2013.06.28 02:42:34.846,0.18791,0.18821,0.02,0.02
2013.06.28 02:42:34.968,0.18797,0.18833,0.02,0.02
2013.06.28 02:42:35.262,0.18793,0.18832,0.02,0.02
2013.06.28 02:42:35.507,0.18788,0.18827,0.02,0.02
2013.06.28 02:42:35.817,0.18786,0.18824,0.04,0.02
2013.06.28 02:42:36.277,0.18784,0.18822,0.02,0.02
2013.06.28 02:42:39.013,0.18785,0.18818,0.02,0.02
2013.06.28 02:42:39.387,0.18788,0.18827,0.02,0.02
2013.06.28 02:42:39.877,0.18791,0.18829,0.02,0.02
2013.06.28 02:42:40.308,0.18786,0.18821,0.02,0.02
2013.06.28 02:42:40.525,0.18786,0.18825,0.03,0.02
2013.06.28 02:42:41.325,0.18785,0.18823,0.02,0.02
2013.06.28 02:42:42.217,0.18787,0.18826,0.02,0.02
2013.06.28 02:42:42.619,0.18792,0.1883,0.02,0.02
2013.06.28 02:42:42.839,0.18786,0.18825,0.02,0.02
2013.06.28 02:42:42.957,0.18792,0.1883,0.02,0.02
2013.06.28 02:42:43.700,0.18785,0.18817,0.02,0.02
2013.06.28 02:42:44.154,0.18789,0.18827,0.02,0.02
2013.06.28 02:42:44.223,0.1879,0.18822,0.02,0.02
2013.06.28 02:42:44.407,0.18797,0.18833,0.02,0.02
2013.06.28 02:42:44.489,0.1879,0.18824,0.02,0.02
2013.06.28 02:42:44.608,0.18791,0.18829,0.02,0.02
2013.06.28 02:42:45.687,0.18791,0.18828,0.03,0.02
2013.06.28 02:42:46.072,0.18791,0.18833,0.02,0.02
2013.06.28 02:42:46.816,0.1879,0.18833,0.02,0.02
2013.06.28 02:42:47.607,0.18796,0.18833,0.03,0.02
2013.06.28 02:42:47.727,0.18791,0.18828,0.03,0.02
2013.06.28 02:42:47.847,0.18795,0.18832,0.02,0.02
2013.06.28 02:42:48.176,0.18795,0.18826,0.03,0.02
2013.06.28 02:42:48.599,0.18796,0.18827,0.02,0.02
2013.06.28 02:42:48.718,0.18795,0.18826,0.02,0.02
2013.06.28 02:42:48.867,0.188,0.18836,0.02,0.02
2013.06.28 02:42:48.927,0.18795,0.18832,0.02,0.02
2013.06.28 02:42:49.047,0.18789,0.18821,0.02,0.02
2013.06.28 02:42:49.107,0.18793,0.18831,0.02,0.02
2013.06.28 02:42:49.687,0.18792,0.18831,0.02,0.02
2013.06.28 02:42:51.707,0.18792,0.18822,0.02,0.02
2013.06.28 02:42:52.065,0.18794,0.18833,0.02,0.02
2013.06.28 02:42:53.107,0.18788,0.18822,0.02,0.02
2013.06.28 02:42:53.288,0.1879,0.18829,0.04,0.02
2013.06.28 02:42:53.974,0.18784,0.18817,0.02,0.02
2013.06.28 02:42:54.588,0.18786,0.18818,0.02,0.02
2013.06.28 02:42:54.738,0.18791,0.1883,0.02,0.02
2013.06.28 02:42:56.137,0.18794,0.18831,0.02,0.02
2013.06.28 02:43:04.115,0.1879,0.18822,0.02,0.02
2013.06.28 02:43:04.488,0.18792,0.1883,0.02,0.02
2013.06.28 02:43:04.997,0.18786,0.18821,0.02,0.02
2013.06.28 02:43:07.807,0.18788,0.18826,0.02,0.02
2013.06.28 02:43:08.057,0.18786,0.18824,0.02,0.02
2013.06.28 02:43:08.988,0.1878,0.18812,0.02,0.02
2013.06.28 02:43:10.214,0.1878,0.18823,0.03,0.02
2013.06.28 02:43:11.148,0.1878,0.18817,0.02,0.02
2013.06.28 02:43:11.298,0.18783,0.18822,0.02,0.02
2013.06.28 02:43:11.717,0.18787,0.18826,0.02,0.02
2013.06.28 02:43:11.777,0.18781,0.18822,0.02,0.02
2013.06.28 02:43:12.479,0.18781,0.18817,0.02,0.02
2013.06.28 02:43:12.904,0.18781,0.18813,0.02,0.02
2013.06.28 02:43:13.087,0.18784,0.18823,0.02,0.02
2013.06.28 02:43:13.207,0.18787,0.18826,0.02,0.02
2013.06.28 02:43:14.112,0.1878,0.18817,0.02,0.02
2013.06.28 02:43:14.220,0.18781,0.18817,0.02,0.02
2013.06.28 02:43:15.124,0.1878,0.18812,0.02,0.02
2013.06.28 02:43:15.268,0.18782,0.18821,0.02,0.02
2013.06.28 02:43:17.386,0.18783,0.18822,0.02,0.02
2013.06.28 02:43:19.316,0.18776,0.18808,0.02,0.02
2013.06.28 02:43:19.527,0.1878,0.18813,0.02,0.02
2013.06.28 02:43:19.777,0.1878,0.18825,0.02,0.02
2013.06.28 02:43:20.050,0.18775,0.18814,0.02,0.02
2013.06.28 02:43:20.457,0.1878,0.18819,0.02,0.02
2013.06.28 02:43:20.893,0.18784,0.18823,0.02,0.02
2013.06.28 02:43:21.330,0.18782,0.18821,0.02,0.02
2013.06.28 02:43:21.552,0.1878,0.18818,0.02,0.02
2013.06.28 02:43:22.375,0.18775,0.18806,0.02,0.02
2013.06.28 02:43:22.539,0.18776,0.18807,0.02,0.02
2013.06.28 02:43:22.878,0.18782,0.1882,0.02,0.02
2013.06.28 02:43:24.217,0.18785,0.18824,0.02,0.02
2013.06.28 02:43:26.096,0.18779,0.1882,0.02,0.02
2013.06.28 02:43:26.157,0.18783,0.18821,0.02,0.02
2013.06.28 02:43:26.784,0.18782,0.1882,0.02,0.02
2013.06.28 02:43:27.168,0.18782,0.18824,0.02,0.02
2013.06.28 02:43:27.344,0.18785,0.18827,0.02,0.02
2013.06.28 02:43:28.157,0.1878,0.18822,0.02,0.02
2013.06.28 02:43:28.229,0.18783,0.18822,0.02,0.02
2013.06.28 02:43:28.557,0.18786,0.18824,0.02,0.02
2013.06.28 02:43:29.105,0.18779,0.18813,0.02,0.02
2013.06.28 02:43:30.368,0.18784,0.18823,0.02,0.02
2013.06.28 02:43:32.033,0.18778,0.18811,0.02,0.02
2013.06.28 02:43:32.545,0.1878,0.18813,0.02,0.02
2013.06.28 02:43:35.031,0.18782,0.1882,0.02,0.02
2013.06.28 02:43:35.774,0.18781,0.1882,0.03,0.02
2013.06.28 02:43:37.047,0.18776,0.18807,0.02,0.02
2013.06.28 02:43:37.776,0.1878,0.18818,0.02,0.02
2013.06.28 02:43:38.080,0.18771,0.18802,0.02,0.02
2013.06.28 02:43:38.319,0.18777,0.18815,0.02,0.02
2013.06.28 02:43:38.497,0.18774,0.18811,0.02,0.02
2013.06.28 02:43:39.106,0.1877,0.18802,0.02,0.02
2013.06.28 02:43:39.718,0.18771,0.18801,0.02,0.02
2013.06.28 02:43:40.619,0.18777,0.18813,0.02,0.02
2013.06.28 02:43:40.998,0.18772,0.18811,0.02,0.02
2013.06.28 02:43:41.505,0.18771,0.1881,0.04,0.02
2013.06.28 02:43:42.504,0.18771,0.18802,0.02,0.02
2013.06.28 02:43:43.557,0.18771,0.18801,0.03,0.02
2013.06.28 02:43:44.164,0.18772,0.18811,0.02,0.02
2013.06.28 02:43:44.835,0.18771,0.1881,0.04,0.02
2013.06.28 02:43:45.688,0.18776,0.18815,0.02,0.02
2013.06.28 02:43:46.127,0.18766,0.18796,0.02,0.02
2013.06.28 02:43:46.347,0.18766,0.18796,0.02,0.02
2013.06.28 02:43:46.887,0.1877,0.18806,0.02,0.02
2013.06.28 02:43:48.577,0.18764,0.18796,0.02,0.02
2013.06.28 02:43:48.638,0.18767,0.18805,0.02,0.02
2013.06.28 02:43:49.175,0.18761,0.18793,0.02,0.02
2013.06.28 02:43:50.011,0.18761,0.18792,0.02,0.02
2013.06.28 02:43:50.147,0.18771,0.18809,0.02,0.02
2013.06.28 02:43:50.267,0.18767,0.18805,0.02,0.02
2013.06.28 02:43:50.845,0.18761,0.18793,0.02,0.02
2013.06.28 02:43:51.505,0.18761,0.18792,0.02,0.02
2013.06.28 02:43:52.127,0.18761,0.18791,0.02,0.02
2013.06.28 02:43:52.247,0.18765,0.18802,0.02,0.02
2013.06.28 02:43:52.457,0.18767,0.18805,0.02,0.02
2013.06.28 02:43:53.184,0.18761,0.18793,0.02,0.02
2013.06.28 02:43:57.668,0.1876,0.18794,0.02,0.02
2013.06.28 02:43:57.776,0.18762,0.188,0.02,0.02
2013.06.28 02:44:00.677,0.18762,0.18793,0.02,0.02
2013.06.28 02:44:01.055,0.18768,0.18806,0.02,0.02
2013.06.28 02:44:04.797,0.1877,0.18808,0.02,0.02
2013.06.28 02:44:05.597,0.18761,0.18793,0.02,0.02
2013.06.28 02:44:05.717,0.18766,0.18805,0.02,0.02
2013.06.28 02:44:07.546,0.18768,0.18802,0.02,0.02
2013.06.28 02:44:07.908,0.18772,0.18811,0.02,0.02
2013.06.28 02:44:08.490,0.1877,0.18803,0.02,0.02
2013.06.28 02:44:09.024,0.18769,0.18803,0.02,0.02
2013.06.28 02:44:10.834,0.1877,0.18808,0.02,0.02
2013.06.28 02:44:11.228,0.18769,0.18812,0.02,0.02
2013.06.28 02:44:11.798,0.18776,0.18818,0.03,0.02
2013.06.28 02:44:12.167,0.18773,0.18821,0.02,0.02
2013.06.28 02:44:13.513,0.18783,0.18821,0.02,0.02
2013.06.28 02:44:13.687,0.18784,0.18823,0.02,0.02
2013.06.28 02:44:14.107,0.18789,0.18831,0.02,0.02
2013.06.28 02:44:14.832,0.18777,0.18808,0.02,0.02
2013.06.28 02:44:15.007,0.18781,0.18819,0.02,0.02
2013.06.28 02:44:15.538,0.18776,0.18814,0.02,0.02
2013.06.28 02:44:16.067,0.18777,0.18815,0.02,0.02
2013.06.28 02:44:16.127,0.18778,0.18817,0.02,0.02
2013.06.28 02:44:16.438,0.18781,0.1882,0.02,0.02
2013.06.28 02:44:16.848,0.1878,0.18818,0.02,0.02
2013.06.28 02:44:17.439,0.18778,0.18817,0.02,0.02
2013.06.28 02:44:17.687,0.18782,0.18821,0.02,0.02
2013.06.28 02:44:18.330,0.18781,0.18817,0.02,0.02
2013.06.28 02:44:18.738,0.18779,0.18819,0.02,0.02
2013.06.28 02:44:18.869,0.18783,0.18821,0.02,0.02
2013.06.28 02:44:19.407,0.1878,0.18819,0.02,0.02
2013.06.28 02:44:19.917,0.18779,0.18818,0.02,0.02
2013.06.28 02:44:20.387,0.18781,0.1882,0.02,0.02
2013.06.28 02:44:20.707,0.18784,0.18823,0.02,0.02
2013.06.28 02:44:20.798,0.18781,0.18819,0.03,0.02
2013.06.28 02:44:20.900,0.18784,0.18823,0.02,0.02
2013.06.28 02:44:21.558,0.1878,0.18818,0.03,0.02
2013.06.28 02:44:21.677,0.18786,0.18825,0.02,0.02
2013.06.28 02:44:21.778,0.18781,0.18819,0.02,0.02
2013.06.28 02:44:21.880,0.18786,0.18825,0.02,0.02
2013.06.28 02:44:22.237,0.18784,0.18823,0.02,0.02
2013.06.28 02:44:22.757,0.18777,0.18818,0.02,0.02
2013.06.28 02:44:23.199,0.18779,0.18818,0.02,0.02
2013.06.28 02:44:23.933,0.18775,0.18816,0.02,0.02
2013.06.28 02:44:25.067,0.18775,0.18808,0.02,0.02
2013.06.28 02:44:25.158,0.18776,0.18815,0.03,0.02
2013.06.28 02:44:25.598,0.18776,0.18813,0.02,0.02
2013.06.28 02:44:27.707,0.18772,0.18803,0.02,0.02
2013.06.28 02:44:27.830,0.18768,0.18802,0.02,0.02
2013.06.28 02:44:28.178,0.18772,0.18811,0.02,0.02
2013.06.28 02:44:28.239,0.18765,0.18798,0.02,0.02
2013.06.28 02:44:28.359,0.1877,0.18809,0.02,0.02
2013.06.28 02:44:28.963,0.18763,0.18797,0.02,0.02
2013.06.28 02:44:29.328,0.18767,0.18806,0.02,0.02
2013.06.28 02:44:31.000,0.18764,0.18798,0.02,0.02
2013.06.28 02:44:31.715,0.18763,0.18796,0.02,0.02
2013.06.28 02:44:32.520,0.1876,0.18792,0.02,0.02
2013.06.28 02:44:33.028,0.18761,0.18792,0.02,0.02
2013.06.28 02:44:33.087,0.18761,0.18796,0.02,0.02
2013.06.28 02:44:33.736,0.18767,0.18806,0.02,0.02
2013.06.28 02:44:33.797,0.1876,0.18791,0.02,0.02
2013.06.28 02:44:34.415,0.18766,0.18805,0.02,0.02
2013.06.28 02:44:34.567,0.1876,0.18798,0.03,0.02
2013.06.28 02:44:35.085,0.18767,0.18806,0.02,0.02
2013.06.28 02:44:35.207,0.18767,0.18798,0.02,0.02
2013.06.28 02:44:35.765,0.18767,0.18804,0.02,0.02
2013.06.28 02:44:37.047,0.1877,0.1881,0.02,0.02
2013.06.28 02:44:39.277,0.18769,0.18811,0.02,0.02
2013.06.28 02:44:39.597,0.1877,0.18806,0.02,0.02
2013.06.28 02:44:39.717,0.18771,0.1881,0.03,0.02
2013.06.28 02:44:40.025,0.18774,0.18811,0.02,0.02
2013.06.28 02:44:40.336,0.1878,0.18819,0.02,0.02
2013.06.28 02:44:41.476,0.18777,0.18815,0.02,0.02
2013.06.28 02:44:41.597,0.18778,0.18817,0.02,0.02
2013.06.28 02:44:42.517,0.1878,0.1882,0.02,0.02
2013.06.28 02:44:42.645,0.18785,0.18825,0.02,0.02
2013.06.28 02:44:43.002,0.18782,0.1882,0.02,0.02
2013.06.28 02:44:43.117,0.1878,0.18818,0.03,0.02
2013.06.28 02:44:43.311,0.18784,0.18823,0.02,0.02
2013.06.28 02:44:43.647,0.18781,0.18827,0.02,0.02
2013.06.28 02:44:44.321,0.18784,0.18827,0.02,0.02
2013.06.28 02:44:44.926,0.18786,0.18824,0.02,0.02
2013.06.28 02:44:46.051,0.18786,0.18821,0.02,0.02
2013.06.28 02:44:46.367,0.18784,0.18817,0.02,0.02
2013.06.28 02:44:46.427,0.18786,0.18823,0.03,0.02
2013.06.28 02:44:46.547,0.18793,0.18832,0.02,0.02
2013.06.28 02:44:46.718,0.1879,0.18829,0.03,0.02
2013.06.28 02:44:48.956,0.1879,0.1883,0.02,0.02
2013.06.28 02:44:49.177,0.18795,0.18835,0.02,0.02
2013.06.28 02:44:49.247,0.1879,0.1883,0.03,0.02
2013.06.28 02:44:49.353,0.18795,0.18835,0.02,0.02
2013.06.28 02:44:49.477,0.1879,0.1883,0.03,0.02
2013.06.28 02:44:49.573,0.18795,0.18835,0.02,0.02
2013.06.28 02:44:53.453,0.18792,0.18822,0.02,0.02
2013.06.28 02:44:53.627,0.1879,0.18827,0.02,0.02
2013.06.28 02:44:53.842,0.18794,0.18833,0.02,0.02
2013.06.28 02:44:54.164,0.18816,0.18846,0.02,0.02
2013.06.28 02:44:54.277,0.18811,0.18847,0.02,0.02
2013.06.28 02:44:54.388,0.18816,0.18851,0.02,0.02
2013.06.28 02:44:54.528,0.18816,0.18851,0.02,0.02
2013.06.28 02:44:54.591,0.18816,0.18846,0.02,0.02
2013.06.28 02:44:54.947,0.18815,0.18846,0.02,0.02
2013.06.28 02:44:55.927,0.18816,0.18848,0.02,0.02
2013.06.28 02:44:56.556,0.18815,0.18846,0.02,0.02
2013.06.28 02:44:57.627,0.18805,0.18837,0.02,0.02
2013.06.28 02:44:57.753,0.18805,0.18839,0.02,0.02
2013.06.28 02:44:57.819,0.18805,0.18837,0.02,0.02
2013.06.28 02:44:58.358,0.18796,0.18836,0.02,0.02
2013.06.28 02:44:58.567,0.18796,0.18836,0.02,0.02
2013.06.28 02:44:58.843,0.18791,0.18836,0.02,0.02
2013.06.28 02:44:59.017,0.18791,0.18836,0.02,0.02
2013.06.28 02:44:59.572,0.18791,0.18836,0.02,0.02
2013.06.28 02:45:00.214,0.18794,0.18837,0.02,0.02
2013.06.28 02:45:01.297,0.18795,0.18836,0.02,0.02
2013.06.28 02:45:01.665,0.18796,0.18836,0.02,0.02
2013.06.28 02:45:01.988,0.18795,0.18836,0.02,0.02
2013.06.28 02:45:03.618,0.18795,0.18833,0.02,0.02
2013.06.28 02:45:03.948,0.188,0.18836,0.02,0.02
2013.06.28 02:45:04.066,0.18805,0.18837,0.02,0.02
2013.06.28 02:45:04.127,0.18806,0.18841,0.02,0.02
2013.06.28 02:45:04.187,0.18806,0.18839,0.02,0.02
2013.06.28 02:45:04.337,0.18808,0.18845,0.02,0.02
2013.06.28 02:45:04.955,0.18806,0.18844,0.02,0.02
2013.06.28 02:45:06.483,0.18806,0.18837,0.02,0.02
2013.06.28 02:45:06.837,0.18805,0.18845,0.02,0.02
2013.06.28 02:45:08.028,0.18805,0.1885,0.02,0.02
2013.06.28 02:45:08.168,0.18806,0.1885,0.02,0.02
2013.06.28 02:45:08.687,0.18812,0.18854,0.02,0.02
2013.06.28 02:45:09.217,0.1881,0.18849,0.03,0.02
2013.06.28 02:45:10.487,0.18804,0.18852,0.02,0.02
2013.06.28 02:45:10.668,0.18809,0.18847,0.02,0.02
2013.06.28 02:45:12.298,0.18806,0.18843,0.02,0.02
2013.06.28 02:45:12.757,0.18808,0.18846,0.02,0.02
2013.06.28 02:45:14.119,0.18806,0.18851,0.02,0.02
2013.06.28 02:45:14.547,0.18809,0.18844,0.02,0.02
2013.06.28 02:45:14.667,0.18812,0.18849,0.02,0.02
2013.06.28 02:45:14.727,0.1881,0.18848,0.02,0.02
2013.06.28 02:45:14.787,0.18813,0.18852,0.02,0.02
2013.06.28 02:45:15.476,0.18814,0.18853,0.02,0.02
2013.06.28 02:45:15.573,0.18815,0.18847,0.02,0.02
2013.06.28 02:45:15.718,0.18817,0.18848,0.02,0.02
2013.06.28 02:45:15.782,0.18815,0.18852,0.02,0.02
2013.06.28 02:45:15.897,0.18817,0.18856,0.02,0.02
2013.06.28 02:45:16.485,0.18818,0.18856,0.02,0.02
2013.06.28 02:45:17.808,0.18817,0.18855,0.02,0.02
2013.06.28 02:45:18.175,0.18818,0.18857,0.02,0.02
2013.06.28 02:45:18.357,0.18816,0.18855,0.02,0.02
2013.06.28 02:45:18.429,0.18814,0.18853,0.02,0.02
2013.06.28 02:45:19.577,0.1881,0.18842,0.02,0.02
2013.06.28 02:45:19.637,0.18812,0.1885,0.02,0.02
2013.06.28 02:45:20.179,0.18813,0.18851,0.02,0.02
2013.06.28 02:45:22.685,0.18811,0.18849,0.02,0.02
2013.06.28 02:45:24.082,0.18811,0.18842,0.02,0.02
2013.06.28 02:45:24.168,0.18814,0.18851,0.02,0.02
2013.06.28 02:45:24.925,0.18811,0.18847,0.02,0.02
2013.06.28 02:45:27.550,0.1881,0.18846,0.02,0.02
2013.06.28 02:45:27.857,0.18811,0.18849,0.02,0.02
2013.06.28 02:45:28.067,0.18809,0.18846,0.02,0.02
2013.06.28 02:45:30.057,0.18799,0.18836,0.02,0.02
2013.06.28 02:45:30.477,0.18804,0.18841,0.02,0.02
2013.06.28 02:45:30.737,0.18806,0.18843,0.02,0.02
2013.06.28 02:45:31.162,0.18808,0.18846,0.02,0.02
2013.06.28 02:45:31.977,0.18809,0.18843,0.02,0.02
2013.06.28 02:45:32.197,0.18809,0.18843,0.02,0.02
2013.06.28 02:45:32.257,0.1881,0.18848,0.03,0.02
2013.06.28 02:45:32.668,0.18811,0.1885,0.02,0.02
2013.06.28 02:45:32.787,0.18808,0.18846,0.02,0.02
2013.06.28 02:45:32.991,0.18804,0.18838,0.02,0.02
2013.06.28 02:45:33.227,0.18806,0.18844,0.02,0.02
2013.06.28 02:45:33.517,0.18806,0.18837,0.02,0.02
2013.06.28 02:45:33.648,0.18809,0.18848,0.02,0.02
2013.06.28 02:45:38.157,0.1881,0.18847,0.02,0.02
2013.06.28 02:45:39.518,0.18813,0.18852,0.02,0.02
2013.06.28 02:45:40.717,0.18808,0.18847,0.02,0.02
2013.06.28 02:45:41.020,0.18804,0.18842,0.02,0.02
2013.06.28 02:45:41.138,0.18806,0.18845,0.03,0.02
2013.06.28 02:45:41.499,0.18805,0.18843,0.02,0.02
2013.06.28 02:45:41.937,0.18803,0.18841,0.02,0.02
2013.06.28 02:45:43.617,0.18804,0.18837,0.02,0.02
2013.06.28 02:45:43.677,0.18806,0.18843,0.02,0.02
2013.06.28 02:45:44.055,0.18809,0.18846,0.02,0.02
2013.06.28 02:45:44.586,0.18806,0.18838,0.02,0.02
2013.06.28 02:45:46.523,0.18804,0.18841,0.02,0.02
2013.06.28 02:45:47.557,0.18809,0.18843,0.03,0.02
2013.06.28 02:45:48.116,0.18813,0.18852,0.02,0.02
2013.06.28 02:45:48.387,0.18815,0.18848,0.02,0.02
2013.06.28 02:45:48.508,0.18815,0.1885,0.02,0.02
2013.06.28 02:45:48.598,0.18815,0.18853,0.02,0.02
2013.06.28 02:45:49.207,0.18816,0.18847,0.02,0.02
2013.06.28 02:45:49.378,0.18819,0.18858,0.02,0.02
2013.06.28 02:45:50.070,0.18816,0.18848,0.02,0.02
2013.06.28 02:45:50.828,0.18818,0.18857,0.02,0.02
2013.06.28 02:45:53.442,0.18814,0.1886,0.02,0.02
2013.06.28 02:45:53.587,0.18816,0.18858,0.03,0.02
2013.06.28 02:45:55.692,0.18813,0.18853,0.02,0.02
2013.06.28 02:45:58.336,0.18816,0.18851,0.02,0.02
2013.06.28 02:45:58.776,0.18819,0.18858,0.02,0.02
2013.06.28 02:45:58.848,0.18816,0.18859,0.02,0.02
2013.06.28 02:45:59.038,0.18814,0.18848,0.02,0.02
2013.06.28 02:45:59.218,0.18816,0.18855,0.03,0.02
2013.06.28 02:46:00.887,0.18813,0.18849,0.02,0.02
2013.06.28 02:46:04.072,0.18816,0.18848,0.02,0.02
2013.06.28 02:46:04.398,0.18815,0.18851,0.02,0.02
2013.06.28 02:46:05.537,0.18811,0.18847,0.02,0.02
2013.06.28 02:46:06.165,0.18812,0.18851,0.02,0.02
2013.06.28 02:46:09.348,0.1881,0.18848,0.02,0.02
2013.06.28 02:46:12.957,0.18807,0.18843,0.02,0.02
2013.06.28 02:46:13.197,0.18808,0.18847,0.02,0.02
2013.06.28 02:46:13.317,0.18807,0.18845,0.02,0.02
2013.06.28 02:46:13.915,0.18804,0.18841,0.02,0.02
2013.06.28 02:46:14.488,0.18801,0.18837,0.02,0.02
2013.06.28 02:46:14.683,0.18803,0.18841,0.02,0.02
2013.06.28 02:46:15.657,0.18797,0.18832,0.02,0.02
2013.06.28 02:46:15.782,0.18801,0.18838,0.02,0.02
2013.06.28 02:46:16.308,0.18797,0.18832,0.02,0.02
2013.06.28 02:46:16.657,0.18793,0.18827,0.02,0.02
2013.06.28 02:46:16.889,0.18798,0.18836,0.02,0.02
2013.06.28 02:46:17.127,0.18795,0.18833,0.04,0.02
2013.06.28 02:46:18.087,0.18795,0.18828,0.02,0.02
2013.06.28 02:46:18.227,0.18798,0.18837,0.02,0.02
2013.06.28 02:46:18.631,0.18797,0.18835,0.02,0.02
2013.06.28 02:46:21.058,0.18799,0.18838,0.02,0.02
2013.06.28 02:46:21.177,0.18793,0.18832,0.02,0.02
2013.06.28 02:46:21.317,0.18791,0.1883,0.04,0.02
2013.06.28 02:46:21.530,0.18791,0.18827,0.02,0.02
2013.06.28 02:46:21.825,0.18796,0.18835,0.02,0.02
2013.06.28 02:46:22.375,0.18794,0.18833,0.02,0.02
2013.06.28 02:46:22.659,0.18797,0.18835,0.02,0.02
2013.06.28 02:46:24.247,0.18795,0.18834,0.02,0.02
2013.06.28 02:46:25.551,0.18789,0.18826,0.02,0.02
2013.06.28 02:46:27.799,0.18795,0.1883,0.03,0.02
2013.06.28 02:46:27.917,0.18799,0.18837,0.02,0.02
2013.06.28 02:46:27.989,0.18796,0.18834,0.02,0.02
2013.06.28 02:46:28.197,0.18798,0.18837,0.02,0.02
2013.06.28 02:46:28.621,0.18801,0.18836,0.02,0.02
2013.06.28 02:46:28.917,0.18806,0.18844,0.02,0.02
2013.06.28 02:46:29.297,0.18803,0.18842,0.02,0.02
2013.06.28 02:46:30.067,0.188,0.1884,0.02,0.02
2013.06.28 02:46:31.415,0.188,0.1884,0.02,0.02
2013.06.28 02:46:31.858,0.18802,0.1884,0.02,0.02
2013.06.28 02:46:35.816,0.18802,0.18837,0.02,0.02
2013.06.28 02:46:36.176,0.18804,0.18842,0.02,0.02
2013.06.28 02:46:36.817,0.18805,0.18843,0.02,0.02
2013.06.28 02:46:37.920,0.18802,0.18841,0.02,0.02
2013.06.28 02:46:39.117,0.18795,0.18832,0.02,0.02
2013.06.28 02:46:39.523,0.1879,0.18827,0.02,0.02
2013.06.28 02:46:39.708,0.188,0.18838,0.02,0.02
2013.06.28 02:46:39.839,0.18797,0.18836,0.02,0.02
2013.06.28 02:46:42.068,0.1879,0.18826,0.02,0.02
2013.06.28 02:46:43.295,0.18794,0.18832,0.02,0.02
2013.06.28 02:46:44.600,0.18791,0.18827,0.02,0.02
2013.06.28 02:46:45.487,0.18789,0.18829,0.02,0.02
2013.06.28 02:46:46.087,0.18786,0.18821,0.02,0.02
2013.06.28 02:46:46.147,0.18792,0.18831,0.02,0.02
2013.06.28 02:46:46.687,0.18786,0.18821,0.02,0.02
2013.06.28 02:46:49.108,0.18786,0.18826,0.02,0.02
2013.06.28 02:46:49.167,0.18789,0.18826,0.02,0.02
2013.06.28 02:46:49.413,0.18795,0.18833,0.02,0.02
2013.06.28 02:46:49.768,0.18798,0.18836,0.02,0.02
2013.06.28 02:46:52.539,0.18794,0.18838,0.02,0.02
2013.06.28 02:46:52.657,0.188,0.18839,0.02,0.02
2013.06.28 02:46:52.858,0.188,0.18832,0.02,0.02
2013.06.28 02:46:53.218,0.18802,0.18841,0.02,0.02
2013.06.28 02:46:53.974,0.18799,0.18832,0.02,0.02
2013.06.28 02:46:54.485,0.18801,0.18839,0.02,0.02
2013.06.28 02:46:55.166,0.188,0.18839,0.02,0.02
2013.06.28 02:46:55.347,0.188,0.18835,0.03,0.02
2013.06.28 02:46:55.594,0.18804,0.18842,0.02,0.02
2013.06.28 02:46:56.672,0.18805,0.18843,0.02,0.02
2013.06.28 02:46:57.017,0.18803,0.18842,0.02,0.02
2013.06.28 02:46:57.317,0.18799,0.18838,0.02,0.02
2013.06.28 02:46:58.176,0.18794,0.18828,0.02,0.02
2013.06.28 02:46:58.297,0.18797,0.18836,0.02,0.02
2013.06.28 02:46:58.517,0.18794,0.18832,0.02,0.02
2013.06.28 02:46:59.937,0.18799,0.18837,0.02,0.02
2013.06.28 02:47:04.668,0.18789,0.18826,0.02,0.02
2013.06.28 02:47:06.246,0.18795,0.18834,0.02,0.02
2013.06.28 02:47:10.568,0.18789,0.18823,0.02,0.02
2013.06.28 02:47:10.628,0.18794,0.18832,0.02,0.02
2013.06.28 02:47:10.718,0.18791,0.18827,0.02,0.02
2013.06.28 02:47:11.007,0.1878,0.18818,0.03,0.02
2013.06.28 02:47:11.159,0.18788,0.18826,0.02,0.02
2013.06.28 02:47:11.915,0.18781,0.18817,0.02,0.02
2013.06.28 02:47:12.537,0.18785,0.18822,0.02,0.02
2013.06.28 02:47:12.717,0.18787,0.18822,0.02,0.02
2013.06.28 02:47:13.254,0.18784,0.18822,0.02,0.02
2013.06.28 02:47:13.770,0.18787,0.18822,0.02,0.02
2013.06.28 02:47:17.148,0.18781,0.18817,0.02,0.02
2013.06.28 02:47:17.209,0.18785,0.18823,0.02,0.02
2013.06.28 02:47:18.563,0.18779,0.18816,0.02,0.02
2013.06.28 02:47:20.821,0.18791,0.1883,0.02,0.02
2013.06.28 02:47:20.883,0.18785,0.18822,0.02,0.02
2013.06.28 02:47:20.998,0.18787,0.18825,0.02,0.02
2013.06.28 02:47:21.058,0.18789,0.18828,0.02,0.02
2013.06.28 02:47:21.558,0.18781,0.18817,0.02,0.02
2013.06.28 02:47:22.185,0.18785,0.18823,0.02,0.02
2013.06.28 02:47:23.135,0.18784,0.18823,0.02,0.02
2013.06.28 02:47:24.506,0.18775,0.18813,0.03,0.02
2013.06.28 02:47:25.016,0.18776,0.18812,0.02,0.02
2013.06.28 02:47:25.545,0.18779,0.18813,0.02,0.02
2013.06.28 02:47:26.608,0.1878,0.18817,0.02,0.02
2013.06.28 02:47:27.097,0.18783,0.18822,0.02,0.02
2013.06.28 02:47:27.811,0.18776,0.18812,0.02,0.02
2013.06.28 02:47:28.178,0.18785,0.18824,0.02,0.02
2013.06.28 02:47:28.733,0.18779,0.18816,0.02,0.02
2013.06.28 02:47:29.097,0.18787,0.18823,0.02,0.02
2013.06.28 02:47:29.337,0.18789,0.18828,0.02,0.02
2013.06.28 02:47:29.938,0.18785,0.18826,0.02,0.02
2013.06.28 02:47:33.061,0.18786,0.18831,0.02,0.02
2013.06.28 02:47:38.128,0.1879,0.18831,0.02,0.02
2013.06.28 02:47:38.491,0.18794,0.18836,0.02,0.02
2013.06.28 02:47:39.035,0.18788,0.18836,0.02,0.02
2013.06.28 02:47:39.538,0.18787,0.18834,0.02,0.02
2013.06.28 02:47:39.598,0.18789,0.18831,0.02,0.02
2013.06.28 02:47:40.028,0.18795,0.18835,0.02,0.02
2013.06.28 02:47:40.208,0.18793,0.18831,0.02,0.02
2013.06.28 02:47:40.438,0.18794,0.18833,0.02,0.02
2013.06.28 02:47:41.026,0.18789,0.18831,0.02,0.02
2013.06.28 02:47:41.961,0.18789,0.18823,0.02,0.02
2013.06.28 02:47:42.238,0.18793,0.18831,0.02,0.02
2013.06.28 02:47:42.298,0.18794,0.18833,0.02,0.02
2013.06.28 02:47:42.500,0.18792,0.1883,0.02,0.02
2013.06.28 02:47:43.244,0.18786,0.18822,0.02,0.02
2013.06.28 02:47:43.967,0.18786,0.18822,0.02,0.02
2013.06.28 02:47:44.032,0.18789,0.18827,0.02,0.02
2013.06.28 02:47:44.378,0.18795,0.18834,0.02,0.02
2013.06.28 02:47:44.915,0.18792,0.1883,0.02,0.02
2013.06.28 02:47:51.180,0.18789,0.1883,0.02,0.02
2013.06.28 02:47:52.028,0.18792,0.1883,0.02,0.02
2013.06.28 02:47:52.367,0.18792,0.1883,0.02,0.02
2013.06.28 02:47:52.965,0.18784,0.18821,0.02,0.02
2013.06.28 02:47:53.609,0.18785,0.18822,0.02,0.02
2013.06.28 02:47:54.592,0.18784,0.18821,0.02,0.02
2013.06.28 02:47:54.915,0.18784,0.18818,0.02,0.02
2013.06.28 02:47:55.495,0.18784,0.18818,0.02,0.02
2013.06.28 02:47:56.255,0.18781,0.18817,0.02,0.02
2013.06.28 02:47:56.751,0.18787,0.18826,0.02,0.02
2013.06.28 02:47:57.264,0.18786,0.18825,0.02,0.02
2013.06.28 02:47:57.879,0.18789,0.18828,0.02,0.02
2013.06.28 02:47:57.998,0.18786,0.18818,0.02,0.02
2013.06.28 02:47:58.549,0.18791,0.18829,0.02,0.02
2013.06.28 02:47:58.831,0.18788,0.18827,0.02,0.02
2013.06.28 02:47:59.624,0.18785,0.18822,0.02,0.02
2013.06.28 02:48:01.037,0.18785,0.18821,0.02,0.02
2013.06.28 02:48:01.666,0.18787,0.18826,0.02,0.02
2013.06.28 02:48:02.228,0.18791,0.18829,0.02,0.02
2013.06.28 02:48:02.658,0.18792,0.18831,0.02,0.02
2013.06.28 02:48:03.867,0.18794,0.18832,0.02,0.02
2013.06.28 02:48:04.378,0.18792,0.18831,0.02,0.02
2013.06.28 02:48:10.480,0.18792,0.18823,0.02,0.02
2013.06.28 02:48:10.604,0.1879,0.18827,0.02,0.02
2013.06.28 02:48:10.718,0.18794,0.18833,0.02,0.02
2013.06.28 02:48:11.137,0.18794,0.18827,0.02,0.02
2013.06.28 02:48:11.529,0.18798,0.18836,0.02,0.02
2013.06.28 02:48:12.094,0.18795,0.18828,0.02,0.02
2013.06.28 02:48:18.881,0.18795,0.18827,0.02,0.02
2013.06.28 02:48:19.996,0.18795,0.18827,0.02,0.02
2013.06.28 02:48:21.448,0.1879,0.18822,0.02,0.02
2013.06.28 02:48:21.577,0.18793,0.18831,0.02,0.02
2013.06.28 02:48:22.277,0.18789,0.18821,0.02,0.02
2013.06.28 02:48:27.599,0.1879,0.18822,0.02,0.02
2013.06.28 02:48:29.477,0.1879,0.18821,0.02,0.02
2013.06.28 02:48:30.577,0.18784,0.18821,0.02,0.02
2013.06.28 02:48:30.637,0.18791,0.1883,0.02,0.02
2013.06.28 02:48:30.779,0.1879,0.18828,0.02,0.02
2013.06.28 02:48:31.169,0.18791,0.18829,0.02,0.02
2013.06.28 02:48:31.708,0.1879,0.18829,0.02,0.02
2013.06.28 02:48:32.546,0.18784,0.18821,0.02,0.02
2013.06.28 02:48:35.008,0.18787,0.18822,0.02,0.02
2013.06.28 02:48:35.635,0.18793,0.18832,0.02,0.02
2013.06.28 02:48:35.959,0.18796,0.18834,0.02,0.02
2013.06.28 02:48:36.077,0.18792,0.1883,0.02,0.02
2013.06.28 02:48:36.168,0.18795,0.18833,0.02,0.02
2013.06.28 02:48:36.279,0.18791,0.1883,0.03,0.02
2013.06.28 02:48:36.398,0.18794,0.18833,0.02,0.02
2013.06.28 02:48:36.948,0.18791,0.18827,0.02,0.02
2013.06.28 02:48:37.159,0.18792,0.1883,0.02,0.02
2013.06.28 02:48:37.368,0.18794,0.18833,0.02,0.02
2013.06.28 02:48:37.970,0.18794,0.18827,0.02,0.02
2013.06.28 02:48:38.309,0.18798,0.18836,0.02,0.02
2013.06.28 02:48:41.817,0.18799,0.18833,0.02,0.02
2013.06.28 02:48:42.119,0.18803,0.18842,0.02,0.02
2013.06.28 02:48:42.654,0.18799,0.1884,0.02,0.02
2013.06.28 02:48:43.107,0.18801,0.18842,0.02,0.02
2013.06.28 02:48:43.676,0.18797,0.18837,0.02,0.02
2013.06.28 02:48:54.826,0.188,0.18842,0.02,0.02
2013.06.28 02:48:54.888,0.18804,0.18844,0.02,0.02
2013.06.28 02:48:55.898,0.18801,0.18832,0.02,0.02
2013.06.28 02:48:56.098,0.18801,0.18838,0.02,0.02
2013.06.28 02:48:56.237,0.18806,0.18843,0.02,0.02
2013.06.28 02:48:57.258,0.18803,0.1884,0.02,0.02
2013.06.28 02:48:57.855,0.18801,0.18839,0.03,0.02
2013.06.28 02:48:58.009,0.18795,0.18832,0.03,0.03
2013.06.28 02:48:58.515,0.18801,0.18831,0.02,0.02
2013.06.28 02:48:59.888,0.18801,0.18832,0.02,0.02
2013.06.28 02:48:59.948,0.18804,0.18843,0.02,0.02
2013.06.28 02:49:00.060,0.18802,0.18841,0.02,0.02
2013.06.28 02:49:00.178,0.18804,0.18842,0.02,0.02
2013.06.28 02:49:00.825,0.18801,0.18833,0.02,0.02
2013.06.28 02:49:02.188,0.18803,0.18842,0.02,0.02
2013.06.28 02:49:02.525,0.18801,0.1884,0.02,0.02
2013.06.28 02:49:03.027,0.18803,0.18838,0.02,0.02
2013.06.28 02:49:03.087,0.18807,0.18846,0.02,0.02
2013.06.28 02:49:03.158,0.18802,0.18839,0.02,0.02
2013.06.28 02:49:03.278,0.18807,0.18845,0.02,0.02
2013.06.28 02:49:04.135,0.18807,0.18837,0.02,0.02
2013.06.28 02:49:04.348,0.18814,0.18851,0.02,0.02
2013.06.28 02:49:04.467,0.18811,0.18849,0.03,0.03
2013.06.28 02:49:05.152,0.18805,0.18837,0.03,0.02
2013.06.28 02:49:05.659,0.18813,0.1885,0.02,0.02
2013.06.28 02:49:06.038,0.1881,0.18847,0.02,0.02
2013.06.28 02:49:06.376,0.18805,0.18836,0.02,0.02
2013.06.28 02:49:06.695,0.18807,0.18837,0.02,0.02
2013.06.28 02:49:07.427,0.18805,0.18836,0.02,0.02
2013.06.28 02:49:07.628,0.1881,0.18852,0.03,0.03
2013.06.28 02:49:07.788,0.18814,0.18853,0.02,0.02
2013.06.28 02:49:07.908,0.18818,0.18857,0.02,0.02
2013.06.28 02:49:08.245,0.18816,0.18854,0.02,0.02
2013.06.28 02:49:08.549,0.1881,0.18847,0.02,0.02
2013.06.28 02:49:08.728,0.18814,0.18853,0.02,0.02
2013.06.28 02:49:08.845,0.18814,0.18847,0.02,0.02
2013.06.28 02:49:09.028,0.18813,0.18851,0.02,0.02
2013.06.28 02:49:09.152,0.18817,0.18854,0.02,0.02
2013.06.28 02:49:09.308,0.18821,0.18856,0.02,0.02
2013.06.28 02:49:09.368,0.18815,0.18846,0.02,0.02
2013.06.28 02:49:09.488,0.18816,0.18852,0.03,0.02
2013.06.28 02:49:09.628,0.18816,0.18854,0.04,0.02
2013.06.28 02:49:09.748,0.18816,0.18852,0.03,0.02
2013.06.28 02:49:10.199,0.1882,0.18857,0.02,0.02
2013.06.28 02:49:10.318,0.18815,0.18854,0.02,0.02
2013.06.28 02:49:10.689,0.18818,0.18856,0.02,0.03
2013.06.28 02:49:11.255,0.18813,0.18855,0.02,0.02
2013.06.28 02:49:11.508,0.18816,0.18854,0.02,0.02
2013.06.28 02:49:11.568,0.18816,0.1885,0.02,0.02
2013.06.28 02:49:11.788,0.1882,0.18857,0.02,0.03
2013.06.28 02:49:12.118,0.18822,0.18861,0.02,0.03
2013.06.28 02:49:12.328,0.18824,0.18857,0.02,0.02
2013.06.28 02:49:12.548,0.18825,0.18864,0.03,0.02
2013.06.28 02:49:13.148,0.18825,0.18858,0.04,0.02
2013.06.28 02:49:13.208,0.18831,0.18868,0.02,0.02
2013.06.28 02:49:13.388,0.18826,0.18864,0.02,0.02
2013.06.28 02:49:13.954,0.18828,0.18866,0.02,0.02
2013.06.28 02:49:14.098,0.18831,0.18869,0.02,0.02
2013.06.28 02:49:14.188,0.18828,0.18866,0.02,0.02
2013.06.28 02:49:14.428,0.18833,0.18872,0.02,0.02
2013.06.28 02:49:14.579,0.1883,0.18868,0.02,0.02
2013.06.28 02:49:14.998,0.18841,0.18871,0.02,0.02
2013.06.28 02:49:15.088,0.18841,0.18873,0.02,0.02
2013.06.28 02:49:15.480,0.1884,0.18871,0.02,0.02
2013.06.28 02:49:15.945,0.18843,0.1888,0.02,0.02
2013.06.28 02:49:16.068,0.18842,0.18879,0.02,0.02
2013.06.28 02:49:16.458,0.1884,0.18876,0.02,0.02
2013.06.28 02:49:16.518,0.18841,0.18872,0.02,0.02
2013.06.28 02:49:16.658,0.18841,0.18879,0.02,0.02
2013.06.28 02:49:16.778,0.1884,0.18877,0.02,0.02
2013.06.28 02:49:17.048,0.18843,0.18881,0.02,0.02
2013.06.28 02:49:18.769,0.18838,0.18872,0.02,0.02
2013.06.28 02:49:18.828,0.1884,0.18879,0.03,0.02
2013.06.28 02:49:18.973,0.1884,0.18875,0.03,0.02
2013.06.28 02:49:19.148,0.18844,0.18883,0.02,0.02
2013.06.28 02:49:19.801,0.18842,0.18881,0.02,0.02
2013.06.28 02:49:20.000,0.1884,0.18873,0.02,0.02
2013.06.28 02:49:20.228,0.18841,0.18879,0.02,0.02
2013.06.28 02:49:21.010,0.18842,0.18881,0.02,0.02
2013.06.28 02:49:21.068,0.18839,0.18879,0.02,0.02
2013.06.28 02:49:21.678,0.18844,0.18883,0.02,0.02
2013.06.28 02:49:22.051,0.18841,0.18873,0.02,0.02
2013.06.28 02:49:22.108,0.18841,0.18879,0.03,0.02
2013.06.28 02:49:22.578,0.1884,0.18874,0.02,0.02
2013.06.28 02:49:22.660,0.1884,0.1888,0.02,0.02
2013.06.28 02:49:23.379,0.18841,0.1888,0.02,0.02
2013.06.28 02:49:23.598,0.18845,0.18877,0.02,0.02
2013.06.28 02:49:23.838,0.18852,0.18892,0.02,0.02
2013.06.28 02:49:24.128,0.1885,0.18886,0.02,0.02
2013.06.28 02:49:24.658,0.18851,0.18886,0.02,0.02
2013.06.28 02:49:24.718,0.18851,0.18887,0.02,0.02
2013.06.28 02:49:24.898,0.18853,0.18891,0.02,0.02
2013.06.28 02:49:25.288,0.18856,0.18894,0.03,0.03
2013.06.28 02:49:25.778,0.18859,0.18892,0.02,0.02
2013.06.28 02:49:26.288,0.18857,0.18895,0.02,0.02
2013.06.28 02:49:26.588,0.18857,0.18901,0.03,0.03
2013.06.28 02:49:26.708,0.1886,0.18902,0.03,0.03
2013.06.28 02:49:27.043,0.1888,0.18917,0.03,0.02
2013.06.28 02:49:27.368,0.18877,0.18916,0.02,0.02
2013.06.28 02:49:27.708,0.18871,0.18912,0.02,0.02
2013.06.28 02:49:27.768,0.18874,0.18913,0.02,0.02
2013.06.28 02:49:28.148,0.18872,0.1891,0.02,0.02
2013.06.28 02:49:28.327,0.18872,0.18909,0.02,0.02
2013.06.28 02:49:28.628,0.18869,0.18906,0.02,0.02
2013.06.28 02:49:28.748,0.18869,0.18907,0.02,0.02
2013.06.28 02:49:28.938,0.18868,0.18906,0.02,0.02
2013.06.28 02:49:29.575,0.18867,0.18903,0.02,0.02
2013.06.28 02:49:29.628,0.18867,0.18902,0.02,0.02
2013.06.28 02:49:29.918,0.18865,0.18902,0.02,0.02
2013.06.28 02:49:30.129,0.18866,0.18905,0.02,0.02
2013.06.28 02:49:30.658,0.18873,0.18907,0.02,0.02
2013.06.28 02:49:30.838,0.18876,0.18914,0.02,0.02
2013.06.28 02:49:31.198,0.18855,0.18891,0.02,0.02
2013.06.28 02:49:31.258,0.18861,0.189,0.02,0.02
2013.06.28 02:49:31.388,0.18855,0.18891,0.02,0.02
2013.06.28 02:49:31.788,0.18857,0.18895,0.02,0.02
2013.06.28 02:49:31.848,0.18851,0.18888,0.02,0.02
2013.06.28 02:49:31.908,0.18854,0.18893,0.02,0.02
2013.06.28 02:49:32.048,0.18855,0.18891,0.02,0.02
2013.06.28 02:49:32.168,0.18856,0.18895,0.03,0.02
2013.06.28 02:49:32.585,0.18858,0.18897,0.02,0.02
2013.06.28 02:49:33.125,0.18855,0.18895,0.02,0.02
2013.06.28 02:49:33.588,0.18858,0.18896,0.02,0.02
2013.06.28 02:49:33.648,0.18861,0.18899,0.02,0.02
2013.06.28 02:49:34.247,0.18862,0.18899,0.02,0.02
2013.06.28 02:49:34.766,0.18862,0.18896,0.02,0.02
2013.06.28 02:49:35.148,0.18865,0.18904,0.02,0.02
2013.06.28 02:49:35.458,0.18862,0.18897,0.02,0.02
2013.06.28 02:49:35.775,0.18862,0.189,0.02,0.02
2013.06.28 02:49:36.447,0.18859,0.18893,0.02,0.02
2013.06.28 02:49:36.828,0.18861,0.18896,0.02,0.02
2013.06.28 02:49:37.444,0.1886,0.18897,0.02,0.02
2013.06.28 02:49:37.728,0.18863,0.189,0.02,0.02
2013.06.28 02:49:37.848,0.18859,0.18897,0.02,0.02
2013.06.28 02:49:37.968,0.18862,0.189,0.02,0.02
2013.06.28 02:49:38.148,0.18859,0.18897,0.02,0.02
2013.06.28 02:49:38.529,0.18854,0.18891,0.02,0.02
2013.06.28 02:49:38.921,0.18858,0.18896,0.02,0.02
2013.06.28 02:49:39.455,0.18858,0.18896,0.02,0.02
2013.06.28 02:49:40.148,0.18861,0.18897,0.02,0.02
2013.06.28 02:49:41.148,0.1886,0.18897,0.02,0.02
2013.06.28 02:49:41.663,0.18858,0.18897,0.02,0.02
2013.06.28 02:49:41.969,0.1886,0.18896,0.02,0.02
2013.06.28 02:49:42.128,0.18867,0.18906,0.02,0.02
2013.06.28 02:49:42.248,0.18864,0.18901,0.02,0.02
2013.06.28 02:49:42.408,0.18867,0.18906,0.02,0.02
2013.06.28 02:49:43.329,0.18867,0.18902,0.02,0.02
2013.06.28 02:49:43.668,0.18872,0.18911,0.02,0.02
2013.06.28 02:49:43.788,0.1887,0.18907,0.02,0.02
2013.06.28 02:49:43.865,0.18871,0.18909,0.02,0.02
2013.06.28 02:49:44.190,0.18872,0.18911,0.02,0.02
2013.06.28 02:49:45.698,0.1887,0.18907,0.02,0.02
2013.06.28 02:49:45.889,0.18867,0.18906,0.02,0.02
2013.06.28 02:49:46.538,0.18866,0.18897,0.02,0.02
2013.06.28 02:49:46.759,0.18865,0.18904,0.03,0.02
2013.06.28 02:49:47.641,0.18866,0.18897,0.02,0.02
2013.06.28 02:49:48.128,0.18875,0.18914,0.02,0.02
2013.06.28 02:49:48.248,0.18868,0.18905,0.02,0.02
2013.06.28 02:49:48.428,0.1887,0.18907,0.02,0.02
2013.06.28 02:49:48.608,0.18874,0.18913,0.02,0.02
2013.06.28 02:49:48.672,0.18875,0.18915,0.03,0.02
2013.06.28 02:49:48.789,0.18874,0.18914,0.02,0.02
2013.06.28 02:49:49.088,0.18876,0.18913,0.02,0.02
2013.06.28 02:49:49.619,0.18875,0.18912,0.02,0.02
2013.06.28 02:49:49.712,0.18875,0.18912,0.03,0.02
2013.06.28 02:49:49.828,0.18876,0.18914,0.02,0.02
2013.06.28 02:49:50.188,0.18866,0.18903,0.02,0.02
2013.06.28 02:49:50.248,0.18864,0.18902,0.02,0.02
2013.06.28 02:49:50.608,0.18866,0.18904,0.04,0.02
2013.06.28 02:49:50.668,0.18859,0.18896,0.02,0.02
2013.06.28 02:49:50.788,0.18862,0.18901,0.02,0.02
2013.06.28 02:49:51.313,0.18861,0.18899,0.03,0.03
2013.06.28 02:49:52.138,0.18858,0.18892,0.02,0.03
2013.06.28 02:49:52.478,0.18857,0.18895,0.02,0.02
2013.06.28 02:49:53.040,0.18855,0.18888,0.02,0.02
2013.06.28 02:49:53.289,0.18855,0.18892,0.02,0.02
2013.06.28 02:49:54.672,0.18855,0.1889,0.02,0.02
2013.06.28 02:49:54.948,0.18856,0.18893,0.02,0.02
2013.06.28 02:49:55.428,0.18857,0.18896,0.02,0.02
2013.06.28 02:49:55.798,0.18859,0.18893,0.02,0.02
2013.06.28 02:49:55.858,0.18861,0.18899,0.02,0.02
2013.06.28 02:49:55.978,0.1886,0.18896,0.02,0.02
2013.06.28 02:49:56.098,0.18863,0.18902,0.02,0.02
2013.06.28 02:49:57.046,0.18859,0.189,0.02,0.02
2013.06.28 02:49:57.248,0.1886,0.18898,0.02,0.02
2013.06.28 02:49:57.469,0.18858,0.18897,0.02,0.02
2013.06.28 02:49:58.053,0.18858,0.18895,0.02,0.02
2013.06.28 02:49:58.168,0.18861,0.18896,0.02,0.02
2013.06.28 02:49:58.578,0.18859,0.18898,0.02,0.02
2013.06.28 02:49:58.728,0.18861,0.189,0.02,0.02
2013.06.28 02:49:59.008,0.18863,0.18901,0.02,0.02
2013.06.28 02:49:59.102,0.18861,0.18899,0.02,0.02
2013.06.28 02:49:59.180,0.18861,0.18891,0.02,0.02
2013.06.28 02:49:59.729,0.18861,0.18898,0.03,0.02
2013.06.28 02:50:00.238,0.18861,0.18892,0.02,0.02
2013.06.28 02:50:01.188,0.18861,0.18891,0.02,0.02
2013.06.28 02:50:01.508,0.18858,0.18897,0.02,0.02
2013.06.28 02:50:01.628,0.18857,0.18894,0.02,0.02
2013.06.28 02:50:01.878,0.18857,0.189,0.03,0.03
2013.06.28 02:50:01.998,0.18857,0.18892,0.02,0.02
2013.06.28 02:50:02.118,0.18854,0.18892,0.02,0.02
2013.06.28 02:50:02.439,0.18856,0.18895,0.02,0.02
2013.06.28 02:50:02.807,0.18854,0.18891,0.02,0.03
2013.06.28 02:50:02.988,0.18856,0.18895,0.03,0.02
2013.06.28 02:50:03.789,0.1885,0.18882,0.02,0.02
2013.06.28 02:50:04.043,0.18853,0.1889,0.02,0.02
2013.06.28 02:50:04.636,0.18851,0.18889,0.03,0.02
2013.06.28 02:50:05.148,0.18851,0.18883,0.02,0.02
2013.06.28 02:50:05.208,0.18853,0.18892,0.02,0.03
2013.06.28 02:50:05.718,0.1885,0.18886,0.02,0.02
2013.06.28 02:50:06.340,0.18849,0.18882,0.02,0.02
2013.06.28 02:50:06.868,0.1885,0.18887,0.02,0.02
2013.06.28 02:50:07.188,0.18858,0.18896,0.02,0.02
2013.06.28 02:50:07.308,0.18854,0.18891,0.02,0.03
2013.06.28 02:50:07.368,0.18855,0.18891,0.02,0.02
2013.06.28 02:50:07.608,0.18857,0.18895,0.02,0.02
2013.06.28 02:50:08.008,0.18855,0.18894,0.02,0.02
2013.06.28 02:50:08.068,0.18849,0.18886,0.02,0.02
2013.06.28 02:50:08.649,0.18852,0.1889,0.02,0.02
2013.06.28 02:50:09.419,0.18851,0.18889,0.02,0.02
2013.06.28 02:50:10.479,0.18845,0.18881,0.02,0.02
2013.06.28 02:50:10.789,0.18846,0.18885,0.02,0.02
2013.06.28 02:50:11.000,0.1884,0.18877,0.02,0.02
2013.06.28 02:50:11.658,0.18842,0.18877,0.02,0.02
2013.06.28 02:50:12.178,0.18839,0.18876,0.02,0.02
2013.06.28 02:50:13.848,0.18844,0.18881,0.02,0.02
2013.06.28 02:50:13.909,0.18841,0.1888,0.04,0.02
2013.06.28 02:50:15.754,0.18841,0.18873,0.02,0.02
2013.06.28 02:50:15.808,0.18843,0.18881,0.02,0.02
2013.06.28 02:50:17.078,0.18839,0.18876,0.02,0.02
2013.06.28 02:50:17.615,0.18844,0.18883,0.02,0.02
2013.06.28 02:50:18.178,0.18845,0.18884,0.02,0.02
2013.06.28 02:50:18.938,0.18845,0.1888,0.03,0.02
2013.06.28 02:50:19.178,0.18847,0.18886,0.02,0.02
2013.06.28 02:50:19.749,0.18844,0.18881,0.02,0.02
2013.06.28 02:50:20.268,0.18845,0.18886,0.02,0.02
2013.06.28 02:50:21.078,0.18853,0.18892,0.02,0.02
2013.06.28 02:50:21.528,0.18851,0.18894,0.02,0.02
2013.06.28 02:50:21.708,0.18854,0.18892,0.02,0.02
2013.06.28 02:50:21.803,0.18854,0.18891,0.02,0.02
2013.06.28 02:50:21.918,0.18856,0.18894,0.02,0.03
2013.06.28 02:50:22.131,0.18855,0.18892,0.02,0.02
2013.06.28 02:50:22.204,0.18855,0.18892,0.02,0.03
2013.06.28 02:50:22.318,0.18855,0.18892,0.03,0.02
2013.06.28 02:50:22.378,0.18858,0.18895,0.02,0.02
2013.06.28 02:50:22.688,0.1886,0.18898,0.02,0.02
2013.06.28 02:50:23.018,0.18863,0.18901,0.02,0.03
2013.06.28 02:50:24.199,0.18864,0.189,0.02,0.02
2013.06.28 02:50:24.636,0.18867,0.18904,0.02,0.02
2013.06.28 02:50:24.855,0.1887,0.18907,0.02,0.02
2013.06.28 02:50:24.968,0.18871,0.18909,0.02,0.02
2013.06.28 02:50:25.328,0.18877,0.18915,0.02,0.02
2013.06.28 02:50:25.508,0.18876,0.18915,0.02,0.02
2013.06.28 02:50:25.628,0.18877,0.18919,0.02,0.02
2013.06.28 02:50:25.985,0.18881,0.18916,0.02,0.02
2013.06.28 02:50:26.604,0.18881,0.18917,0.02,0.02
2013.06.28 02:50:26.718,0.18881,0.18917,0.02,0.02
2013.06.28 02:50:27.469,0.18881,0.18917,0.02,0.02
2013.06.28 02:50:28.048,0.18881,0.18917,0.02,0.02
2013.06.28 02:50:28.288,0.1888,0.18917,0.02,0.03
2013.06.28 02:50:28.808,0.18885,0.18921,0.02,0.02
2013.06.28 02:50:29.049,0.18891,0.18928,0.02,0.02
2013.06.28 02:50:29.559,0.18901,0.18932,0.02,0.02
2013.06.28 02:50:29.679,0.18893,0.18927,0.02,0.02
2013.06.28 02:50:29.738,0.18895,0.18932,0.02,0.02
2013.06.28 02:50:30.297,0.18896,0.18932,0.02,0.02
2013.06.28 02:50:30.599,0.1889,0.18926,0.02,0.02
2013.06.28 02:50:31.019,0.18891,0.18927,0.02,0.02
2013.06.28 02:50:31.138,0.189,0.18936,0.02,0.02
2013.06.28 02:50:31.318,0.18897,0.18934,0.02,0.02
2013.06.28 02:50:31.658,0.18895,0.18934,0.02,0.02
2013.06.28 02:50:31.928,0.18894,0.18931,0.02,0.02
2013.06.28 02:50:31.988,0.18892,0.18929,0.02,0.02
2013.06.28 02:50:33.399,0.1889,0.18927,0.03,0.02
2013.06.28 02:50:33.759,0.18888,0.18925,0.02,0.02
2013.06.28 02:50:33.892,0.18884,0.18921,0.02,0.02
2013.06.28 02:50:33.952,0.18886,0.18924,0.04,0.02
2013.06.28 02:50:34.008,0.18887,0.18926,0.02,0.03
2013.06.28 02:50:34.198,0.18889,0.18926,0.02,0.03
2013.06.28 02:50:34.612,0.18894,0.18926,0.02,0.02
2013.06.28 02:50:34.965,0.18897,0.18933,0.02,0.02
2013.06.28 02:50:35.288,0.18896,0.18929,0.02,0.02
2013.06.28 02:50:35.408,0.18897,0.18936,0.02,0.03
2013.06.28 02:50:35.499,0.18896,0.1893,0.02,0.03
2013.06.28 02:50:35.598,0.18897,0.18936,0.02,0.03
2013.06.28 02:50:36.138,0.18896,0.18934,0.02,0.02
2013.06.28 02:50:36.751,0.18896,0.18926,0.02,0.02
2013.06.28 02:50:36.898,0.18896,0.18933,0.02,0.03
2013.06.28 02:50:37.378,0.18892,0.18929,0.02,0.02
2013.06.28 02:50:37.589,0.18892,0.18926,0.02,0.02
2013.06.28 02:50:37.828,0.18889,0.18926,0.02,0.02
2013.06.28 02:50:38.222,0.18896,0.18933,0.03,0.02
2013.06.28 02:50:38.358,0.18895,0.18931,0.02,0.03
2013.06.28 02:50:38.418,0.18895,0.18933,0.02,0.02
2013.06.28 02:50:38.598,0.18898,0.18935,0.02,0.02
2013.06.28 02:50:38.659,0.18895,0.18933,0.02,0.02
2013.06.28 02:50:38.972,0.189,0.18937,0.02,0.02
2013.06.28 02:50:39.438,0.18899,0.18934,0.02,0.02
2013.06.28 02:50:39.758,0.18896,0.18934,0.02,0.02
2013.06.28 02:50:40.327,0.18896,0.18928,0.02,0.02
2013.06.28 02:50:40.453,0.18895,0.18928,0.03,0.02
2013.06.28 02:50:40.688,0.1889,0.18926,0.02,0.02
2013.06.28 02:50:40.868,0.18892,0.18929,0.02,0.02
2013.06.28 02:50:41.388,0.1889,0.18927,0.02,0.02
2013.06.28 02:50:41.508,0.18888,0.18926,0.02,0.02
2013.06.28 02:50:42.337,0.18889,0.18927,0.02,0.02
2013.06.28 02:50:43.226,0.1889,0.18926,0.02,0.02
2013.06.28 02:50:43.408,0.1889,0.18928,0.03,0.02
2013.06.28 02:50:44.398,0.1889,0.18922,0.02,0.02
2013.06.28 02:50:44.518,0.18888,0.18926,0.02,0.02
2013.06.28 02:50:45.000,0.18884,0.18919,0.02,0.02
2013.06.28 02:50:45.504,0.18886,0.18918,0.02,0.02
2013.06.28 02:50:46.018,0.18879,0.18916,0.02,0.02
2013.06.28 02:50:46.569,0.18881,0.18919,0.02,0.02
2013.06.28 02:50:47.278,0.1888,0.18915,0.02,0.02
2013.06.28 02:50:47.854,0.18884,0.18917,0.02,0.02
2013.06.28 02:50:48.215,0.18885,0.18917,0.02,0.02
2013.06.28 02:50:48.968,0.18883,0.18917,0.02,0.02
2013.06.28 02:50:49.584,0.1888,0.18916,0.02,0.02
2013.06.28 02:50:50.262,0.18881,0.18919,0.02,0.02
2013.06.28 02:50:50.734,0.18883,0.18921,0.02,0.02
2013.06.28 02:50:51.174,0.18881,0.1892,0.03,0.02
2013.06.28 02:50:51.688,0.18881,0.18917,0.02,0.02
2013.06.28 02:50:52.255,0.18884,0.18918,0.02,0.02
2013.06.28 02:50:52.318,0.18885,0.18921,0.02,0.02
2013.06.28 02:50:52.978,0.18884,0.18919,0.02,0.02
2013.06.28 02:50:53.134,0.18884,0.18919,0.02,0.02
2013.06.28 02:50:53.646,0.18882,0.18921,0.02,0.02
2013.06.28 02:50:54.504,0.18884,0.18918,0.02,0.02
2013.06.28 02:50:54.678,0.18887,0.18926,0.02,0.02
2013.06.28 02:50:54.798,0.18885,0.18921,0.02,0.02
2013.06.28 02:50:55.215,0.18887,0.18925,0.02,0.02
2013.06.28 02:50:55.547,0.18888,0.18927,0.02,0.02
2013.06.28 02:50:56.315,0.18888,0.18926,0.02,0.02
2013.06.28 02:50:56.469,0.18889,0.18923,0.02,0.02
2013.06.28 02:50:56.588,0.18881,0.18916,0.02,0.02
2013.06.28 02:50:56.708,0.18884,0.18922,0.02,0.02
2013.06.28 02:50:57.315,0.1888,0.18917,0.02,0.02
2013.06.28 02:50:57.648,0.18885,0.18923,0.03,0.02
2013.06.28 02:50:57.708,0.18885,0.18922,0.03,0.02
2013.06.28 02:50:57.842,0.18885,0.1892,0.02,0.02
2013.06.28 02:50:57.952,0.18886,0.18925,0.02,0.02
2013.06.28 02:50:58.298,0.18885,0.18921,0.02,0.02
2013.06.28 02:50:59.059,0.18886,0.18925,0.02,0.02
2013.06.28 02:50:59.568,0.18886,0.18924,0.02,0.02
2013.06.28 02:50:59.808,0.18885,0.18919,0.02,0.02
2013.06.28 02:50:59.868,0.18885,0.18922,0.02,0.02
2013.06.28 02:50:59.932,0.18885,0.18924,0.03,0.02
2013.06.28 02:51:00.168,0.18882,0.18918,0.02,0.02
2013.06.28 02:51:00.330,0.1888,0.18918,0.03,0.02
2013.06.28 02:51:00.388,0.18885,0.18924,0.02,0.02
2013.06.28 02:51:00.508,0.18883,0.1892,0.02,0.02
2013.06.28 02:51:00.718,0.18884,0.18923,0.02,0.02
2013.06.28 02:51:01.324,0.18883,0.18922,0.02,0.02
2013.06.28 02:51:01.888,0.18885,0.1892,0.02,0.02
2013.06.28 02:51:02.452,0.18885,0.1892,0.02,0.02
2013.06.28 02:51:02.799,0.18885,0.18922,0.02,0.02
2013.06.28 02:51:03.678,0.18882,0.18921,0.02,0.02
2013.06.28 02:51:04.108,0.18884,0.18922,0.02,0.02
2013.06.28 02:51:04.421,0.18887,0.18925,0.02,0.02
2013.06.28 02:51:04.838,0.18887,0.18929,0.03,0.03
2013.06.28 02:51:04.898,0.18879,0.18916,0.02,0.02
2013.06.28 02:51:05.098,0.18872,0.18911,0.02,0.02
2013.06.28 02:51:05.218,0.18876,0.18912,0.02,0.02
2013.06.28 02:51:05.578,0.18873,0.18912,0.02,0.02
2013.06.28 02:51:05.978,0.18875,0.18912,0.02,0.02
2013.06.28 02:51:06.070,0.18874,0.18912,0.02,0.02
2013.06.28 02:51:09.898,0.18872,0.18911,0.02,0.02
2013.06.28 02:51:10.128,0.18869,0.18903,0.02,0.02
2013.06.28 02:51:10.479,0.18869,0.18908,0.02,0.02
2013.06.28 02:51:10.538,0.18867,0.18904,0.02,0.02
2013.06.28 02:51:10.690,0.18867,0.18902,0.02,0.02
2013.06.28 02:51:10.938,0.18864,0.18898,0.02,0.02
2013.06.28 02:51:11.218,0.18868,0.18902,0.02,0.02
2013.06.28 02:51:11.558,0.18867,0.18903,0.02,0.02
2013.06.28 02:51:11.629,0.18868,0.18907,0.02,0.02
2013.06.28 02:51:12.026,0.18871,0.18902,0.02,0.02
2013.06.28 02:51:12.228,0.18869,0.18907,0.02,0.02
2013.06.28 02:51:12.399,0.18871,0.1891,0.02,0.02
2013.06.28 02:51:13.175,0.18871,0.18906,0.02,0.02
2013.06.28 02:51:14.066,0.18871,0.18902,0.02,0.02
2013.06.28 02:51:14.638,0.1887,0.18907,0.02,0.02
2013.06.28 02:51:15.448,0.18867,0.18902,0.02,0.02
2013.06.28 02:51:16.175,0.18868,0.18906,0.02,0.02
2013.06.28 02:51:17.228,0.18866,0.18905,0.02,0.02
2013.06.28 02:51:18.038,0.18868,0.18905,0.02,0.02
2013.06.28 02:51:19.078,0.18864,0.18901,0.02,0.02
2013.06.28 02:51:19.893,0.18865,0.18898,0.02,0.02
2013.06.28 02:51:19.958,0.1887,0.18907,0.02,0.02
2013.06.28 02:51:20.059,0.18876,0.18915,0.02,0.02
2013.06.28 02:51:20.387,0.18874,0.18913,0.02,0.02
2013.06.28 02:51:20.906,0.18873,0.18912,0.02,0.02
2013.06.28 02:51:20.968,0.18869,0.18907,0.02,0.02
2013.06.28 02:51:21.059,0.1887,0.18907,0.02,0.02
2013.06.28 02:51:21.487,0.18873,0.1891,0.02,0.02
2013.06.28 02:51:22.048,0.18869,0.18902,0.02,0.02
2013.06.28 02:51:22.168,0.18871,0.1891,0.03,0.02
2013.06.28 02:51:22.762,0.18871,0.18902,0.02,0.02
2013.06.28 02:51:23.464,0.18865,0.18902,0.02,0.02
2013.06.28 02:51:23.969,0.18872,0.18909,0.02,0.02
2013.06.28 02:51:24.028,0.18871,0.18908,0.02,0.02
2013.06.28 02:51:24.088,0.18869,0.18902,0.03,0.02
2013.06.28 02:51:24.148,0.18873,0.1891,0.02,0.02
2013.06.28 02:51:24.608,0.18864,0.18901,0.02,0.02
2013.06.28 02:51:24.818,0.18863,0.18899,0.02,0.02
2013.06.28 02:51:25.028,0.18859,0.18891,0.02,0.02
2013.06.28 02:51:25.238,0.18861,0.18899,0.02,0.02
2013.06.28 02:51:25.618,0.1886,0.18891,0.02,0.02
2013.06.28 02:51:25.678,0.18865,0.18903,0.02,0.03
2013.06.28 02:51:26.018,0.18861,0.18899,0.02,0.03
2013.06.28 02:51:26.138,0.18863,0.189,0.02,0.02
2013.06.28 02:51:26.216,0.18861,0.18897,0.02,0.02
2013.06.28 02:51:26.568,0.18856,0.18891,0.02,0.03
2013.06.28 02:51:26.688,0.18861,0.18897,0.02,0.02
2013.06.28 02:51:27.238,0.18859,0.18891,0.02,0.02
2013.06.28 02:51:29.598,0.18856,0.18891,0.02,0.02
2013.06.28 02:51:29.658,0.18857,0.18896,0.02,0.02
2013.06.28 02:51:29.928,0.1885,0.18888,0.02,0.02
2013.06.28 02:51:30.048,0.18854,0.18892,0.02,0.02
2013.06.28 02:51:30.311,0.18856,0.18898,0.02,0.02
2013.06.28 02:51:30.522,0.18856,0.18891,0.02,0.02
2013.06.28 02:51:30.879,0.18858,0.18897,0.02,0.02
2013.06.28 02:51:31.544,0.18858,0.18895,0.02,0.02
2013.06.28 02:51:32.049,0.1886,0.18902,0.03,0.02
2013.06.28 02:51:32.108,0.18865,0.18903,0.02,0.02
2013.06.28 02:51:32.566,0.18868,0.18907,0.02,0.02
2013.06.28 02:51:33.378,0.18864,0.18901,0.02,0.02
2013.06.28 02:51:33.618,0.18868,0.18902,0.02,0.02
2013.06.28 02:51:33.818,0.1887,0.18909,0.02,0.02
2013.06.28 02:51:34.938,0.18872,0.18907,0.02,0.02
2013.06.28 02:51:35.566,0.18869,0.18907,0.02,0.02
2013.06.28 02:51:36.490,0.18873,0.18912,0.02,0.02
2013.06.28 02:51:36.558,0.18871,0.18902,0.02,0.02
2013.06.28 02:51:37.079,0.18865,0.18902,0.02,0.02
2013.06.28 02:51:37.318,0.18868,0.18906,0.02,0.02
2013.06.28 02:51:37.836,0.18865,0.18898,0.02,0.02
2013.06.28 02:51:39.079,0.18864,0.18897,0.02,0.02
2013.06.28 02:51:39.845,0.18869,0.18906,0.02,0.02
2013.06.28 02:51:40.558,0.18863,0.18897,0.02,0.02
2013.06.28 02:51:40.780,0.18866,0.18905,0.02,0.02
2013.06.28 02:51:40.958,0.18866,0.18896,0.02,0.02
2013.06.28 02:51:41.110,0.18868,0.18906,0.02,0.02
2013.06.28 02:51:41.677,0.18865,0.18898,0.02,0.02
2013.06.28 02:51:43.019,0.1887,0.18908,0.02,0.02
2013.06.28 02:51:46.208,0.18866,0.18904,0.02,0.02
2013.06.28 02:51:46.846,0.18866,0.18903,0.02,0.02
2013.06.28 02:51:47.701,0.18866,0.18905,0.03,0.02
2013.06.28 02:51:47.819,0.18866,0.18902,0.02,0.02
2013.06.28 02:51:48.487,0.18864,0.18897,0.02,0.02
2013.06.28 02:51:48.608,0.18865,0.18897,0.02,0.02
2013.06.28 02:51:48.738,0.18872,0.1891,0.02,0.02
2013.06.28 02:51:48.804,0.18866,0.18904,0.03,0.02
2013.06.28 02:51:48.919,0.18868,0.18907,0.02,0.02
2013.06.28 02:51:49.178,0.18866,0.18904,0.03,0.02
2013.06.28 02:51:49.836,0.18865,0.18898,0.02,0.02
2013.06.28 02:51:50.507,0.18864,0.18897,0.02,0.02
2013.06.28 02:51:50.628,0.18863,0.18897,0.02,0.02
2013.06.28 02:51:50.948,0.1887,0.18901,0.02,0.02
2013.06.28 02:51:51.008,0.1887,0.18903,0.02,0.02
2013.06.28 02:51:51.218,0.18873,0.18911,0.02,0.02
2013.06.28 02:51:51.430,0.1887,0.18908,0.03,0.02
2013.06.28 02:51:52.538,0.18871,0.18903,0.02,0.02
2013.06.28 02:51:53.165,0.18871,0.18903,0.02,0.03
2013.06.28 02:51:53.698,0.18864,0.18897,0.02,0.02
2013.06.28 02:51:53.758,0.18865,0.18901,0.02,0.02
2013.06.28 02:51:53.922,0.1886,0.18893,0.02,0.02
2013.06.28 02:51:54.099,0.18862,0.18901,0.02,0.02
2013.06.28 02:51:54.499,0.18861,0.18899,0.02,0.02
2013.06.28 02:51:55.029,0.18857,0.18892,0.02,0.02
2013.06.28 02:51:55.278,0.18859,0.18895,0.02,0.02
2013.06.28 02:51:55.398,0.18861,0.189,0.02,0.02
2013.06.28 02:51:55.668,0.18856,0.18895,0.03,0.02
2013.06.28 02:51:56.448,0.18859,0.18897,0.02,0.02
2013.06.28 02:51:56.708,0.18859,0.18894,0.02,0.02
2013.06.28 02:51:56.888,0.18861,0.189,0.02,0.02
2013.06.28 02:51:57.648,0.18855,0.18891,0.02,0.02
2013.06.28 02:51:57.768,0.18857,0.18896,0.02,0.02
2013.06.28 02:51:58.099,0.18856,0.18894,0.02,0.02
2013.06.28 02:51:58.368,0.18858,0.18896,0.02,0.02
2013.06.28 02:51:58.985,0.18855,0.18888,0.02,0.02
2013.06.28 02:52:00.178,0.18859,0.18897,0.02,0.02
2013.06.28 02:52:00.763,0.18856,0.18893,0.02,0.02
2013.06.28 02:52:01.707,0.18858,0.18896,0.02,0.02
2013.06.28 02:52:02.108,0.18854,0.18887,0.02,0.02
2013.06.28 02:52:02.638,0.18854,0.18888,0.02,0.02
2013.06.28 02:52:03.456,0.18855,0.18893,0.02,0.02
2013.06.28 02:52:03.898,0.18855,0.18892,0.02,0.02
2013.06.28 02:52:04.429,0.18851,0.18882,0.02,0.02
2013.06.28 02:52:04.958,0.18848,0.18882,0.02,0.02
2013.06.28 02:52:05.490,0.1885,0.18888,0.03,0.02
2013.06.28 02:52:05.870,0.18855,0.18893,0.02,0.02
2013.06.28 02:52:06.579,0.18854,0.18892,0.02,0.02
2013.06.28 02:52:07.338,0.1885,0.18886,0.02,0.02
2013.06.28 02:52:08.941,0.18849,0.18887,0.02,0.02
2013.06.28 02:52:09.556,0.18851,0.18891,0.02,0.02
2013.06.28 02:52:09.618,0.1885,0.18889,0.03,0.02
2013.06.28 02:52:09.705,0.18854,0.18892,0.02,0.02
2013.06.28 02:52:10.067,0.18854,0.18886,0.02,0.02
2013.06.28 02:52:10.388,0.18855,0.18887,0.02,0.02
2013.06.28 02:52:11.019,0.18855,0.18892,0.02,0.02
2013.06.28 02:52:11.139,0.18858,0.18896,0.02,0.02
2013.06.28 02:52:11.206,0.18852,0.18893,0.02,0.02
2013.06.28 02:52:11.528,0.18865,0.18896,0.02,0.02
2013.06.28 02:52:11.588,0.18865,0.18896,0.02,0.02
2013.06.28 02:52:11.708,0.18875,0.18913,0.02,0.02
2013.06.28 02:52:11.828,0.18869,0.18909,0.03,0.02
2013.06.28 02:52:11.904,0.18874,0.18914,0.02,0.02
2013.06.28 02:52:12.528,0.18869,0.18915,0.02,0.02
2013.06.28 02:52:13.245,0.18872,0.18914,0.02,0.02
2013.06.28 02:52:15.080,0.18869,0.18909,0.02,0.02
2013.06.28 02:52:15.906,0.18871,0.1891,0.04,0.02
2013.06.28 02:52:17.074,0.18868,0.18908,0.02,0.02
2013.06.28 02:52:17.566,0.18873,0.18912,0.02,0.02
2013.06.28 02:52:18.163,0.18872,0.1891,0.02,0.02
2013.06.28 02:52:19.529,0.18869,0.18902,0.02,0.02
2013.06.28 02:52:19.693,0.1887,0.18907,0.02,0.02
2013.06.28 02:52:20.669,0.18863,0.18897,0.02,0.02
2013.06.28 02:52:21.195,0.18867,0.18906,0.02,0.02
2013.06.28 02:52:21.781,0.18864,0.18898,0.02,0.02
2013.06.28 02:52:21.838,0.18864,0.18902,0.02,0.02
2013.06.28 02:52:22.398,0.18863,0.18897,0.02,0.02
2013.06.28 02:52:22.578,0.18865,0.18903,0.04,0.02
2013.06.28 02:52:25.278,0.18869,0.18901,0.02,0.02
2013.06.28 02:52:25.398,0.18871,0.18908,0.02,0.02
2013.06.28 02:52:25.474,0.1887,0.18906,0.02,0.02
2013.06.28 02:52:26.548,0.18869,0.18902,0.02,0.02
2013.06.28 02:52:27.156,0.18869,0.18901,0.02,0.02
2013.06.28 02:52:27.218,0.1887,0.18908,0.03,0.02
2013.06.28 02:52:29.098,0.1887,0.18907,0.02,0.02
2013.06.28 02:52:29.185,0.1887,0.18906,0.02,0.02
2013.06.28 02:52:34.199,0.18871,0.18907,0.02,0.02
2013.06.28 02:52:34.258,0.18875,0.18906,0.02,0.02
2013.06.28 02:52:34.532,0.18875,0.18911,0.03,0.02
2013.06.28 02:52:34.768,0.18872,0.1891,0.02,0.02
2013.06.28 02:52:35.357,0.18873,0.18913,0.02,0.02
2013.06.28 02:52:35.419,0.18876,0.18916,0.02,0.02
2013.06.28 02:52:35.519,0.18869,0.18908,0.02,0.02
2013.06.28 02:52:35.919,0.18873,0.18914,0.02,0.02
2013.06.28 02:52:36.738,0.18875,0.1891,0.02,0.02
2013.06.28 02:52:36.868,0.18872,0.18907,0.02,0.02
2013.06.28 02:52:37.179,0.18877,0.18914,0.02,0.03
2013.06.28 02:52:37.498,0.18872,0.18907,0.02,0.02
2013.06.28 02:52:38.016,0.18872,0.18907,0.02,0.02
2013.06.28 02:52:38.458,0.18875,0.18911,0.02,0.03
2013.06.28 02:52:38.527,0.18873,0.18907,0.02,0.02
2013.06.28 02:52:39.451,0.18873,0.18906,0.02,0.02
2013.06.28 02:52:39.509,0.18871,0.18906,0.02,0.02
2013.06.28 02:52:40.608,0.18874,0.18907,0.02,0.02
2013.06.28 02:52:41.817,0.18874,0.18906,0.02,0.02
2013.06.28 02:52:42.118,0.18871,0.18903,0.02,0.02
2013.06.28 02:52:42.439,0.18871,0.18907,0.02,0.02
2013.06.28 02:52:42.962,0.18871,0.18906,0.02,0.02
2013.06.28 02:52:43.018,0.18877,0.18914,0.02,0.02
2013.06.28 02:52:43.078,0.18877,0.18912,0.02,0.02
2013.06.28 02:52:43.138,0.18874,0.18909,0.02,0.02
2013.06.28 02:52:43.198,0.18874,0.18909,0.02,0.02
2013.06.28 02:52:43.318,0.18876,0.18913,0.02,0.03
2013.06.28 02:52:44.510,0.18877,0.18916,0.02,0.03
2013.06.28 02:52:46.056,0.18877,0.18907,0.02,0.02
2013.06.28 02:52:46.510,0.18879,0.18916,0.02,0.02
2013.06.28 02:52:46.572,0.18881,0.18917,0.02,0.02
2013.06.28 02:52:46.748,0.18881,0.18917,0.02,0.02
2013.06.28 02:52:46.930,0.18886,0.18924,0.02,0.03
2013.06.28 02:52:47.408,0.18891,0.18933,0.02,0.02
2013.06.28 02:52:47.586,0.18889,0.18929,0.02,0.02
2013.06.28 02:52:47.840,0.18889,0.18921,0.02,0.02
2013.06.28 02:52:48.135,0.18892,0.18928,0.02,0.02
2013.06.28 02:52:48.250,0.1889,0.18926,0.02,0.02
2013.06.28 02:52:48.961,0.18889,0.18922,0.02,0.02
2013.06.28 02:52:49.494,0.18889,0.18921,0.02,0.02
2013.06.28 02:52:49.828,0.18894,0.18933,0.02,0.02
2013.06.28 02:52:50.238,0.18896,0.18936,0.02,0.02
2013.06.28 02:52:50.358,0.18895,0.18931,0.02,0.02
2013.06.28 02:52:50.449,0.18896,0.18936,0.02,0.02
2013.06.28 02:52:50.841,0.18894,0.18927,0.03,0.02
2013.06.28 02:52:52.094,0.18898,0.18937,0.02,0.03
2013.06.28 02:52:53.768,0.18894,0.18933,0.02,0.02
2013.06.28 02:52:53.888,0.18892,0.1893,0.02,0.02
2013.06.28 02:52:54.198,0.18888,0.18927,0.02,0.02
2013.06.28 02:52:54.258,0.18882,0.18918,0.02,0.02
2013.06.28 02:52:54.318,0.18885,0.18923,0.02,0.02
2013.06.28 02:52:55.006,0.18884,0.18922,0.02,0.02
2013.06.28 02:52:55.081,0.18885,0.18924,0.03,0.02
2013.06.28 02:52:55.198,0.18904,0.18946,0.03,0.03
2013.06.28 02:52:55.318,0.18895,0.18931,0.02,0.02
2013.06.28 02:52:55.438,0.18896,0.18938,0.03,0.02
2013.06.28 02:52:55.748,0.18895,0.18932,0.03,0.02
2013.06.28 02:52:55.833,0.18893,0.1893,0.02,0.02
2013.06.28 02:52:57.058,0.18886,0.18922,0.02,0.02
2013.06.28 02:52:57.298,0.1889,0.18928,0.02,0.02
2013.06.28 02:52:57.598,0.18887,0.18925,0.02,0.02
2013.06.28 02:52:58.188,0.18887,0.18917,0.02,0.02
2013.06.28 02:52:58.248,0.18889,0.18928,0.02,0.02
2013.06.28 02:52:59.648,0.1889,0.18923,0.02,0.02
2013.06.28 02:53:00.028,0.18894,0.18931,0.02,0.02
2013.06.28 02:53:00.119,0.18895,0.18927,0.02,0.02
2013.06.28 02:53:00.279,0.18898,0.18936,0.02,0.02
2013.06.28 02:53:00.588,0.18899,0.18936,0.02,0.03
2013.06.28 02:53:00.708,0.18901,0.18936,0.02,0.02
2013.06.28 02:53:01.048,0.18905,0.18944,0.03,0.02
2013.06.28 02:53:01.269,0.18902,0.18941,0.02,0.03
2013.06.28 02:53:02.108,0.18906,0.18943,0.03,0.02
2013.06.28 02:53:02.618,0.18907,0.18937,0.02,0.02
2013.06.28 02:53:03.158,0.18904,0.18936,0.02,0.02
2013.06.28 02:53:04.067,0.18911,0.18952,0.02,0.02
2013.06.28 02:53:04.453,0.18911,0.18941,0.02,0.02
2013.06.28 02:53:04.568,0.18915,0.18951,0.02,0.02
2013.06.28 02:53:04.628,0.1891,0.18946,0.02,0.02
2013.06.28 02:53:05.118,0.18912,0.1895,0.02,0.02
2013.06.28 02:53:05.319,0.18907,0.18946,0.02,0.03
2013.06.28 02:53:06.008,0.18904,0.18939,0.02,0.02
2013.06.28 02:53:06.068,0.18905,0.18942,0.02,0.02
2013.06.28 02:53:07.268,0.18906,0.18944,0.02,0.02
2013.06.28 02:53:07.388,0.18904,0.1894,0.02,0.02
2013.06.28 02:53:07.508,0.189,0.18938,0.02,0.02
2013.06.28 02:53:08.080,0.189,0.18939,0.02,0.02
2013.06.28 02:53:08.598,0.18902,0.18942,0.02,0.02
2013.06.28 02:53:08.718,0.18898,0.18938,0.02,0.02
2013.06.28 02:53:08.838,0.18905,0.18941,0.02,0.02
2013.06.28 02:53:08.958,0.1891,0.18947,0.02,0.02
2013.06.28 02:53:09.018,0.18906,0.18943,0.02,0.02
2013.06.28 02:53:09.635,0.18906,0.18942,0.02,0.02
2013.06.28 02:53:10.847,0.18904,0.18939,0.02,0.02
2013.06.28 02:53:12.066,0.18904,0.18943,0.03,0.02
2013.06.28 02:53:12.409,0.18907,0.18946,0.02,0.02
2013.06.28 02:53:13.489,0.18907,0.18941,0.02,0.02
2013.06.28 02:53:14.018,0.18909,0.18946,0.02,0.03
2013.06.28 02:53:14.438,0.18915,0.18951,0.02,0.02
2013.06.28 02:53:14.618,0.18913,0.1895,0.02,0.03
2013.06.28 02:53:15.368,0.18907,0.18945,0.02,0.02
2013.06.28 02:53:15.429,0.18909,0.18947,0.02,0.02
2013.06.28 02:53:15.548,0.18909,0.18947,0.02,0.03
2013.06.28 02:53:15.996,0.18912,0.18949,0.02,0.02
2013.06.28 02:53:16.298,0.18908,0.18942,0.02,0.02
2013.06.28 02:53:16.359,0.1891,0.18947,0.02,0.02
2013.06.28 02:53:16.779,0.18908,0.18945,0.02,0.02
2013.06.28 02:53:17.638,0.18904,0.18936,0.02,0.02
2013.06.28 02:53:18.188,0.18905,0.18936,0.02,0.02
2013.06.28 02:53:18.308,0.18905,0.18937,0.03,0.02
2013.06.28 02:53:18.653,0.18904,0.18939,0.02,0.02
2013.06.28 02:53:18.983,0.18906,0.18944,0.02,0.02
2013.06.28 02:53:19.311,0.18912,0.18951,0.02,0.02
2013.06.28 02:53:19.428,0.1891,0.18944,0.02,0.02
2013.06.28 02:53:20.849,0.1891,0.18947,0.02,0.02
2013.06.28 02:53:22.610,0.1891,0.18944,0.02,0.02
2013.06.28 02:53:23.628,0.18911,0.1895,0.02,0.02
2013.06.28 02:53:23.748,0.18907,0.18944,0.02,0.02
2013.06.28 02:53:23.929,0.18911,0.18948,0.02,0.02
2013.06.28 02:53:24.139,0.18909,0.18944,0.02,0.02
2013.06.28 02:53:24.898,0.18912,0.18947,0.02,0.02
2013.06.28 02:53:25.078,0.18914,0.18947,0.02,0.02
2013.06.28 02:53:25.692,0.18919,0.18953,0.02,0.02
2013.06.28 02:53:26.025,0.18922,0.18958,0.02,0.02
2013.06.28 02:53:26.449,0.18921,0.18958,0.02,0.02
2013.06.28 02:53:26.508,0.18926,0.18961,0.02,0.02
2013.06.28 02:53:26.689,0.18926,0.18963,0.02,0.02
2013.06.28 02:53:26.890,0.18931,0.18971,0.03,0.02
2013.06.28 02:53:27.695,0.18932,0.18974,0.02,0.02
2013.06.28 02:53:29.319,0.1893,0.18968,0.03,0.02
2013.06.28 02:53:29.379,0.1893,0.18964,0.03,0.02
2013.06.28 02:53:29.438,0.18931,0.1897,0.02,0.02
2013.06.28 02:53:29.997,0.18931,0.18968,0.02,0.02
2013.06.28 02:53:30.299,0.18931,0.18966,0.02,0.02
2013.06.28 02:53:30.358,0.18929,0.18961,0.02,0.02
2013.06.28 02:53:30.778,0.18928,0.18963,0.02,0.02
2013.06.28 02:53:30.988,0.18932,0.1897,0.02,0.02
2013.06.28 02:53:31.540,0.18932,0.18963,0.02,0.02
2013.06.28 02:53:31.935,0.18931,0.18968,0.02,0.02
2013.06.28 02:53:32.354,0.18936,0.18968,0.02,0.02
2013.06.28 02:53:32.528,0.18938,0.18976,0.02,0.02
2013.06.28 02:53:32.648,0.18935,0.18967,0.02,0.02
2013.06.28 02:53:32.709,0.18935,0.18969,0.02,0.02
2013.06.28 02:53:33.055,0.18935,0.18972,0.03,0.02
2013.06.28 02:53:33.726,0.18936,0.18973,0.02,0.02
2013.06.28 02:53:34.138,0.18942,0.18979,0.02,0.02
2013.06.28 02:53:34.354,0.1894,0.18975,0.02,0.02
2013.06.28 02:53:35.129,0.18941,0.18979,0.03,0.03
2013.06.28 02:53:35.728,0.18937,0.18967,0.02,0.02
2013.06.28 02:53:36.009,0.18936,0.18973,0.02,0.02
2013.06.28 02:53:36.169,0.18938,0.18976,0.02,0.02
2013.06.28 02:53:36.788,0.18939,0.18972,0.02,0.02
2013.06.28 02:53:40.187,0.18941,0.18976,0.02,0.02
2013.06.28 02:53:40.299,0.1894,0.18972,0.02,0.02
2013.06.28 02:53:40.678,0.1894,0.18976,0.02,0.02
2013.06.28 02:53:40.739,0.18945,0.18982,0.03,0.02
2013.06.28 02:53:40.844,0.1894,0.18977,0.02,0.02
2013.06.28 02:53:40.898,0.18949,0.18982,0.02,0.02
2013.06.28 02:53:41.418,0.18949,0.18988,0.02,0.02
2013.06.28 02:53:41.738,0.1895,0.18988,0.02,0.02
2013.06.28 02:53:42.348,0.18946,0.18982,0.02,0.02
2013.06.28 02:53:42.668,0.18948,0.18986,0.02,0.02
2013.06.28 02:53:43.318,0.18946,0.18984,0.03,0.02
2013.06.28 02:53:43.869,0.18947,0.18986,0.02,0.02
2013.06.28 02:53:44.383,0.1895,0.18988,0.02,0.02
2013.06.28 02:53:44.859,0.18952,0.18993,0.02,0.02
2013.06.28 02:53:45.132,0.1895,0.18993,0.02,0.02
2013.06.28 02:53:45.241,0.18951,0.18988,0.02,0.02
2013.06.28 02:53:45.461,0.18951,0.18993,0.03,0.02
2013.06.28 02:53:45.986,0.18953,0.18993,0.02,0.02
2013.06.28 02:53:46.328,0.18951,0.1899,0.02,0.02
2013.06.28 02:53:46.565,0.18953,0.18993,0.02,0.02
2013.06.28 02:53:47.745,0.1895,0.18988,0.02,0.02
2013.06.28 02:53:47.918,0.1895,0.18987,0.03,0.02
2013.06.28 02:53:48.570,0.1895,0.18985,0.02,0.02
2013.06.28 02:53:48.630,0.18953,0.18992,0.02,0.02
2013.06.28 02:53:49.610,0.18952,0.18991,0.02,0.02
2013.06.28 02:53:50.491,0.18948,0.18982,0.02,0.02
2013.06.28 02:53:51.238,0.18952,0.18987,0.02,0.02
2013.06.28 02:53:52.348,0.18948,0.18986,0.02,0.02
2013.06.28 02:53:52.468,0.18941,0.18978,0.02,0.02
2013.06.28 02:53:52.998,0.1894,0.18978,0.02,0.02
2013.06.28 02:53:53.440,0.18938,0.18976,0.02,0.02
2013.06.28 02:53:53.558,0.18935,0.18972,0.03,0.02
2013.06.28 02:53:53.678,0.18935,0.18975,0.03,0.02
2013.06.28 02:53:53.738,0.18942,0.18979,0.02,0.02
2013.06.28 02:53:53.798,0.1894,0.18978,0.02,0.02
2013.06.28 02:53:53.918,0.18942,0.1898,0.02,0.02
2013.06.28 02:53:54.259,0.18939,0.18973,0.02,0.02
2013.06.28 02:53:54.318,0.18942,0.18977,0.02,0.02
2013.06.28 02:53:55.118,0.18939,0.18976,0.02,0.02
2013.06.28 02:53:56.138,0.1894,0.18974,0.02,0.02
2013.06.28 02:53:56.688,0.18936,0.18967,0.02,0.02
2013.06.28 02:53:56.748,0.18938,0.18977,0.02,0.02
2013.06.28 02:53:56.868,0.18936,0.18966,0.02,0.02
2013.06.28 02:53:57.665,0.18935,0.18967,0.03,0.02
2013.06.28 02:53:57.998,0.18935,0.18969,0.02,0.02
2013.06.28 02:53:59.546,0.18936,0.18968,0.02,0.02
2013.06.28 02:54:00.918,0.18936,0.18972,0.02,0.02
2013.06.28 02:54:01.479,0.1894,0.18974,0.02,0.02
2013.06.28 02:54:01.598,0.1894,0.18979,0.02,0.02
2013.06.28 02:54:02.189,0.18942,0.18984,0.02,0.02
2013.06.28 02:54:02.802,0.18939,0.18979,0.02,0.02
2013.06.28 02:54:02.999,0.18941,0.18978,0.02,0.02
2013.06.28 02:54:03.238,0.18942,0.18981,0.02,0.02
2013.06.28 02:54:03.578,0.18936,0.18967,0.02,0.02
2013.06.28 02:54:03.710,0.18935,0.18972,0.03,0.02
2013.06.28 02:54:04.218,0.18929,0.18962,0.02,0.02
2013.06.28 02:54:04.278,0.18937,0.18974,0.02,0.02
2013.06.28 02:54:04.478,0.18931,0.1897,0.03,0.02
2013.06.28 02:54:05.648,0.18933,0.18971,0.02,0.02
2013.06.28 02:54:06.070,0.18931,0.18969,0.02,0.02
2013.06.28 02:54:06.668,0.18932,0.18971,0.02,0.02
2013.06.28 02:54:07.224,0.18932,0.18969,0.02,0.02
2013.06.28 02:54:07.819,0.18932,0.1897,0.02,0.02
2013.06.28 02:54:08.168,0.18929,0.18961,0.02,0.02
2013.06.28 02:54:08.228,0.18931,0.18968,0.02,0.02
2013.06.28 02:54:08.288,0.18932,0.18971,0.02,0.02
2013.06.28 02:54:08.419,0.1893,0.18967,0.02,0.02
2013.06.28 02:54:08.695,0.18933,0.1897,0.02,0.02
2013.06.28 02:54:08.838,0.18931,0.18968,0.02,0.02
2013.06.28 02:54:09.148,0.18933,0.18971,0.02,0.02
2013.06.28 02:54:10.398,0.18928,0.18966,0.02,0.02
2013.06.28 02:54:10.783,0.18924,0.18959,0.02,0.02
2013.06.28 02:54:11.209,0.18925,0.18961,0.02,0.02
2013.06.28 02:54:11.269,0.18927,0.18965,0.02,0.02
2013.06.28 02:54:11.708,0.18925,0.18961,0.02,0.02
2013.06.28 02:54:12.249,0.18925,0.18959,0.02,0.02
2013.06.28 02:54:12.368,0.1892,0.18956,0.02,0.02
2013.06.28 02:54:12.428,0.1892,0.18956,0.02,0.02
2013.06.28 02:54:12.908,0.18921,0.18959,0.02,0.02
2013.06.28 02:54:13.108,0.18919,0.18956,0.02,0.02
2013.06.28 02:54:14.198,0.18921,0.1896,0.03,0.02
2013.06.28 02:54:14.797,0.18915,0.18952,0.02,0.02
2013.06.28 02:54:15.008,0.18917,0.18956,0.02,0.02
2013.06.28 02:54:15.448,0.18931,0.18962,0.02,0.02
2013.06.28 02:54:15.770,0.1893,0.18965,0.02,0.02
2013.06.28 02:54:16.836,0.18921,0.18953,0.02,0.02
2013.06.28 02:54:16.958,0.18923,0.18961,0.02,0.02
2013.06.28 02:54:17.143,0.18927,0.18965,0.02,0.02
2013.06.28 02:54:17.259,0.18925,0.18961,0.02,0.02
2013.06.28 02:54:17.398,0.18927,0.18965,0.02,0.02
2013.06.28 02:54:18.087,0.18927,0.18966,0.02,0.02
2013.06.28 02:54:18.148,0.18925,0.18957,0.02,0.02
2013.06.28 02:54:18.766,0.18925,0.18957,0.02,0.02
2013.06.28 02:54:18.997,0.18925,0.18957,0.02,0.02
2013.06.28 02:54:19.128,0.18928,0.18966,0.02,0.02
2013.06.28 02:54:20.358,0.18923,0.18957,0.02,0.02
2013.06.28 02:54:20.418,0.18925,0.18961,0.03,0.02
2013.06.28 02:54:20.538,0.18924,0.18961,0.02,0.02
2013.06.28 02:54:20.940,0.18924,0.18956,0.02,0.02
2013.06.28 02:54:21.518,0.18925,0.18961,0.02,0.02
2013.06.28 02:54:21.578,0.18925,0.18957,0.02,0.02
2013.06.28 02:54:22.868,0.1893,0.18962,0.02,0.02
2013.06.28 02:54:23.049,0.18933,0.18971,0.02,0.02
2013.06.28 02:54:23.262,0.1893,0.18966,0.02,0.02
2013.06.28 02:54:24.538,0.18931,0.18968,0.02,0.02
2013.06.28 02:54:24.598,0.18931,0.18971,0.02,0.02
2013.06.28 02:54:24.718,0.18937,0.18977,0.02,0.02
2013.06.28 02:54:25.138,0.18934,0.18972,0.02,0.02
2013.06.28 02:54:25.289,0.18936,0.18973,0.02,0.02
2013.06.28 02:54:26.688,0.18932,0.18963,0.02,0.02
2013.06.28 02:54:26.779,0.18933,0.1897,0.02,0.02
2013.06.28 02:54:26.918,0.18934,0.18972,0.02,0.02
2013.06.28 02:54:27.160,0.18931,0.18969,0.02,0.02
2013.06.28 02:54:27.385,0.18931,0.18963,0.02,0.02
2013.06.28 02:54:27.599,0.1893,0.18966,0.02,0.02
2013.06.28 02:54:28.108,0.18925,0.18958,0.02,0.02
2013.06.28 02:54:28.201,0.18926,0.18963,0.02,0.02
2013.06.28 02:54:29.071,0.18928,0.18966,0.02,0.02
2013.06.28 02:54:29.618,0.18927,0.18966,0.02,0.02
2013.06.28 02:54:30.160,0.18931,0.1897,0.02,0.02
2013.06.28 02:54:32.738,0.18928,0.18967,0.02,0.02
2013.06.28 02:54:33.450,0.18929,0.18968,0.02,0.02
2013.06.28 02:54:33.975,0.18928,0.18967,0.02,0.02
2013.06.28 02:54:34.278,0.18933,0.18971,0.02,0.02
2013.06.28 02:54:34.338,0.18935,0.18969,0.02,0.02
2013.06.28 02:54:34.398,0.18934,0.18968,0.02,0.02
2013.06.28 02:54:34.518,0.18935,0.1897,0.03,0.02
2013.06.28 02:54:34.995,0.18938,0.18977,0.02,0.02
2013.06.28 02:54:35.676,0.18935,0.18973,0.02,0.02
2013.06.28 02:54:36.508,0.18936,0.18974,0.03,0.02
2013.06.28 02:54:37.156,0.18937,0.18972,0.02,0.02
2013.06.28 02:54:37.278,0.18939,0.18976,0.02,0.02
2013.06.28 02:54:37.828,0.18942,0.18981,0.02,0.02
2013.06.28 02:54:38.168,0.18939,0.18972,0.02,0.02
2013.06.28 02:54:38.228,0.1894,0.18976,0.02,0.02
2013.06.28 02:54:38.448,0.18942,0.18981,0.02,0.02
2013.06.28 02:54:40.297,0.18942,0.18972,0.02,0.02
2013.06.28 02:54:40.605,0.18939,0.18971,0.02,0.02
2013.06.28 02:54:40.769,0.18941,0.18978,0.02,0.02
2013.06.28 02:54:41.420,0.18938,0.18975,0.02,0.03
2013.06.28 02:54:41.968,0.18931,0.18966,0.02,0.02
2013.06.28 02:54:42.127,0.18935,0.18972,0.02,0.03
2013.06.28 02:54:42.508,0.18931,0.1897,0.02,0.02
2013.06.28 02:54:43.548,0.18933,0.18972,0.02,0.03
2013.06.28 02:54:44.097,0.18932,0.1897,0.02,0.02
2013.06.28 02:54:44.338,0.1893,0.18968,0.02,0.02
2013.06.28 02:54:44.429,0.18931,0.1897,0.02,0.02
2013.06.28 02:54:45.638,0.18931,0.18966,0.02,0.02
2013.06.28 02:54:46.588,0.18925,0.18962,0.02,0.02
2013.06.28 02:54:46.648,0.18929,0.18968,0.02,0.02
2013.06.28 02:54:46.739,0.18927,0.18966,0.02,0.02
2013.06.28 02:54:47.341,0.18924,0.18961,0.02,0.02
2013.06.28 02:54:47.907,0.18927,0.18958,0.02,0.02
2013.06.28 02:54:49.595,0.18929,0.18966,0.02,0.02
2013.06.28 02:54:50.286,0.18925,0.18956,0.02,0.02
2013.06.28 02:54:52.655,0.18933,0.1897,0.02,0.02
2013.06.28 02:54:53.078,0.18933,0.18967,0.02,0.02
2013.06.28 02:54:53.198,0.1893,0.18967,0.02,0.02
2013.06.28 02:54:53.318,0.18933,0.18973,0.02,0.02
2013.06.28 02:54:53.634,0.18936,0.18978,0.02,0.02
2013.06.28 02:54:54.365,0.18936,0.18978,0.02,0.02
2013.06.28 02:54:54.891,0.18938,0.18972,0.02,0.02
2013.06.28 02:54:55.098,0.18942,0.18979,0.02,0.02
2013.06.28 02:54:55.819,0.18944,0.1898,0.02,0.02
2013.06.28 02:54:56.622,0.1894,0.18971,0.02,0.02
2013.06.28 02:54:56.689,0.1894,0.18975,0.02,0.02
2013.06.28 02:54:56.868,0.18939,0.18972,0.02,0.02
2013.06.28 02:54:56.928,0.1894,0.18977,0.02,0.02
2013.06.28 02:54:57.362,0.18943,0.18981,0.02,0.02
2013.06.28 02:54:58.044,0.18937,0.18972,0.02,0.02
2013.06.28 02:54:58.218,0.18939,0.18977,0.02,0.03
2013.06.28 02:54:58.278,0.18933,0.18972,0.02,0.03
2013.06.28 02:54:58.437,0.18936,0.18974,0.02,0.02
2013.06.28 02:54:58.877,0.18936,0.18971,0.02,0.02
2013.06.28 02:54:59.198,0.18934,0.18973,0.02,0.02
2013.06.28 02:54:59.329,0.18936,0.18971,0.02,0.02
2013.06.28 02:54:59.539,0.18937,0.18975,0.02,0.02
2013.06.28 02:55:00.888,0.18934,0.18966,0.02,0.02
2013.06.28 02:55:01.568,0.18937,0.18972,0.02,0.02
2013.06.28 02:55:01.679,0.18936,0.18972,0.02,0.02
2013.06.28 02:55:02.063,0.18938,0.18975,0.02,0.02
2013.06.28 02:55:02.593,0.18935,0.18971,0.02,0.02
2013.06.28 02:55:04.348,0.18933,0.18967,0.02,0.02
2013.06.28 02:55:04.408,0.18935,0.18972,0.02,0.02
2013.06.28 02:55:04.758,0.18933,0.18975,0.03,0.03
2013.06.28 02:55:04.818,0.18928,0.18972,0.03,0.03
2013.06.28 02:55:04.878,0.18929,0.18964,0.02,0.02
2013.06.28 02:55:05.398,0.18932,0.1897,0.02,0.02
2013.06.28 02:55:05.925,0.18934,0.18973,0.02,0.02
2013.06.28 02:55:06.598,0.18924,0.18958,0.02,0.02
2013.06.28 02:55:06.718,0.18927,0.18965,0.02,0.02
2013.06.28 02:55:06.838,0.18925,0.18962,0.02,0.02
2013.06.28 02:55:06.898,0.18926,0.18965,0.03,0.02
2013.06.28 02:55:07.019,0.18925,0.18962,0.02,0.02
2013.06.28 02:55:07.078,0.18924,0.18957,0.02,0.02
2013.06.28 02:55:07.138,0.18928,0.18966,0.02,0.02
2013.06.28 02:55:07.259,0.18926,0.18963,0.02,0.02
2013.06.28 02:55:07.378,0.18925,0.18962,0.02,0.02
2013.06.28 02:55:07.449,0.18933,0.1897,0.02,0.02
2013.06.28 02:55:07.546,0.18929,0.18967,0.02,0.02
2013.06.28 02:55:07.668,0.18931,0.1897,0.02,0.02
2013.06.28 02:55:07.978,0.18935,0.18967,0.02,0.02
2013.06.28 02:55:08.688,0.18932,0.18971,0.02,0.02
2013.06.28 02:55:09.315,0.1893,0.18963,0.02,0.02
2013.06.28 02:55:09.995,0.18932,0.18971,0.02,0.02
2013.06.28 02:55:10.318,0.18896,0.18953,0.03,0.04
2013.06.28 02:55:10.498,0.18918,0.18952,0.02,0.03
2013.06.28 02:55:10.618,0.18915,0.18952,0.04,0.02
2013.06.28 02:55:10.738,0.18923,0.18962,0.02,0.02
2013.06.28 02:55:10.858,0.18918,0.18957,0.02,0.02
2013.06.28 02:55:11.218,0.1892,0.18952,0.02,0.02
2013.06.28 02:55:11.658,0.1892,0.18953,0.02,0.02
2013.06.28 02:55:11.839,0.18922,0.1896,0.02,0.02
2013.06.28 02:55:12.568,0.18916,0.18952,0.02,0.02
2013.06.28 02:55:12.810,0.1892,0.18959,0.02,0.02
2013.06.28 02:55:12.868,0.18914,0.18946,0.02,0.02
2013.06.28 02:55:13.168,0.18911,0.1895,0.03,0.03
2013.06.28 02:55:13.288,0.18911,0.18945,0.02,0.02
2013.06.28 02:55:13.778,0.18899,0.1893,0.02,0.02
2013.06.28 02:55:14.023,0.18902,0.18939,0.02,0.02
2013.06.28 02:55:14.667,0.189,0.18933,0.02,0.03
2013.06.28 02:55:14.740,0.18901,0.18931,0.02,0.02
2013.06.28 02:55:14.899,0.18906,0.18944,0.02,0.02
2013.06.28 02:55:15.502,0.189,0.18932,0.02,0.02
2013.06.28 02:55:15.909,0.18893,0.18926,0.02,0.02
2013.06.28 02:55:16.188,0.18894,0.18929,0.02,0.02
2013.06.28 02:55:17.758,0.18896,0.18937,0.02,0.02
2013.06.28 02:55:17.898,0.18899,0.18938,0.02,0.02
2013.06.28 02:55:17.959,0.18901,0.18941,0.02,0.02
2013.06.28 02:55:18.385,0.18907,0.18945,0.02,0.02
2013.06.28 02:55:18.466,0.1891,0.18945,0.02,0.02
2013.06.28 02:55:19.065,0.18911,0.18953,0.02,0.02
2013.06.28 02:55:19.498,0.18912,0.18951,0.02,0.02
2013.06.28 02:55:20.085,0.18909,0.18949,0.02,0.02
2013.06.28 02:55:20.426,0.18906,0.18942,0.02,0.02
2013.06.28 02:55:20.589,0.1891,0.18948,0.02,0.02
2013.06.28 02:55:23.032,0.18903,0.18936,0.02,0.02
2013.06.28 02:55:23.549,0.1889,0.18926,0.02,0.02
2013.06.28 02:55:23.608,0.18897,0.18936,0.02,0.02
2013.06.28 02:55:23.961,0.1889,0.18926,0.02,0.02
2013.06.28 02:55:24.149,0.18894,0.18932,0.02,0.02
2013.06.28 02:55:24.651,0.18895,0.18932,0.02,0.02
2013.06.28 02:55:24.938,0.18896,0.18935,0.03,0.02
2013.06.28 02:55:25.228,0.189,0.1894,0.02,0.02
2013.06.28 02:55:25.348,0.18905,0.18947,0.02,0.02
2013.06.28 02:55:25.417,0.18901,0.18943,0.03,0.02
2013.06.28 02:55:25.558,0.18906,0.18946,0.02,0.02
2013.06.28 02:55:25.868,0.18899,0.18941,0.02,0.02
2013.06.28 02:55:25.988,0.18903,0.18942,0.02,0.02
2013.06.28 02:55:26.258,0.18901,0.18946,0.02,0.02
2013.06.28 02:55:26.532,0.189,0.18946,0.02,0.02
2013.06.28 02:55:27.088,0.18899,0.18943,0.02,0.02
2013.06.28 02:55:27.268,0.18895,0.18931,0.02,0.02
2013.06.28 02:55:27.328,0.18902,0.18941,0.02,0.02
2013.06.28 02:55:27.478,0.18893,0.18929,0.02,0.02
2013.06.28 02:55:27.538,0.18901,0.18939,0.02,0.02
2013.06.28 02:55:27.669,0.18898,0.18936,0.02,0.02
2013.06.28 02:55:27.729,0.189,0.18939,0.02,0.02
2013.06.28 02:55:27.849,0.18899,0.18937,0.02,0.02
2013.06.28 02:55:28.608,0.189,0.18939,0.02,0.02
2013.06.28 02:55:30.328,0.18894,0.1894,0.02,0.02
2013.06.28 02:55:30.508,0.18902,0.18942,0.02,0.02
2013.06.28 02:55:31.029,0.18903,0.18945,0.02,0.02
2013.06.28 02:55:31.355,0.18901,0.18943,0.02,0.02
2013.06.28 02:55:31.529,0.18893,0.18927,0.02,0.02
2013.06.28 02:55:31.589,0.18899,0.18938,0.02,0.02
2013.06.28 02:55:31.828,0.18894,0.18927,0.02,0.02
2013.06.28 02:55:32.031,0.18894,0.18937,0.02,0.02
2013.06.28 02:55:32.148,0.18901,0.18941,0.02,0.02
2013.06.28 02:55:32.598,0.18903,0.18942,0.02,0.02
2013.06.28 02:55:37.088,0.18894,0.18937,0.02,0.02
2013.06.28 02:55:38.058,0.18894,0.18937,0.02,0.02
2013.06.28 02:55:38.188,0.18899,0.18937,0.02,0.02
2013.06.28 02:55:38.716,0.18897,0.18936,0.02,0.02
2013.06.28 02:55:39.050,0.18894,0.18927,0.02,0.02
2013.06.28 02:55:39.168,0.18897,0.18937,0.02,0.02
2013.06.28 02:55:41.085,0.18895,0.18942,0.02,0.02
2013.06.28 02:55:41.999,0.18897,0.18942,0.02,0.02
2013.06.28 02:55:42.128,0.189,0.18936,0.02,0.03
2013.06.28 02:55:42.258,0.18903,0.18942,0.02,0.03
2013.06.28 02:55:42.378,0.18901,0.18937,0.02,0.02
2013.06.28 02:55:42.439,0.18905,0.18943,0.02,0.02
2013.06.28 02:55:43.621,0.18902,0.18933,0.02,0.02
2013.06.28 02:55:43.925,0.18899,0.18932,0.02,0.02
2013.06.28 02:55:44.038,0.18903,0.18941,0.02,0.02
2013.06.28 02:55:44.437,0.18894,0.18931,0.02,0.02
2013.06.28 02:55:44.678,0.18899,0.18936,0.02,0.02
2013.06.28 02:55:45.277,0.18893,0.18927,0.02,0.02
2013.06.28 02:55:45.338,0.18898,0.18936,0.02,0.02
2013.06.28 02:55:45.508,0.18898,0.18932,0.02,0.02
2013.06.28 02:55:45.698,0.189,0.18939,0.03,0.02
2013.06.28 02:55:46.094,0.18902,0.18932,0.02,0.02
2013.06.28 02:55:46.208,0.18905,0.18947,0.02,0.03
2013.06.28 02:55:46.388,0.18899,0.1896,0.02,0.02
2013.06.28 02:55:46.448,0.18907,0.18952,0.02,0.02
2013.06.28 02:55:46.800,0.18914,0.18952,0.02,0.02
2013.06.28 02:55:46.858,0.18909,0.18952,0.02,0.02
2013.06.28 02:55:47.348,0.1891,0.18952,0.02,0.02
2013.06.28 02:55:47.778,0.18909,0.18951,0.02,0.02
2013.06.28 02:55:47.898,0.18916,0.18952,0.02,0.02
2013.06.28 02:55:48.448,0.18911,0.18947,0.02,0.02
2013.06.28 02:55:48.628,0.1891,0.18947,0.02,0.02
2013.06.28 02:55:48.878,0.18913,0.18951,0.02,0.02
2013.06.28 02:55:49.288,0.18911,0.18949,0.02,0.02
2013.06.28 02:55:49.868,0.18911,0.18943,0.02,0.02
2013.06.28 02:55:50.869,0.18914,0.18951,0.02,0.02
2013.06.28 02:55:51.430,0.18909,0.18942,0.02,0.02
2013.06.28 02:55:52.128,0.18911,0.18949,0.03,0.02
2013.06.28 02:55:52.546,0.18901,0.18933,0.02,0.02
2013.06.28 02:55:52.848,0.18902,0.1894,0.02,0.02
2013.06.28 02:55:54.475,0.18894,0.18931,0.02,0.02
2013.06.28 02:55:55.219,0.18896,0.18927,0.02,0.02
2013.06.28 02:55:56.280,0.189,0.18937,0.02,0.02
2013.06.28 02:55:57.538,0.18894,0.18926,0.02,0.02
2013.06.28 02:55:58.106,0.189,0.18932,0.02,0.02
2013.06.28 02:55:59.140,0.18894,0.18931,0.02,0.02
2013.06.28 02:55:59.653,0.18897,0.18932,0.02,0.03
2013.06.28 02:56:02.098,0.18898,0.18936,0.02,0.03
2013.06.28 02:56:02.548,0.18896,0.18935,0.04,0.02
2013.06.28 02:56:04.568,0.18896,0.18926,0.02,0.02
2013.06.28 02:56:04.809,0.1889,0.18926,0.02,0.02
2013.06.28 02:56:05.277,0.18894,0.18931,0.02,0.02
2013.06.28 02:56:06.448,0.18888,0.18927,0.02,0.02
2013.06.28 02:56:06.566,0.18892,0.1893,0.02,0.02
2013.06.28 02:56:07.119,0.18886,0.18921,0.02,0.02
2013.06.28 02:56:07.238,0.18889,0.18926,0.02,0.02
2013.06.28 02:56:07.618,0.18887,0.18926,0.02,0.02
2013.06.28 02:56:08.376,0.18884,0.18921,0.02,0.02
2013.06.28 02:56:09.565,0.18887,0.18918,0.02,0.02
2013.06.28 02:56:10.278,0.18875,0.18908,0.02,0.02
2013.06.28 02:56:10.428,0.18883,0.18922,0.02,0.02
2013.06.28 02:56:10.529,0.18886,0.18924,0.02,0.02
2013.06.28 02:56:10.648,0.18882,0.1892,0.02,0.02
2013.06.28 02:56:11.210,0.18874,0.18906,0.02,0.02
2013.06.28 02:56:11.579,0.18878,0.18916,0.02,0.02
2013.06.28 02:56:12.098,0.18874,0.18906,0.02,0.02
2013.06.28 02:56:12.175,0.1888,0.18919,0.02,0.02
2013.06.28 02:56:12.830,0.18877,0.18908,0.02,0.02
2013.06.28 02:56:12.978,0.18878,0.18916,0.02,0.02
2013.06.28 02:56:13.158,0.18882,0.18921,0.02,0.02
2013.06.28 02:56:14.459,0.18887,0.18925,0.02,0.02
2013.06.28 02:56:15.148,0.18886,0.18924,0.02,0.02
2013.06.28 02:56:15.674,0.18881,0.1892,0.03,0.02
2013.06.28 02:56:15.938,0.18881,0.18911,0.02,0.02
2013.06.28 02:56:16.058,0.18881,0.18911,0.02,0.02
2013.06.28 02:56:16.619,0.18879,0.18911,0.02,0.02
2013.06.28 02:56:16.678,0.18885,0.18923,0.02,0.02
2013.06.28 02:56:17.217,0.18879,0.18911,0.02,0.02
2013.06.28 02:56:17.404,0.18887,0.18917,0.02,0.02
2013.06.28 02:56:17.458,0.18887,0.18924,0.02,0.02
2013.06.28 02:56:18.156,0.18885,0.18917,0.02,0.02
2013.06.28 02:56:18.519,0.1889,0.18929,0.02,0.02
2013.06.28 02:56:19.049,0.18881,0.18917,0.02,0.02
2013.06.28 02:56:19.168,0.18887,0.18924,0.02,0.02
2013.06.28 02:56:19.419,0.18886,0.18924,0.02,0.02
2013.06.28 02:56:22.248,0.18877,0.18912,0.02,0.02
2013.06.28 02:56:22.433,0.18883,0.1892,0.02,0.02
2013.06.28 02:56:22.588,0.18881,0.1892,0.02,0.02
2013.06.28 02:56:23.298,0.18881,0.18911,0.02,0.02
2013.06.28 02:56:23.522,0.18885,0.18922,0.02,0.02
2013.06.28 02:56:23.578,0.18882,0.18912,0.02,0.02
2013.06.28 02:56:24.575,0.18879,0.18911,0.02,0.02
2013.06.28 02:56:26.538,0.18874,0.18911,0.02,0.03
2013.06.28 02:56:26.789,0.1888,0.18919,0.02,0.02
2013.06.28 02:56:27.307,0.18877,0.18912,0.02,0.03
2013.06.28 02:56:27.975,0.1888,0.18917,0.02,0.02
2013.06.28 02:56:29.384,0.18874,0.18907,0.02,0.02
2013.06.28 02:56:29.648,0.18878,0.18916,0.02,0.02
2013.06.28 02:56:29.805,0.18876,0.18915,0.04,0.02
2013.06.28 02:56:30.900,0.1888,0.18919,0.02,0.02
2013.06.28 02:56:31.078,0.18877,0.18907,0.02,0.02
2013.06.28 02:56:31.139,0.18877,0.18915,0.02,0.02
2013.06.28 02:56:31.259,0.18881,0.1892,0.02,0.03
2013.06.28 02:56:31.836,0.18884,0.1892,0.02,0.02
2013.06.28 02:56:32.364,0.18879,0.18911,0.02,0.02
2013.06.28 02:56:36.149,0.18882,0.18919,0.02,0.02
2013.06.28 02:56:37.060,0.18878,0.18911,0.02,0.02
2013.06.28 02:56:37.129,0.18883,0.18922,0.02,0.02
2013.06.28 02:56:38.089,0.18873,0.18907,0.02,0.03
2013.06.28 02:56:38.208,0.1888,0.18917,0.02,0.02
2013.06.28 02:56:38.328,0.18878,0.18915,0.02,0.02
2013.06.28 02:56:38.528,0.18872,0.18907,0.02,0.03
2013.06.28 02:56:38.880,0.18876,0.18914,0.02,0.02
2013.06.28 02:56:42.998,0.18869,0.18901,0.02,0.02
2013.06.28 02:56:45.004,0.18872,0.18902,0.02,0.02
2013.06.28 02:56:47.088,0.18869,0.18901,0.02,0.02
2013.06.28 02:56:47.658,0.18872,0.18902,0.02,0.02
2013.06.28 02:56:48.569,0.18869,0.18901,0.02,0.02
2013.06.28 02:56:49.987,0.18868,0.18902,0.02,0.02
2013.06.28 02:56:50.169,0.18873,0.18912,0.02,0.02
2013.06.28 02:56:50.538,0.1887,0.18908,0.02,0.02
2013.06.28 02:56:50.598,0.18874,0.18912,0.02,0.02
2013.06.28 02:56:50.685,0.18871,0.1891,0.02,0.02
2013.06.28 02:56:50.799,0.18863,0.18897,0.02,0.02
2013.06.28 02:56:51.018,0.18869,0.18907,0.02,0.02
2013.06.28 02:56:51.078,0.18871,0.1891,0.02,0.02
2013.06.28 02:56:52.121,0.18871,0.1891,0.02,0.02
2013.06.28 02:56:52.558,0.18859,0.18894,0.02,0.02
2013.06.28 02:56:52.734,0.18862,0.18897,0.02,0.02
2013.06.28 02:56:52.849,0.18868,0.18907,0.02,0.02
2013.06.28 02:56:53.425,0.18871,0.18909,0.02,0.02
2013.06.28 02:56:53.598,0.18864,0.18896,0.02,0.02
2013.06.28 02:56:53.658,0.18869,0.18907,0.02,0.03
2013.06.28 02:56:53.779,0.1887,0.18909,0.02,0.02
2013.06.28 02:56:54.209,0.1887,0.18908,0.02,0.02
2013.06.28 02:56:54.680,0.18868,0.1891,0.03,0.03
2013.06.28 02:56:55.689,0.18862,0.18897,0.02,0.03
2013.06.28 02:56:56.059,0.18871,0.1891,0.02,0.02
2013.06.28 02:56:56.459,0.18867,0.18906,0.02,0.02
2013.06.28 02:56:57.205,0.1886,0.18896,0.02,0.03
2013.06.28 02:56:57.558,0.18867,0.18897,0.02,0.02
2013.06.28 02:56:57.618,0.18871,0.18908,0.02,0.02
2013.06.28 02:56:58.207,0.18867,0.18897,0.02,0.02
2013.06.28 02:56:58.777,0.18864,0.18896,0.02,0.02
2013.06.28 02:57:00.858,0.18864,0.18896,0.02,0.02
2013.06.28 02:57:00.983,0.18868,0.18906,0.02,0.02
2013.06.28 02:57:01.662,0.18865,0.18897,0.02,0.02
2013.06.28 02:57:01.848,0.1887,0.18908,0.02,0.02
2013.06.28 02:57:02.236,0.18872,0.18911,0.02,0.02
2013.06.28 02:57:02.739,0.18875,0.18913,0.02,0.02
2013.06.28 02:57:03.189,0.18868,0.18907,0.02,0.02
2013.06.28 02:57:03.309,0.18864,0.18896,0.02,0.02
2013.06.28 02:57:03.936,0.18864,0.18896,0.02,0.02
2013.06.28 02:57:07.922,0.18865,0.18897,0.02,0.02
2013.06.28 02:57:09.109,0.18871,0.18903,0.02,0.03
2013.06.28 02:57:09.466,0.18875,0.18913,0.02,0.02
2013.06.28 02:57:10.709,0.18873,0.1891,0.02,0.02
2013.06.28 02:57:15.160,0.18869,0.18901,0.02,0.02
2013.06.28 02:57:15.865,0.18869,0.18903,0.02,0.03
2013.06.28 02:57:15.960,0.18872,0.1891,0.02,0.03
2013.06.28 02:57:17.228,0.18866,0.18897,0.02,0.02
2013.06.28 02:57:17.783,0.18863,0.18897,0.02,0.02
2013.06.28 02:57:18.029,0.18867,0.18905,0.02,0.02
2013.06.28 02:57:19.099,0.18864,0.18896,0.02,0.02
2013.06.28 02:57:19.618,0.18863,0.18897,0.02,0.02
2013.06.28 02:57:19.948,0.18864,0.18896,0.02,0.02
2013.06.28 02:57:20.459,0.1886,0.18892,0.02,0.02
2013.06.28 02:57:23.562,0.18861,0.18893,0.02,0.02
2013.06.28 02:57:24.171,0.18859,0.18893,0.02,0.02
2013.06.28 02:57:24.389,0.18864,0.18903,0.02,0.03
2013.06.28 02:57:24.629,0.18853,0.18887,0.02,0.02
2013.06.28 02:57:24.779,0.18861,0.189,0.02,0.02
2013.06.28 02:57:24.887,0.18857,0.18896,0.02,0.02
2013.06.28 02:57:26.530,0.18854,0.18887,0.02,0.02
2013.06.28 02:57:26.748,0.18857,0.18888,0.02,0.02
2013.06.28 02:57:27.234,0.18854,0.18887,0.02,0.02
2013.06.28 02:57:27.488,0.18859,0.18893,0.02,0.02
2013.06.28 02:57:27.548,0.18868,0.18907,0.02,0.02
2013.06.28 02:57:27.768,0.18862,0.18901,0.02,0.02
2013.06.28 02:57:35.598,0.18854,0.18889,0.02,0.02
2013.06.28 02:57:35.659,0.18859,0.18898,0.02,0.02
2013.06.28 02:57:37.523,0.18855,0.18888,0.02,0.02
2013.06.28 02:57:39.567,0.18853,0.18887,0.02,0.02
2013.06.28 02:57:40.165,0.18861,0.18899,0.02,0.02
2013.06.28 02:57:40.328,0.18856,0.18895,0.03,0.02
2013.06.28 02:57:40.643,0.18862,0.18899,0.02,0.02
2013.06.28 02:57:41.539,0.18853,0.18887,0.02,0.02
2013.06.28 02:57:41.659,0.18859,0.18898,0.02,0.02
2013.06.28 02:57:42.009,0.18854,0.18886,0.02,0.02
2013.06.28 02:57:42.189,0.18862,0.18898,0.02,0.02
2013.06.28 02:57:42.529,0.18854,0.18886,0.02,0.02
2013.06.28 02:57:42.648,0.18859,0.18897,0.02,0.02
2013.06.28 02:57:43.139,0.18863,0.189,0.02,0.02
2013.06.28 02:57:45.020,0.18854,0.18886,0.02,0.02
2013.06.28 02:57:45.531,0.18853,0.18887,0.02,0.02
2013.06.28 02:57:45.649,0.18854,0.18886,0.02,0.02
2013.06.28 02:57:46.195,0.18856,0.18887,0.02,0.02
2013.06.28 02:57:47.262,0.18855,0.18886,0.02,0.02
2013.06.28 02:57:47.939,0.18864,0.18901,0.02,0.02
2013.06.28 02:57:48.555,0.18867,0.18904,0.02,0.02
2013.06.28 02:57:49.008,0.18861,0.18893,0.02,0.02
2013.06.28 02:57:49.129,0.18855,0.18891,0.02,0.02
2013.06.28 02:57:49.189,0.18863,0.18902,0.02,0.02
2013.06.28 02:57:49.870,0.18856,0.18893,0.02,0.02
2013.06.28 02:57:50.309,0.18866,0.18904,0.02,0.02
2013.06.28 02:57:51.649,0.18859,0.18892,0.02,0.02
2013.06.28 02:57:51.709,0.18871,0.18909,0.02,0.02
2013.06.28 02:57:51.794,0.18864,0.18903,0.02,0.02
2013.06.28 02:57:51.929,0.18867,0.18904,0.02,0.02
2013.06.28 02:57:52.256,0.18858,0.18893,0.02,0.02
2013.06.28 02:57:52.917,0.18859,0.18902,0.02,0.02
2013.06.28 02:57:53.538,0.18862,0.18907,0.02,0.02
2013.06.28 02:57:53.695,0.18868,0.18908,0.02,0.02
2013.06.28 02:57:54.049,0.18863,0.1891,0.02,0.02
2013.06.28 02:57:54.606,0.18869,0.18911,0.02,0.02
2013.06.28 02:57:59.019,0.18863,0.18911,0.02,0.02
2013.06.28 02:57:59.368,0.18871,0.18911,0.02,0.02
2013.06.28 02:57:59.949,0.18864,0.18911,0.02,0.02
2013.06.28 02:58:00.605,0.18864,0.18897,0.02,0.02
2013.06.28 02:58:01.232,0.18868,0.18901,0.02,0.02
2013.06.28 02:58:01.610,0.18874,0.18912,0.02,0.02
2013.06.28 02:58:02.572,0.18872,0.18909,0.02,0.02
2013.06.28 02:58:03.509,0.18864,0.18896,0.02,0.02
2013.06.28 02:58:04.419,0.18873,0.18912,0.02,0.03
2013.06.28 02:58:04.996,0.18867,0.18897,0.02,0.02
2013.06.28 02:58:08.000,0.18875,0.18908,0.02,0.02
2013.06.28 02:58:08.119,0.18876,0.18914,0.03,0.02
2013.06.28 02:58:08.239,0.18875,0.18911,0.02,0.02
2013.06.28 02:58:08.299,0.18882,0.18921,0.02,0.02
2013.06.28 02:58:08.617,0.1888,0.18919,0.02,0.02
2013.06.28 02:58:09.366,0.18874,0.18917,0.02,0.02
2013.06.28 02:58:09.590,0.18882,0.18921,0.02,0.02
2013.06.28 02:58:10.365,0.1888,0.18919,0.02,0.02
2013.06.28 02:58:10.489,0.18883,0.18921,0.02,0.02
2013.06.28 02:58:10.589,0.18884,0.18918,0.02,0.02
2013.06.28 02:58:10.800,0.18889,0.18928,0.02,0.02
2013.06.28 02:58:11.312,0.18884,0.18923,0.02,0.02
2013.06.28 02:58:12.819,0.18883,0.18916,0.02,0.02
2013.06.28 02:58:12.879,0.18885,0.18924,0.03,0.02
2013.06.28 02:58:13.429,0.18886,0.18925,0.02,0.02
2013.06.28 02:58:13.771,0.1889,0.18927,0.02,0.02
2013.06.28 02:58:14.259,0.18882,0.18913,0.02,0.02
2013.06.28 02:58:14.779,0.18879,0.18911,0.02,0.02
2013.06.28 02:58:15.475,0.18876,0.18912,0.02,0.02
2013.06.28 02:58:15.919,0.18881,0.1892,0.02,0.02
2013.06.28 02:58:16.481,0.18882,0.18921,0.02,0.02
2013.06.28 02:58:17.076,0.18875,0.18911,0.02,0.02
2013.06.28 02:58:17.599,0.18887,0.18924,0.02,0.02
2013.06.28 02:58:17.659,0.18884,0.18917,0.02,0.02
2013.06.28 02:58:17.719,0.18891,0.18929,0.02,0.02
2013.06.28 02:58:17.839,0.18884,0.1892,0.02,0.02
2013.06.28 02:58:17.968,0.18887,0.18926,0.02,0.02
2013.06.28 02:58:18.562,0.18879,0.18912,0.03,0.02
2013.06.28 02:58:18.663,0.18884,0.18917,0.02,0.02
2013.06.28 02:58:18.779,0.18886,0.18923,0.02,0.03
2013.06.28 02:58:18.839,0.1889,0.18928,0.02,0.02
2013.06.28 02:58:19.259,0.18886,0.18924,0.02,0.02
2013.06.28 02:58:20.521,0.18879,0.18911,0.02,0.02
2013.06.28 02:58:20.719,0.18882,0.1892,0.02,0.03
2013.06.28 02:58:20.779,0.18886,0.18924,0.02,0.02
2013.06.28 02:58:20.940,0.18882,0.18919,0.02,0.02
2013.06.28 02:58:21.058,0.18873,0.18907,0.02,0.03
2013.06.28 02:58:21.179,0.18876,0.18906,0.02,0.02
2013.06.28 02:58:21.239,0.18878,0.18917,0.02,0.02
2013.06.28 02:58:21.429,0.18877,0.18914,0.02,0.02
2013.06.28 02:58:21.489,0.18871,0.18907,0.02,0.03
2013.06.28 02:58:22.025,0.18876,0.18914,0.02,0.02
2013.06.28 02:58:22.529,0.18873,0.18907,0.02,0.02
2013.06.28 02:58:22.859,0.18876,0.18907,0.02,0.02
2013.06.28 02:58:22.956,0.18882,0.18919,0.02,0.02
2013.06.28 02:58:23.476,0.18881,0.18919,0.02,0.03
2013.06.28 02:58:24.139,0.18874,0.18906,0.02,0.02
2013.06.28 02:58:24.680,0.18875,0.18907,0.02,0.02
2013.06.28 02:58:25.179,0.18884,0.18923,0.02,0.02
2013.06.28 02:58:25.389,0.18882,0.1892,0.02,0.02
2013.06.28 02:58:28.079,0.18876,0.18908,0.02,0.02
2013.06.28 02:58:29.679,0.18876,0.18907,0.02,0.02
2013.06.28 02:58:30.129,0.18874,0.18906,0.02,0.02
2013.06.28 02:58:30.409,0.18876,0.18914,0.03,0.02
2013.06.28 02:58:33.012,0.18876,0.18907,0.02,0.02
2013.06.28 02:58:33.189,0.18881,0.1892,0.02,0.02
2013.06.28 02:58:33.549,0.1888,0.18913,0.02,0.02
2013.06.28 02:58:33.679,0.1888,0.18919,0.03,0.02
2013.06.28 02:58:34.385,0.18881,0.1892,0.02,0.02
2013.06.28 02:58:35.669,0.18881,0.18911,0.02,0.02
2013.06.28 02:58:35.860,0.18887,0.18926,0.02,0.02
2013.06.28 02:58:38.323,0.18884,0.18916,0.02,0.02
2013.06.28 02:58:38.619,0.18901,0.18938,0.02,0.02
2013.06.28 02:58:38.749,0.18884,0.18917,0.02,0.02
2013.06.28 02:58:38.930,0.18894,0.18932,0.02,0.02
2013.06.28 02:58:39.436,0.18888,0.18921,0.02,0.02
2013.06.28 02:58:40.067,0.18889,0.18922,0.02,0.02
2013.06.28 02:58:40.249,0.1889,0.18928,0.02,0.02
2013.06.28 02:58:41.670,0.18892,0.1893,0.02,0.02
2013.06.28 02:58:41.899,0.1889,0.18928,0.02,0.02
2013.06.28 02:58:43.029,0.18891,0.18931,0.02,0.02
2013.06.28 02:58:43.269,0.18898,0.1894,0.02,0.02
2013.06.28 02:58:43.329,0.18894,0.18933,0.02,0.02
2013.06.28 02:58:43.430,0.18896,0.18938,0.03,0.02
2013.06.28 02:58:44.046,0.18896,0.18933,0.02,0.02
2013.06.28 02:58:44.359,0.18901,0.18939,0.02,0.02
2013.06.28 02:58:44.745,0.18904,0.18943,0.02,0.02
2013.06.28 02:58:44.801,0.189,0.18938,0.02,0.02
2013.06.28 02:58:45.400,0.18904,0.18944,0.02,0.02
2013.06.28 02:58:46.347,0.18898,0.18944,0.02,0.02
2013.06.28 02:58:47.719,0.189,0.18941,0.02,0.02
2013.06.28 02:58:48.189,0.18893,0.18927,0.02,0.02
2013.06.28 02:58:48.808,0.18893,0.18927,0.02,0.02
2013.06.28 02:58:49.159,0.18894,0.18927,0.02,0.02
2013.06.28 02:58:49.816,0.18901,0.1894,0.02,0.02
2013.06.28 02:58:51.331,0.18895,0.18943,0.02,0.02
2013.06.28 02:58:51.946,0.18901,0.18932,0.02,0.02
2013.06.28 02:58:53.282,0.18895,0.18931,0.02,0.03
2013.06.28 02:58:55.633,0.18895,0.18928,0.02,0.02
2013.06.28 02:58:55.749,0.18897,0.18936,0.02,0.02
2013.06.28 02:58:55.809,0.18901,0.1894,0.02,0.02
2013.06.28 02:58:56.568,0.18893,0.18927,0.02,0.02
2013.06.28 02:58:56.889,0.18894,0.18933,0.02,0.02
2013.06.28 02:58:57.009,0.18892,0.18931,0.02,0.02
2013.06.28 02:58:57.129,0.18891,0.18929,0.02,0.02
2013.06.28 02:58:57.440,0.18888,0.18927,0.02,0.02
2013.06.28 02:58:57.597,0.18879,0.18916,0.02,0.02
2013.06.28 02:58:57.990,0.18886,0.18924,0.02,0.02
2013.06.28 02:58:58.497,0.18879,0.18916,0.02,0.02
2013.06.28 02:58:58.621,0.18879,0.18913,0.02,0.02
2013.06.28 02:58:58.799,0.18884,0.18922,0.02,0.02
2013.06.28 02:58:59.488,0.18879,0.18916,0.02,0.02
2013.06.28 02:58:59.734,0.18883,0.18922,0.02,0.02
2013.06.28 02:59:00.209,0.18886,0.18925,0.02,0.02
2013.06.28 02:59:00.284,0.18883,0.18921,0.02,0.02
2013.06.28 02:59:00.943,0.18882,0.18921,0.02,0.02
2013.06.28 02:59:04.120,0.18883,0.18922,0.02,0.02
2013.06.28 02:59:05.619,0.18879,0.18913,0.02,0.02
2013.06.28 02:59:05.700,0.18887,0.18925,0.02,0.02
2013.06.28 02:59:05.759,0.18882,0.18921,0.02,0.02
2013.06.28 02:59:05.879,0.18886,0.18925,0.02,0.02
2013.06.28 02:59:08.062,0.18886,0.18924,0.02,0.02
2013.06.28 02:59:08.539,0.1888,0.18917,0.02,0.02
2013.06.28 02:59:09.021,0.18886,0.18923,0.02,0.02
2013.06.28 02:59:09.199,0.1889,0.18928,0.02,0.02
2013.06.28 02:59:09.262,0.18887,0.18926,0.02,0.02
2013.06.28 02:59:09.372,0.1889,0.18929,0.02,0.02
2013.06.28 02:59:10.089,0.18879,0.18916,0.02,0.02
2013.06.28 02:59:10.209,0.18887,0.18926,0.02,0.02
2013.06.28 02:59:10.269,0.18878,0.18917,0.02,0.02
2013.06.28 02:59:10.389,0.18883,0.18922,0.02,0.02
2013.06.28 02:59:10.949,0.18883,0.18921,0.02,0.02
2013.06.28 02:59:11.086,0.18879,0.18916,0.02,0.02
2013.06.28 02:59:11.199,0.18886,0.18925,0.02,0.02
2013.06.28 02:59:11.879,0.18883,0.18921,0.02,0.02
2013.06.28 02:59:13.994,0.1888,0.18917,0.02,0.02
2013.06.28 02:59:14.109,0.18887,0.18924,0.02,0.02
2013.06.28 02:59:15.100,0.18888,0.18927,0.02,0.02
2013.06.28 02:59:15.559,0.18887,0.18924,0.02,0.02
2013.06.28 02:59:17.309,0.1889,0.18927,0.02,0.02
2013.06.28 02:59:17.470,0.18895,0.18933,0.02,0.02
2013.06.28 02:59:17.594,0.18891,0.1893,0.03,0.02
2013.06.28 02:59:17.693,0.18895,0.18934,0.02,0.02
2013.06.28 02:59:20.620,0.18895,0.18926,0.02,0.02
2013.06.28 02:59:21.246,0.18892,0.18927,0.02,0.02
2013.06.28 02:59:22.209,0.18896,0.18935,0.02,0.02
2013.06.28 02:59:23.066,0.18889,0.18926,0.02,0.02
2013.06.28 02:59:24.779,0.18888,0.18922,0.02,0.02
2013.06.28 02:59:24.899,0.18894,0.1893,0.02,0.02
2013.06.28 02:59:25.099,0.18891,0.18928,0.02,0.02
2013.06.28 02:59:25.889,0.18891,0.18926,0.03,0.02
2013.06.28 02:59:26.130,0.18897,0.18936,0.02,0.03
2013.06.28 02:59:26.508,0.18891,0.18927,0.02,0.02
2013.06.28 02:59:26.620,0.18896,0.18932,0.02,0.02
2013.06.28 02:59:27.177,0.18889,0.18926,0.02,0.02
2013.06.28 02:59:27.619,0.18896,0.18931,0.02,0.02
2013.06.28 02:59:28.019,0.189,0.18939,0.02,0.02
2013.06.28 02:59:32.320,0.18894,0.18928,0.02,0.02
2013.06.28 02:59:32.379,0.18898,0.18937,0.02,0.02
2013.06.28 02:59:32.619,0.18897,0.18935,0.02,0.02
2013.06.28 02:59:33.042,0.18897,0.18938,0.02,0.02
2013.06.28 02:59:33.470,0.18899,0.18941,0.02,0.02
2013.06.28 02:59:33.875,0.18898,0.18936,0.02,0.02
2013.06.28 02:59:34.063,0.18894,0.18938,0.02,0.02
2013.06.28 02:59:34.179,0.189,0.1894,0.02,0.02
2013.06.28 02:59:35.109,0.18894,0.18935,0.02,0.02
2013.06.28 02:59:35.229,0.18897,0.18936,0.02,0.02
2013.06.28 02:59:35.296,0.18897,0.18939,0.02,0.02
2013.06.28 02:59:35.349,0.18899,0.18941,0.02,0.02
2013.06.28 02:59:35.409,0.18899,0.18932,0.02,0.02
2013.06.28 02:59:35.529,0.18896,0.18926,0.02,0.02
2013.06.28 02:59:35.665,0.18896,0.18935,0.02,0.02
2013.06.28 02:59:35.719,0.1889,0.18927,0.02,0.02
2013.06.28 02:59:36.229,0.18888,0.18923,0.02,0.02
2013.06.28 02:59:36.349,0.18891,0.18927,0.02,0.02
2013.06.28 02:59:37.037,0.18891,0.18929,0.03,0.02
2013.06.28 02:59:37.594,0.18888,0.18923,0.02,0.02
2013.06.28 02:59:38.561,0.18891,0.18922,0.02,0.02
2013.06.28 02:59:38.671,0.18891,0.18926,0.02,0.02
2013.06.28 02:59:38.789,0.1889,0.18927,0.02,0.02
2013.06.28 02:59:38.949,0.18895,0.18933,0.02,0.02
2013.06.28 02:59:39.686,0.18894,0.18932,0.02,0.02
2013.06.28 02:59:41.132,0.18889,0.18923,0.02,0.02
2013.06.28 02:59:41.309,0.18891,0.18929,0.03,0.02
2013.06.28 02:59:42.470,0.18889,0.18926,0.02,0.02
2013.06.28 02:59:46.399,0.18885,0.18917,0.02,0.02
2013.06.28 02:59:46.630,0.18886,0.18923,0.02,0.02
2013.06.28 02:59:48.005,0.18878,0.18917,0.02,0.02
2013.06.28 02:59:48.559,0.18879,0.18917,0.02,0.02
2013.06.28 02:59:48.619,0.18884,0.18923,0.02,0.02
2013.06.28 02:59:49.699,0.18883,0.18922,0.02,0.02
2013.06.28 02:59:49.782,0.1888,0.18917,0.02,0.02
2013.06.28 02:59:50.336,0.18874,0.18911,0.02,0.02
2013.06.28 02:59:51.148,0.18877,0.18917,0.02,0.02
2013.06.28 02:59:51.889,0.1888,0.18916,0.03,0.02
2013.06.28 02:59:52.009,0.18885,0.18924,0.02,0.02
2013.06.28 02:59:52.348,0.18884,0.18922,0.02,0.02
2013.06.28 02:59:52.949,0.18881,0.18913,0.02,0.02
2013.06.28 02:59:53.278,0.18878,0.18913,0.02,0.02
2013.06.28 02:59:54.006,0.18884,0.18921,0.02,0.02
2013.06.28 02:59:54.510,0.18878,0.18917,0.02,0.02
2013.06.28 02:59:55.050,0.18883,0.18921,0.02,0.02
2013.06.28 02:59:55.760,0.18881,0.18918,0.02,0.02
2013.06.28 02:59:56.759,0.18878,0.18917,0.02,0.02
2013.06.28 02:59:59.689,0.18875,0.18911,0.02,0.02
