2015.06.25 03:00:18.098,0.1591,0.1594,0.01,0.02
2015.06.25 03:00:18.903,0.15911,0.15941,0.01,0.02
2015.06.25 03:00:20.849,0.1591,0.1594,0.01,0.02
2015.06.25 03:00:23.861,0.15911,0.15941,0.01,0.02
2015.06.25 03:00:24.687,0.1591,0.1594,0.01,0.02
2015.06.25 03:00:26.172,0.15905,0.15935,0.22,0.02
2015.06.25 03:00:32.238,0.15911,0.15941,0.01,0.18
2015.06.25 03:00:34.346,0.1591,0.1594,0.03,0.02
2015.06.25 03:00:41.720,0.15911,0.15941,0.01,0.18
2015.06.25 03:00:45.540,0.1591,0.1594,0.03,0.02
2015.06.25 03:00:49.349,0.15911,0.15941,0.01,0.19
2015.06.25 03:00:52.011,0.1591,0.1594,0.03,0.02
2015.06.25 03:00:55.065,0.15911,0.15941,0.01,0.19
2015.06.25 03:01:01.885,0.15912,0.15942,0.01,0.19
2015.06.25 03:01:01.935,0.1591,0.1594,0.02,0.02
2015.06.25 03:01:03.205,0.1591,0.1594,0.02,0.02
2015.06.25 03:01:07.788,0.1591,0.1594,0.03,0.02
2015.06.25 03:01:11.421,0.15911,0.15941,0.01,0.23
2015.06.25 03:01:17.135,0.1591,0.1594,0.03,0.02
2015.06.25 03:01:19.040,0.15911,0.15941,0.01,0.23
2015.06.25 03:01:23.258,0.1591,0.1594,0.03,0.02
2015.06.25 03:01:26.685,0.15911,0.15941,0.01,0.23
2015.06.25 03:01:30.415,0.1591,0.1594,0.03,0.02
2015.06.25 03:01:32.402,0.15911,0.15941,0.01,0.19
2015.06.25 03:01:34.241,0.1591,0.1594,0.03,0.02
2015.06.25 03:01:38.072,0.15911,0.15941,0.01,0.19
2015.06.25 03:01:45.642,0.1591,0.1594,0.03,0.02
2015.06.25 03:01:47.555,0.15911,0.15941,0.01,0.19
2015.06.25 03:01:52.189,0.1591,0.1594,0.03,0.02
2015.06.25 03:01:55.390,0.15911,0.15941,0.01,0.19
2015.06.25 03:01:58.999,0.1591,0.1594,0.03,0.02
2015.06.25 03:02:02.070,0.1591,0.15941,0.01,0.17
2015.06.25 03:02:02.710,0.15911,0.15941,0.01,0.17
2015.06.25 03:02:04.803,0.1591,0.15941,0.01,0.17
2015.06.25 03:02:10.375,0.15911,0.15941,0.01,0.02
2015.06.25 03:02:12.232,0.1591,0.15941,0.01,0.02
2015.06.25 03:02:14.140,0.15911,0.15941,0.01,0.02
2015.06.25 03:02:14.846,0.1591,0.15941,0.01,0.02
2015.06.25 03:02:16.052,0.15908,0.15941,0.03,0.02
2015.06.25 03:02:27.865,0.15909,0.15941,0.01,0.02
2015.06.25 03:02:33.119,0.15908,0.15941,0.03,0.02
2015.06.25 03:02:36.947,0.15909,0.15941,0.01,0.02
2015.06.25 03:02:38.857,0.15908,0.15941,0.03,0.02
2015.06.25 03:02:40.763,0.15909,0.15941,0.01,0.02
2015.06.25 03:02:48.872,0.15909,0.15942,0.01,0.20
2015.06.25 03:02:50.692,0.15908,0.15942,0.01,0.20
2015.06.25 03:02:50.742,0.15909,0.15939,0.02,0.02
2015.06.25 03:03:50.944,0.15907,0.15941,0.01,0.22
2015.06.25 03:03:51.511,0.15908,0.15941,0.01,0.22
2015.06.25 03:03:55.709,0.15907,0.15941,0.01,0.22
2015.06.25 03:03:59.464,0.15908,0.15941,0.01,0.22
2015.06.25 03:04:02.398,0.15907,0.15941,0.01,0.22
2015.06.25 03:04:06.385,0.15908,0.15941,0.01,0.22
2015.06.25 03:04:08.189,0.15907,0.15941,0.01,0.22
2015.06.25 03:04:09.268,0.15907,0.1594,0.01,0.21
2015.06.25 03:04:09.493,0.15908,0.15942,0.01,0.19
2015.06.25 03:04:11.313,0.15907,0.15942,0.01,0.19
2015.06.25 03:04:13.503,0.15908,0.15942,0.01,0.19
2015.06.25 03:04:15.101,0.15907,0.15942,0.01,0.19
2015.06.25 03:04:16.210,0.15911,0.15942,0.01,0.19
2015.06.25 03:04:19.584,0.1591,0.15942,0.01,0.19
2015.06.25 03:04:22.628,0.15911,0.15942,0.01,0.19
2015.06.25 03:04:24.581,0.1591,0.15942,0.01,0.19
2015.06.25 03:04:26.453,0.15911,0.15942,0.01,0.19
2015.06.25 03:04:27.619,0.15911,0.15941,0.01,0.15
2015.06.25 03:04:28.272,0.1591,0.15941,0.01,0.15
2015.06.25 03:04:45.414,0.15911,0.15941,0.01,0.15
2015.06.25 03:04:49.106,0.15909,0.15939,0.01,0.13
2015.06.25 03:04:49.748,0.1591,0.1594,0.01,0.21
2015.06.25 03:04:53.171,0.15911,0.15941,0.01,0.21
2015.06.25 03:04:57.135,0.1591,0.1594,0.01,0.21
2015.06.25 03:04:58.835,0.15911,0.15941,0.01,0.21
2015.06.25 03:05:04.365,0.1591,0.1594,0.01,0.21
2015.06.25 03:05:09.259,0.1591,0.1594,0.01,0.20
2015.06.25 03:05:14.053,0.15911,0.15941,0.01,0.20
2015.06.25 03:05:15.927,0.1591,0.1594,0.01,0.20
2015.06.25 03:05:17.711,0.15911,0.15941,0.01,0.20
2015.06.25 03:05:23.426,0.1591,0.1594,0.01,0.20
2015.06.25 03:05:28.924,0.1591,0.15941,0.01,0.19
2015.06.25 03:05:29.493,0.15911,0.15941,0.01,0.19
2015.06.25 03:05:31.046,0.1591,0.15941,0.01,0.19
2015.06.25 03:05:32.048,0.15909,0.15941,0.01,0.19
2015.06.25 03:05:33.050,0.1591,0.15941,0.01,0.19
2015.06.25 03:05:35.373,0.15909,0.15941,0.01,0.19
2015.06.25 03:05:38.667,0.1591,0.15941,0.01,0.19
2015.06.25 03:05:40.574,0.15909,0.15941,0.01,0.19
2015.06.25 03:05:44.354,0.1591,0.15941,0.01,0.19
2015.06.25 03:05:48.923,0.15909,0.15939,0.01,0.13
2015.06.25 03:05:50.054,0.15911,0.15941,0.01,0.21
2015.06.25 03:05:53.891,0.1591,0.1594,0.01,0.21
2015.06.25 03:05:59.766,0.15911,0.15941,0.01,0.21
2015.06.25 03:06:04.159,0.1591,0.1594,0.01,0.21
2015.06.25 03:06:04.209,0.1591,0.15941,0.01,0.02
2015.06.25 03:06:07.149,0.15911,0.15941,0.01,0.02
2015.06.25 03:06:09.001,0.1591,0.15941,0.01,0.02
2015.06.25 03:06:10.508,0.15913,0.15943,0.03,0.02
2015.06.25 03:06:10.959,0.15908,0.15938,0.22,0.02
2015.06.25 03:06:11.501,0.15914,0.15944,0.01,0.18
2015.06.25 03:06:11.565,0.15915,0.15945,0.02,0.11
2015.06.25 03:06:12.247,0.15913,0.15943,0.02,0.02
2015.06.25 03:06:12.734,0.15911,0.15941,0.01,0.02
2015.06.25 03:06:18.176,0.1591,0.1594,0.03,0.02
2015.06.25 03:06:22.327,0.15912,0.15942,0.02,0.02
2015.06.25 03:06:24.296,0.15913,0.15943,0.01,0.02
2015.06.25 03:06:24.348,0.15914,0.15944,0.02,0.22
2015.06.25 03:07:24.513,0.15913,0.15944,0.01,0.18
2015.06.25 03:07:29.028,0.15914,0.15944,0.01,0.18
2015.06.25 03:07:30.246,0.15913,0.15944,0.01,0.18
2015.06.25 03:07:37.565,0.15914,0.15944,0.01,0.18
2015.06.25 03:07:37.751,0.15914,0.15946,0.01,0.24
2015.06.25 03:07:41.724,0.15913,0.15946,0.01,0.24
2015.06.25 03:07:45.565,0.15914,0.15946,0.01,0.24
2015.06.25 03:07:53.119,0.15913,0.15946,0.01,0.24
2015.06.25 03:07:58.792,0.15914,0.15946,0.01,0.24
2015.06.25 03:08:02.553,0.15913,0.15946,0.01,0.24
2015.06.25 03:08:07.935,0.15914,0.15946,0.01,0.24
2015.06.25 03:08:08.969,0.15914,0.15947,0.01,0.02
2015.06.25 03:08:12.313,0.15913,0.15947,0.01,0.02
2015.06.25 03:08:14.399,0.15914,0.15947,0.01,0.02
2015.06.25 03:08:16.668,0.15913,0.15947,0.01,0.02
2015.06.25 03:08:18.769,0.15914,0.15947,0.01,0.02
2015.06.25 03:08:21.284,0.15913,0.15947,0.01,0.02
2015.06.25 03:08:27.117,0.15914,0.15947,0.01,0.02
2015.06.25 03:08:31.030,0.15913,0.15947,0.01,0.20
2015.06.25 03:08:35.478,0.15913,0.15944,0.01,0.11
2015.06.25 03:08:38.346,0.15914,0.15944,0.01,0.11
2015.06.25 03:08:39.396,0.15913,0.15944,0.01,0.11
2015.06.25 03:08:40.252,0.15914,0.15944,0.01,0.11
2015.06.25 03:08:44.064,0.15913,0.15944,0.01,0.11
2015.06.25 03:08:48.058,0.15914,0.15944,0.01,0.11
2015.06.25 03:08:48.908,0.15914,0.15945,0.01,0.25
2015.06.25 03:08:57.488,0.15913,0.15945,0.01,0.25
2015.06.25 03:09:02.694,0.15914,0.15945,0.01,0.25
2015.06.25 03:09:03.362,0.15913,0.15945,0.01,0.25
2015.06.25 03:09:04.927,0.15914,0.15945,0.01,0.25
2015.06.25 03:09:08.739,0.15913,0.15945,0.01,0.25
2015.06.25 03:09:12.566,0.15914,0.15945,0.01,0.25
2015.06.25 03:09:14.472,0.15913,0.15945,0.01,0.25
2015.06.25 03:09:16.025,0.15913,0.15944,0.01,0.11
2015.06.25 03:09:16.427,0.15912,0.15942,0.02,0.02
2015.06.25 03:09:16.477,0.15912,0.15942,0.03,0.02
2015.06.25 03:09:16.528,0.15914,0.15944,0.02,0.02
2015.06.25 03:09:35.002,0.15913,0.15943,0.02,0.02
2015.06.25 03:09:35.352,0.15914,0.15944,0.02,0.19
2015.06.25 03:09:48.026,0.15915,0.15945,0.01,0.21
2015.06.25 03:09:48.694,0.15914,0.15944,0.03,0.02
2015.06.25 03:09:49.308,0.15915,0.15945,0.01,0.02
2015.06.25 03:09:50.153,0.15914,0.15944,0.03,0.02
2015.06.25 03:09:52.264,0.15915,0.15945,0.01,0.02
2015.06.25 03:09:54.380,0.15914,0.15944,0.03,0.02
2015.06.25 03:10:00.595,0.15915,0.15945,0.01,0.02
2015.06.25 03:10:01.840,0.15914,0.15944,0.03,0.02
2015.06.25 03:10:04.414,0.15915,0.15945,0.01,0.02
2015.06.25 03:10:07.131,0.15914,0.15944,0.03,0.02
2015.06.25 03:10:10.194,0.15915,0.15945,0.01,0.02
2015.06.25 03:10:12.076,0.15914,0.15944,0.03,0.02
2015.06.25 03:10:14.191,0.15915,0.15945,0.01,0.02
2015.06.25 03:10:30.154,0.15914,0.15944,0.03,0.02
2015.06.25 03:10:31.366,0.15915,0.15945,0.01,0.02
2015.06.25 03:10:35.476,0.15915,0.15946,0.01,0.17
2015.06.25 03:10:36.983,0.15914,0.15946,0.01,0.17
2015.06.25 03:10:39.089,0.15915,0.15946,0.01,0.17
2015.06.25 03:10:39.462,0.15912,0.15942,0.24,0.02
2015.06.25 03:10:39.943,0.15921,0.15951,0.02,0.22
2015.06.25 03:10:47.314,0.15919,0.15949,0.02,0.02
2015.06.25 03:10:47.415,0.15911,0.15941,0.23,0.02
2015.06.25 03:10:49.160,0.15917,0.15947,0.02,0.04
2015.06.25 03:10:54.992,0.15911,0.15941,0.26,0.02
2015.06.25 03:11:43.661,0.15919,0.15949,0.01,0.20
2015.06.25 03:11:45.571,0.1592,0.1595,0.02,0.24
2015.06.25 03:12:28.120,0.15922,0.15952,0.02,0.23
2015.06.25 03:12:29.647,0.15921,0.15951,0.02,0.06
2015.06.25 03:12:30.828,0.15922,0.15952,0.02,0.21
2015.06.25 03:12:33.872,0.1592,0.1595,0.02,0.02
2015.06.25 03:12:35.400,0.15923,0.15953,0.02,0.19
2015.06.25 03:12:37.930,0.1592,0.1595,0.02,0.02
2015.06.25 03:12:53.011,0.15918,0.15948,0.02,0.02
2015.06.25 03:12:53.571,0.1592,0.1595,0.02,0.18
2015.06.25 03:12:55.014,0.1592,0.1595,0.02,0.18
2015.06.25 03:12:55.122,0.15917,0.15947,0.02,0.02
2015.06.25 03:12:56.394,0.1592,0.1595,0.02,0.18
2015.06.25 03:12:56.645,0.15914,0.15944,0.26,0.02
2015.06.25 03:13:03.028,0.15916,0.15946,0.03,0.02
2015.06.25 03:13:03.129,0.15919,0.15949,0.02,0.04
2015.06.25 03:13:03.470,0.15918,0.15948,0.02,0.27
2015.06.25 03:13:58.580,0.1592,0.1595,0.02,0.17
2015.06.25 03:13:59.659,0.1592,0.1595,0.02,0.24
2015.06.25 03:14:59.780,0.15918,0.15949,0.01,0.10
2015.06.25 03:15:01.794,0.15918,0.15951,0.03,0.02
2015.06.25 03:15:09.006,0.15917,0.15951,0.23,0.18
2015.06.25 03:15:10.231,0.15918,0.15951,0.01,0.18
2015.06.25 03:15:12.094,0.15917,0.15951,0.23,0.18
2015.06.25 03:15:12.939,0.15918,0.15951,0.02,0.02
2015.06.25 03:15:12.990,0.15922,0.15952,0.02,0.25
2015.06.25 03:15:26.807,0.15924,0.15954,0.02,0.20
2015.06.25 03:15:40.319,0.15923,0.15953,0.02,0.02
2015.06.25 03:15:41.164,0.15922,0.15952,0.02,0.02
2015.06.25 03:15:47.273,0.1592,0.1595,0.10,0.02
2015.06.25 03:16:01.213,0.15922,0.15952,0.02,0.24
2015.06.25 03:16:27.525,0.1592,0.1595,0.03,0.02
2015.06.25 03:16:29.596,0.15923,0.15953,0.02,0.04
2015.06.25 03:16:47.448,0.15921,0.15951,0.02,0.02
2015.06.25 03:17:44.322,0.15921,0.15951,0.02,0.21
2015.06.25 03:17:52.527,0.15921,0.15951,0.02,0.02
2015.06.25 03:17:54.216,0.15922,0.15952,0.02,0.23
2015.06.25 03:17:56.952,0.15916,0.15946,0.26,0.02
2015.06.25 03:17:57.265,0.15922,0.15952,0.02,0.02
2015.06.25 03:18:19.713,0.15916,0.15946,0.24,0.02
2015.06.25 03:19:10.293,0.15923,0.15953,0.02,0.24
2015.06.25 03:19:10.730,0.15921,0.15951,0.02,0.02
2015.06.25 03:20:10.834,0.15917,0.1595,0.01,0.13
2015.06.25 03:20:16.253,0.15918,0.1595,0.01,0.13
2015.06.25 03:20:18.390,0.15917,0.1595,0.01,0.13
2015.06.25 03:20:25.590,0.15916,0.1595,0.01,0.13
2015.06.25 03:20:28.897,0.15916,0.15951,0.01,0.17
2015.06.25 03:20:29.678,0.15917,0.15951,0.01,0.17
2015.06.25 03:20:37.020,0.15916,0.15951,0.01,0.17
2015.06.25 03:20:38.971,0.15917,0.15951,0.01,0.17
2015.06.25 03:20:40.875,0.15916,0.15951,0.01,0.17
2015.06.25 03:20:41.666,0.15917,0.15951,0.01,0.17
2015.06.25 03:20:42.736,0.15916,0.15951,0.01,0.17
2015.06.25 03:20:45.643,0.15917,0.15951,0.01,0.17
2015.06.25 03:20:45.755,0.15917,0.15953,0.03,0.14
2015.06.25 03:20:48.907,0.15917,0.15952,0.01,0.17
2015.06.25 03:20:48.963,0.15917,0.15949,0.01,0.12
2015.06.25 03:20:49.510,0.15916,0.15949,0.01,0.12
2015.06.25 03:20:50.170,0.15917,0.15949,0.01,0.12
2015.06.25 03:20:50.850,0.15919,0.15949,0.02,0.14
2015.06.25 03:21:42.423,0.15916,0.1595,0.01,0.12
2015.06.25 03:21:44.433,0.15917,0.1595,0.01,0.12
2015.06.25 03:21:48.985,0.15917,0.15949,0.01,0.13
2015.06.25 03:21:49.798,0.15916,0.15949,0.01,0.13
2015.06.25 03:21:51.653,0.15917,0.15949,0.01,0.13
2015.06.25 03:21:53.509,0.15916,0.15949,0.01,0.13
2015.06.25 03:21:55.415,0.15917,0.15949,0.01,0.13
2015.06.25 03:21:59.227,0.15916,0.15949,0.01,0.13
2015.06.25 03:22:03.038,0.15917,0.15949,0.01,0.13
2015.06.25 03:22:06.849,0.15916,0.15949,0.01,0.13
2015.06.25 03:22:08.755,0.15917,0.15949,0.01,0.13
2015.06.25 03:22:10.904,0.15916,0.15949,0.01,0.08
2015.06.25 03:22:12.596,0.15917,0.15949,0.01,0.08
2015.06.25 03:22:14.474,0.15916,0.15949,0.01,0.08
2015.06.25 03:22:20.191,0.15917,0.15949,0.01,0.08
2015.06.25 03:22:26.103,0.15916,0.15949,0.01,0.08
2015.06.25 03:22:30.355,0.15917,0.15949,0.01,0.10
2015.06.25 03:22:37.246,0.15916,0.15949,0.01,0.10
2015.06.25 03:22:39.163,0.15917,0.15949,0.01,0.10
2015.06.25 03:22:41.073,0.15916,0.15949,0.01,0.10
2015.06.25 03:22:43.025,0.15917,0.15949,0.01,0.10
2015.06.25 03:22:46.792,0.15916,0.15949,0.01,0.10
2015.06.25 03:22:48.785,0.15917,0.15949,0.01,0.10
2015.06.25 03:22:50.913,0.15916,0.15949,0.01,0.10
2015.06.25 03:22:54.327,0.15917,0.15949,0.01,0.10
2015.06.25 03:22:58.162,0.15916,0.15949,0.01,0.10
2015.06.25 03:23:03.862,0.15917,0.15949,0.01,0.10
2015.06.25 03:23:06.119,0.15916,0.15949,0.01,0.10
2015.06.25 03:23:07.440,0.15917,0.15949,0.01,0.10
2015.06.25 03:23:08.365,0.15916,0.15949,0.01,0.10
2015.06.25 03:23:11.453,0.15917,0.15949,0.01,0.10
2015.06.25 03:23:13.372,0.15916,0.15949,0.01,0.10
2015.06.25 03:23:15.193,0.15917,0.15949,0.01,0.10
2015.06.25 03:23:22.872,0.15916,0.15949,0.01,0.10
2015.06.25 03:23:24.971,0.15917,0.15949,0.01,0.10
2015.06.25 03:23:26.681,0.15916,0.15949,0.01,0.10
2015.06.25 03:23:28.930,0.15916,0.15951,0.01,0.23
2015.06.25 03:23:30.491,0.15917,0.15951,0.01,0.23
2015.06.25 03:23:32.397,0.15916,0.15951,0.01,0.23
2015.06.25 03:23:33.400,0.15915,0.15951,0.05,0.23
2015.06.25 03:23:33.451,0.15917,0.15947,0.02,0.18
2015.06.25 03:23:34.222,0.15916,0.15946,0.02,0.20
2015.06.25 03:23:34.272,0.15917,0.15947,0.02,0.02
2015.06.25 03:23:41.110,0.15912,0.15942,0.21,0.02
2015.06.25 03:23:41.536,0.15917,0.15947,0.02,0.21
2015.06.25 03:23:46.660,0.15916,0.15946,0.02,0.02
2015.06.25 03:23:50.080,0.15918,0.15948,0.01,0.26
2015.06.25 03:23:50.675,0.15917,0.15947,0.01,0.02
2015.06.25 03:23:50.800,0.15919,0.15949,0.02,0.23
2015.06.25 03:23:50.899,0.15917,0.15947,0.02,0.02
2015.06.25 03:24:00.281,0.15919,0.15949,0.02,0.18
2015.06.25 03:24:01.118,0.15917,0.15947,0.02,0.02
2015.06.25 03:24:01.731,0.15919,0.15949,0.02,0.02
2015.06.25 03:24:05.153,0.15917,0.15947,0.02,0.02
2015.06.25 03:24:15.468,0.15911,0.15941,0.25,0.02
2015.06.25 03:24:17.778,0.15917,0.15947,0.02,0.19
2015.06.25 03:24:17.879,0.1592,0.1595,0.02,0.21
2015.06.25 03:24:18.314,0.15918,0.15948,0.02,0.02
2015.06.25 03:24:27.879,0.1592,0.1595,0.02,0.21
2015.06.25 03:25:28.084,0.15918,0.15949,0.01,0.08
2015.06.25 03:25:30.810,0.15919,0.15949,0.01,0.06
2015.06.25 03:25:32.760,0.15918,0.15949,0.01,0.06
2015.06.25 03:25:34.853,0.15919,0.15949,0.01,0.06
2015.06.25 03:25:41.933,0.15918,0.15949,0.01,0.06
2015.06.25 03:25:43.838,0.15919,0.15949,0.01,0.06
2015.06.25 03:25:47.106,0.15918,0.15949,0.01,0.06
2015.06.25 03:25:47.654,0.15919,0.15949,0.01,0.06
2015.06.25 03:25:48.999,0.15919,0.1595,0.01,0.25
2015.06.25 03:25:49.721,0.15918,0.1595,0.01,0.25
2015.06.25 03:25:53.372,0.15919,0.1595,0.01,0.25
2015.06.25 03:25:55.276,0.15918,0.1595,0.01,0.25
2015.06.25 03:25:59.111,0.15919,0.1595,0.01,0.25
2015.06.25 03:26:00.892,0.15918,0.1595,0.01,0.25
2015.06.25 03:26:01.258,0.15919,0.15952,0.01,0.18
2015.06.25 03:26:05.832,0.15919,0.15951,0.01,0.02
2015.06.25 03:26:05.882,0.15917,0.15947,0.17,0.02
2015.06.25 03:26:07.079,0.15922,0.15952,0.02,0.20
2015.06.25 03:26:12.909,0.15921,0.15951,0.02,0.24
2015.06.25 03:26:32.148,0.15921,0.15951,0.02,0.14
2015.06.25 03:26:57.711,0.15923,0.15953,0.02,0.02
2015.06.25 03:26:57.812,0.15926,0.15956,0.02,0.18
2015.06.25 03:27:57.909,0.15923,0.15956,0.01,0.14
2015.06.25 03:28:01.448,0.15922,0.15956,0.25,0.14
2015.06.25 03:28:02.057,0.15923,0.15956,0.01,0.14
2015.06.25 03:28:04.143,0.15922,0.15956,0.25,0.14
2015.06.25 03:28:06.601,0.15922,0.15952,0.02,0.02
2015.06.25 03:28:09.113,0.15924,0.15954,0.02,0.19
2015.06.25 03:28:18.790,0.15923,0.15953,0.02,0.02
2015.06.25 03:28:37.666,0.15924,0.15954,0.02,0.02
2015.06.25 03:28:43.747,0.15923,0.15953,0.02,0.02
2015.06.25 03:28:58.612,0.1592,0.1595,0.02,0.02
2015.06.25 03:29:00.679,0.15922,0.15952,0.02,0.23
2015.06.25 03:29:12.780,0.15921,0.15951,0.02,0.18
2015.06.25 03:29:24.325,0.15922,0.15952,0.02,0.23
2015.06.25 03:29:26.436,0.15921,0.15951,0.02,0.02
2015.06.25 03:30:00.429,0.1592,0.1595,0.02,0.02
2015.06.25 03:30:00.772,0.15922,0.15952,0.02,0.02
2015.06.25 03:30:05.278,0.15924,0.15954,0.02,0.02
2015.06.25 03:30:10.578,0.15922,0.15952,0.02,0.02
2015.06.25 03:30:20.869,0.15924,0.15954,0.02,0.07
2015.06.25 03:31:21.017,0.15923,0.15956,0.02,0.02
2015.06.25 03:31:48.929,0.15922,0.15957,0.01,0.22
2015.06.25 03:31:53.570,0.15923,0.15957,0.01,0.22
2015.06.25 03:31:54.102,0.15923,0.15953,0.02,0.02
2015.06.25 03:32:15.765,0.15924,0.15954,0.02,0.10
2015.06.25 03:32:20.878,0.15922,0.15952,0.20,0.02
2015.06.25 03:32:35.153,0.15925,0.15955,0.02,0.22
2015.06.25 03:32:35.887,0.15923,0.15953,0.02,0.02
2015.06.25 03:32:37.346,0.15921,0.15951,0.02,0.02
2015.06.25 03:32:38.752,0.15923,0.15953,0.02,0.22
2015.06.25 03:32:38.883,0.15924,0.15954,0.02,0.20
2015.06.25 03:33:38.989,0.15922,0.15956,0.19,0.20
2015.06.25 03:33:49.087,0.15921,0.15957,0.25,0.17
2015.06.25 03:34:09.898,0.15922,0.15957,0.02,0.02
2015.06.25 03:34:28.934,0.15923,0.15956,0.02,0.02
2015.06.25 03:34:48.921,0.15922,0.15956,0.21,0.20
2015.06.25 03:34:50.467,0.15923,0.15956,0.01,0.20
2015.06.25 03:34:52.620,0.15922,0.15956,0.21,0.20
2015.06.25 03:34:55.778,0.15923,0.15956,0.01,0.20
2015.06.25 03:34:56.609,0.15922,0.15956,0.21,0.20
2015.06.25 03:34:58.084,0.15923,0.15956,0.01,0.20
2015.06.25 03:35:01.897,0.15922,0.15956,0.21,0.20
2015.06.25 03:35:03.812,0.15923,0.15956,0.01,0.20
2015.06.25 03:35:07.618,0.15922,0.15956,0.21,0.20
2015.06.25 03:35:09.526,0.15923,0.15956,0.01,0.15
2015.06.25 03:35:19.454,0.15922,0.15956,0.21,0.15
2015.06.25 03:35:25.087,0.15923,0.15956,0.01,0.15
2015.06.25 03:35:27.089,0.15922,0.15956,0.21,0.15
2015.06.25 03:35:28.982,0.15923,0.15956,0.01,0.15
2015.06.25 03:35:29.591,0.15923,0.15957,0.01,0.12
2015.06.25 03:35:30.798,0.15922,0.15957,0.01,0.12
2015.06.25 03:35:31.386,0.15923,0.15957,0.01,0.12
2015.06.25 03:35:34.910,0.15922,0.15957,0.01,0.12
2015.06.25 03:35:40.656,0.15923,0.15957,0.01,0.12
2015.06.25 03:35:42.529,0.15922,0.15957,0.01,0.12
2015.06.25 03:35:44.434,0.15923,0.15957,0.01,0.12
2015.06.25 03:35:48.243,0.15922,0.15957,0.01,0.12
2015.06.25 03:35:50.151,0.15923,0.15957,0.01,0.16
2015.06.25 03:35:55.857,0.15922,0.15957,0.01,0.16
2015.06.25 03:35:57.663,0.15923,0.15957,0.01,0.16
2015.06.25 03:36:01.601,0.15922,0.15957,0.01,0.16
2015.06.25 03:36:09.031,0.15922,0.15956,0.19,0.11
2015.06.25 03:36:09.692,0.15923,0.15956,0.01,0.11
2015.06.25 03:36:12.983,0.15922,0.15956,0.19,0.11
2015.06.25 03:36:18.549,0.15923,0.15956,0.01,0.11
2015.06.25 03:36:20.553,0.15922,0.15956,0.19,0.11
2015.06.25 03:36:22.357,0.15923,0.15956,0.01,0.11
2015.06.25 03:36:28.073,0.15922,0.15956,0.19,0.11
2015.06.25 03:36:29.001,0.15922,0.15957,0.01,0.14
2015.06.25 03:36:30.040,0.15923,0.15957,0.01,0.14
2015.06.25 03:36:39.527,0.15922,0.15957,0.01,0.14
2015.06.25 03:36:43.048,0.15923,0.15957,0.01,0.14
2015.06.25 03:36:45.228,0.15922,0.15957,0.01,0.14
2015.06.25 03:36:46.870,0.15923,0.15957,0.01,0.14
2015.06.25 03:36:52.498,0.15922,0.15957,0.03,0.02
2015.06.25 03:36:54.406,0.15923,0.15957,0.01,0.02
2015.06.25 03:36:56.414,0.15922,0.15957,0.03,0.02
2015.06.25 03:37:00.170,0.15923,0.15957,0.01,0.02
2015.06.25 03:37:02.041,0.15922,0.15957,0.03,0.02
2015.06.25 03:37:05.506,0.15923,0.15957,0.01,0.02
2015.06.25 03:37:06.012,0.15922,0.15957,0.03,0.02
2015.06.25 03:37:08.969,0.15923,0.15956,0.02,0.02
2015.06.25 03:37:48.858,0.15923,0.15957,0.01,0.02
2015.06.25 03:37:51.461,0.15922,0.15957,0.03,0.02
2015.06.25 03:38:02.940,0.15923,0.15957,0.01,0.02
2015.06.25 03:38:05.017,0.15922,0.15957,0.03,0.02
2015.06.25 03:38:09.002,0.15923,0.15956,0.02,0.02
2015.06.25 03:38:49.387,0.15922,0.15957,0.02,0.02
2015.06.25 03:39:08.914,0.15921,0.15957,0.18,0.17
2015.06.25 03:40:08.916,0.15922,0.15956,0.23,0.19
2015.06.25 03:40:28.871,0.15922,0.15957,0.03,0.02
2015.06.25 03:40:49.545,0.15921,0.15957,0.14,0.21
2015.06.25 03:40:54.074,0.15922,0.15957,0.01,0.21
2015.06.25 03:40:58.664,0.15921,0.15957,0.14,0.21
2015.06.25 03:40:59.776,0.15922,0.15957,0.01,0.21
2015.06.25 03:41:28.975,0.15923,0.15956,0.02,0.02
2015.06.25 03:41:48.957,0.15921,0.15957,0.27,0.17
2015.06.25 03:41:50.056,0.15922,0.15957,0.01,0.17
2015.06.25 03:41:51.096,0.15921,0.15957,0.27,0.17
2015.06.25 03:41:56.744,0.15922,0.15957,0.01,0.17
2015.06.25 03:42:02.959,0.15921,0.15957,0.27,0.17
2015.06.25 03:42:08.223,0.15922,0.15957,0.01,0.17
2015.06.25 03:42:08.942,0.15922,0.15956,0.23,0.17
2015.06.25 03:42:29.101,0.15922,0.15957,0.03,0.02
2015.06.25 03:43:08.881,0.15923,0.15956,0.02,0.02
2015.06.25 03:43:28.919,0.15922,0.15956,0.27,0.16
2015.06.25 03:43:48.969,0.15922,0.15957,0.01,0.22
2015.06.25 03:43:55.679,0.15921,0.15957,0.16,0.22
2015.06.25 03:43:57.560,0.15922,0.15957,0.01,0.22
2015.06.25 03:43:59.965,0.15921,0.15957,0.16,0.22
2015.06.25 03:44:04.258,0.15922,0.15957,0.01,0.22
2015.06.25 03:44:08.917,0.15923,0.15956,0.02,0.02
2015.06.25 03:44:28.972,0.15922,0.15956,0.21,0.19
2015.06.25 03:44:30.962,0.15926,0.15956,0.02,0.21
2015.06.25 03:44:36.686,0.15927,0.15957,0.02,0.22
2015.06.25 03:44:36.921,0.15922,0.15952,0.28,0.02
2015.06.25 03:45:37.400,0.15923,0.15957,0.13,0.23
2015.06.25 03:46:08.937,0.15922,0.15958,0.15,0.17
2015.06.25 03:46:28.889,0.15921,0.15957,0.20,0.14
2015.06.25 03:46:48.947,0.15923,0.15957,0.14,0.17
2015.06.25 03:47:01.516,0.15925,0.15955,0.02,0.02
2015.06.25 03:47:08.634,0.15922,0.15952,0.02,0.02
2015.06.25 03:47:08.699,0.15921,0.15951,0.02,0.02
2015.06.25 03:47:09.055,0.15925,0.15955,0.02,0.02
2015.06.25 03:47:29.457,0.15923,0.15953,0.02,0.02
2015.06.25 03:47:30.177,0.15918,0.15948,0.21,0.02
2015.06.25 03:47:30.277,0.15923,0.15953,0.02,0.02
2015.06.25 03:47:44.158,0.15924,0.15954,0.02,0.02
2015.06.25 03:47:50.296,0.15919,0.15949,0.23,0.02
2015.06.25 03:47:50.764,0.15924,0.15954,0.02,0.12
2015.06.25 03:48:50.814,0.15922,0.15957,0.01,0.17
2015.06.25 03:48:51.583,0.15923,0.15957,0.01,0.17
2015.06.25 03:48:57.486,0.15922,0.15957,0.01,0.17
2015.06.25 03:49:02.269,0.15923,0.15957,0.01,0.17
2015.06.25 03:49:03.974,0.15922,0.15957,0.01,0.17
2015.06.25 03:49:07.787,0.15923,0.15957,0.01,0.17
2015.06.25 03:49:09.692,0.15922,0.15957,0.01,0.14
2015.06.25 03:49:10.796,0.15919,0.15949,0.28,0.02
2015.06.25 03:49:13.453,0.15923,0.15953,0.02,0.18
2015.06.25 03:49:13.834,0.15926,0.15956,0.02,0.26
2015.06.25 03:49:50.397,0.15924,0.15954,0.02,0.02
2015.06.25 03:49:55.356,0.15925,0.15955,0.02,0.02
2015.06.25 03:49:57.438,0.15923,0.15953,0.02,0.02
2015.06.25 03:49:58.914,0.15924,0.15954,0.02,0.25
2015.06.25 03:49:59.220,0.15922,0.15952,0.02,0.02
2015.06.25 03:50:01.112,0.15924,0.15954,0.02,0.02
2015.06.25 03:50:43.640,0.15923,0.15953,0.02,0.02
2015.06.25 03:51:00.285,0.15925,0.15955,0.02,0.19
2015.06.25 03:51:24.930,0.15923,0.15953,0.02,0.02
2015.06.25 03:51:50.517,0.15925,0.15955,0.02,0.10
2015.06.25 03:52:51.056,0.15923,0.15956,0.01,0.14
2015.06.25 03:52:51.716,0.15922,0.15956,0.21,0.14
2015.06.25 03:52:53.231,0.15923,0.15956,0.01,0.14
2015.06.25 03:53:00.831,0.15922,0.15956,0.21,0.14
2015.06.25 03:53:04.608,0.15923,0.15956,0.01,0.14
2015.06.25 03:53:05.196,0.15922,0.15956,0.20,0.14
2015.06.25 03:53:09.123,0.15922,0.15958,0.16,0.20
2015.06.25 03:53:18.046,0.15926,0.15956,0.02,0.14
2015.06.25 03:53:18.147,0.15929,0.15959,0.02,0.02
2015.06.25 03:53:18.398,0.15926,0.15956,0.02,0.02
2015.06.25 03:54:18.444,0.15923,0.15957,0.13,0.19
2015.06.25 03:54:28.853,0.15923,0.15956,0.01,0.15
2015.06.25 03:54:29.649,0.15922,0.15956,0.21,0.15
2015.06.25 03:54:31.554,0.15923,0.15956,0.01,0.15
2015.06.25 03:54:33.495,0.15922,0.15956,0.21,0.15
2015.06.25 03:54:35.393,0.15923,0.15956,0.01,0.15
2015.06.25 03:54:37.312,0.15922,0.15956,0.21,0.15
2015.06.25 03:54:41.067,0.15923,0.15956,0.01,0.15
2015.06.25 03:54:43.505,0.15922,0.15956,0.21,0.15
2015.06.25 03:54:44.081,0.15923,0.15956,0.01,0.15
2015.06.25 03:54:45.841,0.15927,0.15957,0.02,0.23
2015.06.25 03:54:46.353,0.15928,0.15958,0.02,0.02
2015.06.25 03:54:46.875,0.15927,0.15957,0.17,0.02
2015.06.25 03:54:47.611,0.15929,0.15959,0.02,0.02
2015.06.25 03:55:39.052,0.15931,0.15961,0.02,0.02
2015.06.25 03:56:39.108,0.15926,0.15962,0.23,0.12
2015.06.25 03:56:42.340,0.15927,0.15962,0.01,0.12
2015.06.25 03:56:45.024,0.15926,0.15962,0.23,0.12
2015.06.25 03:56:46.701,0.15928,0.15958,0.02,0.02
2015.06.25 03:56:47.393,0.15932,0.15962,0.02,0.13
2015.06.25 03:56:50.236,0.15935,0.15965,0.02,0.24
2015.06.25 03:56:51.211,0.15935,0.15965,0.02,0.17
2015.06.25 03:56:52.311,0.15937,0.15967,0.02,0.17
2015.06.25 03:56:55.795,0.15935,0.15965,0.02,0.25
2015.06.25 03:57:07.824,0.15935,0.15965,0.02,0.25
2015.06.25 03:57:08.157,0.1593,0.1596,0.16,0.02
2015.06.25 03:57:08.308,0.15928,0.15958,0.02,0.02
2015.06.25 03:57:08.869,0.15929,0.15959,0.02,0.02
2015.06.25 03:57:18.791,0.15931,0.15961,0.02,0.02
2015.06.25 03:57:33.450,0.1593,0.1596,0.02,0.02
2015.06.25 03:57:33.931,0.15927,0.15957,0.02,0.02
2015.06.25 03:57:34.452,0.1593,0.1596,0.02,0.04
2015.06.25 03:57:48.304,0.1593,0.1596,0.02,0.02
2015.06.25 03:58:48.372,0.15926,0.15962,0.21,0.23
2015.06.25 03:58:48.880,0.15927,0.15962,0.06,0.02
2015.06.25 03:59:04.954,0.15928,0.15962,0.01,0.02
2015.06.25 03:59:05.714,0.15927,0.15961,0.20,0.22
2015.06.25 03:59:07.858,0.15928,0.15958,0.02,0.02
2015.06.25 03:59:08.110,0.15932,0.15962,0.02,0.02
2015.06.25 03:59:08.783,0.1594,0.1597,0.02,0.02
2015.06.25 03:59:09.311,0.15941,0.15971,0.02,0.22
2015.06.25 03:59:11.898,0.1594,0.1597,0.02,0.18
2015.06.25 03:59:12.022,0.15937,0.15967,0.02,0.02
2015.06.25 03:59:28.425,0.15935,0.15965,0.10,0.02
2015.06.25 03:59:55.243,0.15938,0.15968,0.02,0.21
