2015.08.27 18:00:00.349,0.14415,0.14445,0.04,0.19
2015.08.27 18:00:00.415,0.14413,0.14445,0.01,0.19
2015.08.27 18:00:00.627,0.14414,0.14448,0.20,0.16
2015.08.27 18:00:00.827,0.14414,0.14446,0.02,0.18
2015.08.27 18:00:00.969,0.14412,0.14446,0.19,0.06
2015.08.27 18:00:09.926,0.14412,0.14442,0.08,0.01
2015.08.27 18:00:09.976,0.1441,0.14442,0.02,0.01
2015.08.27 18:00:10.077,0.14403,0.14437,0.02,0.20
2015.08.27 18:00:10.177,0.14403,0.14435,0.02,0.08
2015.08.27 18:00:10.741,0.14404,0.14436,0.19,0.21
2015.08.27 18:00:11.341,0.14403,0.14435,0.21,0.07
2015.08.27 18:00:11.557,0.14403,0.14437,0.19,0.19
2015.08.27 18:00:12.804,0.14404,0.14436,0.19,0.17
2015.08.27 18:00:12.959,0.14402,0.14436,0.19,0.08
2015.08.27 18:00:13.777,0.14401,0.14435,0.20,0.21
2015.08.27 18:00:14.787,0.14402,0.14436,0.19,0.18
2015.08.27 18:00:17.292,0.14401,0.14435,0.20,0.18
2015.08.27 18:00:18.719,0.14405,0.14437,0.16,0.19
2015.08.27 18:00:20.983,0.14405,0.14439,0.13,0.18
2015.08.27 18:00:21.990,0.14404,0.14438,0.18,0.17
2015.08.27 18:00:22.534,0.14405,0.14439,0.15,0.20
2015.08.27 18:00:23.504,0.14406,0.1444,0.11,0.20
2015.08.27 18:00:24.122,0.14406,0.14438,0.09,0.19
2015.08.27 18:00:25.282,0.14405,0.14439,0.02,0.02
2015.08.27 18:00:26.214,0.14407,0.14439,0.02,0.02
2015.08.27 18:00:28.132,0.14406,0.1444,0.14,0.19
2015.08.27 18:00:32.843,0.14407,0.14439,0.14,0.18
2015.08.27 18:00:35.451,0.14406,0.1444,0.16,0.06
2015.08.27 18:00:37.106,0.14408,0.1444,0.23,0.17
2015.08.27 18:00:38.524,0.14409,0.14441,0.16,0.13
2015.08.27 18:00:39.165,0.14408,0.14441,0.02,0.02
2015.08.27 18:00:42.624,0.14406,0.1444,0.13,0.23
2015.08.27 18:00:45.733,0.14407,0.14439,0.19,0.05
2015.08.27 18:00:48.238,0.14406,0.1444,0.17,0.07
2015.08.27 18:00:51.645,0.14408,0.1444,0.19,0.24
2015.08.27 18:00:52.702,0.1441,0.14442,0.18,0.20
2015.08.27 18:01:00.317,0.14411,0.14445,0.19,0.19
2015.08.27 18:01:01.040,0.14412,0.14446,0.14,0.21
2015.08.27 18:01:01.306,0.14409,0.14443,0.18,0.13
2015.08.27 18:01:01.976,0.1441,0.14442,0.19,0.22
2015.08.27 18:01:05.416,0.14409,0.14441,0.24,0.25
2015.08.27 18:01:06.775,0.14409,0.14443,0.17,0.21
2015.08.27 18:01:06.876,0.14411,0.14445,0.24,0.17
2015.08.27 18:01:07.184,0.1441,0.14442,0.15,0.18
2015.08.27 18:01:07.792,0.14412,0.14444,0.20,0.19
2015.08.27 18:01:08.278,0.14412,0.14446,0.12,0.23
2015.08.27 18:01:10.023,0.14411,0.14445,0.18,0.06
2015.08.27 18:01:11.813,0.14409,0.14443,0.16,0.21
2015.08.27 18:01:12.244,0.14418,0.14448,0.02,0.20
2015.08.27 18:01:12.584,0.14414,0.14444,0.02,0.08
2015.08.27 18:01:15.544,0.14412,0.14444,0.16,0.08
2015.08.27 18:01:15.595,0.14412,0.14442,0.02,0.17
2015.08.27 18:01:16.402,0.14411,0.14441,0.02,0.13
2015.08.27 18:01:17.864,0.14412,0.14443,0.02,0.12
2015.08.27 18:01:18.297,0.14412,0.14446,0.14,0.21
2015.08.27 18:01:18.624,0.14418,0.14448,0.02,0.21
2015.08.27 18:01:19.405,0.14415,0.14445,0.02,0.18
2015.08.27 18:01:19.842,0.14413,0.14443,0.02,0.16
2015.08.27 18:01:20.396,0.14412,0.14442,0.02,0.17
2015.08.27 18:01:21.594,0.14412,0.14442,0.02,0.17
2015.08.27 18:01:24.609,0.14412,0.14443,0.02,0.21
2015.08.27 18:01:27.517,0.14411,0.14441,0.02,0.21
2015.08.27 18:01:27.818,0.14416,0.14446,0.02,0.16
2015.08.27 18:01:28.521,0.14414,0.14444,0.02,0.20
2015.08.27 18:01:28.822,0.14411,0.14441,0.02,0.13
2015.08.27 18:01:29.659,0.14413,0.14443,0.02,0.19
2015.08.27 18:01:30.614,0.14412,0.14443,0.02,0.19
2015.08.27 18:01:33.584,0.14417,0.14447,0.02,0.19
2015.08.27 18:01:33.836,0.14416,0.14446,0.02,0.20
2015.08.27 18:01:33.933,0.14412,0.14442,0.02,0.10
2015.08.27 18:01:36.354,0.14413,0.14443,0.02,0.21
2015.08.27 18:01:36.455,0.14415,0.14445,0.02,0.23
2015.08.27 18:01:37.843,0.14416,0.14446,0.02,0.20
2015.08.27 18:01:38.396,0.14415,0.14445,0.02,0.23
2015.08.27 18:01:45.068,0.1442,0.1445,0.02,0.19
2015.08.27 18:01:49.970,0.14414,0.14444,0.02,0.04
2015.08.27 18:02:10.134,0.14415,0.14445,0.02,0.16
2015.08.27 18:02:13.073,0.14424,0.14454,0.02,0.25
2015.08.27 18:02:17.367,0.1443,0.1446,0.02,0.30
2015.08.27 18:02:18.045,0.14418,0.14448,0.04,0.18
2015.08.27 18:02:18.921,0.14417,0.14447,0.04,0.22
2015.08.27 18:02:20.425,0.14418,0.14448,0.04,0.21
2015.08.27 18:02:20.475,0.14423,0.14453,0.02,0.23
2015.08.27 18:02:20.525,0.14416,0.14446,0.02,0.19
2015.08.27 18:02:24.449,0.14423,0.14453,0.02,0.01
2015.08.27 18:02:24.779,0.14418,0.14448,0.04,0.18
2015.08.27 18:02:24.933,0.14416,0.14446,0.04,0.21
2015.08.27 18:02:27.237,0.14417,0.14447,0.04,0.17
2015.08.27 18:02:27.412,0.14424,0.14454,0.02,0.18
2015.08.27 18:02:29.741,0.14418,0.14448,0.02,0.23
2015.08.27 18:02:30.255,0.14417,0.14447,0.04,0.18
2015.08.27 18:02:30.392,0.14422,0.14452,0.02,0.01
2015.08.27 18:02:30.904,0.14417,0.14447,0.04,0.02
2015.08.27 18:02:33.355,0.14423,0.14453,0.02,0.23
2015.08.27 18:02:36.400,0.14429,0.14459,0.02,0.31
2015.08.27 18:02:36.921,0.14418,0.14448,0.04,0.08
2015.08.27 18:02:38.363,0.14417,0.14447,0.04,0.17
2015.08.27 18:02:39.463,0.14418,0.14448,0.04,0.06
2015.08.27 18:02:39.514,0.14424,0.14454,0.02,0.22
2015.08.27 18:02:39.783,0.14416,0.14446,0.02,0.02
2015.08.27 18:02:40.966,0.14417,0.14447,0.02,0.10
2015.08.27 18:02:43.003,0.1443,0.1446,0.02,0.31
2015.08.27 18:02:43.525,0.14418,0.14448,0.04,0.19
2015.08.27 18:02:46.001,0.14424,0.14454,0.02,0.23
2015.08.27 18:02:46.778,0.14417,0.14447,0.02,0.17
2015.08.27 18:02:49.121,0.14416,0.14446,0.04,0.20
2015.08.27 18:02:52.013,0.14423,0.14453,0.02,0.23
2015.08.27 18:02:56.008,0.14425,0.14455,0.02,0.25
2015.08.27 18:02:56.196,0.14418,0.14448,0.02,0.16
2015.08.27 18:02:58.401,0.14417,0.14447,0.02,0.18
2015.08.27 18:02:58.979,0.1442,0.1445,0.02,0.18
2015.08.27 18:02:59.498,0.14418,0.14448,0.02,0.20
2015.08.27 18:03:01.949,0.14425,0.14455,0.02,0.28
2015.08.27 18:03:06.319,0.14416,0.14446,0.02,0.18
2015.08.27 18:03:10.029,0.14418,0.14448,0.02,0.22
2015.08.27 18:03:11.405,0.1442,0.1445,0.02,0.22
2015.08.27 18:03:12.136,0.14417,0.14447,0.02,0.16
2015.08.27 18:03:14.342,0.14426,0.14456,0.02,0.30
2015.08.27 18:03:17.372,0.14418,0.14448,0.02,0.18
2015.08.27 18:03:29.972,0.14416,0.14446,0.02,0.14
2015.08.27 18:03:36.582,0.14418,0.14448,0.02,0.10
2015.08.27 18:03:47.301,0.14417,0.14447,0.02,0.18
2015.08.27 18:03:54.975,0.14426,0.14456,0.02,0.05
2015.08.27 18:03:55.026,0.14421,0.14451,0.04,0.18
2015.08.27 18:03:55.553,0.14423,0.14453,0.02,0.15
2015.08.27 18:04:01.157,0.14434,0.14464,0.02,0.25
2015.08.27 18:04:02.232,0.14421,0.14451,0.04,0.21
2015.08.27 18:04:03.975,0.1443,0.1446,0.02,0.31
2015.08.27 18:04:05.144,0.14419,0.14449,0.04,0.21
2015.08.27 18:04:06.741,0.14421,0.14451,0.04,0.23
2015.08.27 18:04:07.342,0.14419,0.14449,0.04,0.20
2015.08.27 18:04:10.089,0.1442,0.1445,0.04,0.06
2015.08.27 18:04:20.377,0.14419,0.14449,0.02,0.18
2015.08.27 18:04:20.478,0.14414,0.14444,0.04,0.18
2015.08.27 18:04:21.194,0.14415,0.14445,0.04,0.20
2015.08.27 18:04:23.720,0.14414,0.14444,0.04,0.25
2015.08.27 18:04:24.276,0.14415,0.14445,0.04,0.21
2015.08.27 18:04:29.983,0.14414,0.14444,0.04,0.19
2015.08.27 18:04:31.631,0.14412,0.14442,0.04,0.16
2015.08.27 18:04:31.787,0.14419,0.14449,0.02,0.21
2015.08.27 18:04:32.607,0.14411,0.14441,0.02,0.02
2015.08.27 18:04:32.707,0.14414,0.14444,0.02,0.20
2015.08.27 18:04:32.909,0.14411,0.14441,0.02,0.22
2015.08.27 18:04:34.210,0.14413,0.14443,0.02,0.18
2015.08.27 18:04:34.762,0.14412,0.14442,0.02,0.15
2015.08.27 18:04:36.316,0.14423,0.14453,0.02,0.20
2015.08.27 18:04:36.417,0.14414,0.14444,0.04,0.20
2015.08.27 18:04:36.959,0.14415,0.14445,0.04,0.08
2015.08.27 18:05:10.101,0.14414,0.14444,0.04,0.06
2015.08.27 18:05:17.024,0.14419,0.14449,0.02,0.28
2015.08.27 18:05:17.125,0.14413,0.14443,0.02,0.15
2015.08.27 18:05:22.105,0.14412,0.14442,0.02,0.02
2015.08.27 18:05:22.194,0.14415,0.14445,0.02,0.18
2015.08.27 18:05:22.334,0.14423,0.14453,0.02,0.23
2015.08.27 18:05:24.225,0.14413,0.14443,0.04,0.02
2015.08.27 18:05:24.745,0.14412,0.14442,0.04,0.15
2015.08.27 18:05:25.254,0.14418,0.14448,0.02,0.22
2015.08.27 18:05:30.009,0.14413,0.14443,0.02,0.17
2015.08.27 18:05:30.932,0.14414,0.14444,0.02,0.18
2015.08.27 18:05:30.983,0.14423,0.14453,0.02,0.25
2015.08.27 18:05:32.316,0.14412,0.14442,0.04,0.06
2015.08.27 18:05:34.054,0.14418,0.14448,0.02,0.18
2015.08.27 18:05:34.920,0.14415,0.14445,0.02,0.21
2015.08.27 18:05:37.133,0.14423,0.14453,0.02,0.26
2015.08.27 18:05:37.535,0.14412,0.14442,0.04,0.15
2015.08.27 18:05:38.296,0.14411,0.14441,0.04,0.02
2015.08.27 18:05:40.104,0.14419,0.14449,0.02,0.19
2015.08.27 18:05:42.776,0.14414,0.14444,0.02,0.17
2015.08.27 18:05:43.184,0.14424,0.14454,0.02,0.28
2015.08.27 18:05:46.155,0.14418,0.14448,0.02,0.21
2015.08.27 18:05:46.687,0.14413,0.14443,0.02,0.12
2015.08.27 18:05:49.142,0.14412,0.14442,0.02,0.02
2015.08.27 18:05:49.263,0.14414,0.14444,0.04,0.22
2015.08.27 18:05:50.044,0.14415,0.14445,0.04,0.08
2015.08.27 18:05:54.733,0.14418,0.14448,0.02,0.19
2015.08.27 18:05:54.784,0.14412,0.14442,0.02,0.19
2015.08.27 18:06:03.548,0.14424,0.14454,0.02,0.32
2015.08.27 18:06:03.598,0.14414,0.14444,0.04,0.12
2015.08.27 18:06:03.922,0.14412,0.14442,0.04,0.16
2015.08.27 18:06:05.204,0.14415,0.14445,0.04,0.20
2015.08.27 18:06:05.509,0.14412,0.14442,0.04,0.14
2015.08.27 18:06:06.180,0.14414,0.14444,0.04,0.23
2015.08.27 18:06:06.503,0.14419,0.14449,0.02,0.28
2015.08.27 18:06:29.753,0.14415,0.14445,0.02,0.18
2015.08.27 18:06:29.933,0.14412,0.14442,0.02,0.12
2015.08.27 18:06:30.479,0.14413,0.14443,0.02,0.25
2015.08.27 18:06:32.383,0.14424,0.14454,0.02,0.33
2015.08.27 18:06:32.938,0.14412,0.14442,0.04,0.08
2015.08.27 18:06:35.333,0.14419,0.14449,0.02,0.20
2015.08.27 18:06:38.623,0.14424,0.14454,0.02,0.27
2015.08.27 18:06:38.744,0.14415,0.14445,0.04,0.22
2015.08.27 18:06:39.747,0.14412,0.14442,0.04,0.14
2015.08.27 18:06:40.449,0.14413,0.14443,0.04,0.02
2015.08.27 18:06:40.955,0.14414,0.14444,0.04,0.18
2015.08.27 18:06:41.655,0.14413,0.14443,0.04,0.20
2015.08.27 18:06:41.756,0.14416,0.14446,0.04,0.14
2015.08.27 18:06:43.687,0.14417,0.14447,0.04,0.15
2015.08.27 18:06:45.573,0.14418,0.14448,0.02,0.19
2015.08.27 18:07:11.953,0.14423,0.14453,0.02,0.18
2015.08.27 18:07:12.054,0.1442,0.1445,0.02,0.18
2015.08.27 18:07:14.167,0.14421,0.14451,0.02,0.16
2015.08.27 18:07:16.462,0.1443,0.1446,0.02,0.26
2015.08.27 18:07:16.794,0.14419,0.14449,0.04,0.19
2015.08.27 18:07:17.536,0.14421,0.14451,0.04,0.20
2015.08.27 18:07:17.785,0.14419,0.14449,0.04,0.25
2015.08.27 18:07:18.696,0.1442,0.1445,0.04,0.18
2015.08.27 18:07:19.542,0.14423,0.14453,0.02,0.18
2015.08.27 18:07:22.346,0.14419,0.14449,0.02,0.17
2015.08.27 18:07:22.668,0.14421,0.14451,0.02,0.21
2015.08.27 18:07:22.786,0.14423,0.14453,0.02,0.20
2015.08.27 18:07:23.177,0.14425,0.14455,0.02,0.21
2015.08.27 18:07:23.722,0.14433,0.14463,0.02,0.21
2015.08.27 18:07:23.772,0.14427,0.14457,0.02,0.18
2015.08.27 18:07:23.880,0.14429,0.14459,0.02,0.19
2015.08.27 18:07:26.252,0.14431,0.14461,0.02,0.19
2015.08.27 18:07:26.766,0.1443,0.1446,0.02,0.17
2015.08.27 18:07:31.202,0.14428,0.1446,0.02,0.14
2015.08.27 18:07:31.495,0.14429,0.14463,0.15,0.15
2015.08.27 18:07:31.613,0.14433,0.14465,0.23,0.16
2015.08.27 18:07:32.174,0.14431,0.14465,0.16,0.12
2015.08.27 18:07:33.202,0.14431,0.14463,0.18,0.22
2015.08.27 18:07:33.266,0.14429,0.14463,0.18,0.16
2015.08.27 18:07:36.284,0.14431,0.14463,0.02,0.16
2015.08.27 18:07:37.016,0.14431,0.14462,0.02,0.02
2015.08.27 18:07:37.077,0.14431,0.14465,0.24,0.19
2015.08.27 18:07:37.881,0.14432,0.14466,0.10,0.16
2015.08.27 18:07:42.751,0.14436,0.14466,0.02,0.16
2015.08.27 18:07:43.164,0.14434,0.14464,0.02,0.16
2015.08.27 18:07:43.691,0.14435,0.14465,0.02,0.18
2015.08.27 18:07:45.524,0.14432,0.14462,0.02,0.13
2015.08.27 18:07:45.806,0.14435,0.14465,0.02,0.07
2015.08.27 18:07:46.184,0.14434,0.14465,0.02,0.07
2015.08.27 18:07:49.592,0.14439,0.14469,0.02,0.21
2015.08.27 18:07:50.154,0.14434,0.14464,0.02,0.15
2015.08.27 18:07:52.541,0.14434,0.14464,0.02,0.15
2015.08.27 18:07:55.634,0.14439,0.14469,0.02,0.20
2015.08.27 18:07:59.627,0.14436,0.14466,0.02,0.12
2015.08.27 18:08:02.448,0.1444,0.1447,0.02,0.17
2015.08.27 18:08:02.787,0.1444,0.1447,0.02,0.05
2015.08.27 18:08:03.521,0.14439,0.14469,0.02,0.23
2015.08.27 18:08:03.679,0.1444,0.14471,0.02,0.20
2015.08.27 18:08:03.870,0.14437,0.14467,0.02,0.15
2015.08.27 18:08:05.551,0.14439,0.14469,0.02,0.18
2015.08.27 18:08:07.041,0.14438,0.14468,0.02,0.09
2015.08.27 18:08:10.050,0.14437,0.14467,0.02,0.20
2015.08.27 18:08:10.445,0.14439,0.14469,0.02,0.20
2015.08.27 18:08:14.291,0.1444,0.14471,0.02,0.19
2015.08.27 18:08:14.761,0.14446,0.14476,0.02,0.19
2015.08.27 18:08:15.265,0.14439,0.14469,0.02,0.22
2015.08.27 18:08:15.366,0.14443,0.14473,0.02,0.11
2015.08.27 18:08:16.099,0.14442,0.14472,0.02,0.09
2015.08.27 18:08:16.474,0.14444,0.14474,0.02,0.05
2015.08.27 18:08:17.261,0.14445,0.14475,0.02,0.20
2015.08.27 18:08:17.584,0.14442,0.14472,0.02,0.21
2015.08.27 18:08:18.186,0.14441,0.14471,0.02,0.21
2015.08.27 18:08:18.264,0.14443,0.14473,0.02,0.21
2015.08.27 18:08:21.412,0.14444,0.14474,0.02,0.07
2015.08.27 18:08:21.515,0.14442,0.14472,0.02,0.17
2015.08.27 18:08:24.771,0.14443,0.14473,0.02,0.23
2015.08.27 18:08:26.278,0.14443,0.14474,0.02,0.19
2015.08.27 18:08:27.741,0.14442,0.14474,0.21,0.19
2015.08.27 18:08:29.285,0.14441,0.14471,0.02,0.02
2015.08.27 18:08:29.796,0.14442,0.14472,0.02,0.16
2015.08.27 18:08:30.836,0.14444,0.14474,0.02,0.21
2015.08.27 18:08:33.424,0.14444,0.14475,0.02,0.07
2015.08.27 18:08:33.808,0.14442,0.14475,0.02,0.07
2015.08.27 18:08:35.531,0.14442,0.14474,0.02,0.02
2015.08.27 18:08:36.068,0.14442,0.14473,0.02,0.20
2015.08.27 18:08:36.227,0.14442,0.14475,0.02,0.14
2015.08.27 18:08:36.730,0.14442,0.14474,0.02,0.02
2015.08.27 18:08:40.936,0.14442,0.14476,0.14,0.19
2015.08.27 18:08:42.071,0.14447,0.14477,0.02,0.19
2015.08.27 18:08:44.903,0.14444,0.14476,0.02,0.15
2015.08.27 18:08:44.953,0.14444,0.14474,0.02,0.06
2015.08.27 18:08:45.257,0.1444,0.1447,0.02,0.19
2015.08.27 18:08:45.711,0.14438,0.14468,0.02,0.23
2015.08.27 18:08:47.356,0.14438,0.14468,0.02,0.23
2015.08.27 18:08:52.380,0.14435,0.14468,0.02,0.21
2015.08.27 18:08:55.900,0.14434,0.14468,0.12,0.21
2015.08.27 18:08:56.736,0.14436,0.1447,0.23,0.18
2015.08.27 18:08:58.980,0.1444,0.1447,0.02,0.18
2015.08.27 18:09:01.748,0.14437,0.14467,0.02,0.21
2015.08.27 18:09:02.061,0.14435,0.14467,0.11,0.21
2015.08.27 18:09:06.352,0.14443,0.14473,0.02,0.21
2015.08.27 18:09:06.523,0.14439,0.14469,0.02,0.17
2015.08.27 18:09:07.456,0.14437,0.14467,0.02,0.15
2015.08.27 18:09:09.480,0.14438,0.14468,0.02,0.21
2015.08.27 18:09:10.089,0.14438,0.14468,0.02,0.17
2015.08.27 18:09:10.595,0.14438,0.14469,0.02,0.14
2015.08.27 18:09:12.401,0.14444,0.14474,0.02,0.20
2015.08.27 18:09:15.690,0.14441,0.14471,0.02,0.16
2015.08.27 18:09:21.640,0.14443,0.14473,0.02,0.19
2015.08.27 18:09:21.690,0.14437,0.14467,0.02,0.22
2015.08.27 18:09:26.663,0.14438,0.14468,0.02,0.22
2015.08.27 18:09:29.669,0.14437,0.14467,0.02,0.22
2015.08.27 18:09:40.147,0.14438,0.14468,0.02,0.05
2015.08.27 18:10:01.171,0.14439,0.14469,0.02,0.21
2015.08.27 18:10:02.980,0.14438,0.14468,0.02,0.17
2015.08.27 18:10:04.099,0.14437,0.14468,0.02,0.17
2015.08.27 18:10:09.426,0.14437,0.14467,0.02,0.02
2015.08.27 18:10:10.745,0.14438,0.14468,0.02,0.17
2015.08.27 18:10:15.414,0.14436,0.14466,0.02,0.02
2015.08.27 18:10:24.234,0.14438,0.14468,0.02,0.12
2015.08.27 18:10:32.038,0.1444,0.1447,0.02,0.16
2015.08.27 18:10:34.019,0.14446,0.14476,0.02,0.23
2015.08.27 18:10:38.989,0.1444,0.1447,0.02,0.16
2015.08.27 18:10:39.683,0.14439,0.14469,0.02,0.14
2015.08.27 18:10:42.082,0.14445,0.14475,0.02,0.18
2015.08.27 18:10:49.108,0.1444,0.1447,0.02,0.19
2015.08.27 18:10:49.214,0.14443,0.14473,0.02,0.14
2015.08.27 18:10:49.408,0.14441,0.14471,0.02,0.16
2015.08.27 18:10:49.991,0.14442,0.14472,0.02,0.15
2015.08.27 18:10:50.095,0.14439,0.14472,0.02,0.15
2015.08.27 18:10:50.145,0.14439,0.1447,0.02,0.12
2015.08.27 18:10:51.735,0.14438,0.14468,0.02,0.21
2015.08.27 18:10:58.247,0.14436,0.14466,0.02,0.02
2015.08.27 18:11:01.568,0.1444,0.1447,0.02,0.19
2015.08.27 18:11:04.498,0.14439,0.14469,0.02,0.19
2015.08.27 18:11:05.826,0.14437,0.14467,0.02,0.22
2015.08.27 18:11:12.748,0.1444,0.1447,0.02,0.18
2015.08.27 18:11:16.851,0.14445,0.14475,0.02,0.24
2015.08.27 18:11:16.967,0.14439,0.14469,0.02,0.26
2015.08.27 18:11:17.347,0.14437,0.14467,0.02,0.11
2015.08.27 18:11:19.367,0.14438,0.14468,0.02,0.13
2015.08.27 18:11:19.789,0.1444,0.1447,0.02,0.19
2015.08.27 18:11:24.517,0.14446,0.14476,0.02,0.25
2015.08.27 18:11:25.063,0.14439,0.14469,0.02,0.21
2015.08.27 18:11:25.660,0.14438,0.14468,0.02,0.05
2015.08.27 18:11:27.626,0.1444,0.1447,0.02,0.19
2015.08.27 18:11:28.363,0.14439,0.14469,0.02,0.19
2015.08.27 18:11:29.023,0.14438,0.14468,0.02,0.19
2015.08.27 18:11:29.785,0.1444,0.1447,0.02,0.17
2015.08.27 18:11:30.372,0.14439,0.14469,0.02,0.04
2015.08.27 18:11:30.677,0.14445,0.14475,0.02,0.18
2015.08.27 18:11:31.570,0.14445,0.14476,0.02,0.24
2015.08.27 18:11:32.183,0.14445,0.14475,0.02,0.09
2015.08.27 18:11:33.557,0.1445,0.1448,0.02,0.17
2015.08.27 18:11:33.708,0.14448,0.14478,0.02,0.04
2015.08.27 18:11:35.780,0.14449,0.14479,0.02,0.18
2015.08.27 18:11:36.539,0.14449,0.14479,0.02,0.08
2015.08.27 18:11:38.054,0.14448,0.14478,0.02,0.18
2015.08.27 18:11:39.584,0.14449,0.14479,0.02,0.05
2015.08.27 18:11:40.688,0.1445,0.1448,0.02,0.16
2015.08.27 18:11:41.444,0.14448,0.14478,0.02,0.15
2015.08.27 18:11:48.053,0.1445,0.1448,0.02,0.19
2015.08.27 18:11:48.106,0.14447,0.14477,0.02,0.02
2015.08.27 18:11:49.223,0.14448,0.14478,0.02,0.16
2015.08.27 18:11:50.312,0.1445,0.1448,0.02,0.23
2015.08.27 18:12:02.167,0.1445,0.1448,0.02,0.13
2015.08.27 18:12:02.475,0.14452,0.14482,0.02,0.10
2015.08.27 18:12:03.026,0.14453,0.14483,0.02,0.21
2015.08.27 18:12:05.217,0.14455,0.14485,0.02,0.21
2015.08.27 18:12:10.398,0.14454,0.14484,0.02,0.15
2015.08.27 18:12:15.300,0.14452,0.14482,0.02,0.18
2015.08.27 18:12:21.600,0.14454,0.14484,0.02,0.08
2015.08.27 18:12:21.700,0.14455,0.14486,0.02,0.20
2015.08.27 18:12:21.751,0.14459,0.14489,0.02,0.21
2015.08.27 18:12:22.101,0.14452,0.14482,0.02,0.21
2015.08.27 18:12:22.176,0.14454,0.14484,0.02,0.02
2015.08.27 18:12:24.727,0.14454,0.14484,0.02,0.08
2015.08.27 18:12:27.095,0.14456,0.14487,0.02,0.02
2015.08.27 18:12:27.810,0.1446,0.1449,0.02,0.22
2015.08.27 18:12:32.504,0.14458,0.14488,0.02,0.12
2015.08.27 18:12:38.525,0.14457,0.14487,0.02,0.23
2015.08.27 18:12:38.862,0.14456,0.14486,0.02,0.18
2015.08.27 18:12:41.209,0.14452,0.14482,0.02,0.10
2015.08.27 18:12:41.335,0.14455,0.14485,0.02,0.22
2015.08.27 18:12:41.746,0.14454,0.14485,0.02,0.22
2015.08.27 18:12:46.294,0.14455,0.14485,0.02,0.22
2015.08.27 18:12:46.344,0.14453,0.14483,0.02,0.17
2015.08.27 18:12:46.720,0.14455,0.14486,0.02,0.24
2015.08.27 18:12:46.821,0.14454,0.14484,0.02,0.12
2015.08.27 18:12:47.125,0.14452,0.14482,0.02,0.09
2015.08.27 18:12:48.123,0.14455,0.14485,0.02,0.12
2015.08.27 18:12:48.626,0.14455,0.14486,0.02,0.19
2015.08.27 18:12:48.725,0.14454,0.14484,0.02,0.11
2015.08.27 18:12:49.286,0.14454,0.14484,0.02,0.11
2015.08.27 18:12:50.250,0.14453,0.14483,0.02,0.12
2015.08.27 18:12:51.565,0.14454,0.14486,0.02,0.20
2015.08.27 18:12:51.666,0.14458,0.1449,0.22,0.17
2015.08.27 18:12:52.256,0.14459,0.1449,0.02,0.06
2015.08.27 18:12:55.047,0.1446,0.1449,0.02,0.06
2015.08.27 18:12:57.291,0.14458,0.1449,0.21,0.21
2015.08.27 18:13:00.279,0.14457,0.14489,0.20,0.09
2015.08.27 18:13:03.696,0.14455,0.14487,0.04,0.02
2015.08.27 18:13:04.961,0.14456,0.1449,0.17,0.14
2015.08.27 18:13:05.162,0.14456,0.14487,0.02,0.02
2015.08.27 18:13:05.379,0.14457,0.14489,0.02,0.14
2015.08.27 18:13:07.189,0.14461,0.14491,0.02,0.24
2015.08.27 18:13:07.974,0.14461,0.14491,0.02,0.20
2015.08.27 18:13:10.266,0.14457,0.14491,0.15,0.20
2015.08.27 18:13:14.222,0.14457,0.14489,0.02,0.12
2015.08.27 18:13:15.326,0.1446,0.1449,0.02,0.25
2015.08.27 18:13:15.858,0.14458,0.14488,0.02,0.08
2015.08.27 18:13:16.726,0.14461,0.14492,0.02,0.02
2015.08.27 18:13:18.296,0.14466,0.14496,0.02,0.22
2015.08.27 18:13:18.853,0.14465,0.14495,0.02,0.20
2015.08.27 18:13:20.648,0.14462,0.14492,0.02,0.14
2015.08.27 18:13:21.177,0.14463,0.14493,0.02,0.19
2015.08.27 18:13:23.732,0.14462,0.14492,0.02,0.18
2015.08.27 18:13:24.521,0.14463,0.14493,0.02,0.02
2015.08.27 18:13:25.775,0.14462,0.14493,0.02,0.19
2015.08.27 18:13:27.041,0.14462,0.14492,0.02,0.20
2015.08.27 18:13:27.148,0.14462,0.14495,0.02,0.14
2015.08.27 18:13:29.193,0.14463,0.14494,0.02,0.09
2015.08.27 18:13:29.294,0.14462,0.14492,0.02,0.21
2015.08.27 18:13:30.776,0.14461,0.14491,0.02,0.19
2015.08.27 18:13:30.876,0.14463,0.14493,0.02,0.02
2015.08.27 18:13:31.464,0.14462,0.14492,0.02,0.13
2015.08.27 18:13:37.382,0.14464,0.14498,0.18,0.21
2015.08.27 18:13:37.482,0.14466,0.14496,0.02,0.13
2015.08.27 18:13:38.115,0.14467,0.14497,0.02,0.20
2015.08.27 18:13:39.885,0.14462,0.14492,0.02,0.02
2015.08.27 18:13:39.965,0.14464,0.14494,0.02,0.21
2015.08.27 18:13:43.413,0.14463,0.14494,0.02,0.19
2015.08.27 18:13:43.703,0.14463,0.14496,0.02,0.18
2015.08.27 18:13:45.934,0.14462,0.14492,0.02,0.15
2015.08.27 18:13:46.692,0.14464,0.14494,0.02,0.24
2015.08.27 18:13:46.921,0.14464,0.14494,0.02,0.22
2015.08.27 18:13:49.425,0.14463,0.14494,0.02,0.22
2015.08.27 18:13:59.696,0.14467,0.14497,0.02,0.22
2015.08.27 18:13:59.854,0.14467,0.14498,0.02,0.20
2015.08.27 18:14:30.015,0.1447,0.145,0.02,0.17
2015.08.27 18:14:30.815,0.14467,0.14497,0.02,0.19
2015.08.27 18:14:42.557,0.1447,0.145,0.02,0.19
2015.08.27 18:14:43.146,0.14467,0.14497,0.02,0.23
2015.08.27 18:14:44.252,0.14468,0.14498,0.02,0.12
2015.08.27 18:14:46.010,0.14469,0.14499,0.02,0.21
2015.08.27 18:14:47.835,0.14476,0.14506,0.02,0.30
2015.08.27 18:14:50.675,0.14466,0.14496,0.02,0.11
2015.08.27 18:14:50.813,0.14469,0.14499,0.02,0.21
2015.08.27 18:14:51.803,0.14465,0.14495,0.02,0.16
2015.08.27 18:14:53.789,0.14465,0.14495,0.02,0.16
2015.08.27 18:14:53.890,0.14462,0.14492,0.02,0.21
2015.08.27 18:14:58.723,0.14461,0.14492,0.02,0.12
2015.08.27 18:15:00.603,0.14461,0.14493,0.02,0.22
2015.08.27 18:15:00.692,0.14461,0.14491,0.02,0.22
2015.08.27 18:15:03.566,0.1446,0.14491,0.02,0.22
2015.08.27 18:15:03.830,0.14461,0.14493,0.16,0.17
2015.08.27 18:15:05.140,0.1446,0.14492,0.02,0.20
2015.08.27 18:15:05.743,0.1446,0.1449,0.02,0.19
2015.08.27 18:15:06.567,0.1446,0.14491,0.02,0.16
2015.08.27 18:15:07.965,0.14457,0.14491,0.13,0.16
2015.08.27 18:15:08.108,0.14455,0.14488,0.04,0.02
2015.08.27 18:15:08.620,0.14455,0.14487,0.04,0.18
2015.08.27 18:15:15.162,0.1446,0.1449,0.02,0.18
2015.08.27 18:15:17.032,0.1446,0.1449,0.02,0.19
2015.08.27 18:15:17.229,0.14463,0.14493,0.02,0.18
2015.08.27 18:15:18.966,0.1446,0.1449,0.02,0.22
2015.08.27 18:15:22.049,0.1446,0.1449,0.02,0.21
2015.08.27 18:15:23.040,0.14457,0.14487,0.02,0.02
2015.08.27 18:15:23.620,0.14458,0.14488,0.02,0.16
2015.08.27 18:15:23.914,0.14455,0.14488,0.02,0.16
2015.08.27 18:15:30.768,0.14455,0.14487,0.08,0.19
2015.08.27 18:15:33.053,0.14459,0.14489,0.02,0.20
2015.08.27 18:15:51.296,0.14458,0.14488,0.02,0.15
2015.08.27 18:15:54.275,0.1446,0.1449,0.02,0.27
2015.08.27 18:15:58.407,0.14457,0.14487,0.02,0.17
2015.08.27 18:15:59.074,0.14458,0.14488,0.02,0.19
2015.08.27 18:15:59.320,0.14457,0.14488,0.02,0.19
2015.08.27 18:15:59.406,0.14455,0.14485,0.02,0.22
2015.08.27 18:16:00.089,0.14456,0.14486,0.02,0.17
2015.08.27 18:16:00.741,0.14455,0.14485,0.02,0.20
2015.08.27 18:16:01.245,0.14453,0.14483,0.02,0.22
2015.08.27 18:16:06.627,0.14453,0.14485,0.16,0.20
2015.08.27 18:16:07.244,0.14453,0.14484,0.02,0.23
2015.08.27 18:16:09.539,0.14454,0.14486,0.21,0.10
2015.08.27 18:16:09.590,0.14458,0.14488,0.02,0.18
2015.08.27 18:16:11.647,0.14458,0.14488,0.02,0.19
2015.08.27 18:16:13.152,0.14457,0.14487,0.02,0.12
2015.08.27 18:16:13.252,0.14457,0.1449,0.02,0.25
2015.08.27 18:16:13.800,0.14457,0.14491,0.13,0.16
2015.08.27 18:16:15.937,0.14457,0.1449,0.02,0.21
2015.08.27 18:16:16.188,0.14464,0.14494,0.02,0.22
2015.08.27 18:16:16.742,0.14461,0.14491,0.02,0.20
2015.08.27 18:16:19.244,0.14458,0.14491,0.02,0.20
2015.08.27 18:16:20.375,0.14458,0.1449,0.02,0.21
2015.08.27 18:16:21.679,0.14458,0.14491,0.02,0.19
2015.08.27 18:16:22.214,0.14464,0.14494,0.02,0.21
2015.08.27 18:16:25.256,0.14464,0.14495,0.02,0.16
2015.08.27 18:16:25.307,0.14462,0.14495,0.02,0.18
2015.08.27 18:16:25.858,0.14462,0.14493,0.02,0.18
2015.08.27 18:16:28.374,0.14464,0.14494,0.02,0.18
2015.08.27 18:16:28.702,0.14464,0.14495,0.02,0.12
2015.08.27 18:16:30.014,0.14464,0.14494,0.02,0.22
2015.08.27 18:16:31.345,0.14463,0.14494,0.02,0.22
2015.08.27 18:16:37.524,0.14463,0.14493,0.02,0.12
2015.08.27 18:16:40.490,0.14463,0.14495,0.02,0.22
2015.08.27 18:16:41.053,0.14462,0.14495,0.02,0.22
2015.08.27 18:16:45.173,0.14467,0.14497,0.02,0.24
2015.08.27 18:16:49.644,0.14463,0.14495,0.02,0.22
2015.08.27 18:16:52.095,0.1447,0.145,0.02,0.28
2015.08.27 18:16:52.894,0.14464,0.14494,0.02,0.21
2015.08.27 18:16:53.657,0.14463,0.14493,0.02,0.08
2015.08.27 18:16:54.004,0.14466,0.14496,0.02,0.19
2015.08.27 18:16:57.650,0.14462,0.14492,0.02,0.21
2015.08.27 18:16:57.831,0.1446,0.1449,0.02,0.18
2015.08.27 18:16:58.403,0.14459,0.1449,0.02,0.19
2015.08.27 18:17:03.950,0.1446,0.1449,0.02,0.19
2015.08.27 18:17:04.042,0.14457,0.14487,0.02,0.08
2015.08.27 18:17:04.444,0.14459,0.14489,0.02,0.19
2015.08.27 18:17:16.663,0.14465,0.14495,0.02,0.21
2015.08.27 18:17:17.177,0.14458,0.14488,0.02,0.18
2015.08.27 18:17:17.864,0.14459,0.14489,0.02,0.20
2015.08.27 18:17:21.381,0.14458,0.14488,0.02,0.21
2015.08.27 18:17:29.099,0.14459,0.14489,0.02,0.19
2015.08.27 18:17:29.888,0.14463,0.14493,0.02,0.19
2015.08.27 18:17:30.508,0.14462,0.14492,0.02,0.21
2015.08.27 18:17:30.803,0.14464,0.14494,0.02,0.19
2015.08.27 18:17:32.526,0.14463,0.14493,0.02,0.19
2015.08.27 18:17:34.600,0.14466,0.14496,0.02,0.22
2015.08.27 18:17:34.852,0.1446,0.1449,0.02,0.18
2015.08.27 18:17:35.387,0.14461,0.14491,0.02,0.20
2015.08.27 18:17:36.147,0.14462,0.14492,0.02,0.17
2015.08.27 18:17:36.926,0.14463,0.14493,0.02,0.25
2015.08.27 18:17:37.672,0.14464,0.14494,0.02,0.25
2015.08.27 18:17:40.062,0.14462,0.14492,0.02,0.06
2015.08.27 18:17:40.641,0.14463,0.14493,0.02,0.21
2015.08.27 18:17:43.355,0.14462,0.14492,0.02,0.09
2015.08.27 18:17:44.564,0.14461,0.14491,0.02,0.02
2015.08.27 18:17:45.112,0.14462,0.14492,0.02,0.20
2015.08.27 18:17:45.466,0.14459,0.14489,0.02,0.18
2015.08.27 18:17:45.808,0.1446,0.1449,0.02,0.20
2015.08.27 18:17:46.771,0.14459,0.14489,0.02,0.12
2015.08.27 18:17:48.695,0.1446,0.1449,0.02,0.19
2015.08.27 18:17:50.051,0.1446,0.1449,0.02,0.25
2015.08.27 18:17:55.614,0.1446,0.14491,0.02,0.21
2015.08.27 18:17:56.702,0.14465,0.14495,0.02,0.22
2015.08.27 18:18:03.112,0.1446,0.1449,0.02,0.22
2015.08.27 18:18:03.222,0.14456,0.14486,0.02,0.22
2015.08.27 18:18:03.898,0.14458,0.14488,0.02,0.21
2015.08.27 18:18:10.101,0.14456,0.14486,0.02,0.04
2015.08.27 18:18:30.040,0.14457,0.14487,0.02,0.02
2015.08.27 18:18:30.574,0.14458,0.14488,0.02,0.02
2015.08.27 18:18:34.679,0.14459,0.14489,0.02,0.19
2015.08.27 18:18:35.551,0.14459,0.14489,0.02,0.15
2015.08.27 18:18:35.853,0.14456,0.14486,0.02,0.02
2015.08.27 18:18:36.388,0.14457,0.14487,0.02,0.21
2015.08.27 18:18:37.771,0.14454,0.14486,0.17,0.20
2015.08.27 18:18:41.058,0.14456,0.14486,0.02,0.17
2015.08.27 18:18:41.382,0.14451,0.14481,0.02,0.02
2015.08.27 18:18:42.474,0.14453,0.14483,0.02,0.16
2015.08.27 18:18:49.194,0.14446,0.14476,0.02,0.02
2015.08.27 18:18:50.140,0.14447,0.14477,0.02,0.12
2015.08.27 18:18:50.698,0.14445,0.14475,0.02,0.15
2015.08.27 18:18:51.215,0.14444,0.14474,0.02,0.20
2015.08.27 18:18:51.729,0.14445,0.14475,0.02,0.26
2015.08.27 18:18:52.374,0.14449,0.14479,0.02,0.26
2015.08.27 18:18:52.943,0.14444,0.14474,0.02,0.17
2015.08.27 18:18:58.771,0.14444,0.14474,0.02,0.17
2015.08.27 18:19:06.933,0.14442,0.14472,0.02,0.17
2015.08.27 18:19:07.457,0.14445,0.14475,0.02,0.20
2015.08.27 18:19:12.681,0.14441,0.14471,0.02,0.02
2015.08.27 18:19:13.289,0.14442,0.14472,0.02,0.20
2015.08.27 18:19:13.851,0.1444,0.1447,0.02,0.23
2015.08.27 18:19:20.658,0.14441,0.14471,0.02,0.02
2015.08.27 18:19:25.165,0.14445,0.14476,0.02,0.16
2015.08.27 18:19:25.408,0.14449,0.14479,0.02,0.16
2015.08.27 18:19:26.092,0.14447,0.14477,0.02,0.17
2015.08.27 18:19:26.752,0.14446,0.14476,0.02,0.16
2015.08.27 18:19:30.373,0.14445,0.14475,0.02,0.14
2015.08.27 18:19:30.761,0.14448,0.14478,0.02,0.14
2015.08.27 18:19:32.726,0.14446,0.14476,0.02,0.20
2015.08.27 18:19:33.748,0.14449,0.14479,0.02,0.24
2015.08.27 18:19:36.910,0.1445,0.1448,0.02,0.24
2015.08.27 18:19:37.177,0.14448,0.14478,0.02,0.17
2015.08.27 18:19:39.089,0.14446,0.14476,0.02,0.12
2015.08.27 18:19:58.091,0.14447,0.14477,0.02,0.11
2015.08.27 18:19:58.630,0.14449,0.14479,0.02,0.20
2015.08.27 18:19:59.340,0.14445,0.14475,0.04,0.14
2015.08.27 18:19:59.753,0.14447,0.14477,0.02,0.06
2015.08.27 18:20:01.222,0.1445,0.1448,0.02,0.18
2015.08.27 18:20:04.652,0.14456,0.14486,0.02,0.23
2015.08.27 18:20:04.812,0.14449,0.14479,0.02,0.08
2015.08.27 18:20:10.049,0.1445,0.1448,0.02,0.20
2015.08.27 18:20:10.621,0.14449,0.1448,0.02,0.20
2015.08.27 18:20:25.280,0.14446,0.14476,0.02,0.21
2015.08.27 18:20:38.313,0.14445,0.14475,0.02,0.19
2015.08.27 18:20:44.328,0.14444,0.14474,0.02,0.17
2015.08.27 18:20:44.378,0.14445,0.14475,0.02,0.17
2015.08.27 18:20:45.039,0.14445,0.14475,0.02,0.21
2015.08.27 18:20:47.422,0.1445,0.1448,0.02,0.26
2015.08.27 18:20:47.975,0.14446,0.14476,0.02,0.10
2015.08.27 18:21:06.089,0.14444,0.14474,0.02,0.22
2015.08.27 18:21:07.330,0.14445,0.14475,0.02,0.22
2015.08.27 18:21:08.024,0.14445,0.14475,0.02,0.21
2015.08.27 18:21:10.129,0.14444,0.14474,0.02,0.15
2015.08.27 18:21:11.646,0.1445,0.1448,0.02,0.22
2015.08.27 18:21:11.996,0.14442,0.14472,0.02,0.20
2015.08.27 18:21:16.606,0.14441,0.14471,0.04,0.20
2015.08.27 18:21:17.118,0.1444,0.1447,0.04,0.02
2015.08.27 18:21:20.230,0.14439,0.14469,0.04,0.19
2015.08.27 18:21:20.449,0.14442,0.14472,0.02,0.01
2015.08.27 18:21:20.619,0.14437,0.14467,0.02,0.24
2015.08.27 18:21:20.843,0.14441,0.14471,0.02,0.16
2015.08.27 18:21:21.521,0.1444,0.1447,0.02,0.08
2015.08.27 18:21:22.033,0.14442,0.14472,0.02,0.20
2015.08.27 18:21:22.290,0.14448,0.14478,0.02,0.23
2015.08.27 18:21:27.241,0.14446,0.14476,0.02,0.20
2015.08.27 18:21:27.880,0.14441,0.14471,0.02,0.08
2015.08.27 18:21:30.284,0.1444,0.1447,0.02,0.19
2015.08.27 18:21:30.450,0.14442,0.14472,0.02,0.24
2015.08.27 18:21:30.972,0.14441,0.14471,0.02,0.09
2015.08.27 18:21:31.073,0.14439,0.14469,0.02,0.02
2015.08.27 18:21:32.469,0.1444,0.1447,0.02,0.22
2015.08.27 18:21:45.470,0.14439,0.14469,0.02,0.15
2015.08.27 18:21:45.602,0.14441,0.14471,0.02,0.23
2015.08.27 18:21:47.115,0.14449,0.14479,0.02,0.30
2015.08.27 18:21:49.485,0.14443,0.14473,0.02,0.22
2015.08.27 18:21:49.935,0.14441,0.14471,0.02,0.08
2015.08.27 18:21:50.448,0.1444,0.1447,0.04,0.19
2015.08.27 18:22:07.321,0.14443,0.14473,0.02,0.22
2015.08.27 18:22:07.422,0.14436,0.14466,0.02,0.02
2015.08.27 18:22:07.716,0.14438,0.14468,0.02,0.13
2015.08.27 18:22:10.022,0.14437,0.14467,0.02,0.17
2015.08.27 18:22:10.526,0.14444,0.14474,0.02,0.17
2015.08.27 18:22:11.206,0.14438,0.14468,0.02,0.13
2015.08.27 18:22:12.710,0.14439,0.14469,0.02,0.17
2015.08.27 18:22:15.007,0.14439,0.1447,0.02,0.14
2015.08.27 18:22:15.680,0.1444,0.1447,0.02,0.19
2015.08.27 18:22:15.734,0.14437,0.14467,0.02,0.12
2015.08.27 18:22:16.261,0.14438,0.14468,0.02,0.20
2015.08.27 18:22:22.682,0.14433,0.14463,0.02,0.21
2015.08.27 18:22:22.733,0.14436,0.14466,0.02,0.21
2015.08.27 18:22:22.954,0.14431,0.14461,0.02,0.06
2015.08.27 18:22:23.056,0.14433,0.14463,0.02,0.17
2015.08.27 18:22:25.799,0.14435,0.14465,0.02,0.17
2015.08.27 18:22:30.137,0.14439,0.14469,0.02,0.18
2015.08.27 18:22:30.188,0.14435,0.14465,0.02,0.17
2015.08.27 18:22:31.218,0.14436,0.14466,0.02,0.18
2015.08.27 18:22:31.276,0.14433,0.14463,0.02,0.08
2015.08.27 18:22:32.279,0.14434,0.14464,0.02,0.24
2015.08.27 18:22:32.330,0.14436,0.14466,0.02,0.24
2015.08.27 18:22:33.134,0.14435,0.14465,0.02,0.21
2015.08.27 18:22:34.385,0.14434,0.14464,0.02,0.04
2015.08.27 18:22:35.369,0.14435,0.14465,0.02,0.12
2015.08.27 18:22:36.691,0.14435,0.14465,0.02,0.16
2015.08.27 18:22:38.584,0.1444,0.1447,0.02,0.24
2015.08.27 18:22:38.634,0.14438,0.14468,0.02,0.18
2015.08.27 18:22:40.570,0.14446,0.14476,0.02,0.25
2015.08.27 18:22:42.552,0.14435,0.14468,0.04,0.02
2015.08.27 18:22:46.039,0.1444,0.1447,0.02,0.19
2015.08.27 18:22:55.625,0.14437,0.14467,0.02,0.04
2015.08.27 18:22:55.939,0.14433,0.14463,0.02,0.19
2015.08.27 18:22:56.648,0.14435,0.14465,0.02,0.21
2015.08.27 18:22:57.178,0.1443,0.1446,0.04,0.08
2015.08.27 18:22:57.698,0.14435,0.14465,0.02,0.21
2015.08.27 18:22:58.236,0.14432,0.14462,0.02,0.21
2015.08.27 18:22:58.788,0.14431,0.14461,0.02,0.17
2015.08.27 18:23:00.119,0.14431,0.14461,0.02,0.17
2015.08.27 18:23:02.073,0.1443,0.1446,0.02,0.15
2015.08.27 18:23:02.588,0.14431,0.14462,0.02,0.12
2015.08.27 18:23:05.078,0.14434,0.14464,0.02,0.17
2015.08.27 18:23:15.571,0.14433,0.14463,0.02,0.16
2015.08.27 18:23:16.174,0.14432,0.14462,0.02,0.19
2015.08.27 18:23:17.072,0.14432,0.14462,0.02,0.19
2015.08.27 18:23:20.476,0.14433,0.14463,0.02,0.19
2015.08.27 18:23:23.548,0.14432,0.14462,0.02,0.20
2015.08.27 18:23:24.793,0.14432,0.14465,0.02,0.15
2015.08.27 18:23:26.643,0.14438,0.14468,0.02,0.17
2015.08.27 18:23:29.708,0.14432,0.14465,0.02,0.15
2015.08.27 18:23:29.809,0.14432,0.14462,0.02,0.02
2015.08.27 18:23:30.526,0.14432,0.14463,0.02,0.14
2015.08.27 18:23:33.312,0.14432,0.14462,0.02,0.18
2015.08.27 18:23:34.783,0.14434,0.14464,0.02,0.24
2015.08.27 18:23:37.848,0.14433,0.14463,0.02,0.21
2015.08.27 18:23:48.172,0.14433,0.14463,0.02,0.02
2015.08.27 18:23:51.467,0.14432,0.14462,0.02,0.19
2015.08.27 18:23:51.968,0.14431,0.14461,0.02,0.09
2015.08.27 18:23:53.831,0.14437,0.14467,0.02,0.15
2015.08.27 18:23:53.958,0.14433,0.14463,0.02,0.18
2015.08.27 18:23:54.494,0.1443,0.1446,0.02,0.08
2015.08.27 18:23:54.554,0.14432,0.14462,0.02,0.06
2015.08.27 18:23:56.877,0.14432,0.14462,0.02,0.16
2015.08.27 18:24:01.844,0.14434,0.14464,0.02,0.16
2015.08.27 18:24:04.982,0.14439,0.14469,0.02,0.23
2015.08.27 18:24:07.479,0.14433,0.14463,0.02,0.13
2015.08.27 18:24:07.987,0.14435,0.14465,0.02,0.18
2015.08.27 18:24:10.121,0.14432,0.14462,0.02,0.24
2015.08.27 18:24:20.241,0.14432,0.14462,0.02,0.16
2015.08.27 18:24:20.305,0.14429,0.14459,0.02,0.19
2015.08.27 18:24:20.646,0.14431,0.14461,0.02,0.19
2015.08.27 18:24:21.881,0.14427,0.14457,0.02,0.02
2015.08.27 18:24:22.209,0.14429,0.14459,0.02,0.18
2015.08.27 18:24:22.627,0.14424,0.14454,0.02,0.17
2015.08.27 18:24:22.815,0.14426,0.14456,0.02,0.19
2015.08.27 18:24:24.250,0.14425,0.14455,0.02,0.15
2015.08.27 18:24:24.351,0.14423,0.14453,0.02,0.16
2015.08.27 18:24:25.415,0.14426,0.14456,0.02,0.21
2015.08.27 18:24:26.288,0.14425,0.14455,0.02,0.16
2015.08.27 18:24:35.650,0.14428,0.14458,0.02,0.02
2015.08.27 18:24:35.817,0.14436,0.14466,0.02,0.26
2015.08.27 18:24:46.171,0.14425,0.14455,0.02,0.06
2015.08.27 18:24:46.780,0.14426,0.14456,0.02,0.05
2015.08.27 18:24:47.303,0.14428,0.14458,0.02,0.14
2015.08.27 18:24:49.126,0.14435,0.14465,0.02,0.21
2015.08.27 18:24:49.991,0.14429,0.14459,0.02,0.23
2015.08.27 18:24:50.539,0.14428,0.14458,0.02,0.23
2015.08.27 18:24:51.253,0.14429,0.14459,0.02,0.23
2015.08.27 18:24:52.867,0.14427,0.14457,0.02,0.19
2015.08.27 18:24:54.469,0.14428,0.14458,0.02,0.14
2015.08.27 18:24:58.927,0.14426,0.14456,0.02,0.10
2015.08.27 18:24:59.504,0.14427,0.14457,0.02,0.18
2015.08.27 18:25:05.396,0.14428,0.14458,0.02,0.13
2015.08.27 18:25:11.500,0.14429,0.14459,0.02,0.12
2015.08.27 18:25:11.728,0.14431,0.14461,0.02,0.17
2015.08.27 18:25:12.255,0.1443,0.1446,0.02,0.13
2015.08.27 18:25:12.526,0.14433,0.14463,0.02,0.02
2015.08.27 18:25:13.245,0.14434,0.14464,0.02,0.20
2015.08.27 18:25:15.417,0.1444,0.1447,0.02,0.15
2015.08.27 18:25:22.058,0.14435,0.14465,0.02,0.22
2015.08.27 18:25:22.475,0.14432,0.14462,0.04,0.02
2015.08.27 18:25:30.566,0.14442,0.14472,0.02,0.28
2015.08.27 18:25:31.838,0.14435,0.14465,0.04,0.06
2015.08.27 18:25:32.517,0.14435,0.14465,0.02,0.08
2015.08.27 18:25:32.726,0.1443,0.1446,0.04,0.20
2015.08.27 18:25:32.777,0.1443,0.1446,0.04,0.02
2015.08.27 18:25:33.174,0.14432,0.14462,0.04,0.13
2015.08.27 18:25:37.747,0.14431,0.14461,0.04,0.05
2015.08.27 18:25:39.466,0.14432,0.14462,0.04,0.07
2015.08.27 18:25:43.103,0.14431,0.14461,0.04,0.05
2015.08.27 18:25:44.179,0.14431,0.14461,0.04,0.05
2015.08.27 18:25:44.359,0.14428,0.14458,0.04,0.17
2015.08.27 18:25:44.726,0.14425,0.14455,0.04,0.25
2015.08.27 18:25:45.245,0.14426,0.14456,0.04,0.04
2015.08.27 18:25:48.011,0.1443,0.1446,0.02,0.16
2015.08.27 18:25:48.590,0.14425,0.14455,0.04,0.08
2015.08.27 18:25:52.276,0.14427,0.14457,0.02,0.18
2015.08.27 18:25:52.691,0.14425,0.14455,0.04,0.19
2015.08.27 18:25:53.013,0.14427,0.14457,0.04,0.07
2015.08.27 18:25:59.589,0.14426,0.14456,0.04,0.13
2015.08.27 18:25:59.719,0.14432,0.14462,0.02,0.20
2015.08.27 18:26:02.795,0.14427,0.14457,0.04,0.05
2015.08.27 18:26:04.645,0.14429,0.14459,0.04,0.21
2015.08.27 18:26:07.485,0.14438,0.14468,0.02,0.24
2015.08.27 18:26:07.536,0.14431,0.14461,0.04,0.15
2015.08.27 18:26:08.113,0.14431,0.14461,0.04,0.10
2015.08.27 18:26:08.365,0.14431,0.14461,0.04,0.10
2015.08.27 18:26:08.914,0.14432,0.14462,0.04,0.02
2015.08.27 18:26:09.579,0.14438,0.14468,0.02,0.25
2015.08.27 18:26:16.619,0.14433,0.14463,0.04,0.06
2015.08.27 18:26:18.735,0.14432,0.14462,0.04,0.19
2015.08.27 18:26:19.573,0.14431,0.14461,0.04,0.05
2015.08.27 18:26:20.489,0.14432,0.14462,0.04,0.10
2015.08.27 18:26:24.285,0.14433,0.14463,0.04,0.21
2015.08.27 18:26:25.162,0.14432,0.14462,0.04,0.02
2015.08.27 18:26:26.698,0.14436,0.14466,0.02,0.19
2015.08.27 18:26:29.776,0.14435,0.14465,0.02,0.21
2015.08.27 18:26:43.637,0.14437,0.14467,0.02,0.22
2015.08.27 18:26:43.788,0.14439,0.14469,0.04,0.03
2015.08.27 18:26:43.990,0.14441,0.14471,0.02,0.25
2015.08.27 18:26:45.791,0.14435,0.14465,0.04,0.19
2015.08.27 18:26:46.877,0.14435,0.14465,0.02,0.19
2015.08.27 18:26:50.711,0.14435,0.14465,0.04,0.20
2015.08.27 18:26:50.912,0.1444,0.1447,0.04,0.19
2015.08.27 18:26:55.956,0.14445,0.14475,0.02,0.29
2015.08.27 18:26:57.639,0.14437,0.14467,0.04,0.17
2015.08.27 18:26:57.842,0.1444,0.1447,0.02,0.26
2015.08.27 18:27:12.016,0.14435,0.14465,0.04,0.08
2015.08.27 18:27:18.226,0.14445,0.14475,0.02,0.26
2015.08.27 18:27:21.746,0.14439,0.14469,0.02,0.20
2015.08.27 18:27:23.363,0.14437,0.14467,0.04,0.23
2015.08.27 18:27:29.501,0.14435,0.14465,0.04,0.02
2015.08.27 18:27:30.057,0.14436,0.14466,0.04,0.22
2015.08.27 18:27:31.740,0.14436,0.14466,0.04,0.22
2015.08.27 18:27:31.790,0.14439,0.14469,0.04,0.04
2015.08.27 18:27:32.160,0.14438,0.14468,0.02,0.02
2015.08.27 18:27:34.863,0.1444,0.1447,0.02,0.18
2015.08.27 18:27:42.904,0.14446,0.14476,0.02,0.27
2015.08.27 18:27:43.589,0.14436,0.14466,0.04,0.02
2015.08.27 18:27:48.232,0.1444,0.1447,0.04,0.20
2015.08.27 18:27:48.283,0.1445,0.1448,0.02,0.27
2015.08.27 18:27:48.434,0.14445,0.14475,0.02,0.21
2015.08.27 18:27:49.239,0.14444,0.14474,0.02,0.14
2015.08.27 18:27:49.803,0.14445,0.14475,0.02,0.21
2015.08.27 18:27:50.429,0.14444,0.14474,0.02,0.20
2015.08.27 18:27:56.625,0.14446,0.14476,0.02,0.19
2015.08.27 18:27:57.927,0.14445,0.14475,0.02,0.18
2015.08.27 18:27:58.439,0.14446,0.14476,0.02,0.21
2015.08.27 18:27:59.247,0.14444,0.14474,0.02,0.19
2015.08.27 18:28:00.843,0.14444,0.14474,0.02,0.02
2015.08.27 18:28:01.178,0.14447,0.14477,0.02,0.02
2015.08.27 18:28:01.279,0.14445,0.14475,0.02,0.21
2015.08.27 18:28:01.436,0.14449,0.14479,0.02,0.24
2015.08.27 18:28:01.557,0.14443,0.14473,0.04,0.18
2015.08.27 18:28:01.780,0.1444,0.1447,0.04,0.20
2015.08.27 18:28:01.886,0.14438,0.14468,0.04,0.02
2015.08.27 18:28:03.875,0.14445,0.14475,0.02,0.20
2015.08.27 18:28:08.152,0.14437,0.14467,0.23,0.02
2015.08.27 18:28:08.203,0.1444,0.1447,0.02,0.18
2015.08.27 18:28:08.470,0.14441,0.14471,0.02,0.18
2015.08.27 18:28:12.015,0.14443,0.14473,0.02,0.21
2015.08.27 18:28:30.275,0.14437,0.14467,0.20,0.02
2015.08.27 18:28:30.379,0.14437,0.14467,0.19,0.02
2015.08.27 18:28:30.886,0.14441,0.14471,0.02,0.22
2015.08.27 18:28:31.002,0.14437,0.14467,0.18,0.02
2015.08.27 18:28:33.354,0.14443,0.14473,0.02,0.20
2015.08.27 18:28:35.505,0.14437,0.14467,0.14,0.02
2015.08.27 18:28:35.667,0.1444,0.1447,0.02,0.15
2015.08.27 18:28:36.066,0.14441,0.14471,0.02,0.21
2015.08.27 18:28:36.585,0.14441,0.14471,0.02,0.24
2015.08.27 18:28:38.045,0.14441,0.14471,0.02,0.24
2015.08.27 18:28:40.564,0.14439,0.14469,0.02,0.22
2015.08.27 18:28:41.464,0.1444,0.1447,0.02,0.20
2015.08.27 18:28:42.936,0.14438,0.14468,0.04,0.15
2015.08.27 18:28:48.341,0.14444,0.14474,0.02,0.22
2015.08.27 18:28:48.846,0.14437,0.14467,0.04,0.06
2015.08.27 18:28:49.887,0.14438,0.14468,0.04,0.23
2015.08.27 18:28:51.404,0.14438,0.14468,0.02,0.23
2015.08.27 18:29:00.152,0.1444,0.1447,0.02,0.19
2015.08.27 18:29:02.910,0.14435,0.14465,0.04,0.17
2015.08.27 18:29:03.580,0.14434,0.14464,0.04,0.05
2015.08.27 18:29:04.667,0.14435,0.14465,0.04,0.16
2015.08.27 18:29:13.565,0.14435,0.14465,0.02,0.16
2015.08.27 18:29:13.716,0.14437,0.14467,0.02,0.18
2015.08.27 18:29:15.344,0.14434,0.14464,0.04,0.15
2015.08.27 18:29:15.985,0.14435,0.14465,0.02,0.23
2015.08.27 18:29:16.593,0.1444,0.1447,0.02,0.23
2015.08.27 18:29:16.958,0.14434,0.14464,0.02,0.18
2015.08.27 18:29:17.532,0.14432,0.14462,0.04,0.12
2015.08.27 18:29:19.619,0.14433,0.14463,0.15,0.02
2015.08.27 18:29:19.720,0.14435,0.14465,0.02,0.24
2015.08.27 18:29:20.070,0.14434,0.14464,0.02,0.02
2015.08.27 18:29:28.254,0.14433,0.14463,0.02,0.10
2015.08.27 18:29:33.794,0.14438,0.14468,0.02,0.22
2015.08.27 18:29:34.303,0.14435,0.14465,0.02,0.21
2015.08.27 18:29:35.623,0.14434,0.14464,0.02,0.21
2015.08.27 18:29:38.441,0.14439,0.14469,0.02,0.02
2015.08.27 18:29:38.563,0.14434,0.14464,0.04,0.21
2015.08.27 18:29:40.183,0.14433,0.14463,0.02,0.02
2015.08.27 18:29:44.059,0.14432,0.14462,0.04,0.20
2015.08.27 18:29:44.277,0.14434,0.14464,0.02,0.17
2015.08.27 18:29:44.823,0.14433,0.14463,0.02,0.17
2015.08.27 18:29:47.678,0.14439,0.14469,0.02,0.26
2015.08.27 18:29:47.993,0.14435,0.14465,0.02,0.22
2015.08.27 18:29:55.927,0.14434,0.14464,0.02,0.23
2015.08.27 18:29:57.249,0.14429,0.14459,0.04,0.02
2015.08.27 18:29:58.823,0.14434,0.14464,0.04,0.05
2015.08.27 18:29:58.924,0.14426,0.14456,0.06,0.25
2015.08.27 18:29:59.656,0.14427,0.14457,0.04,0.25
2015.08.27 18:30:00.994,0.14426,0.14456,0.04,0.05
2015.08.27 18:30:01.892,0.14424,0.14454,0.19,0.02
2015.08.27 18:30:01.999,0.14426,0.14456,0.02,0.27
2015.08.27 18:30:02.201,0.14424,0.14454,0.02,0.02
2015.08.27 18:30:02.785,0.14423,0.14453,0.04,0.02
2015.08.27 18:30:03.288,0.14424,0.14454,0.02,0.23
2015.08.27 18:30:05.154,0.14421,0.14451,0.02,0.02
2015.08.27 18:30:06.294,0.14422,0.14452,0.08,0.02
2015.08.27 18:30:10.152,0.14424,0.14454,0.02,0.02
2015.08.27 18:30:10.705,0.1442,0.1445,0.02,0.02
2015.08.27 18:30:11.176,0.14415,0.14445,0.02,0.02
2015.08.27 18:30:11.714,0.14412,0.14442,0.22,0.02
2015.08.27 18:30:12.634,0.14414,0.14444,0.02,0.02
2015.08.27 18:30:12.855,0.14419,0.14449,0.02,0.02
2015.08.27 18:30:15.546,0.14416,0.14446,0.02,0.02
2015.08.27 18:30:17.474,0.14416,0.14446,0.02,0.02
2015.08.27 18:30:18.033,0.14415,0.14445,0.02,0.10
2015.08.27 18:30:22.877,0.14415,0.14445,0.02,0.10
2015.08.27 18:30:23.229,0.14412,0.14442,0.02,0.02
2015.08.27 18:30:23.305,0.14415,0.14445,0.02,0.19
2015.08.27 18:30:23.882,0.14418,0.14448,0.02,0.23
2015.08.27 18:30:24.693,0.14414,0.14444,0.02,0.08
2015.08.27 18:30:27.368,0.14419,0.14449,0.02,0.22
2015.08.27 18:30:29.502,0.14411,0.14441,0.04,0.02
2015.08.27 18:30:30.304,0.14412,0.14442,0.04,0.02
2015.08.27 18:30:31.004,0.14412,0.14442,0.06,0.02
2015.08.27 18:30:31.445,0.14413,0.14443,0.02,0.02
2015.08.27 18:30:31.934,0.14413,0.14443,0.02,0.02
2015.08.27 18:30:32.035,0.14415,0.14445,0.02,0.23
2015.08.27 18:30:34.861,0.14414,0.14444,0.02,0.02
2015.08.27 18:30:39.067,0.14413,0.14443,0.02,0.14
2015.08.27 18:30:49.989,0.14412,0.14442,0.02,0.19
2015.08.27 18:30:54.239,0.14411,0.14441,0.02,0.17
2015.08.27 18:30:59.740,0.14411,0.14441,0.02,0.19
2015.08.27 18:30:59.941,0.14411,0.14441,0.02,0.27
2015.08.27 18:31:00.196,0.14405,0.14435,0.19,0.02
2015.08.27 18:31:00.398,0.1441,0.1444,0.27,0.02
2015.08.27 18:31:01.667,0.14415,0.14445,0.02,0.26
2015.08.27 18:31:04.007,0.14411,0.14441,0.02,0.02
2015.08.27 18:31:04.226,0.14412,0.14442,0.26,0.02
2015.08.27 18:31:09.756,0.14413,0.14443,0.02,0.02
2015.08.27 18:31:09.989,0.14415,0.14445,0.02,0.22
2015.08.27 18:31:10.090,0.14413,0.14443,0.02,0.17
2015.08.27 18:31:11.204,0.14415,0.14445,0.02,0.21
2015.08.27 18:31:15.228,0.14414,0.14444,0.02,0.04
2015.08.27 18:31:17.287,0.14415,0.14445,0.02,0.23
2015.08.27 18:31:17.338,0.14415,0.14445,0.02,0.21
2015.08.27 18:31:19.731,0.14412,0.14442,0.20,0.02
2015.08.27 18:31:19.911,0.14413,0.14443,0.02,0.19
2015.08.27 18:31:21.616,0.14414,0.14444,0.02,0.02
2015.08.27 18:31:22.601,0.14412,0.14442,0.02,0.02
2015.08.27 18:31:22.914,0.1441,0.1444,0.15,0.02
2015.08.27 18:31:24.472,0.14411,0.14441,0.02,0.02
2015.08.27 18:31:34.763,0.1441,0.1444,0.04,0.02
2015.08.27 18:31:43.422,0.14413,0.14444,0.22,0.04
2015.08.27 18:31:43.473,0.14415,0.14445,0.02,0.19
2015.08.27 18:31:47.376,0.14414,0.14444,0.02,0.02
2015.08.27 18:31:47.427,0.14411,0.14443,0.24,0.19
2015.08.27 18:31:48.056,0.14411,0.14442,0.02,0.18
2015.08.27 18:31:48.716,0.14411,0.14443,0.02,0.08
2015.08.27 18:31:53.548,0.14413,0.14445,0.22,0.24
2015.08.27 18:31:55.471,0.14415,0.14445,0.02,0.24
2015.08.27 18:32:00.283,0.14413,0.14445,0.22,0.24
2015.08.27 18:32:00.333,0.14413,0.14443,0.22,0.02
2015.08.27 18:32:01.032,0.14411,0.14441,0.02,0.04
2015.08.27 18:32:05.579,0.14413,0.14443,0.02,0.26
2015.08.27 18:32:05.881,0.14408,0.14438,0.02,0.02
2015.08.27 18:32:07.702,0.14408,0.14438,0.02,0.04
2015.08.27 18:32:07.752,0.14405,0.14435,0.02,0.04
2015.08.27 18:32:10.728,0.14403,0.14433,0.02,0.07
2015.08.27 18:32:10.779,0.14402,0.14433,0.02,0.07
2015.08.27 18:32:11.373,0.14402,0.14435,0.02,0.06
2015.08.27 18:32:11.884,0.14403,0.14435,0.20,0.21
2015.08.27 18:32:14.032,0.14408,0.14438,0.02,0.21
2015.08.27 18:32:14.569,0.14404,0.14434,0.02,0.06
2015.08.27 18:32:17.152,0.14403,0.14434,0.02,0.06
2015.08.27 18:32:18.578,0.14403,0.14436,0.02,0.20
2015.08.27 18:32:19.106,0.14403,0.14435,0.02,0.12
2015.08.27 18:32:20.212,0.14409,0.14439,0.02,0.21
2015.08.27 18:32:24.618,0.14403,0.14436,0.02,0.19
2015.08.27 18:32:26.502,0.14403,0.14433,0.04,0.02
2015.08.27 18:32:38.275,0.14402,0.14432,0.26,0.02
2015.08.27 18:32:39.332,0.14403,0.14433,0.02,0.19
2015.08.27 18:32:40.705,0.144,0.1443,0.16,0.02
2015.08.27 18:32:49.494,0.14403,0.14433,0.02,0.17
2015.08.27 18:32:50.018,0.14403,0.14433,0.02,0.14
2015.08.27 18:32:51.589,0.14404,0.14434,0.02,0.12
2015.08.27 18:32:52.112,0.14405,0.14435,0.02,0.07
2015.08.27 18:32:54.072,0.14404,0.14435,0.02,0.07
2015.08.27 18:32:54.123,0.14403,0.14433,0.02,0.07
2015.08.27 18:32:57.496,0.14401,0.14431,0.02,0.18
2015.08.27 18:32:57.704,0.14403,0.14433,0.02,0.19
2015.08.27 18:32:59.282,0.14399,0.14429,0.16,0.02
2015.08.27 18:32:59.880,0.14398,0.14428,0.08,0.02
2015.08.27 18:33:03.318,0.14401,0.14431,0.02,0.23
2015.08.27 18:33:03.419,0.14392,0.14422,0.04,0.17
2015.08.27 18:33:03.557,0.14392,0.14422,0.02,0.17
2015.08.27 18:33:04.880,0.14391,0.14422,0.02,0.17
2015.08.27 18:33:09.824,0.1439,0.14422,0.26,0.17
2015.08.27 18:33:10.779,0.14394,0.14424,0.02,0.02
2015.08.27 18:33:12.112,0.14396,0.14426,0.02,0.19
2015.08.27 18:33:14.644,0.14392,0.14422,0.02,0.02
2015.08.27 18:33:14.910,0.14391,0.14421,0.02,0.02
2015.08.27 18:33:14.972,0.14391,0.14423,0.02,0.20
2015.08.27 18:33:22.820,0.14391,0.14425,0.19,0.22
2015.08.27 18:33:23.022,0.14395,0.14425,0.02,0.22
2015.08.27 18:33:25.179,0.14394,0.14424,0.02,0.21
2015.08.27 18:33:25.971,0.14391,0.14424,0.02,0.21
2015.08.27 18:33:30.705,0.14391,0.14423,0.02,0.14
2015.08.27 18:33:30.806,0.14391,0.14421,0.02,0.04
2015.08.27 18:33:31.110,0.14388,0.14418,0.02,0.17
2015.08.27 18:33:33.781,0.14386,0.14418,0.26,0.15
2015.08.27 18:33:34.406,0.14387,0.14419,0.14,0.25
2015.08.27 18:33:41.010,0.14386,0.14419,0.02,0.15
2015.08.27 18:33:41.521,0.14386,0.14418,0.02,0.16
2015.08.27 18:33:42.062,0.14386,0.14417,0.02,0.14
2015.08.27 18:33:42.261,0.14385,0.14415,0.02,0.14
2015.08.27 18:33:43.241,0.14381,0.14415,0.26,0.14
2015.08.27 18:33:43.742,0.14383,0.14415,0.02,0.18
2015.08.27 18:33:44.065,0.14381,0.14412,0.02,0.06
2015.08.27 18:33:44.380,0.1438,0.1441,0.02,0.12
2015.08.27 18:33:44.731,0.14381,0.14412,0.02,0.12
2015.08.27 18:33:51.614,0.14378,0.14412,0.15,0.12
2015.08.27 18:33:53.331,0.14379,0.14411,0.06,0.23
2015.08.27 18:33:53.842,0.14378,0.1441,0.18,0.04
2015.08.27 18:33:54.122,0.14379,0.14409,0.02,0.02
2015.08.27 18:33:54.233,0.14383,0.14415,0.07,0.18
2015.08.27 18:33:56.880,0.14386,0.14416,0.02,0.18
2015.08.27 18:33:58.478,0.14386,0.14417,0.02,0.13
2015.08.27 18:33:59.038,0.14387,0.14418,0.02,0.19
2015.08.27 18:33:59.150,0.14386,0.14416,0.02,0.22
2015.08.27 18:34:01.558,0.14387,0.14418,0.02,0.24
2015.08.27 18:34:04.265,0.14387,0.14417,0.04,0.02
2015.08.27 18:34:12.720,0.14391,0.14421,0.02,0.25
2015.08.27 18:34:15.800,0.14387,0.14417,0.16,0.02
2015.08.27 18:34:17.193,0.14386,0.14416,0.02,0.02
2015.08.27 18:34:17.860,0.14388,0.14418,0.02,0.02
2015.08.27 18:34:44.757,0.14386,0.14416,0.02,0.02
2015.08.27 18:34:45.497,0.14386,0.14416,0.02,0.02
2015.08.27 18:34:48.583,0.14385,0.14415,0.04,0.02
2015.08.27 18:34:51.963,0.14385,0.14415,0.02,0.02
2015.08.27 18:34:52.484,0.14386,0.14416,0.02,0.04
2015.08.27 18:34:58.384,0.14387,0.14417,0.02,0.19
2015.08.27 18:34:59.092,0.14388,0.14418,0.02,0.02
2015.08.27 18:35:05.731,0.14387,0.14417,0.02,0.02
2015.08.27 18:35:06.437,0.1439,0.1442,0.02,0.21
2015.08.27 18:35:09.369,0.14391,0.14421,0.02,0.21
2015.08.27 18:35:13.780,0.14388,0.14418,0.02,0.02
2015.08.27 18:35:15.243,0.14391,0.14421,0.02,0.02
2015.08.27 18:35:15.433,0.14397,0.14427,0.02,0.23
2015.08.27 18:35:28.561,0.1439,0.1442,0.04,0.05
2015.08.27 18:35:28.967,0.14395,0.14425,0.02,0.19
2015.08.27 18:35:29.962,0.14392,0.14422,0.04,0.22
2015.08.27 18:35:30.592,0.14393,0.14423,0.04,0.02
2015.08.27 18:35:31.413,0.14396,0.14426,0.02,0.22
2015.08.27 18:35:32.969,0.1439,0.1442,0.04,0.08
2015.08.27 18:35:33.641,0.14391,0.14421,0.04,0.18
2015.08.27 18:35:34.302,0.14395,0.14425,0.02,0.09
2015.08.27 18:35:36.662,0.14395,0.14425,0.02,0.11
2015.08.27 18:35:50.536,0.14396,0.14426,0.02,0.29
2015.08.27 18:35:50.740,0.1439,0.1442,0.04,0.18
2015.08.27 18:35:50.842,0.14387,0.14417,0.04,0.24
2015.08.27 18:35:51.036,0.14393,0.14423,0.02,0.22
2015.08.27 18:35:53.612,0.14392,0.14422,0.02,0.22
2015.08.27 18:35:56.584,0.14394,0.14424,0.02,0.24
2015.08.27 18:36:08.158,0.14389,0.14419,0.02,0.25
2015.08.27 18:36:08.874,0.14388,0.14418,0.04,0.23
2015.08.27 18:36:09.739,0.14387,0.14417,0.04,0.02
2015.08.27 18:36:13.746,0.14388,0.14418,0.04,0.18
2015.08.27 18:36:13.866,0.14391,0.14421,0.04,0.04
2015.08.27 18:36:16.949,0.1439,0.1442,0.02,0.02
2015.08.27 18:36:37.043,0.14394,0.14424,0.02,0.22
2015.08.27 18:36:56.984,0.14391,0.14421,0.02,0.22
2015.08.27 18:36:57.523,0.14392,0.14422,0.02,0.06
2015.08.27 18:37:04.566,0.14393,0.14423,0.02,0.22
2015.08.27 18:37:04.616,0.14393,0.14424,0.02,0.09
2015.08.27 18:37:04.929,0.14389,0.14419,0.04,0.02
2015.08.27 18:37:05.497,0.14387,0.14417,0.02,0.02
2015.08.27 18:37:06.406,0.14386,0.14416,0.02,0.02
2015.08.27 18:37:06.456,0.14388,0.14418,0.02,0.25
2015.08.27 18:37:06.975,0.14389,0.14419,0.02,0.24
2015.08.27 18:37:07.477,0.14388,0.14418,0.02,0.24
2015.08.27 18:37:09.069,0.14388,0.14418,0.04,0.17
2015.08.27 18:37:09.170,0.14388,0.14418,0.02,0.17
2015.08.27 18:37:10.168,0.14394,0.14424,0.02,0.24
2015.08.27 18:37:13.227,0.14388,0.14418,0.16,0.02
2015.08.27 18:37:16.758,0.14388,0.14418,0.16,0.02
2015.08.27 18:37:17.010,0.14388,0.14418,0.16,0.02
2015.08.27 18:37:17.211,0.14387,0.14417,0.04,0.19
2015.08.27 18:37:20.314,0.1439,0.1442,0.02,0.21
2015.08.27 18:37:22.410,0.14388,0.14418,0.02,0.02
2015.08.27 18:37:22.765,0.14388,0.14418,0.14,0.02
2015.08.27 18:37:25.548,0.14394,0.14424,0.02,0.25
2015.08.27 18:37:28.627,0.14392,0.14422,0.02,0.04
2015.08.27 18:37:32.917,0.14393,0.14423,0.02,0.23
2015.08.27 18:37:34.399,0.14391,0.14421,0.02,0.21
2015.08.27 18:37:34.450,0.14393,0.14423,0.02,0.21
2015.08.27 18:37:40.031,0.14392,0.14422,0.02,0.18
2015.08.27 18:37:40.311,0.14389,0.14419,0.02,0.02
2015.08.27 18:37:43.367,0.14399,0.14429,0.02,0.27
2015.08.27 18:37:47.022,0.14398,0.14428,0.02,0.18
2015.08.27 18:37:47.073,0.14398,0.14428,0.02,0.19
2015.08.27 18:37:47.347,0.14396,0.14426,0.04,0.16
2015.08.27 18:37:47.856,0.14396,0.14426,0.02,0.18
2015.08.27 18:37:48.461,0.14397,0.14427,0.02,0.21
2015.08.27 18:37:48.867,0.14393,0.14427,0.13,0.21
2015.08.27 18:37:51.153,0.14392,0.14426,0.19,0.20
2015.08.27 18:37:51.204,0.14399,0.14429,0.02,0.24
2015.08.27 18:37:55.053,0.14392,0.14426,0.18,0.21
2015.08.27 18:37:55.204,0.14392,0.14424,0.02,0.19
2015.08.27 18:37:55.763,0.14392,0.14423,0.02,0.19
2015.08.27 18:38:01.321,0.14392,0.14424,0.02,0.02
2015.08.27 18:38:01.422,0.14394,0.14428,0.20,0.18
2015.08.27 18:38:01.474,0.14394,0.14426,0.17,0.16
2015.08.27 18:38:01.913,0.14392,0.14425,0.17,0.02
2015.08.27 18:38:02.014,0.14391,0.14421,0.02,0.16
2015.08.27 18:38:02.334,0.14387,0.14421,0.21,0.16
2015.08.27 18:38:02.943,0.14388,0.1442,0.18,0.24
2015.08.27 18:38:03.480,0.14389,0.14421,0.17,0.19
2015.08.27 18:38:05.484,0.14389,0.14423,0.23,0.22
2015.08.27 18:38:05.693,0.14389,0.14421,0.20,0.07
2015.08.27 18:38:06.045,0.14391,0.14421,0.16,0.02
2015.08.27 18:38:06.197,0.1439,0.14427,0.13,0.25
2015.08.27 18:38:07.589,0.14394,0.14424,0.02,0.02
2015.08.27 18:38:07.797,0.14389,0.14419,0.02,0.02
2015.08.27 18:38:08.390,0.14387,0.14421,0.15,0.11
2015.08.27 18:38:10.039,0.14388,0.14422,0.06,0.16
2015.08.27 18:38:11.797,0.14389,0.14426,0.16,0.02
2015.08.27 18:38:12.109,0.14392,0.14424,0.18,0.17
2015.08.27 18:38:12.649,0.14393,0.14425,0.15,0.18
2015.08.27 18:38:12.898,0.14388,0.14427,0.18,0.16
2015.08.27 18:38:12.999,0.14392,0.14424,0.23,0.15
2015.08.27 18:38:14.001,0.14393,0.14425,0.05,0.22
2015.08.27 18:38:16.506,0.14391,0.14425,0.16,0.15
2015.08.27 18:38:21.931,0.14392,0.14426,0.06,0.23
2015.08.27 18:38:22.805,0.1439,0.14422,0.20,0.22
2015.08.27 18:38:23.336,0.14389,0.14421,0.19,0.06
2015.08.27 18:38:25.040,0.14389,0.14423,0.16,0.13
2015.08.27 18:38:32.170,0.1439,0.14422,0.21,0.11
2015.08.27 18:38:33.848,0.14389,0.14423,0.12,0.19
2015.08.27 18:38:35.666,0.14385,0.14417,0.20,0.20
2015.08.27 18:38:36.162,0.14383,0.14417,0.16,0.26
2015.08.27 18:38:37.768,0.14385,0.14417,0.20,0.19
2015.08.27 18:38:39.280,0.1439,0.14424,0.16,0.21
2015.08.27 18:38:39.853,0.14391,0.14423,0.19,0.21
2015.08.27 18:38:42.658,0.14389,0.14423,0.16,0.17
2015.08.27 18:38:43.084,0.14391,0.14423,0.05,0.18
2015.08.27 18:38:43.395,0.14389,0.14423,0.20,0.06
2015.08.27 18:38:44.483,0.14393,0.14426,0.10,0.02
2015.08.27 18:38:45.054,0.14392,0.14425,0.02,0.02
2015.08.27 18:38:45.908,0.14392,0.14426,0.17,0.15
2015.08.27 18:38:53.981,0.14392,0.14424,0.21,0.06
2015.08.27 18:38:54.695,0.14393,0.14425,0.18,0.16
2015.08.27 18:38:55.020,0.14391,0.14423,0.02,0.22
2015.08.27 18:38:57.292,0.14393,0.14425,0.17,0.21
2015.08.27 18:39:02.788,0.14396,0.14426,0.02,0.21
2015.08.27 18:39:03.327,0.14396,0.14426,0.02,0.21
2015.08.27 18:39:05.426,0.14398,0.14428,0.02,0.24
2015.08.27 18:39:07.326,0.14397,0.14427,0.02,0.04
2015.08.27 18:39:07.856,0.14396,0.14426,0.02,0.19
2015.08.27 18:39:08.506,0.14394,0.14426,0.27,0.10
2015.08.27 18:39:10.002,0.14393,0.14427,0.22,0.17
2015.08.27 18:39:11.475,0.14398,0.14428,0.02,0.17
2015.08.27 18:39:14.555,0.14393,0.14427,0.22,0.17
2015.08.27 18:39:19.505,0.14395,0.14427,0.02,0.17
2015.08.27 18:39:21.334,0.14395,0.14431,0.02,0.19
2015.08.27 18:39:22.586,0.144,0.14431,0.02,0.17
2015.08.27 18:39:24.886,0.14399,0.14429,0.02,0.22
2015.08.27 18:39:24.936,0.144,0.14431,0.02,0.02
2015.08.27 18:39:25.494,0.144,0.14432,0.11,0.21
2015.08.27 18:39:25.846,0.144,0.1443,0.02,0.20
2015.08.27 18:39:27.489,0.14401,0.14432,0.02,0.16
2015.08.27 18:39:30.034,0.14401,0.14433,0.02,0.17
2015.08.27 18:39:30.218,0.14405,0.14435,0.02,0.22
2015.08.27 18:39:33.261,0.14405,0.14435,0.02,0.23
2015.08.27 18:39:45.696,0.14404,0.14435,0.02,0.02
2015.08.27 18:39:45.863,0.14402,0.14434,0.24,0.05
2015.08.27 18:39:46.395,0.14401,0.14435,0.02,0.18
2015.08.27 18:39:47.396,0.144,0.14432,0.02,0.10
2015.08.27 18:39:48.032,0.144,0.14433,0.02,0.23
2015.08.27 18:39:49.432,0.14401,0.14433,0.02,0.23
2015.08.27 18:39:51.974,0.14402,0.14434,0.07,0.18
2015.08.27 18:39:53.276,0.14401,0.14434,0.02,0.24
2015.08.27 18:39:56.576,0.14406,0.14436,0.02,0.26
2015.08.27 18:40:09.604,0.14405,0.14435,0.02,0.19
2015.08.27 18:40:09.704,0.14406,0.14438,0.08,0.20
2015.08.27 18:40:10.217,0.14405,0.14439,0.21,0.08
2015.08.27 18:40:12.746,0.14411,0.14441,0.02,0.21
2015.08.27 18:40:16.215,0.14408,0.14438,0.02,0.23
2015.08.27 18:40:18.819,0.14409,0.14439,0.02,0.02
2015.08.27 18:40:19.201,0.14411,0.14443,0.20,0.10
2015.08.27 18:40:24.628,0.14411,0.14442,0.02,0.20
2015.08.27 18:40:27.842,0.14411,0.14443,0.24,0.24
2015.08.27 18:40:28.669,0.1441,0.14443,0.02,0.11
2015.08.27 18:40:30.566,0.14413,0.14443,0.02,0.11
2015.08.27 18:40:31.839,0.14412,0.14442,0.02,0.02
2015.08.27 18:40:33.077,0.14413,0.14444,0.02,0.12
2015.08.27 18:40:33.876,0.14413,0.14443,0.02,0.02
2015.08.27 18:40:34.155,0.14413,0.14445,0.02,0.02
2015.08.27 18:40:34.656,0.14412,0.14446,0.17,0.19
2015.08.27 18:40:38.865,0.14414,0.14448,0.16,0.14
2015.08.27 18:40:39.375,0.14413,0.14444,0.02,0.02
2015.08.27 18:40:49.473,0.14413,0.14447,0.16,0.22
2015.08.27 18:40:49.974,0.14414,0.14446,0.20,0.21
2015.08.27 18:40:51.401,0.14413,0.14444,0.02,0.02
2015.08.27 18:41:02.405,0.14413,0.14447,0.20,0.08
2015.08.27 18:41:02.526,0.14418,0.1445,0.07,0.23
2015.08.27 18:41:03.720,0.14411,0.14451,0.20,0.01
2015.08.27 18:41:03.799,0.14413,0.14444,0.02,0.02
2015.08.27 18:41:05.195,0.14414,0.14446,0.24,0.08
2015.08.27 18:41:07.922,0.14417,0.14449,0.02,0.20
2015.08.27 18:41:08.409,0.14414,0.14451,0.13,0.15
2015.08.27 18:41:08.509,0.14412,0.14454,0.23,0.20
2015.08.27 18:41:12.132,0.14412,0.14453,0.19,0.01
2015.08.27 18:41:14.117,0.14412,0.14454,0.19,0.20
2015.08.27 18:41:17.930,0.14412,0.14453,0.19,0.01
2015.08.27 18:41:19.776,0.14415,0.14449,0.16,0.19
2015.08.27 18:41:20.240,0.14412,0.14444,0.02,0.04
2015.08.27 18:41:22.767,0.14414,0.14448,0.17,0.21
2015.08.27 18:41:25.169,0.14415,0.14449,0.18,0.16
2015.08.27 18:41:29.985,0.14415,0.14448,0.02,0.02
2015.08.27 18:41:37.094,0.14414,0.14446,0.17,0.05
2015.08.27 18:41:37.440,0.14413,0.14444,0.02,0.02
2015.08.27 18:41:50.098,0.14413,0.14445,0.17,0.21
2015.08.27 18:41:55.710,0.14415,0.14447,0.10,0.23
2015.08.27 18:42:01.457,0.14413,0.14445,0.15,0.21
2015.08.27 18:42:10.052,0.14412,0.14446,0.22,0.16
2015.08.27 18:42:17.325,0.14411,0.14445,0.02,0.08
2015.08.27 18:42:18.075,0.14413,0.14445,0.22,0.20
2015.08.27 18:42:30.096,0.14412,0.14445,0.02,0.02
2015.08.27 18:42:40.462,0.14415,0.14447,0.02,0.19
2015.08.27 18:42:40.953,0.14414,0.14445,0.02,0.02
2015.08.27 18:42:41.218,0.14412,0.14445,0.02,0.02
2015.08.27 18:42:42.748,0.14413,0.14447,0.16,0.19
2015.08.27 18:42:43.841,0.14411,0.14445,0.04,0.05
2015.08.27 18:42:44.445,0.14413,0.14444,0.02,0.02
2015.08.27 18:42:47.856,0.14414,0.14446,0.15,0.20
2015.08.27 18:42:47.979,0.14414,0.14448,0.16,0.17
2015.08.27 18:42:48.182,0.14412,0.14446,0.21,0.16
2015.08.27 18:42:48.485,0.14412,0.14444,0.04,0.08
2015.08.27 18:42:49.234,0.14413,0.14445,0.17,0.17
2015.08.27 18:42:50.036,0.14412,0.14445,0.04,0.02
2015.08.27 18:42:59.268,0.14413,0.14447,0.22,0.11
2015.08.27 18:42:59.778,0.14414,0.14448,0.20,0.16
2015.08.27 18:43:02.157,0.14417,0.14448,0.02,0.16
2015.08.27 18:43:02.257,0.1442,0.14452,0.19,0.16
2015.08.27 18:43:02.955,0.14418,0.14449,0.02,0.02
2015.08.27 18:43:04.456,0.14419,0.14451,0.13,0.17
2015.08.27 18:43:04.972,0.14418,0.14452,0.25,0.10
2015.08.27 18:43:10.265,0.1442,0.14452,0.19,0.22
2015.08.27 18:43:10.767,0.14418,0.14452,0.18,0.21
2015.08.27 18:43:12.404,0.14417,0.1445,0.04,0.02
2015.08.27 18:43:15.709,0.14415,0.14449,0.21,0.08
2015.08.27 18:43:15.879,0.14417,0.14449,0.02,0.08
2015.08.27 18:43:19.019,0.14413,0.14444,0.02,0.02
2015.08.27 18:43:19.079,0.14414,0.14446,0.10,0.19
2015.08.27 18:43:19.287,0.14411,0.14454,0.04,0.01
2015.08.27 18:43:24.749,0.14411,0.14455,0.02,0.19
2015.08.27 18:43:25.499,0.14412,0.14445,0.02,0.02
2015.08.27 18:43:27.720,0.14411,0.14454,0.17,0.05
2015.08.27 18:43:28.023,0.14412,0.14445,0.02,0.02
2015.08.27 18:43:28.326,0.14413,0.14447,0.09,0.19
2015.08.27 18:43:28.528,0.14411,0.14453,0.17,0.01
2015.08.27 18:43:28.831,0.14413,0.14452,0.05,0.17
2015.08.27 18:43:29.423,0.14416,0.1445,0.15,0.05
2015.08.27 18:43:39.884,0.14417,0.1445,0.02,0.05
2015.08.27 18:43:40.190,0.14417,0.14448,0.02,0.07
2015.08.27 18:43:41.154,0.14417,0.14447,0.02,0.19
2015.08.27 18:43:41.618,0.14417,0.14454,0.02,0.01
2015.08.27 18:43:42.924,0.14417,0.14453,0.02,0.01
2015.08.27 18:43:43.404,0.14424,0.14454,0.02,0.01
2015.08.27 18:43:43.918,0.14421,0.14451,0.02,0.24
2015.08.27 18:43:44.069,0.14424,0.14454,0.02,0.19
2015.08.27 18:43:46.390,0.14419,0.14454,0.02,0.21
2015.08.27 18:43:46.440,0.14415,0.14445,0.02,0.21
2015.08.27 18:43:47.228,0.14419,0.14454,0.02,0.25
2015.08.27 18:43:47.528,0.14416,0.14446,0.02,0.13
2015.08.27 18:43:48.138,0.14419,0.14454,0.02,0.01
2015.08.27 18:43:49.452,0.14418,0.14454,0.02,0.01
2015.08.27 18:43:50.007,0.14418,0.14455,0.02,0.17
2015.08.27 18:43:50.647,0.14418,0.14454,0.02,0.14
2015.08.27 18:44:05.952,0.14423,0.14454,0.02,0.16
2015.08.27 18:44:06.266,0.14419,0.14449,0.02,0.05
2015.08.27 18:44:07.463,0.14422,0.14452,0.02,0.16
2015.08.27 18:44:07.579,0.14423,0.14455,0.02,0.22
2015.08.27 18:44:09.032,0.14417,0.14455,0.02,0.22
2015.08.27 18:44:09.968,0.14417,0.14454,0.02,0.02
2015.08.27 18:44:13.065,0.14417,0.14453,0.02,0.01
2015.08.27 18:44:13.229,0.14424,0.14454,0.02,0.19
2015.08.27 18:44:13.850,0.1442,0.1445,0.02,0.21
2015.08.27 18:44:35.517,0.14422,0.14452,0.02,0.08
2015.08.27 18:44:35.617,0.14422,0.14452,0.02,0.08
2015.08.27 18:44:37.640,0.14421,0.14451,0.02,0.15
2015.08.27 18:44:38.512,0.14423,0.14453,0.02,0.20
2015.08.27 18:44:41.481,0.14422,0.14452,0.02,0.20
2015.08.27 18:44:46.102,0.14423,0.14453,0.02,0.20
2015.08.27 18:44:53.852,0.14419,0.14449,0.02,0.02
2015.08.27 18:44:54.374,0.1442,0.1445,0.02,0.19
2015.08.27 18:45:02.306,0.14417,0.14449,0.25,0.08
2015.08.27 18:45:08.112,0.14414,0.14446,0.12,0.18
2015.08.27 18:45:08.678,0.14416,0.14448,0.23,0.19
2015.08.27 18:45:09.828,0.14412,0.14452,0.02,0.01
2015.08.27 18:45:10.466,0.14411,0.14452,0.20,0.01
2015.08.27 18:45:11.857,0.14411,0.14453,0.18,0.01
2015.08.27 18:45:13.607,0.14414,0.14451,0.05,0.19
2015.08.27 18:45:15.796,0.14412,0.14453,0.23,0.01
2015.08.27 18:45:17.677,0.14412,0.14452,0.23,0.01
2015.08.27 18:45:19.585,0.14412,0.14453,0.23,0.01
2015.08.27 18:45:23.461,0.14412,0.14452,0.23,0.01
2015.08.27 18:45:25.238,0.14412,0.14453,0.23,0.01
2015.08.27 18:45:26.968,0.14412,0.14452,0.25,0.01
2015.08.27 18:45:27.119,0.14415,0.14449,0.21,0.10
2015.08.27 18:45:27.455,0.14411,0.14445,0.26,0.04
2015.08.27 18:45:28.215,0.14412,0.14446,0.15,0.19
2015.08.27 18:45:29.256,0.14412,0.14452,0.04,0.01
2015.08.27 18:45:31.018,0.14413,0.14453,0.02,0.01
2015.08.27 18:45:31.069,0.14417,0.14449,0.15,0.20
2015.08.27 18:45:32.023,0.14416,0.1445,0.13,0.21
2015.08.27 18:45:36.178,0.14416,0.14453,0.04,0.01
2015.08.27 18:45:36.308,0.14411,0.14453,0.08,0.01
2015.08.27 18:45:38.953,0.14416,0.1445,0.12,0.20
2015.08.27 18:45:39.608,0.14417,0.1445,0.04,0.05
2015.08.27 18:45:47.291,0.14418,0.1445,0.21,0.20
2015.08.27 18:45:49.150,0.14417,0.14449,0.20,0.07
2015.08.27 18:46:04.987,0.14419,0.14451,0.20,0.06
2015.08.27 18:46:06.982,0.1442,0.14452,0.02,0.21
2015.08.27 18:46:11.446,0.14419,0.14451,0.20,0.08
2015.08.27 18:46:21.512,0.1442,0.14452,0.02,0.22
2015.08.27 18:46:21.937,0.14418,0.14452,0.20,0.12
2015.08.27 18:46:29.429,0.1442,0.14452,0.02,0.20
2015.08.27 18:46:29.530,0.14425,0.14459,0.11,0.16
2015.08.27 18:46:31.775,0.14425,0.14457,0.14,0.16
2015.08.27 18:46:32.869,0.14426,0.14458,0.07,0.22
2015.08.27 18:46:34.541,0.14425,0.14457,0.19,0.17
2015.08.27 18:46:35.643,0.14425,0.14459,0.06,0.18
2015.08.27 18:46:37.079,0.14427,0.14459,0.20,0.19
2015.08.27 18:46:37.660,0.14428,0.1446,0.18,0.19
2015.08.27 18:46:38.426,0.14424,0.14458,0.17,0.17
2015.08.27 18:46:39.853,0.14426,0.14458,0.07,0.20
2015.08.27 18:46:40.655,0.14424,0.14458,0.20,0.19
2015.08.27 18:46:41.175,0.14425,0.14459,0.08,0.18
2015.08.27 18:46:46.599,0.14424,0.14458,0.21,0.17
2015.08.27 18:46:46.914,0.14426,0.14458,0.10,0.19
2015.08.27 18:47:02.558,0.14425,0.14457,0.22,0.15
2015.08.27 18:47:04.629,0.14426,0.14458,0.07,0.17
2015.08.27 18:47:07.950,0.14424,0.14458,0.20,0.16
2015.08.27 18:47:08.219,0.14426,0.14458,0.07,0.17
2015.08.27 18:47:23.865,0.14424,0.14458,0.16,0.19
2015.08.27 18:47:24.299,0.14426,0.14458,0.08,0.21
2015.08.27 18:47:26.905,0.14424,0.14458,0.22,0.24
2015.08.27 18:47:27.006,0.14427,0.14459,0.22,0.04
2015.08.27 18:47:27.378,0.14425,0.14457,0.23,0.19
2015.08.27 18:47:29.469,0.14426,0.14458,0.05,0.20
2015.08.27 18:47:31.777,0.14425,0.14457,0.21,0.19
2015.08.27 18:47:39.031,0.14426,0.14458,0.05,0.23
2015.08.27 18:47:39.537,0.14424,0.14458,0.15,0.24
2015.08.27 18:47:40.717,0.14425,0.14459,0.07,0.22
2015.08.27 18:47:42.309,0.14426,0.14458,0.06,0.23
2015.08.27 18:47:42.917,0.14425,0.14457,0.19,0.19
2015.08.27 18:47:43.103,0.14425,0.14459,0.05,0.19
2015.08.27 18:47:43.154,0.14429,0.14459,0.02,0.19
2015.08.27 18:47:49.753,0.14429,0.14461,0.02,0.19
2015.08.27 18:47:50.216,0.14429,0.14459,0.02,0.23
2015.08.27 18:47:51.166,0.14436,0.14466,0.02,0.23
2015.08.27 18:47:52.120,0.1443,0.1446,0.02,0.16
2015.08.27 18:48:15.255,0.14429,0.1446,0.02,0.21
2015.08.27 18:48:18.702,0.14429,0.14462,0.02,0.20
2015.08.27 18:48:18.752,0.14436,0.14466,0.02,0.20
2015.08.27 18:48:19.399,0.14433,0.14463,0.02,0.23
2015.08.27 18:48:20.220,0.14434,0.14464,0.02,0.19
2015.08.27 18:48:20.562,0.14432,0.14462,0.02,0.10
2015.08.27 18:48:25.595,0.14431,0.14461,0.02,0.08
2015.08.27 18:48:30.908,0.14432,0.14462,0.02,0.22
2015.08.27 18:48:34.950,0.14434,0.14464,0.02,0.19
2015.08.27 18:48:35.459,0.14434,0.14465,0.02,0.18
2015.08.27 18:48:36.362,0.14432,0.14462,0.02,0.20
2015.08.27 18:48:37.255,0.1444,0.1447,0.02,0.18
2015.08.27 18:48:38.864,0.14434,0.14464,0.02,0.25
2015.08.27 18:48:40.225,0.14438,0.14468,0.02,0.25
2015.08.27 18:48:42.064,0.14432,0.14462,0.02,0.21
2015.08.27 18:48:42.674,0.14431,0.14461,0.02,0.20
2015.08.27 18:48:42.826,0.14435,0.14465,0.02,0.16
2015.08.27 18:48:43.855,0.14444,0.14474,0.02,0.27
2015.08.27 18:48:44.356,0.14434,0.14464,0.04,0.05
2015.08.27 18:48:44.831,0.14432,0.14462,0.04,0.11
2015.08.27 18:48:45.178,0.14435,0.14465,0.04,0.19
2015.08.27 18:48:46.936,0.14439,0.14469,0.02,0.19
2015.08.27 18:48:51.885,0.14434,0.14465,0.02,0.05
2015.08.27 18:49:09.981,0.14434,0.14464,0.02,0.12
2015.08.27 18:49:10.232,0.14439,0.14469,0.02,0.21
2015.08.27 18:49:13.513,0.14434,0.14464,0.02,0.08
2015.08.27 18:49:15.244,0.14444,0.14474,0.02,0.26
2015.08.27 18:49:17.831,0.14435,0.14465,0.04,0.11
2015.08.27 18:49:20.705,0.14434,0.14464,0.04,0.18
2015.08.27 18:49:20.756,0.14438,0.14468,0.02,0.18
2015.08.27 18:49:20.806,0.14432,0.14462,0.02,0.17
2015.08.27 18:49:22.336,0.1443,0.1446,0.02,0.17
2015.08.27 18:49:23.228,0.14429,0.14459,0.04,0.17
2015.08.27 18:49:23.825,0.1444,0.1447,0.02,0.25
2015.08.27 18:49:29.985,0.14438,0.14468,0.02,0.23
2015.08.27 18:49:30.149,0.14435,0.14465,0.02,0.15
2015.08.27 18:49:30.621,0.14438,0.14468,0.02,0.18
2015.08.27 18:49:31.370,0.14437,0.14467,0.02,0.08
2015.08.27 18:49:33.226,0.14438,0.14468,0.02,0.21
2015.08.27 18:49:33.834,0.14439,0.14469,0.02,0.21
2015.08.27 18:49:35.131,0.14436,0.14466,0.02,0.08
2015.08.27 18:49:36.534,0.14437,0.14467,0.02,0.21
2015.08.27 18:49:38.783,0.14436,0.14466,0.02,0.08
2015.08.27 18:49:39.393,0.14437,0.14467,0.02,0.21
2015.08.27 18:49:44.275,0.14439,0.14469,0.02,0.02
2015.08.27 18:49:51.874,0.14446,0.14476,0.02,0.19
2015.08.27 18:49:52.075,0.14444,0.14474,0.02,0.16
2015.08.27 18:49:54.954,0.14445,0.14475,0.02,0.16
2015.08.27 18:50:00.204,0.14443,0.14473,0.02,0.09
2015.08.27 18:50:05.539,0.1445,0.1448,0.02,0.20
2015.08.27 18:50:06.247,0.14444,0.14474,0.02,0.19
2015.08.27 18:50:21.329,0.14448,0.14478,0.02,0.16
2015.08.27 18:50:22.129,0.14447,0.14477,0.02,0.02
2015.08.27 18:50:30.057,0.14449,0.14479,0.02,0.22
2015.08.27 18:50:31.140,0.14456,0.14486,0.02,0.28
2015.08.27 18:50:31.728,0.1445,0.1448,0.02,0.18
2015.08.27 18:50:35.971,0.14449,0.14479,0.02,0.02
2015.08.27 18:50:36.714,0.1445,0.1448,0.02,0.17
2015.08.27 18:50:36.815,0.14448,0.14478,0.02,0.24
2015.08.27 18:50:38.383,0.14447,0.14477,0.02,0.21
2015.08.27 18:50:39.046,0.14448,0.14478,0.02,0.02
2015.08.27 18:50:43.015,0.14449,0.14479,0.02,0.21
2015.08.27 18:50:44.536,0.14447,0.14477,0.02,0.02
2015.08.27 18:50:44.659,0.14449,0.14479,0.02,0.02
2015.08.27 18:50:55.505,0.1445,0.1448,0.02,0.16
2015.08.27 18:50:57.874,0.14451,0.14481,0.02,0.21
2015.08.27 18:51:01.738,0.14455,0.14485,0.02,0.23
2015.08.27 18:51:01.864,0.14453,0.14483,0.02,0.05
2015.08.27 18:51:06.660,0.14452,0.14482,0.02,0.05
2015.08.27 18:51:06.710,0.14458,0.14488,0.02,0.17
2015.08.27 18:51:14.281,0.14454,0.14484,0.02,0.19
2015.08.27 18:51:14.414,0.14451,0.14481,0.02,0.18
2015.08.27 18:51:16.217,0.14453,0.14483,0.02,0.23
2015.08.27 18:51:16.735,0.14452,0.14482,0.02,0.21
2015.08.27 18:51:17.120,0.1445,0.14482,0.18,0.21
2015.08.27 18:51:17.776,0.14451,0.14483,0.08,0.21
2015.08.27 18:51:25.487,0.14452,0.14485,0.04,0.19
2015.08.27 18:51:31.501,0.14456,0.1449,0.23,0.21
2015.08.27 18:51:31.695,0.14456,0.14488,0.19,0.04
2015.08.27 18:51:32.211,0.14457,0.14489,0.22,0.17
2015.08.27 18:51:34.910,0.14455,0.14489,0.16,0.05
2015.08.27 18:51:35.458,0.14456,0.14489,0.04,0.05
2015.08.27 18:51:38.238,0.14457,0.14489,0.16,0.21
2015.08.27 18:51:43.214,0.14456,0.14488,0.23,0.05
2015.08.27 18:51:46.921,0.14457,0.14489,0.17,0.16
2015.08.27 18:51:55.638,0.14458,0.14492,0.18,0.15
2015.08.27 18:52:00.881,0.14457,0.1449,0.04,0.20
2015.08.27 18:52:08.481,0.14457,0.14488,0.06,0.02
2015.08.27 18:52:08.596,0.14458,0.14491,0.02,0.02
2015.08.27 18:52:09.191,0.14459,0.14491,0.24,0.14
2015.08.27 18:52:09.659,0.14457,0.14492,0.04,0.12
2015.08.27 18:52:10.060,0.14457,0.1449,0.04,0.02
2015.08.27 18:52:10.627,0.14456,0.1449,0.24,0.16
2015.08.27 18:52:10.956,0.14456,0.14488,0.16,0.13
2015.08.27 18:52:11.617,0.14457,0.14489,0.08,0.21
2015.08.27 18:52:12.797,0.14456,0.14488,0.22,0.18
2015.08.27 18:52:14.090,0.14456,0.14487,0.02,0.02
2015.08.27 18:52:16.119,0.14453,0.14487,0.16,0.21
2015.08.27 18:52:17.948,0.14462,0.14492,0.02,0.25
2015.08.27 18:52:19.174,0.14454,0.14484,0.02,0.02
2015.08.27 18:52:21.078,0.14463,0.14493,0.02,0.25
2015.08.27 18:52:29.303,0.14452,0.14484,0.04,0.02
2015.08.27 18:52:40.547,0.14452,0.14483,0.04,0.19
2015.08.27 18:52:40.647,0.14449,0.14481,0.18,0.16
2015.08.27 18:52:41.037,0.14449,0.14483,0.18,0.16
2015.08.27 18:52:41.538,0.14452,0.14484,0.18,0.20
2015.08.27 18:52:41.883,0.14448,0.14482,0.21,0.08
2015.08.27 18:52:42.386,0.14451,0.14483,0.14,0.21
2015.08.27 18:52:43.854,0.14451,0.14485,0.21,0.17
2015.08.27 18:52:46.559,0.14451,0.14483,0.15,0.11
2015.08.27 18:52:47.136,0.1445,0.14482,0.07,0.21
2015.08.27 18:52:48.131,0.1445,0.14484,0.22,0.23
2015.08.27 18:52:48.182,0.14448,0.14478,0.02,0.02
2015.08.27 18:52:48.282,0.14445,0.14479,0.19,0.04
2015.08.27 18:52:48.383,0.14447,0.14479,0.19,0.14
2015.08.27 18:52:49.009,0.14447,0.14478,0.02,0.02
2015.08.27 18:52:50.473,0.14446,0.1448,0.20,0.16
2015.08.27 18:52:55.618,0.14446,0.14479,0.02,0.02
2015.08.27 18:52:55.720,0.1445,0.14482,0.15,0.08
2015.08.27 18:52:56.219,0.14451,0.14485,0.05,0.20
2015.08.27 18:53:10.036,0.14452,0.14484,0.15,0.18
2015.08.27 18:53:10.868,0.14451,0.14484,0.02,0.02
2015.08.27 18:53:14.050,0.14452,0.14484,0.21,0.17
2015.08.27 18:53:15.059,0.14452,0.14483,0.02,0.02
2015.08.27 18:53:20.606,0.14448,0.1448,0.21,0.08
2015.08.27 18:53:20.907,0.14451,0.14483,0.20,0.11
2015.08.27 18:53:21.030,0.14451,0.14485,0.16,0.22
2015.08.27 18:53:25.900,0.14451,0.14483,0.20,0.15
2015.08.27 18:53:27.085,0.14452,0.14484,0.19,0.25
2015.08.27 18:53:27.685,0.1445,0.14484,0.19,0.13
2015.08.27 18:53:31.757,0.14449,0.14481,0.16,0.20
2015.08.27 18:53:32.372,0.1445,0.14482,0.10,0.19
2015.08.27 18:53:34.136,0.14449,0.14481,0.18,0.21
2015.08.27 18:53:34.206,0.14447,0.14481,0.26,0.05
2015.08.27 18:53:38.059,0.14448,0.14482,0.19,0.17
2015.08.27 18:53:41.177,0.14448,0.1448,0.17,0.08
2015.08.27 18:53:41.532,0.14448,0.14482,0.21,0.19
2015.08.27 18:53:43.339,0.14447,0.14481,0.14,0.07
2015.08.27 18:53:56.075,0.14448,0.1448,0.21,0.08
2015.08.27 18:53:56.176,0.1445,0.14482,0.25,0.07
2015.08.27 18:53:57.268,0.14449,0.14483,0.12,0.20
2015.08.27 18:53:57.910,0.1445,0.14482,0.11,0.17
2015.08.27 18:54:08.947,0.14449,0.14483,0.20,0.06
2015.08.27 18:54:09.612,0.1445,0.14482,0.12,0.19
2015.08.27 18:54:14.519,0.14449,0.14481,0.18,0.19
2015.08.27 18:54:15.722,0.14449,0.14483,0.12,0.17
2015.08.27 18:54:19.382,0.14449,0.14482,0.02,0.21
2015.08.27 18:54:20.487,0.14448,0.14482,0.22,0.21
2015.08.27 18:54:29.822,0.14449,0.14482,0.02,0.21
2015.08.27 18:54:30.356,0.14449,0.14481,0.18,0.08
2015.08.27 18:54:30.574,0.14452,0.14484,0.21,0.15
2015.08.27 18:54:33.061,0.14449,0.14483,0.12,0.19
2015.08.27 18:54:33.162,0.14449,0.14481,0.21,0.16
2015.08.27 18:54:39.273,0.1445,0.14482,0.12,0.17
2015.08.27 18:54:40.018,0.14447,0.14478,0.02,0.04
2015.08.27 18:54:40.175,0.14449,0.14481,0.19,0.10
2015.08.27 18:54:41.000,0.14448,0.14482,0.08,0.23
2015.08.27 18:54:47.133,0.14449,0.14481,0.17,0.16
2015.08.27 18:54:47.187,0.14449,0.14479,0.02,0.07
2015.08.27 18:54:48.790,0.14449,0.1448,0.02,0.19
2015.08.27 18:54:53.213,0.14448,0.1448,0.19,0.19
2015.08.27 18:54:56.822,0.1445,0.14482,0.14,0.24
2015.08.27 18:55:03.342,0.14449,0.14481,0.16,0.18
2015.08.27 18:55:09.124,0.14451,0.14481,0.02,0.18
2015.08.27 18:55:09.662,0.14451,0.14482,0.02,0.21
2015.08.27 18:55:10.257,0.14451,0.14481,0.02,0.21
2015.08.27 18:55:12.094,0.14449,0.14481,0.19,0.21
2015.08.27 18:55:23.973,0.14451,0.14481,0.02,0.21
2015.08.27 18:55:24.074,0.14452,0.14484,0.20,0.08
2015.08.27 18:55:24.977,0.14455,0.14487,0.02,0.16
2015.08.27 18:55:27.164,0.14454,0.14486,0.08,0.20
2015.08.27 18:55:29.659,0.14453,0.14487,0.04,0.18
2015.08.27 18:55:29.973,0.14453,0.14485,0.24,0.19
2015.08.27 18:55:30.075,0.14453,0.14487,0.13,0.14
2015.08.27 18:55:31.763,0.14452,0.14486,0.23,0.23
2015.08.27 18:55:32.063,0.14454,0.14486,0.24,0.08
2015.08.27 18:55:34.089,0.14452,0.14486,0.24,0.19
2015.08.27 18:55:35.299,0.14454,0.14488,0.09,0.21
2015.08.27 18:55:35.809,0.14454,0.14486,0.19,0.19
2015.08.27 18:55:39.575,0.14454,0.14488,0.12,0.19
2015.08.27 18:55:39.674,0.14454,0.14486,0.15,0.17
2015.08.27 18:55:44.684,0.14455,0.14487,0.11,0.20
2015.08.27 18:55:47.889,0.14453,0.14487,0.21,0.21
2015.08.27 18:55:48.543,0.14454,0.14488,0.12,0.19
2015.08.27 18:55:50.093,0.14454,0.14486,0.23,0.14
2015.08.27 18:56:06.733,0.14451,0.14485,0.08,0.18
2015.08.27 18:56:07.032,0.14462,0.14492,0.02,0.28
2015.08.27 18:56:11.871,0.14455,0.14485,0.02,0.19
2015.08.27 18:56:17.448,0.14451,0.14481,0.04,0.17
2015.08.27 18:56:19.487,0.14452,0.14482,0.04,0.16
2015.08.27 18:56:20.029,0.14451,0.14481,0.04,0.24
2015.08.27 18:56:20.079,0.14458,0.14488,0.02,0.27
2015.08.27 18:56:21.749,0.14449,0.14479,0.04,0.19
2015.08.27 18:56:22.651,0.1445,0.1448,0.02,0.12
2015.08.27 18:56:23.152,0.14457,0.14487,0.02,0.21
2015.08.27 18:56:28.565,0.14449,0.14479,0.04,0.18
2015.08.27 18:56:28.662,0.14451,0.14481,0.02,0.11
2015.08.27 18:56:32.302,0.1445,0.1448,0.02,0.23
2015.08.27 18:56:32.469,0.14447,0.14477,0.04,0.16
2015.08.27 18:56:32.569,0.14449,0.14479,0.04,0.06
2015.08.27 18:56:34.874,0.14451,0.14481,0.04,0.06
2015.08.27 18:56:34.977,0.14449,0.14479,0.04,0.12
2015.08.27 18:56:35.609,0.14457,0.14487,0.02,0.26
2015.08.27 18:56:40.095,0.14457,0.14487,0.02,0.23
2015.08.27 18:56:42.839,0.14452,0.14482,0.04,0.18
2015.08.27 18:56:43.373,0.14458,0.14488,0.02,0.25
2015.08.27 18:56:52.052,0.14451,0.14481,0.02,0.05
2015.08.27 18:56:53.298,0.14457,0.14487,0.02,0.17
2015.08.27 18:56:54.421,0.14447,0.14477,0.04,0.19
2015.08.27 18:56:54.655,0.1445,0.1448,0.04,0.19
2015.08.27 18:57:00.439,0.14451,0.14481,0.04,0.19
2015.08.27 18:57:05.553,0.14449,0.14479,0.04,0.17
2015.08.27 18:57:05.653,0.14451,0.14481,0.04,0.22
2015.08.27 18:57:10.998,0.14449,0.14479,0.04,0.16
2015.08.27 18:57:14.538,0.14448,0.14478,0.02,0.11
2015.08.27 18:57:14.776,0.1445,0.1448,0.02,0.21
2015.08.27 18:57:14.976,0.14445,0.14475,0.02,0.02
2015.08.27 18:57:15.084,0.14449,0.14479,0.02,0.22
2015.08.27 18:57:17.229,0.1445,0.1448,0.02,0.18
2015.08.27 18:57:17.837,0.14453,0.14483,0.02,0.25
2015.08.27 18:57:18.183,0.14448,0.14478,0.04,0.18
2015.08.27 18:57:20.579,0.14452,0.14482,0.02,0.19
2015.08.27 18:57:26.300,0.1445,0.1448,0.02,0.14
2015.08.27 18:58:00.299,0.14449,0.14479,0.02,0.21
2015.08.27 18:58:00.471,0.14445,0.14475,0.04,0.23
2015.08.27 18:58:01.904,0.14449,0.14479,0.02,0.24
2015.08.27 18:58:01.975,0.14447,0.14477,0.04,0.09
2015.08.27 18:58:02.075,0.14449,0.14479,0.02,0.19
2015.08.27 18:58:02.176,0.14457,0.14487,0.02,0.25
2015.08.27 18:58:02.809,0.14448,0.14478,0.04,0.25
2015.08.27 18:58:04.571,0.14453,0.14483,0.02,0.27
2015.08.27 18:58:05.087,0.14449,0.14479,0.02,0.19
2015.08.27 18:58:08.222,0.1445,0.1448,0.02,0.19
2015.08.27 18:58:09.692,0.14448,0.14478,0.02,0.19
2015.08.27 18:58:10.196,0.14449,0.14479,0.02,0.17
2015.08.27 18:58:10.857,0.14448,0.14478,0.02,0.23
2015.08.27 18:58:11.924,0.1445,0.1448,0.02,0.16
2015.08.27 18:58:18.663,0.14449,0.14479,0.02,0.01
2015.08.27 18:58:21.576,0.14448,0.14478,0.02,0.01
2015.08.27 18:58:27.408,0.14449,0.14479,0.02,0.01
2015.08.27 18:58:29.215,0.14448,0.14478,0.02,0.01
2015.08.27 18:58:33.039,0.14445,0.14475,0.04,0.14
2015.08.27 18:58:33.641,0.14448,0.14478,0.04,0.01
2015.08.27 18:58:33.779,0.14446,0.14476,0.04,0.09
2015.08.27 18:58:33.841,0.14448,0.14478,0.04,0.01
2015.08.27 18:58:34.050,0.14447,0.14478,0.14,0.01
2015.08.27 18:58:34.458,0.14445,0.14479,0.18,0.19
2015.08.27 18:58:35.810,0.14452,0.14482,0.02,0.19
2015.08.27 18:58:36.368,0.14448,0.14478,0.02,0.01
2015.08.27 18:58:38.159,0.14452,0.14482,0.02,0.19
2015.08.27 18:58:40.070,0.14448,0.14478,0.02,0.01
2015.08.27 18:58:41.485,0.14449,0.14479,0.02,0.01
2015.08.27 18:58:42.865,0.14448,0.14478,0.02,0.16
2015.08.27 18:58:44.390,0.14453,0.14483,0.02,0.29
2015.08.27 18:58:44.939,0.14449,0.14479,0.02,0.01
2015.08.27 18:58:49.877,0.14448,0.14478,0.02,0.18
2015.08.27 18:58:50.780,0.14449,0.14479,0.02,0.01
2015.08.27 18:58:53.838,0.14448,0.14478,0.02,0.01
2015.08.27 18:58:56.156,0.14449,0.14479,0.02,0.27
2015.08.27 18:58:58.045,0.14448,0.14478,0.02,0.01
2015.08.27 18:59:00.149,0.14457,0.14487,0.02,0.33
2015.08.27 18:59:00.949,0.14447,0.14477,0.04,0.21
2015.08.27 18:59:04.546,0.14449,0.14479,0.04,0.20
2015.08.27 18:59:04.760,0.14453,0.14483,0.02,0.21
2015.08.27 18:59:04.811,0.14448,0.14478,0.04,0.21
2015.08.27 18:59:07.817,0.1445,0.1448,0.02,0.19
2015.08.27 18:59:07.951,0.14443,0.14473,0.04,0.22
2015.08.27 18:59:08.068,0.14448,0.14478,0.04,0.21
2015.08.27 18:59:08.408,0.1445,0.1448,0.02,0.27
2015.08.27 18:59:09.721,0.14444,0.14474,0.04,0.02
2015.08.27 18:59:09.825,0.14448,0.14478,0.04,0.08
2015.08.27 18:59:25.568,0.1445,0.1448,0.02,0.24
2015.08.27 18:59:25.781,0.14448,0.14478,0.04,0.18
2015.08.27 18:59:31.962,0.14449,0.14479,0.02,0.03
2015.08.27 18:59:34.301,0.14448,0.14478,0.04,0.19
2015.08.27 18:59:37.909,0.14443,0.14473,0.04,0.18
2015.08.27 18:59:38.010,0.14448,0.14478,0.04,0.17
2015.08.27 18:59:42.485,0.14449,0.14479,0.02,0.25
2015.08.27 18:59:42.694,0.14444,0.14474,0.04,0.11
2015.08.27 18:59:42.786,0.14448,0.14478,0.04,0.09
2015.08.27 18:59:43.888,0.14444,0.14474,0.04,0.25
2015.08.27 18:59:48.418,0.14442,0.14472,0.04,0.21
2015.08.27 18:59:49.030,0.14447,0.14477,0.04,0.03
2015.08.27 18:59:54.150,0.14444,0.14474,0.04,0.19
2015.08.27 18:59:54.693,0.14443,0.14473,0.04,0.18
2015.08.27 18:59:54.916,0.14445,0.14475,0.04,0.19
2015.08.27 18:59:55.046,0.14443,0.14473,0.04,0.18
2015.08.27 18:59:57.053,0.14441,0.14471,0.04,0.20
2015.08.27 18:59:58.729,0.14443,0.14473,0.04,0.18
2015.08.27 18:59:59.293,0.14442,0.14472,0.04,0.20
