2015.07.29 16:00:00.130,0.14851,0.14881,0.02,0.17
2015.07.29 16:00:00.231,0.1485,0.1488,0.04,0.02
2015.07.29 16:00:00.281,0.1485,0.1488,0.08,0.02
2015.07.29 16:00:01.552,0.14851,0.14881,0.02,0.16
2015.07.29 16:00:01.603,0.14851,0.14881,0.02,0.08
2015.07.29 16:00:02.331,0.14855,0.14885,0.02,0.20
2015.07.29 16:00:05.608,0.14853,0.14883,0.04,0.25
2015.07.29 16:00:05.954,0.14851,0.14881,0.02,0.17
2015.07.29 16:00:18.696,0.14846,0.14876,0.17,0.26
2015.07.29 16:00:19.367,0.14851,0.14881,0.02,0.22
2015.07.29 16:00:22.680,0.14854,0.14884,0.02,0.18
2015.07.29 16:00:23.741,0.14851,0.14881,0.25,0.24
2015.07.29 16:00:24.549,0.14854,0.14884,0.02,0.20
2015.07.29 16:00:24.650,0.14853,0.14883,0.04,0.22
2015.07.29 16:00:26.011,0.14852,0.14882,0.04,0.18
2015.07.29 16:00:30.349,0.14851,0.14881,0.21,0.22
2015.07.29 16:00:33.214,0.14854,0.14884,0.02,0.22
2015.07.29 16:00:34.221,0.14852,0.14882,0.02,0.24
2015.07.29 16:00:34.653,0.14851,0.14881,0.02,0.20
2015.07.29 16:00:35.204,0.14846,0.14876,0.06,0.02
2015.07.29 16:00:36.016,0.14846,0.14876,0.10,0.22
2015.07.29 16:00:36.259,0.14846,0.14876,0.10,0.22
2015.07.29 16:00:36.953,0.1485,0.1488,0.02,0.23
2015.07.29 16:00:49.278,0.14846,0.14876,0.21,0.02
2015.07.29 16:00:55.248,0.14845,0.14875,0.02,0.24
2015.07.29 16:01:03.156,0.14843,0.14873,0.02,0.23
2015.07.29 16:01:03.257,0.1484,0.1487,0.02,0.22
2015.07.29 16:01:04.829,0.14841,0.14871,0.02,0.21
2015.07.29 16:01:05.176,0.14842,0.14872,0.04,0.02
2015.07.29 16:01:17.552,0.1484,0.1487,0.04,0.15
2015.07.29 16:01:24.704,0.14838,0.14868,0.02,0.21
2015.07.29 16:01:25.156,0.14838,0.14868,0.02,0.21
2015.07.29 16:01:25.465,0.14838,0.14868,0.05,0.17
2015.07.29 16:01:26.033,0.1484,0.1487,0.02,0.19
2015.07.29 16:01:26.285,0.14841,0.14871,0.26,0.02
2015.07.29 16:01:26.957,0.14842,0.14872,0.02,0.19
2015.07.29 16:01:30.911,0.14842,0.14872,0.14,0.02
2015.07.29 16:01:34.726,0.14847,0.14877,0.02,0.24
2015.07.29 16:01:35.288,0.14884,0.14915,0.01,0.19
2015.07.29 16:01:35.389,0.14883,0.14913,0.22,0.17
2015.07.29 16:01:35.512,0.14887,0.14918,0.19,0.16
2015.07.29 16:01:35.815,0.14898,0.14928,0.02,0.17
2015.07.29 16:01:36.113,0.14896,0.14928,0.18,0.17
2015.07.29 16:01:36.220,0.14898,0.14929,0.18,0.14
2015.07.29 16:01:36.470,0.14896,0.14931,0.24,0.16
2015.07.29 16:01:36.621,0.14894,0.1493,0.06,0.25
2015.07.29 16:01:36.824,0.14899,0.14929,0.01,0.17
2015.07.29 16:01:37.134,0.14902,0.14932,0.01,0.15
2015.07.29 16:01:37.431,0.14894,0.14924,0.22,0.15
2015.07.29 16:01:37.532,0.14894,0.14925,0.16,0.20
2015.07.29 16:01:37.689,0.14894,0.14924,0.15,0.18
2015.07.29 16:01:37.834,0.14894,0.14925,0.17,0.17
2015.07.29 16:01:38.065,0.14895,0.14925,0.01,0.14
2015.07.29 16:01:38.846,0.14888,0.14919,0.20,0.11
2015.07.29 16:01:38.896,0.14888,0.14918,0.01,0.13
2015.07.29 16:01:39.424,0.14882,0.14912,0.08,0.02
2015.07.29 16:01:39.475,0.14882,0.14912,0.03,0.02
2015.07.29 16:01:39.526,0.14882,0.14912,0.14,0.24
2015.07.29 16:01:40.395,0.14881,0.14911,0.19,0.21
2015.07.29 16:01:40.686,0.14883,0.14913,0.01,0.21
2015.07.29 16:01:40.943,0.14886,0.14916,0.01,0.15
2015.07.29 16:01:41.118,0.14883,0.14913,0.01,0.23
2015.07.29 16:01:41.243,0.1488,0.14911,0.22,0.16
2015.07.29 16:01:41.344,0.14882,0.14912,0.02,0.21
2015.07.29 16:01:42.346,0.14881,0.14911,0.16,0.19
2015.07.29 16:01:42.651,0.14876,0.14906,0.01,0.14
2015.07.29 16:01:43.146,0.14877,0.14907,0.01,0.21
2015.07.29 16:01:43.647,0.14875,0.14906,0.25,0.14
2015.07.29 16:01:43.698,0.14872,0.14902,0.01,0.20
2015.07.29 16:01:44.044,0.14868,0.14898,0.02,0.20
2015.07.29 16:01:44.203,0.1487,0.14902,0.01,0.19
2015.07.29 16:01:44.760,0.14869,0.14902,0.01,0.19
2015.07.29 16:01:45.334,0.14869,0.149,0.08,0.20
2015.07.29 16:01:46.122,0.1487,0.149,0.21,0.20
2015.07.29 16:01:46.224,0.14869,0.14903,0.01,0.21
2015.07.29 16:01:46.727,0.1487,0.149,0.25,0.17
2015.07.29 16:01:46.828,0.14867,0.14898,0.22,0.23
2015.07.29 16:01:47.317,0.14868,0.14902,0.05,0.18
2015.07.29 16:01:47.555,0.1487,0.149,0.02,0.02
2015.07.29 16:01:47.888,0.14868,0.14898,0.17,0.18
2015.07.29 16:01:50.361,0.14869,0.14901,0.01,0.02
2015.07.29 16:01:50.967,0.1487,0.14901,0.19,0.09
2015.07.29 16:01:51.018,0.14873,0.14903,0.20,0.18
2015.07.29 16:01:51.262,0.14875,0.14905,0.01,0.19
2015.07.29 16:01:51.414,0.14877,0.14908,0.23,0.16
2015.07.29 16:01:51.981,0.14875,0.14905,0.01,0.12
2015.07.29 16:01:52.133,0.14876,0.14907,0.16,0.20
2015.07.29 16:01:52.233,0.14875,0.14905,0.18,0.24
2015.07.29 16:01:53.421,0.14874,0.14905,0.03,0.15
2015.07.29 16:01:54.025,0.14875,0.14906,0.06,0.21
2015.07.29 16:01:55.152,0.14875,0.1491,0.01,0.19
2015.07.29 16:01:56.544,0.14876,0.14907,0.20,0.18
2015.07.29 16:01:57.042,0.14874,0.14905,0.17,0.21
2015.07.29 16:01:57.366,0.1488,0.1491,0.08,0.17
2015.07.29 16:01:58.527,0.14879,0.14909,0.20,0.23
2015.07.29 16:01:58.633,0.14875,0.14906,0.21,0.20
2015.07.29 16:01:58.734,0.14878,0.14909,0.06,0.16
2015.07.29 16:02:00.441,0.1488,0.1491,0.20,0.20
2015.07.29 16:02:00.542,0.14882,0.14913,0.22,0.08
2015.07.29 16:02:01.548,0.14879,0.14913,0.03,0.21
2015.07.29 16:02:01.757,0.14884,0.14914,0.08,0.22
2015.07.29 16:02:02.303,0.14883,0.14914,0.02,0.15
2015.07.29 16:02:05.858,0.14886,0.14917,0.22,0.08
2015.07.29 16:02:07.061,0.14887,0.14917,0.01,0.08
2015.07.29 16:02:07.330,0.1489,0.1492,0.01,0.19
2015.07.29 16:02:07.381,0.14893,0.14923,0.02,0.17
2015.07.29 16:02:07.890,0.14897,0.14927,0.22,0.16
2015.07.29 16:02:07.991,0.14895,0.14926,0.23,0.18
2015.07.29 16:02:08.518,0.14901,0.14932,0.12,0.15
2015.07.29 16:02:08.892,0.14904,0.14934,0.08,0.21
2015.07.29 16:02:09.418,0.14905,0.14935,0.01,0.17
2015.07.29 16:02:10.756,0.14905,0.14935,0.01,0.22
2015.07.29 16:02:11.082,0.14903,0.14933,0.01,0.18
2015.07.29 16:02:11.866,0.14902,0.14932,0.09,0.16
2015.07.29 16:02:12.759,0.14902,0.14932,0.01,0.11
2015.07.29 16:02:14.023,0.14902,0.14933,0.03,0.24
2015.07.29 16:02:15.562,0.14903,0.14933,0.01,0.24
2015.07.29 16:02:16.538,0.14902,0.14933,0.03,0.24
2015.07.29 16:02:17.118,0.14903,0.14933,0.01,0.24
2015.07.29 16:02:17.455,0.14902,0.14932,0.19,0.19
2015.07.29 16:02:18.510,0.14902,0.14932,0.20,0.19
2015.07.29 16:02:19.907,0.14902,0.14932,0.01,0.22
2015.07.29 16:02:20.667,0.14901,0.14932,0.03,0.22
2015.07.29 16:02:21.474,0.14903,0.14933,0.04,0.23
2015.07.29 16:02:21.877,0.14897,0.14927,0.05,0.09
2015.07.29 16:02:21.927,0.14898,0.14928,0.01,0.19
2015.07.29 16:02:23.011,0.14898,0.14928,0.01,0.16
2015.07.29 16:02:23.112,0.14897,0.14927,0.19,0.15
2015.07.29 16:02:25.124,0.14897,0.14928,0.09,0.19
2015.07.29 16:02:30.889,0.14897,0.14927,0.18,0.15
2015.07.29 16:02:31.537,0.14897,0.14928,0.15,0.19
2015.07.29 16:02:35.203,0.14899,0.14929,0.02,0.19
2015.07.29 16:02:35.711,0.14898,0.14928,0.12,0.20
2015.07.29 16:02:38.332,0.14897,0.14928,0.16,0.19
2015.07.29 16:02:38.845,0.14897,0.14933,0.16,0.21
2015.07.29 16:02:39.196,0.14897,0.14931,0.14,0.01
2015.07.29 16:02:39.297,0.14897,0.14933,0.12,0.23
2015.07.29 16:02:39.572,0.14895,0.14925,0.22,0.20
2015.07.29 16:02:40.102,0.14896,0.14926,0.06,0.25
2015.07.29 16:02:40.153,0.14894,0.14928,0.01,0.16
2015.07.29 16:02:40.829,0.14893,0.14928,0.01,0.16
2015.07.29 16:02:41.058,0.14895,0.14926,0.25,0.21
2015.07.29 16:02:41.432,0.14894,0.14924,0.24,0.21
2015.07.29 16:02:48.461,0.14893,0.14923,0.02,0.19
2015.07.29 16:02:51.097,0.14889,0.14919,0.21,0.23
2015.07.29 16:02:52.629,0.14888,0.14918,0.02,0.07
2015.07.29 16:02:54.275,0.14888,0.14919,0.23,0.28
2015.07.29 16:02:55.201,0.14887,0.14918,0.26,0.06
2015.07.29 16:02:58.758,0.14889,0.14919,0.04,0.21
2015.07.29 16:03:00.761,0.1489,0.1492,0.02,0.21
2015.07.29 16:03:04.273,0.14889,0.14919,0.02,0.19
2015.07.29 16:03:04.921,0.14887,0.14919,0.02,0.19
2015.07.29 16:03:07.541,0.14886,0.14916,0.02,0.17
2015.07.29 16:03:07.693,0.14881,0.14914,0.02,0.02
2015.07.29 16:03:08.180,0.14884,0.14915,0.07,0.20
2015.07.29 16:03:08.691,0.14885,0.14915,0.02,0.20
2015.07.29 16:03:09.873,0.14883,0.14914,0.20,0.25
2015.07.29 16:03:10.287,0.14885,0.14915,0.07,0.21
2015.07.29 16:03:16.771,0.14884,0.14914,0.02,0.02
2015.07.29 16:03:17.775,0.14884,0.14915,0.18,0.18
2015.07.29 16:03:21.053,0.14883,0.14914,0.02,0.09
2015.07.29 16:03:25.987,0.14885,0.14915,0.19,0.18
2015.07.29 16:03:29.795,0.1489,0.1492,0.02,0.24
2015.07.29 16:03:38.508,0.14888,0.14919,0.23,0.11
2015.07.29 16:03:39.830,0.14889,0.1492,0.22,0.15
2015.07.29 16:03:39.881,0.14892,0.14922,0.01,0.15
2015.07.29 16:03:40.183,0.14895,0.14925,0.02,0.24
2015.07.29 16:03:41.728,0.14893,0.14924,0.14,0.22
2015.07.29 16:03:46.213,0.14894,0.14925,0.08,0.20
2015.07.29 16:03:46.295,0.1489,0.14924,0.01,0.08
2015.07.29 16:03:46.744,0.14891,0.14922,0.22,0.19
2015.07.29 16:03:47.319,0.1489,0.1492,0.25,0.17
2015.07.29 16:03:48.300,0.14891,0.14921,0.13,0.19
2015.07.29 16:03:48.400,0.14889,0.1492,0.27,0.23
2015.07.29 16:03:49.502,0.14889,0.14919,0.02,0.08
2015.07.29 16:03:50.479,0.14888,0.14919,0.21,0.08
2015.07.29 16:03:50.707,0.14886,0.14916,0.21,0.17
2015.07.29 16:03:51.411,0.14886,0.14916,0.21,0.18
2015.07.29 16:03:51.921,0.14886,0.14916,0.17,0.20
2015.07.29 16:03:58.523,0.14885,0.14916,0.06,0.17
2015.07.29 16:03:59.124,0.14885,0.14919,0.22,0.23
2015.07.29 16:03:59.780,0.14888,0.14919,0.02,0.23
2015.07.29 16:04:02.206,0.14888,0.14918,0.04,0.02
2015.07.29 16:04:02.258,0.14889,0.1492,0.12,0.16
2015.07.29 16:04:03.571,0.14885,0.14915,0.14,0.21
2015.07.29 16:04:03.672,0.1489,0.1492,0.02,0.22
2015.07.29 16:04:03.936,0.14888,0.14919,0.18,0.19
2015.07.29 16:04:04.037,0.14884,0.14914,0.20,0.15
2015.07.29 16:04:06.939,0.14885,0.14916,0.13,0.21
2015.07.29 16:04:10.126,0.14884,0.14914,0.21,0.22
2015.07.29 16:04:11.545,0.14885,0.14915,0.04,0.02
2015.07.29 16:04:12.485,0.14881,0.14911,0.02,0.19
2015.07.29 16:04:13.286,0.14882,0.14912,0.02,0.18
2015.07.29 16:04:13.895,0.14881,0.14911,0.16,0.22
2015.07.29 16:04:19.263,0.14881,0.14911,0.02,0.22
2015.07.29 16:04:29.900,0.14877,0.14907,0.14,0.19
2015.07.29 16:04:29.950,0.1488,0.1491,0.02,0.19
2015.07.29 16:04:30.083,0.14881,0.14911,0.17,0.20
2015.07.29 16:04:30.593,0.1488,0.14911,0.16,0.24
2015.07.29 16:04:30.809,0.14877,0.14907,0.02,0.10
2015.07.29 16:04:30.910,0.14879,0.14909,0.02,0.22
2015.07.29 16:04:30.985,0.14876,0.14906,0.19,0.16
2015.07.29 16:04:31.186,0.14877,0.14907,0.02,0.11
2015.07.29 16:04:33.897,0.1488,0.1491,0.02,0.19
2015.07.29 16:04:37.885,0.14881,0.14911,0.02,0.18
2015.07.29 16:04:38.544,0.14879,0.14909,0.18,0.19
2015.07.29 16:04:38.939,0.14882,0.14912,0.02,0.19
2015.07.29 16:04:44.113,0.1488,0.1491,0.02,0.02
2015.07.29 16:04:44.418,0.14879,0.1491,0.02,0.02
2015.07.29 16:04:46.368,0.14877,0.14907,0.01,0.15
2015.07.29 16:04:46.418,0.14881,0.14911,0.06,0.13
2015.07.29 16:04:50.759,0.14879,0.14909,0.02,0.02
2015.07.29 16:04:52.469,0.1488,0.1491,0.02,0.15
2015.07.29 16:04:53.967,0.14875,0.14905,0.21,0.20
2015.07.29 16:04:54.578,0.14876,0.14906,0.21,0.17
2015.07.29 16:04:55.564,0.14874,0.14906,0.02,0.15
2015.07.29 16:05:00.968,0.14878,0.14908,0.02,0.20
2015.07.29 16:05:01.746,0.14876,0.14906,0.09,0.20
2015.07.29 16:05:02.588,0.14876,0.14906,0.02,0.18
2015.07.29 16:05:05.283,0.14874,0.14906,0.02,0.18
2015.07.29 16:05:05.685,0.14872,0.14902,0.02,0.22
2015.07.29 16:05:05.786,0.14872,0.14902,0.02,0.05
2015.07.29 16:05:05.853,0.14874,0.14906,0.02,0.02
2015.07.29 16:05:06.796,0.14871,0.14901,0.19,0.21
2015.07.29 16:05:06.957,0.14872,0.14902,0.02,0.19
2015.07.29 16:05:08.197,0.14871,0.14901,0.22,0.23
2015.07.29 16:05:09.101,0.14871,0.14901,0.24,0.23
2015.07.29 16:05:16.184,0.14871,0.14902,0.20,0.18
2015.07.29 16:05:16.955,0.1487,0.149,0.04,0.04
2015.07.29 16:05:18.490,0.14872,0.14902,0.05,0.18
2015.07.29 16:05:19.831,0.14871,0.14901,0.02,0.21
2015.07.29 16:05:23.879,0.14873,0.14903,0.02,0.21
2015.07.29 16:05:25.515,0.14872,0.14902,0.02,0.15
2015.07.29 16:05:26.041,0.14871,0.14901,0.02,0.17
2015.07.29 16:05:27.907,0.14872,0.14902,0.02,0.19
2015.07.29 16:05:28.561,0.14871,0.14901,0.20,0.19
2015.07.29 16:05:29.262,0.14871,0.14901,0.02,0.19
2015.07.29 16:05:30.238,0.14871,0.14901,0.04,0.24
2015.07.29 16:05:32.264,0.14874,0.14904,0.02,0.24
2015.07.29 16:05:35.869,0.1487,0.14901,0.24,0.14
2015.07.29 16:05:36.188,0.14866,0.14896,0.19,0.21
2015.07.29 16:05:36.342,0.14867,0.14897,0.02,0.21
2015.07.29 16:05:36.843,0.14866,0.14896,0.02,0.08
2015.07.29 16:05:37.906,0.1487,0.14901,0.22,0.19
2015.07.29 16:05:38.517,0.1487,0.149,0.02,0.06
2015.07.29 16:05:38.577,0.14874,0.14904,0.02,0.21
2015.07.29 16:05:40.198,0.14866,0.14896,0.04,0.04
2015.07.29 16:05:40.582,0.1487,0.149,0.02,0.19
2015.07.29 16:05:45.890,0.14866,0.14897,0.02,0.16
2015.07.29 16:05:46.473,0.14862,0.14892,0.04,0.21
2015.07.29 16:05:46.523,0.14863,0.14893,0.02,0.21
2015.07.29 16:05:47.038,0.14862,0.14892,0.02,0.20
2015.07.29 16:05:58.750,0.14865,0.14895,0.02,0.01
2015.07.29 16:05:59.296,0.14862,0.14892,0.02,0.20
2015.07.29 16:05:59.603,0.1486,0.1489,0.04,0.20
2015.07.29 16:06:00.291,0.14862,0.14892,0.02,0.12
2015.07.29 16:06:00.345,0.14859,0.14889,0.24,0.14
2015.07.29 16:06:00.395,0.1486,0.1489,0.20,0.14
2015.07.29 16:06:00.446,0.14857,0.14887,0.22,0.23
2015.07.29 16:06:00.707,0.14858,0.14888,0.02,0.19
2015.07.29 16:06:01.810,0.14857,0.14887,0.04,0.02
2015.07.29 16:06:03.509,0.14855,0.14885,0.27,0.15
2015.07.29 16:06:03.559,0.14857,0.14887,0.02,0.19
2015.07.29 16:06:03.766,0.14857,0.14887,0.02,0.02
2015.07.29 16:06:04.335,0.14858,0.14888,0.21,0.21
2015.07.29 16:06:04.760,0.14853,0.14883,0.19,0.18
2015.07.29 16:06:05.297,0.14853,0.14883,0.02,0.02
2015.07.29 16:06:05.821,0.14852,0.14883,0.18,0.19
2015.07.29 16:06:16.360,0.14851,0.14882,0.18,0.07
2015.07.29 16:06:17.645,0.1485,0.14882,0.02,0.06
2015.07.29 16:06:19.356,0.14848,0.14878,0.02,0.10
2015.07.29 16:06:19.560,0.14851,0.14881,0.18,0.14
2015.07.29 16:06:19.661,0.14853,0.14883,0.26,0.21
2015.07.29 16:06:20.193,0.14852,0.14883,0.17,0.11
2015.07.29 16:06:20.702,0.14852,0.14882,0.02,0.02
2015.07.29 16:06:23.348,0.14851,0.14882,0.02,0.18
2015.07.29 16:06:23.648,0.14851,0.14884,0.02,0.24
2015.07.29 16:06:24.158,0.1485,0.1488,0.17,0.04
2015.07.29 16:06:24.259,0.14852,0.14883,0.18,0.22
2015.07.29 16:06:25.868,0.1485,0.14881,0.02,0.24
2015.07.29 16:06:26.203,0.14853,0.14883,0.19,0.19
2015.07.29 16:06:31.180,0.14852,0.14882,0.18,0.19
2015.07.29 16:06:35.072,0.14851,0.14882,0.17,0.07
2015.07.29 16:06:42.616,0.14857,0.14887,0.02,0.17
2015.07.29 16:06:52.906,0.14856,0.14886,0.02,0.13
2015.07.29 16:06:55.011,0.14857,0.14887,0.02,0.19
2015.07.29 16:06:55.666,0.14856,0.14886,0.02,0.08
2015.07.29 16:07:14.921,0.1486,0.1489,0.02,0.25
2015.07.29 16:07:16.721,0.14855,0.14885,0.02,0.21
2015.07.29 16:07:16.973,0.14853,0.14883,0.02,0.16
2015.07.29 16:07:19.423,0.14849,0.14879,0.02,0.19
2015.07.29 16:07:20.036,0.14849,0.14879,0.18,0.18
2015.07.29 16:07:20.915,0.14852,0.14882,0.02,0.18
2015.07.29 16:07:23.349,0.1485,0.1488,0.02,0.17
2015.07.29 16:07:26.894,0.1485,0.1488,0.02,0.17
2015.07.29 16:07:26.944,0.14849,0.14879,0.22,0.20
2015.07.29 16:07:27.719,0.14847,0.14877,0.15,0.24
2015.07.29 16:07:32.066,0.14847,0.14877,0.21,0.20
2015.07.29 16:07:32.139,0.14842,0.14872,0.02,0.08
2015.07.29 16:07:32.646,0.14843,0.14873,0.02,0.23
2015.07.29 16:07:35.233,0.14843,0.14873,0.02,0.23
2015.07.29 16:07:36.558,0.14842,0.14873,0.16,0.14
2015.07.29 16:07:37.164,0.14843,0.14874,0.10,0.16
2015.07.29 16:07:37.458,0.14842,0.14876,0.17,0.11
2015.07.29 16:07:38.175,0.14846,0.14877,0.17,0.14
2015.07.29 16:07:38.909,0.14847,0.14877,0.19,0.22
2015.07.29 16:07:43.076,0.14845,0.14876,0.20,0.20
2015.07.29 16:07:43.179,0.14842,0.14873,0.15,0.21
2015.07.29 16:07:46.321,0.14846,0.14877,0.02,0.16
2015.07.29 16:07:46.877,0.14847,0.14878,0.11,0.17
2015.07.29 16:07:48.515,0.1485,0.1488,0.02,0.21
2015.07.29 16:07:56.110,0.14848,0.14878,0.02,0.24
2015.07.29 16:08:04.887,0.14842,0.14872,0.16,0.19
2015.07.29 16:08:04.937,0.14845,0.14875,0.02,0.22
2015.07.29 16:08:05.554,0.14843,0.14873,0.04,0.19
2015.07.29 16:08:08.274,0.14841,0.14871,0.27,0.08
2015.07.29 16:08:11.063,0.14845,0.14875,0.02,0.24
2015.07.29 16:08:11.725,0.14844,0.14874,0.02,0.23
2015.07.29 16:08:24.153,0.14846,0.14876,0.02,0.22
2015.07.29 16:08:24.483,0.14848,0.14878,0.02,0.20
2015.07.29 16:08:25.608,0.14841,0.14871,0.23,0.02
2015.07.29 16:08:26.219,0.14846,0.14876,0.02,0.23
2015.07.29 16:08:26.549,0.14845,0.14875,0.02,0.02
2015.07.29 16:08:32.111,0.14851,0.14881,0.02,0.22
2015.07.29 16:08:32.586,0.1485,0.1488,0.04,0.04
2015.07.29 16:08:43.329,0.14852,0.14882,0.02,0.19
2015.07.29 16:08:43.845,0.14852,0.14882,0.02,0.20
2015.07.29 16:08:44.640,0.1485,0.1488,0.02,0.01
2015.07.29 16:08:45.167,0.14846,0.14876,0.18,0.20
2015.07.29 16:08:45.497,0.14852,0.14882,0.02,0.24
2015.07.29 16:08:45.864,0.14848,0.14878,0.25,0.08
2015.07.29 16:08:46.380,0.14846,0.14876,0.04,0.08
2015.07.29 16:08:47.004,0.1485,0.1488,0.02,0.24
2015.07.29 16:08:47.983,0.14849,0.14879,0.02,0.23
2015.07.29 16:08:48.643,0.14846,0.14876,0.22,0.20
2015.07.29 16:08:49.440,0.14851,0.14881,0.02,0.23
2015.07.29 16:08:49.839,0.14853,0.14883,0.02,0.26
2015.07.29 16:08:55.833,0.1485,0.1488,0.25,0.02
2015.07.29 16:08:56.200,0.14853,0.14883,0.02,0.18
2015.07.29 16:09:01.931,0.1485,0.1488,0.08,0.02
2015.07.29 16:09:02.258,0.14854,0.14884,0.02,0.16
2015.07.29 16:09:02.309,0.14849,0.14879,0.04,0.17
2015.07.29 16:09:02.818,0.14851,0.14881,0.16,0.19
2015.07.29 16:09:04.887,0.14852,0.14882,0.04,0.19
2015.07.29 16:09:11.484,0.14848,0.14878,0.18,0.18
2015.07.29 16:09:16.853,0.14851,0.14881,0.02,0.23
2015.07.29 16:09:18.596,0.14847,0.14877,0.02,0.24
2015.07.29 16:09:19.222,0.14851,0.14881,0.02,0.23
2015.07.29 16:09:20.413,0.14847,0.14877,0.04,0.11
2015.07.29 16:09:20.515,0.14845,0.14875,0.02,0.18
2015.07.29 16:09:55.616,0.14842,0.14872,0.18,0.24
2015.07.29 16:09:58.807,0.14841,0.14871,0.02,0.25
2015.07.29 16:10:00.590,0.14845,0.14875,0.02,0.22
2015.07.29 16:10:01.666,0.14844,0.14874,0.02,0.22
2015.07.29 16:10:01.817,0.14841,0.14871,0.04,0.13
2015.07.29 16:10:02.326,0.14844,0.14874,0.02,0.18
2015.07.29 16:10:05.894,0.14837,0.14867,0.06,0.02
2015.07.29 16:10:06.448,0.14838,0.14868,0.04,0.19
2015.07.29 16:10:06.939,0.14845,0.14875,0.02,0.19
2015.07.29 16:10:11.009,0.14845,0.14875,0.02,0.24
2015.07.29 16:10:13.688,0.14842,0.14872,0.02,0.23
2015.07.29 16:10:20.864,0.1484,0.1487,0.18,0.24
2015.07.29 16:10:21.166,0.14838,0.14868,0.21,0.20
2015.07.29 16:10:21.745,0.14839,0.14869,0.04,0.21
2015.07.29 16:10:24.371,0.14844,0.14874,0.02,0.21
2015.07.29 16:10:24.643,0.14845,0.14875,0.02,0.24
2015.07.29 16:10:30.813,0.14846,0.14876,0.02,0.23
2015.07.29 16:10:31.355,0.14841,0.14871,0.25,0.02
2015.07.29 16:10:34.898,0.14843,0.14873,0.02,0.19
2015.07.29 16:10:35.493,0.14846,0.14876,0.02,0.21
2015.07.29 16:10:35.837,0.14846,0.14876,0.20,0.22
2015.07.29 16:10:41.777,0.1485,0.1488,0.02,0.24
2015.07.29 16:11:00.183,0.14852,0.14882,0.02,0.21
2015.07.29 16:11:00.283,0.14852,0.14882,0.02,0.25
2015.07.29 16:11:00.776,0.14845,0.14875,0.08,0.10
2015.07.29 16:11:01.338,0.14846,0.14876,0.06,0.08
2015.07.29 16:11:04.252,0.14849,0.14879,0.02,0.19
2015.07.29 16:11:17.161,0.1485,0.1488,0.02,0.16
2015.07.29 16:11:18.564,0.14846,0.14876,0.04,0.06
2015.07.29 16:11:25.104,0.14846,0.14876,0.04,0.08
2015.07.29 16:11:25.205,0.14844,0.14874,0.08,0.19
2015.07.29 16:11:25.530,0.14845,0.14875,0.21,0.02
2015.07.29 16:11:26.089,0.14845,0.14875,0.17,0.22
2015.07.29 16:11:28.419,0.14845,0.14875,0.02,0.19
2015.07.29 16:11:28.940,0.14842,0.14872,0.06,0.12
2015.07.29 16:11:29.041,0.14843,0.14873,0.02,0.18
2015.07.29 16:11:29.591,0.14843,0.14873,0.04,0.02
2015.07.29 16:11:34.882,0.14846,0.14876,0.02,0.19
2015.07.29 16:11:34.932,0.14845,0.14875,0.23,0.20
2015.07.29 16:11:37.862,0.1485,0.1488,0.02,0.23
2015.07.29 16:11:38.313,0.14845,0.14875,0.04,0.20
2015.07.29 16:11:39.329,0.14844,0.14874,0.02,0.14
2015.07.29 16:11:39.431,0.14841,0.14871,0.16,0.22
2015.07.29 16:11:40.148,0.14845,0.14875,0.02,0.24
2015.07.29 16:11:42.485,0.14844,0.14874,0.02,0.24
2015.07.29 16:11:43.050,0.14841,0.14871,0.04,0.04
2015.07.29 16:11:45.684,0.14841,0.14871,0.02,0.16
2015.07.29 16:11:46.007,0.14837,0.14867,0.26,0.16
2015.07.29 16:11:46.252,0.1484,0.1487,0.02,0.18
2015.07.29 16:11:52.621,0.14837,0.14867,0.08,0.18
2015.07.29 16:11:52.672,0.14837,0.14867,0.02,0.16
2015.07.29 16:11:52.722,0.14836,0.14866,0.22,0.02
2015.07.29 16:11:53.641,0.14836,0.14866,0.16,0.02
2015.07.29 16:11:56.320,0.14844,0.14874,0.02,0.19
2015.07.29 16:11:56.857,0.14844,0.14874,0.02,0.25
2015.07.29 16:11:58.655,0.1484,0.1487,0.25,0.17
2015.07.29 16:11:59.239,0.14842,0.14872,0.02,0.19
2015.07.29 16:11:59.339,0.1484,0.1487,0.02,0.17
2015.07.29 16:11:59.806,0.1484,0.1487,0.02,0.19
2015.07.29 16:12:00.410,0.1484,0.1487,0.04,0.19
2015.07.29 16:12:06.101,0.14833,0.14863,0.19,0.21
2015.07.29 16:12:10.177,0.14833,0.14863,0.04,0.19
2015.07.29 16:12:11.084,0.14839,0.14869,0.02,0.01
2015.07.29 16:12:14.863,0.14836,0.14866,0.02,0.22
2015.07.29 16:12:15.194,0.14835,0.14865,0.17,0.04
2015.07.29 16:12:17.896,0.14833,0.14863,0.31,0.13
2015.07.29 16:12:17.947,0.14836,0.14866,0.02,0.24
2015.07.29 16:12:19.953,0.14834,0.14864,0.02,0.17
2015.07.29 16:12:20.004,0.14831,0.14861,0.02,0.17
2015.07.29 16:12:20.534,0.14826,0.14856,0.18,0.02
2015.07.29 16:12:22.226,0.14828,0.14858,0.02,0.25
2015.07.29 16:12:22.327,0.14822,0.14852,0.18,0.21
2015.07.29 16:12:23.928,0.14823,0.14853,0.04,0.20
2015.07.29 16:12:26.838,0.14828,0.14858,0.02,0.22
2015.07.29 16:12:26.939,0.14829,0.14859,0.02,0.21
2015.07.29 16:12:27.801,0.14827,0.14857,0.18,0.21
2015.07.29 16:12:28.822,0.14825,0.14855,0.02,0.02
2015.07.29 16:12:29.470,0.14828,0.14858,0.02,0.22
2015.07.29 16:12:29.905,0.14825,0.14855,0.02,0.02
2015.07.29 16:12:30.287,0.14823,0.14853,0.02,0.02
2015.07.29 16:12:33.415,0.14825,0.14855,0.02,0.02
2015.07.29 16:12:34.989,0.14823,0.14853,0.04,0.02
2015.07.29 16:12:35.492,0.14827,0.14857,0.02,0.02
2015.07.29 16:12:35.867,0.14829,0.14859,0.02,0.21
2015.07.29 16:12:36.371,0.14825,0.14855,0.25,0.02
2015.07.29 16:12:37.377,0.14826,0.14856,0.02,0.18
2015.07.29 16:12:37.528,0.14828,0.14858,0.02,0.22
2015.07.29 16:12:41.931,0.14825,0.14855,0.23,0.16
2015.07.29 16:12:41.982,0.1483,0.1486,0.02,0.18
2015.07.29 16:12:44.007,0.1483,0.1486,0.02,0.01
2015.07.29 16:12:44.108,0.14831,0.14861,0.02,0.20
2015.07.29 16:13:03.996,0.1483,0.1486,0.02,0.19
2015.07.29 16:13:24.242,0.14831,0.14861,0.02,0.22
2015.07.29 16:13:24.343,0.14829,0.14859,0.22,0.02
2015.07.29 16:13:24.902,0.14831,0.14861,0.04,0.04
2015.07.29 16:13:25.436,0.14832,0.14862,0.02,0.20
2015.07.29 16:13:25.903,0.1483,0.1486,0.02,0.16
2015.07.29 16:13:28.933,0.1483,0.1486,0.02,0.22
2015.07.29 16:13:38.970,0.14829,0.14859,0.02,0.22
2015.07.29 16:13:44.580,0.14831,0.14861,0.02,0.24
2015.07.29 16:13:57.889,0.14829,0.14859,0.04,0.19
2015.07.29 16:14:07.070,0.14831,0.14861,0.02,0.19
2015.07.29 16:14:08.622,0.14826,0.14856,0.16,0.25
2015.07.29 16:14:11.801,0.1483,0.1486,0.02,0.21
2015.07.29 16:14:18.798,0.14832,0.14862,0.02,0.24
2015.07.29 16:14:21.339,0.14828,0.14858,0.04,0.21
2015.07.29 16:14:21.870,0.14824,0.14854,0.06,0.02
2015.07.29 16:14:22.763,0.14827,0.14857,0.02,0.22
2015.07.29 16:14:27.257,0.14822,0.14852,0.04,0.22
2015.07.29 16:14:28.295,0.14821,0.14851,0.02,0.16
2015.07.29 16:14:28.573,0.14825,0.14855,0.22,0.18
2015.07.29 16:14:32.011,0.14826,0.14856,0.06,0.18
2015.07.29 16:14:32.376,0.14832,0.14862,0.02,0.23
2015.07.29 16:14:35.171,0.14825,0.14855,0.18,0.19
2015.07.29 16:14:35.807,0.14826,0.14856,0.06,0.13
2015.07.29 16:14:57.108,0.14826,0.14856,0.06,0.19
2015.07.29 16:14:58.398,0.14828,0.14858,0.02,0.02
2015.07.29 16:14:58.917,0.14821,0.14851,0.08,0.02
2015.07.29 16:14:58.968,0.14825,0.14855,0.02,0.19
2015.07.29 16:14:59.577,0.14821,0.14851,0.12,0.21
2015.07.29 16:15:04.050,0.14825,0.14855,0.02,0.25
2015.07.29 16:15:05.069,0.14821,0.14851,0.04,0.17
2015.07.29 16:15:12.600,0.14829,0.14859,0.02,0.22
2015.07.29 16:15:12.848,0.14826,0.14856,0.02,0.18
2015.07.29 16:15:13.738,0.14821,0.14851,0.06,0.18
2015.07.29 16:15:14.264,0.14821,0.14851,0.19,0.13
2015.07.29 16:15:14.839,0.14822,0.14852,0.11,0.20
2015.07.29 16:15:15.622,0.14821,0.14851,0.23,0.18
2015.07.29 16:15:16.661,0.14828,0.14858,0.02,0.24
2015.07.29 16:15:20.984,0.14821,0.14851,0.06,0.16
2015.07.29 16:15:40.717,0.14825,0.14855,0.20,0.09
2015.07.29 16:15:40.767,0.14833,0.14863,0.02,0.26
2015.07.29 16:15:42.329,0.14828,0.14858,0.02,0.18
2015.07.29 16:15:43.590,0.1483,0.1486,0.02,0.23
2015.07.29 16:15:44.139,0.14828,0.14858,0.02,0.22
2015.07.29 16:15:44.496,0.14822,0.14852,0.07,0.17
2015.07.29 16:15:44.818,0.1483,0.1486,0.02,0.21
2015.07.29 16:15:45.084,0.14825,0.14855,0.08,0.02
2015.07.29 16:15:45.185,0.1483,0.1486,0.04,0.25
2015.07.29 16:15:48.839,0.14831,0.14861,0.02,0.01
2015.07.29 16:15:54.085,0.14826,0.14856,0.06,0.04
2015.07.29 16:15:58.797,0.14833,0.14863,0.02,0.26
2015.07.29 16:16:25.853,0.14826,0.14856,0.06,0.21
2015.07.29 16:16:26.667,0.14826,0.14856,0.07,0.17
2015.07.29 16:16:33.967,0.14826,0.14856,0.06,0.16
2015.07.29 16:16:34.896,0.14825,0.14855,0.08,0.02
2015.07.29 16:16:58.970,0.14825,0.14855,0.04,0.02
2015.07.29 16:16:59.656,0.14829,0.14859,0.02,0.24
2015.07.29 16:17:00.210,0.14826,0.14856,0.02,0.18
2015.07.29 16:17:04.067,0.1483,0.1486,0.02,0.23
2015.07.29 16:17:04.394,0.14822,0.14852,0.06,0.21
2015.07.29 16:17:04.706,0.14822,0.14852,0.02,0.23
2015.07.29 16:17:07.349,0.14825,0.14855,0.02,0.23
2015.07.29 16:17:08.017,0.14827,0.14857,0.02,0.28
2015.07.29 16:17:09.328,0.14821,0.14851,0.06,0.12
2015.07.29 16:17:10.175,0.14825,0.14855,0.04,0.01
2015.07.29 16:17:10.852,0.14821,0.14851,0.28,0.12
2015.07.29 16:17:18.551,0.14826,0.14856,0.02,0.01
2015.07.29 16:17:32.365,0.14824,0.14854,0.02,0.23
2015.07.29 16:17:32.975,0.14821,0.14851,0.17,0.25
2015.07.29 16:17:38.589,0.14824,0.14854,0.02,0.21
2015.07.29 16:17:57.840,0.14825,0.14855,0.02,0.25
2015.07.29 16:18:07.290,0.14821,0.14851,0.22,0.20
2015.07.29 16:18:08.178,0.1482,0.1485,0.02,0.17
2015.07.29 16:18:08.771,0.14817,0.14847,0.02,0.24
2015.07.29 16:18:09.488,0.14817,0.14847,0.08,0.22
2015.07.29 16:18:10.282,0.14816,0.14846,0.22,0.16
2015.07.29 16:18:13.908,0.1482,0.1485,0.02,0.24
2015.07.29 16:18:14.016,0.14816,0.14846,0.02,0.23
2015.07.29 16:18:14.368,0.14818,0.14848,0.04,0.22
2015.07.29 16:18:14.646,0.14812,0.14842,0.17,0.19
2015.07.29 16:18:14.797,0.1482,0.1485,0.02,0.26
2015.07.29 16:18:15.775,0.14823,0.14853,0.02,0.28
2015.07.29 16:18:16.252,0.14815,0.14845,0.02,0.25
2015.07.29 16:18:16.302,0.14815,0.14845,0.02,0.13
2015.07.29 16:18:16.353,0.14818,0.14848,0.04,0.01
2015.07.29 16:18:16.862,0.14819,0.14849,0.04,0.01
2015.07.29 16:18:18.011,0.1482,0.1485,0.02,0.19
2015.07.29 16:18:20.395,0.14818,0.14848,0.02,0.01
2015.07.29 16:18:24.369,0.14817,0.14847,0.02,0.19
2015.07.29 16:18:24.920,0.14811,0.14841,0.04,0.08
2015.07.29 16:18:31.944,0.1481,0.1484,0.23,0.02
2015.07.29 16:18:32.095,0.1481,0.1484,0.02,0.26
2015.07.29 16:18:32.766,0.14807,0.14837,0.12,0.20
2015.07.29 16:18:33.852,0.14807,0.14837,0.17,0.02
2015.07.29 16:18:34.073,0.14808,0.14838,0.07,0.21
2015.07.29 16:18:34.312,0.14812,0.14842,0.02,0.20
2015.07.29 16:18:35.078,0.14807,0.14837,0.06,0.02
2015.07.29 16:18:36.096,0.14814,0.14844,0.02,0.19
2015.07.29 16:18:38.567,0.14811,0.14841,0.02,0.20
2015.07.29 16:18:39.204,0.14813,0.14843,0.02,0.20
2015.07.29 16:18:39.355,0.1481,0.1484,0.04,0.21
2015.07.29 16:18:40.242,0.14812,0.14842,0.02,0.01
2015.07.29 16:18:40.292,0.14809,0.14839,0.26,0.16
2015.07.29 16:18:41.990,0.14811,0.14841,0.02,0.17
2015.07.29 16:18:42.212,0.14806,0.14836,0.04,0.02
2015.07.29 16:18:42.594,0.14812,0.14842,0.02,0.28
2015.07.29 16:18:43.313,0.14809,0.14839,0.10,0.02
2015.07.29 16:18:43.739,0.14806,0.14836,0.04,0.02
2015.07.29 16:18:47.225,0.14808,0.14838,0.18,0.21
2015.07.29 16:18:47.561,0.14808,0.14838,0.02,0.02
2015.07.29 16:18:48.114,0.1481,0.1484,0.02,0.20
2015.07.29 16:18:48.620,0.14809,0.14839,0.02,0.08
2015.07.29 16:18:49.201,0.14809,0.14839,0.02,0.09
2015.07.29 16:18:49.932,0.14809,0.14839,0.12,0.22
2015.07.29 16:18:50.335,0.14814,0.14844,0.02,0.20
2015.07.29 16:18:53.097,0.14813,0.14843,0.02,0.01
2015.07.29 16:18:53.198,0.14815,0.14845,0.02,0.01
2015.07.29 16:18:53.717,0.14815,0.14845,0.04,0.01
2015.07.29 16:18:55.103,0.14819,0.14849,0.02,0.23
2015.07.29 16:18:56.219,0.14815,0.14845,0.04,0.01
2015.07.29 16:18:57.009,0.14819,0.14849,0.02,0.23
2015.07.29 16:18:58.326,0.14815,0.14845,0.21,0.23
2015.07.29 16:18:58.527,0.14819,0.14849,0.02,0.21
2015.07.29 16:19:00.583,0.14815,0.14845,0.22,0.02
2015.07.29 16:19:11.437,0.14816,0.14846,0.04,0.09
2015.07.29 16:19:11.545,0.1482,0.1485,0.04,0.02
2015.07.29 16:19:11.595,0.1482,0.1485,0.21,0.02
2015.07.29 16:19:13.874,0.14826,0.14856,0.02,0.21
2015.07.29 16:19:13.924,0.14829,0.14859,0.02,0.25
2015.07.29 16:19:14.025,0.14826,0.14856,0.04,0.21
2015.07.29 16:19:14.885,0.14825,0.14855,0.04,0.05
2015.07.29 16:19:16.398,0.14825,0.14855,0.21,0.19
2015.07.29 16:19:16.735,0.14826,0.14856,0.04,0.20
2015.07.29 16:19:18.674,0.14825,0.14855,0.19,0.22
2015.07.29 16:19:20.308,0.14826,0.14856,0.15,0.24
2015.07.29 16:19:20.895,0.14825,0.14855,0.04,0.24
2015.07.29 16:19:21.691,0.14816,0.14846,0.15,0.18
2015.07.29 16:19:22.215,0.14817,0.14847,0.09,0.22
2015.07.29 16:19:23.779,0.14821,0.14851,0.02,0.27
2015.07.29 16:19:24.475,0.14816,0.14846,0.19,0.20
2015.07.29 16:19:37.311,0.14819,0.14849,0.02,0.19
2015.07.29 16:19:37.412,0.14816,0.14846,0.02,0.21
2015.07.29 16:19:37.792,0.14812,0.14842,0.04,0.16
2015.07.29 16:19:51.233,0.14814,0.14844,0.02,0.23
2015.07.29 16:20:00.254,0.14812,0.14842,0.02,0.24
2015.07.29 16:20:01.564,0.14811,0.14841,0.02,0.22
2015.07.29 16:20:04.409,0.14813,0.14843,0.02,0.18
2015.07.29 16:20:04.459,0.14812,0.14842,0.10,0.17
2015.07.29 16:20:04.513,0.14815,0.14845,0.02,0.21
2015.07.29 16:20:13.673,0.14816,0.14846,0.02,0.21
2015.07.29 16:20:14.064,0.14816,0.14846,0.19,0.18
2015.07.29 16:20:15.119,0.14812,0.14842,0.04,0.16
2015.07.29 16:20:17.493,0.14818,0.14848,0.02,0.27
2015.07.29 16:20:17.644,0.14815,0.14845,0.04,0.01
2015.07.29 16:20:19.372,0.14815,0.14845,0.02,0.02
2015.07.29 16:20:19.473,0.14814,0.14844,0.22,0.01
2015.07.29 16:20:19.624,0.14816,0.14846,0.02,0.24
2015.07.29 16:20:20.158,0.14812,0.14842,0.04,0.20
2015.07.29 16:20:21.542,0.14812,0.14842,0.04,0.20
2015.07.29 16:20:25.872,0.14811,0.14841,0.18,0.22
2015.07.29 16:20:25.974,0.1481,0.1484,0.04,0.20
2015.07.29 16:20:26.673,0.14807,0.14837,0.04,0.19
2015.07.29 16:20:27.210,0.1481,0.1484,0.04,0.22
2015.07.29 16:20:27.411,0.14814,0.14844,0.02,0.26
2015.07.29 16:20:27.983,0.14811,0.14841,0.19,0.20
2015.07.29 16:20:28.294,0.14812,0.14842,0.02,0.20
2015.07.29 16:20:28.395,0.14815,0.14845,0.02,0.22
2015.07.29 16:20:29.064,0.14812,0.14842,0.02,0.20
2015.07.29 16:20:29.114,0.14807,0.14837,0.23,0.23
2015.07.29 16:20:31.022,0.14811,0.14841,0.02,0.25
2015.07.29 16:20:31.404,0.14811,0.14841,0.16,0.19
2015.07.29 16:20:33.443,0.14811,0.14841,0.18,0.02
2015.07.29 16:20:33.888,0.14812,0.14842,0.02,0.22
2015.07.29 16:20:33.939,0.14811,0.14841,0.02,0.16
2015.07.29 16:20:34.903,0.1481,0.1484,0.02,0.08
2015.07.29 16:20:36.066,0.14811,0.14841,0.02,0.19
2015.07.29 16:20:36.726,0.14806,0.14836,0.20,0.22
2015.07.29 16:20:37.387,0.14806,0.14836,0.20,0.19
2015.07.29 16:20:38.678,0.14806,0.14836,0.22,0.06
2015.07.29 16:20:39.325,0.1481,0.1484,0.02,0.22
2015.07.29 16:20:40.264,0.1481,0.1484,0.02,0.22
2015.07.29 16:20:55.369,0.1481,0.1484,0.02,0.23
2015.07.29 16:20:56.116,0.1481,0.1484,0.02,0.24
2015.07.29 16:21:00.406,0.14806,0.14836,0.04,0.20
2015.07.29 16:21:07.356,0.14806,0.14836,0.06,0.18
2015.07.29 16:21:10.436,0.14806,0.14836,0.04,0.20
2015.07.29 16:21:12.390,0.14809,0.14839,0.04,0.22
2015.07.29 16:21:15.350,0.14801,0.14831,0.18,0.19
2015.07.29 16:21:15.511,0.14807,0.14837,0.02,0.21
2015.07.29 16:21:15.562,0.14804,0.14834,0.20,0.22
2015.07.29 16:21:15.612,0.14806,0.14836,0.04,0.03
2015.07.29 16:21:15.713,0.14801,0.14831,0.11,0.02
2015.07.29 16:21:20.192,0.14805,0.14835,0.02,0.23
2015.07.29 16:21:20.700,0.148,0.1483,0.23,0.22
2015.07.29 16:21:21.186,0.148,0.1483,0.02,0.23
2015.07.29 16:21:21.337,0.14801,0.14831,0.02,0.25
2015.07.29 16:21:21.878,0.148,0.1483,0.04,0.01
2015.07.29 16:21:22.805,0.14796,0.14827,0.02,0.21
2015.07.29 16:21:26.902,0.148,0.1483,0.04,0.28
2015.07.29 16:21:34.493,0.14795,0.14825,0.02,0.09
2015.07.29 16:21:34.619,0.148,0.1483,0.04,0.24
2015.07.29 16:21:36.923,0.14797,0.14827,0.18,0.21
2015.07.29 16:21:37.355,0.14797,0.14827,0.20,0.20
2015.07.29 16:21:37.786,0.14792,0.14822,0.04,0.25
2015.07.29 16:21:38.561,0.14798,0.14828,0.02,0.22
2015.07.29 16:21:39.259,0.14797,0.14827,0.02,0.25
2015.07.29 16:21:39.801,0.14791,0.14821,0.12,0.02
2015.07.29 16:21:40.911,0.14795,0.14825,0.02,0.23
2015.07.29 16:21:41.590,0.14794,0.14824,0.02,0.20
2015.07.29 16:21:45.209,0.14791,0.14821,0.06,0.02
2015.07.29 16:21:45.521,0.14792,0.14822,0.04,0.13
2015.07.29 16:21:54.761,0.14794,0.14824,0.04,0.26
2015.07.29 16:21:57.647,0.14792,0.14822,0.02,0.22
2015.07.29 16:21:59.292,0.14792,0.14822,0.19,0.11
2015.07.29 16:22:11.915,0.14794,0.14824,0.04,0.23
2015.07.29 16:22:15.878,0.14792,0.14822,0.12,0.19
2015.07.29 16:22:16.315,0.14792,0.14822,0.02,0.10
2015.07.29 16:22:18.387,0.14793,0.14823,0.02,0.22
2015.07.29 16:22:18.821,0.14795,0.14825,0.02,0.22
2015.07.29 16:22:18.972,0.14794,0.14824,0.02,0.20
2015.07.29 16:22:19.731,0.14791,0.14821,0.04,0.02
2015.07.29 16:22:21.304,0.14795,0.14825,0.02,0.20
2015.07.29 16:22:26.761,0.14798,0.14828,0.02,0.30
2015.07.29 16:22:38.984,0.14797,0.14827,0.04,0.22
2015.07.29 16:22:39.085,0.148,0.1483,0.04,0.23
2015.07.29 16:22:39.949,0.14794,0.14824,0.06,0.02
2015.07.29 16:22:40.616,0.14799,0.14829,0.02,0.22
2015.07.29 16:22:40.717,0.14797,0.14827,0.04,0.20
2015.07.29 16:22:41.614,0.14797,0.14827,0.02,0.19
2015.07.29 16:22:42.482,0.14792,0.14822,0.21,0.16
2015.07.29 16:22:43.040,0.14798,0.14828,0.02,0.20
2015.07.29 16:22:51.299,0.14792,0.14822,0.02,0.23
2015.07.29 16:23:00.013,0.14791,0.14821,0.08,0.02
2015.07.29 16:23:00.562,0.14793,0.14823,0.06,0.04
2015.07.29 16:23:00.613,0.14791,0.14822,0.02,0.20
2015.07.29 16:23:04.522,0.14792,0.14822,0.21,0.20
2015.07.29 16:23:13.268,0.14791,0.14821,0.13,0.22
2015.07.29 16:23:18.563,0.14791,0.14821,0.06,0.15
2015.07.29 16:23:30.580,0.14798,0.14828,0.02,0.29
2015.07.29 16:23:33.685,0.14791,0.14821,0.06,0.17
2015.07.29 16:23:38.619,0.14791,0.14821,0.02,0.19
2015.07.29 16:23:40.303,0.14796,0.14826,0.02,0.01
2015.07.29 16:23:40.875,0.14794,0.14824,0.02,0.23
2015.07.29 16:23:43.155,0.14791,0.14821,0.18,0.02
2015.07.29 16:23:46.257,0.14791,0.14821,0.20,0.20
2015.07.29 16:23:47.965,0.14791,0.14821,0.21,0.02
2015.07.29 16:23:48.599,0.14791,0.14821,0.18,0.22
2015.07.29 16:23:55.115,0.14795,0.14825,0.02,0.22
2015.07.29 16:23:55.730,0.14791,0.14821,0.06,0.07
2015.07.29 16:23:59.268,0.14795,0.14825,0.04,0.01
2015.07.29 16:24:08.204,0.14795,0.14825,0.02,0.01
2015.07.29 16:24:12.940,0.148,0.1483,0.02,0.26
2015.07.29 16:24:13.091,0.14796,0.14826,0.29,0.20
2015.07.29 16:24:16.978,0.14802,0.14832,0.02,0.29
2015.07.29 16:24:20.278,0.14799,0.14829,0.02,0.20
2015.07.29 16:24:20.328,0.14796,0.14826,0.04,0.25
2015.07.29 16:24:20.936,0.14796,0.14826,0.04,0.08
2015.07.29 16:24:22.148,0.14803,0.14833,0.02,0.29
2015.07.29 16:24:22.683,0.14801,0.14831,0.02,0.25
2015.07.29 16:24:51.409,0.14804,0.14834,0.02,0.20
2015.07.29 16:24:51.460,0.14808,0.14838,0.02,0.28
2015.07.29 16:25:04.584,0.14801,0.14831,0.19,0.18
2015.07.29 16:25:06.623,0.14806,0.14836,0.02,0.26
2015.07.29 16:25:07.183,0.14801,0.14831,0.16,0.24
2015.07.29 16:25:08.433,0.14802,0.14832,0.04,0.15
2015.07.29 16:25:12.500,0.14801,0.14832,0.02,0.17
2015.07.29 16:25:18.413,0.14802,0.14832,0.04,0.12
2015.07.29 16:25:19.226,0.14802,0.14832,0.02,0.23
2015.07.29 16:25:20.889,0.14802,0.14832,0.04,0.13
2015.07.29 16:25:23.854,0.14807,0.14837,0.02,0.02
2015.07.29 16:25:23.920,0.14806,0.14836,0.04,0.21
2015.07.29 16:25:24.239,0.14806,0.14836,0.02,0.23
2015.07.29 16:25:24.390,0.14808,0.14838,0.02,0.22
2015.07.29 16:25:24.498,0.14807,0.14837,0.02,0.23
2015.07.29 16:25:27.909,0.14807,0.14837,0.04,0.23
2015.07.29 16:25:32.418,0.14806,0.14836,0.02,0.20
2015.07.29 16:25:39.344,0.14801,0.14831,0.19,0.19
2015.07.29 16:25:39.562,0.14802,0.14832,0.06,0.15
2015.07.29 16:25:39.663,0.14806,0.14836,0.04,0.21
2015.07.29 16:25:40.034,0.14807,0.14837,0.06,0.02
2015.07.29 16:25:41.787,0.14807,0.14837,0.06,0.25
2015.07.29 16:25:42.249,0.14806,0.14836,0.10,0.18
2015.07.29 16:25:42.778,0.14806,0.14836,0.06,0.11
2015.07.29 16:25:43.597,0.14813,0.14843,0.02,0.30
2015.07.29 16:25:44.557,0.14811,0.14841,0.02,0.01
2015.07.29 16:25:45.099,0.14806,0.14836,0.02,0.17
2015.07.29 16:25:52.267,0.14807,0.14837,0.06,0.17
2015.07.29 16:25:52.318,0.14816,0.14846,0.02,0.25
2015.07.29 16:25:52.670,0.14811,0.14841,0.04,0.25
2015.07.29 16:25:56.746,0.14812,0.14842,0.02,0.25
2015.07.29 16:26:08.195,0.14807,0.14837,0.02,0.27
2015.07.29 16:26:08.245,0.14805,0.14835,0.02,0.21
2015.07.29 16:26:08.867,0.14807,0.14837,0.02,0.24
2015.07.29 16:26:10.478,0.14805,0.14835,0.02,0.22
2015.07.29 16:26:11.070,0.14801,0.14831,0.06,0.04
2015.07.29 16:26:18.508,0.14801,0.14831,0.18,0.22
2015.07.29 16:26:24.103,0.14801,0.14831,0.06,0.23
2015.07.29 16:26:30.054,0.14805,0.14835,0.02,0.24
2015.07.29 16:26:34.372,0.14801,0.14831,0.06,0.11
2015.07.29 16:26:35.021,0.14802,0.14832,0.02,0.24
2015.07.29 16:26:37.466,0.14806,0.14836,0.04,0.25
2015.07.29 16:26:38.263,0.14801,0.14831,0.18,0.25
2015.07.29 16:26:38.598,0.14807,0.14837,0.02,0.21
2015.07.29 16:26:40.158,0.14801,0.14831,0.16,0.22
2015.07.29 16:26:47.369,0.14805,0.14835,0.04,0.01
2015.07.29 16:26:48.428,0.14805,0.14835,0.02,0.24
2015.07.29 16:26:48.579,0.14797,0.14827,0.06,0.21
2015.07.29 16:26:49.122,0.14796,0.14826,0.08,0.02
2015.07.29 16:26:52.543,0.14802,0.14832,0.02,0.24
2015.07.29 16:26:58.833,0.14799,0.14829,0.02,0.18
2015.07.29 16:27:01.656,0.14804,0.14834,0.02,0.24
2015.07.29 16:27:01.927,0.14803,0.14833,0.02,0.17
2015.07.29 16:27:02.411,0.14797,0.14827,0.04,0.18
2015.07.29 16:27:03.637,0.148,0.1483,0.02,0.18
2015.07.29 16:27:13.047,0.14795,0.14825,0.06,0.14
2015.07.29 16:27:13.098,0.14799,0.14829,0.02,0.19
2015.07.29 16:27:13.198,0.14797,0.14827,0.02,0.18
2015.07.29 16:27:13.683,0.148,0.1483,0.02,0.22
2015.07.29 16:27:13.734,0.14796,0.14826,0.26,0.02
2015.07.29 16:27:18.719,0.14796,0.14826,0.02,0.21
2015.07.29 16:27:19.035,0.14794,0.14824,0.02,0.07
2015.07.29 16:27:46.871,0.14791,0.14821,0.19,0.21
2015.07.29 16:27:58.533,0.14792,0.14822,0.04,0.24
2015.07.29 16:27:58.782,0.14796,0.14826,0.04,0.02
2015.07.29 16:28:18.574,0.14791,0.14821,0.22,0.20
2015.07.29 16:28:22.509,0.14792,0.14822,0.04,0.15
2015.07.29 16:28:32.995,0.14791,0.14821,0.19,0.16
2015.07.29 16:28:34.190,0.148,0.1483,0.02,0.20
2015.07.29 16:28:34.240,0.14796,0.14826,0.26,0.24
2015.07.29 16:28:36.899,0.14797,0.14827,0.02,0.23
2015.07.29 16:28:37.948,0.14799,0.14829,0.02,0.22
2015.07.29 16:28:38.234,0.14803,0.14833,0.02,0.26
2015.07.29 16:28:41.934,0.14796,0.14826,0.20,0.23
2015.07.29 16:28:42.638,0.14801,0.14831,0.02,0.27
2015.07.29 16:29:00.890,0.14797,0.14827,0.08,0.02
2015.07.29 16:29:00.991,0.14802,0.14832,0.16,0.16
2015.07.29 16:29:04.964,0.14802,0.14832,0.02,0.22
2015.07.29 16:29:05.014,0.14797,0.14827,0.06,0.18
2015.07.29 16:29:06.092,0.14797,0.14827,0.16,0.21
2015.07.29 16:29:06.944,0.148,0.1483,0.04,0.20
2015.07.29 16:29:07.593,0.14802,0.14832,0.02,0.20
2015.07.29 16:29:10.486,0.14807,0.14837,0.02,0.25
2015.07.29 16:29:10.586,0.14804,0.14834,0.02,0.21
2015.07.29 16:29:11.269,0.148,0.1483,0.17,0.19
2015.07.29 16:29:11.401,0.14802,0.14832,0.04,0.05
2015.07.29 16:29:11.451,0.14802,0.14832,0.04,0.17
2015.07.29 16:29:12.001,0.14801,0.14831,0.02,0.20
2015.07.29 16:29:13.315,0.14799,0.14829,0.02,0.21
2015.07.29 16:29:13.365,0.14803,0.14833,0.02,0.25
2015.07.29 16:29:13.972,0.14803,0.14833,0.04,0.27
2015.07.29 16:29:14.577,0.14801,0.14831,0.04,0.16
2015.07.29 16:29:15.120,0.148,0.1483,0.17,0.23
2015.07.29 16:29:15.635,0.14801,0.14831,0.21,0.05
2015.07.29 16:29:17.413,0.14805,0.14835,0.02,0.27
2015.07.29 16:29:21.549,0.14808,0.14838,0.02,0.28
2015.07.29 16:29:37.068,0.14807,0.14837,0.02,0.24
2015.07.29 16:29:37.169,0.14805,0.14835,0.21,0.22
2015.07.29 16:29:37.958,0.14809,0.14839,0.04,0.21
2015.07.29 16:29:41.462,0.14809,0.14839,0.04,0.24
2015.07.29 16:29:42.333,0.1481,0.1484,0.02,0.25
2015.07.29 16:29:47.226,0.14812,0.14842,0.02,0.25
2015.07.29 16:29:47.327,0.14812,0.14842,0.04,0.21
2015.07.29 16:29:47.427,0.14814,0.14844,0.02,0.22
2015.07.29 16:29:47.947,0.1481,0.1484,0.21,0.19
2015.07.29 16:29:49.068,0.14811,0.14841,0.20,0.19
2015.07.29 16:29:50.114,0.14811,0.14841,0.04,0.16
2015.07.29 16:29:50.732,0.14817,0.14847,0.02,0.21
2015.07.29 16:29:51.974,0.1481,0.1484,0.18,0.21
2015.07.29 16:29:53.497,0.14811,0.14841,0.04,0.19
2015.07.29 16:29:54.467,0.14815,0.14845,0.02,0.23
2015.07.29 16:29:58.488,0.14811,0.14841,0.02,0.16
2015.07.29 16:29:59.091,0.14808,0.14838,0.04,0.19
2015.07.29 16:29:59.192,0.14813,0.14843,0.02,0.22
2015.07.29 16:29:59.526,0.14807,0.14837,0.22,0.18
2015.07.29 16:30:00.136,0.14806,0.14838,0.16,0.19
2015.07.29 16:30:00.707,0.14813,0.14843,0.02,0.21
2015.07.29 16:30:00.808,0.14809,0.14839,0.04,0.19
2015.07.29 16:30:01.299,0.14806,0.14836,0.06,0.07
2015.07.29 16:30:03.144,0.1481,0.1484,0.02,0.22
2015.07.29 16:30:04.698,0.14813,0.14843,0.02,0.23
2015.07.29 16:30:04.897,0.1481,0.1484,0.04,0.20
2015.07.29 16:30:09.516,0.14809,0.14839,0.02,0.18
2015.07.29 16:30:11.354,0.14807,0.14837,0.18,0.26
2015.07.29 16:30:29.313,0.14809,0.14839,0.02,0.22
2015.07.29 16:30:29.645,0.14801,0.14831,0.21,0.02
2015.07.29 16:30:34.262,0.14804,0.14834,0.02,0.23
2015.07.29 16:30:34.312,0.14797,0.14827,0.06,0.07
2015.07.29 16:30:34.983,0.148,0.1483,0.02,0.23
2015.07.29 16:30:35.084,0.14802,0.14832,0.26,0.24
2015.07.29 16:30:43.837,0.14805,0.14835,0.02,0.21
2015.07.29 16:30:54.605,0.14801,0.14831,0.04,0.05
2015.07.29 16:30:58.532,0.14805,0.14835,0.02,0.23
2015.07.29 16:31:03.301,0.14804,0.14834,0.02,0.23
2015.07.29 16:31:03.570,0.14801,0.14831,0.02,0.27
2015.07.29 16:31:06.357,0.14797,0.14827,0.12,0.19
2015.07.29 16:31:06.702,0.14803,0.14833,0.02,0.24
2015.07.29 16:31:06.802,0.14801,0.14831,0.06,0.02
2015.07.29 16:31:07.181,0.14801,0.14831,0.06,0.07
2015.07.29 16:31:08.922,0.14803,0.14833,0.02,0.20
2015.07.29 16:31:09.263,0.148,0.1483,0.05,0.22
2015.07.29 16:31:09.364,0.14803,0.14833,0.02,0.17
2015.07.29 16:31:10.146,0.14805,0.14835,0.02,0.01
2015.07.29 16:31:37.733,0.14803,0.14833,0.04,0.02
2015.07.29 16:31:37.783,0.14807,0.14837,0.02,0.20
2015.07.29 16:31:39.388,0.1481,0.1484,0.02,0.22
2015.07.29 16:32:14.842,0.14813,0.14843,0.02,0.30
2015.07.29 16:32:39.525,0.14806,0.14836,0.04,0.20
2015.07.29 16:32:54.978,0.14808,0.14838,0.23,0.21
2015.07.29 16:32:55.316,0.14814,0.14844,0.02,0.21
2015.07.29 16:33:01.010,0.14813,0.14843,0.04,0.21
2015.07.29 16:33:01.172,0.14816,0.14846,0.02,0.28
2015.07.29 16:33:06.411,0.14818,0.14848,0.02,0.33
2015.07.29 16:33:06.512,0.14811,0.14841,0.20,0.24
2015.07.29 16:33:18.622,0.14812,0.14842,0.04,0.07
2015.07.29 16:33:25.229,0.14811,0.14841,0.22,0.20
2015.07.29 16:33:27.553,0.14812,0.14842,0.21,0.04
2015.07.29 16:33:28.134,0.14812,0.14842,0.02,0.23
2015.07.29 16:33:30.677,0.14814,0.14844,0.20,0.20
2015.07.29 16:33:30.728,0.14817,0.14847,0.04,0.22
2015.07.29 16:33:30.979,0.14816,0.14846,0.06,0.17
2015.07.29 16:33:32.480,0.14818,0.14848,0.02,0.22
2015.07.29 16:33:32.812,0.14811,0.14841,0.06,0.15
2015.07.29 16:33:33.443,0.14811,0.14841,0.17,0.23
2015.07.29 16:33:34.816,0.14818,0.14848,0.02,0.32
2015.07.29 16:33:38.553,0.14811,0.14841,0.06,0.15
2015.07.29 16:33:39.196,0.14816,0.14846,0.02,0.01
2015.07.29 16:33:41.163,0.14812,0.14842,0.19,0.18
2015.07.29 16:33:41.263,0.14819,0.14849,0.04,0.01
2015.07.29 16:33:45.239,0.14823,0.14853,0.02,0.29
2015.07.29 16:33:46.419,0.14817,0.14847,0.02,0.22
2015.07.29 16:33:47.978,0.14814,0.14844,0.10,0.16
2015.07.29 16:33:48.028,0.14817,0.14847,0.02,0.21
2015.07.29 16:33:53.781,0.14811,0.14841,0.21,0.22
2015.07.29 16:33:54.421,0.14812,0.14844,0.06,0.20
2015.07.29 16:33:54.522,0.14815,0.14845,0.06,0.10
2015.07.29 16:33:54.701,0.1482,0.1485,0.02,0.24
2015.07.29 16:33:58.438,0.14822,0.14852,0.02,0.24
2015.07.29 16:34:00.389,0.14818,0.14848,0.04,0.21
2015.07.29 16:34:00.895,0.14812,0.14842,0.10,0.20
2015.07.29 16:34:01.318,0.14817,0.14847,0.02,0.26
2015.07.29 16:34:02.911,0.14816,0.14846,0.19,0.18
2015.07.29 16:34:03.441,0.14811,0.14841,0.26,0.20
2015.07.29 16:34:07.909,0.14819,0.14849,0.02,0.22
2015.07.29 16:34:08.717,0.14813,0.14843,0.04,0.04
2015.07.29 16:34:09.076,0.14815,0.14845,0.02,0.22
2015.07.29 16:34:09.603,0.14811,0.14841,0.08,0.18
2015.07.29 16:34:09.659,0.14814,0.14844,0.02,0.20
2015.07.29 16:34:11.637,0.14818,0.14848,0.02,0.19
2015.07.29 16:34:11.738,0.14816,0.14846,0.06,0.04
2015.07.29 16:34:13.540,0.14817,0.14847,0.02,0.20
2015.07.29 16:34:28.892,0.14816,0.14846,0.06,0.02
2015.07.29 16:34:34.272,0.14816,0.14846,0.17,0.19
2015.07.29 16:34:53.809,0.14816,0.14846,0.06,0.04
2015.07.29 16:35:11.812,0.14816,0.14846,0.02,0.02
2015.07.29 16:35:19.098,0.14817,0.14847,0.02,0.19
2015.07.29 16:35:19.148,0.14817,0.14847,0.04,0.25
2015.07.29 16:35:19.480,0.14815,0.14845,0.02,0.24
2015.07.29 16:35:19.990,0.1481,0.1484,0.06,0.12
2015.07.29 16:35:22.872,0.14812,0.14842,0.02,0.23
2015.07.29 16:35:23.138,0.14814,0.14844,0.02,0.23
2015.07.29 16:35:23.371,0.14817,0.14847,0.02,0.23
2015.07.29 16:35:23.421,0.14816,0.14846,0.17,0.22
2015.07.29 16:35:23.472,0.14819,0.14849,0.02,0.01
2015.07.29 16:35:30.722,0.14821,0.14851,0.02,0.23
2015.07.29 16:35:30.823,0.14825,0.14855,0.02,0.22
2015.07.29 16:35:35.570,0.14823,0.14853,0.04,0.16
2015.07.29 16:35:35.902,0.1482,0.1485,0.02,0.23
2015.07.29 16:35:36.686,0.1482,0.1485,0.02,0.20
2015.07.29 16:35:36.787,0.14824,0.14854,0.02,0.18
2015.07.29 16:35:37.604,0.14821,0.14851,0.04,0.03
2015.07.29 16:35:37.984,0.14821,0.14851,0.02,0.22
2015.07.29 16:35:38.387,0.14824,0.14854,0.02,0.21
2015.07.29 16:35:40.827,0.14825,0.14855,0.02,0.23
2015.07.29 16:35:41.336,0.14824,0.14854,0.02,0.23
2015.07.29 16:35:41.914,0.14825,0.14855,0.02,0.21
2015.07.29 16:35:42.999,0.14824,0.14854,0.02,0.01
2015.07.29 16:35:43.110,0.14824,0.14854,0.02,0.22
2015.07.29 16:35:45.938,0.14821,0.14851,0.02,0.22
2015.07.29 16:35:46.487,0.14822,0.14852,0.04,0.01
2015.07.29 16:35:47.151,0.14824,0.14854,0.02,0.01
2015.07.29 16:35:50.095,0.14824,0.14854,0.02,0.01
2015.07.29 16:35:51.909,0.14821,0.14851,0.02,0.22
2015.07.29 16:35:52.341,0.14823,0.14853,0.04,0.21
2015.07.29 16:35:53.830,0.14824,0.14854,0.02,0.19
2015.07.29 16:35:54.581,0.14826,0.14856,0.02,0.18
2015.07.29 16:35:57.226,0.14821,0.14851,0.02,0.21
2015.07.29 16:35:58.365,0.14817,0.14847,0.04,0.09
2015.07.29 16:36:00.743,0.1482,0.1485,0.02,0.22
2015.07.29 16:36:00.794,0.14814,0.14844,0.19,0.21
2015.07.29 16:36:00.895,0.14815,0.14845,0.02,0.15
2015.07.29 16:36:00.996,0.14813,0.14843,0.24,0.22
2015.07.29 16:36:02.980,0.14814,0.14844,0.04,0.02
2015.07.29 16:36:08.481,0.14812,0.14842,0.04,0.23
2015.07.29 16:36:09.155,0.14816,0.14846,0.02,0.25
2015.07.29 16:36:28.825,0.14815,0.14845,0.02,0.25
2015.07.29 16:36:29.026,0.14812,0.14842,0.02,0.25
2015.07.29 16:36:29.077,0.14807,0.14837,0.20,0.17
2015.07.29 16:36:30.556,0.14815,0.14845,0.02,0.25
2015.07.29 16:36:30.832,0.14812,0.14842,0.02,0.01
2015.07.29 16:36:37.552,0.14809,0.14839,0.06,0.14
2015.07.29 16:36:39.342,0.14813,0.14843,0.02,0.01
2015.07.29 16:36:42.918,0.14808,0.14838,0.22,0.16
2015.07.29 16:36:43.189,0.14812,0.14842,0.02,0.19
2015.07.29 16:36:43.239,0.14815,0.14845,0.02,0.23
2015.07.29 16:37:00.366,0.14816,0.14846,0.02,0.26
2015.07.29 16:37:00.978,0.14814,0.14844,0.04,0.01
2015.07.29 16:37:02.543,0.14812,0.14842,0.02,0.22
2015.07.29 16:37:03.555,0.14815,0.14845,0.02,0.01
2015.07.29 16:37:07.493,0.14811,0.14841,0.21,0.19
2015.07.29 16:37:09.954,0.14809,0.14839,0.04,0.17
2015.07.29 16:37:10.055,0.14811,0.14841,0.04,0.18
2015.07.29 16:37:10.586,0.1481,0.1484,0.02,0.19
2015.07.29 16:37:13.912,0.14809,0.14839,0.02,0.21
2015.07.29 16:37:39.846,0.14807,0.14837,0.02,0.16
2015.07.29 16:37:39.971,0.14807,0.14837,0.02,0.16
2015.07.29 16:37:40.021,0.14802,0.14835,0.04,0.17
2015.07.29 16:37:40.376,0.14806,0.14836,0.04,0.13
2015.07.29 16:37:49.893,0.14811,0.14841,0.02,0.28
2015.07.29 16:37:50.845,0.14812,0.14842,0.02,0.28
2015.07.29 16:38:01.015,0.1481,0.1484,0.02,0.30
2015.07.29 16:38:06.109,0.14804,0.14834,0.18,0.02
2015.07.29 16:38:06.160,0.14805,0.14835,0.02,0.25
2015.07.29 16:38:06.735,0.14805,0.14835,0.02,0.04
2015.07.29 16:38:07.267,0.14806,0.14836,0.04,0.13
2015.07.29 16:38:09.028,0.14806,0.14836,0.02,0.20
2015.07.29 16:38:09.079,0.14803,0.14833,0.21,0.16
2015.07.29 16:38:09.129,0.14806,0.14836,0.02,0.18
2015.07.29 16:38:13.415,0.14805,0.14835,0.02,0.26
2015.07.29 16:38:30.799,0.14806,0.14836,0.02,0.30
2015.07.29 16:38:36.434,0.14808,0.14838,0.02,0.20
2015.07.29 16:38:36.751,0.1481,0.1484,0.02,0.22
2015.07.29 16:38:38.420,0.14808,0.14838,0.02,0.19
2015.07.29 16:38:38.731,0.14802,0.14832,0.18,0.22
2015.07.29 16:38:40.425,0.14802,0.14832,0.04,0.02
2015.07.29 16:38:47.319,0.14802,0.14832,0.04,0.04
2015.07.29 16:38:47.631,0.14802,0.14832,0.02,0.23
2015.07.29 16:38:48.208,0.14802,0.14832,0.02,0.12
2015.07.29 16:38:58.559,0.14802,0.14832,0.02,0.21
2015.07.29 16:39:01.273,0.14806,0.14836,0.02,0.29
2015.07.29 16:39:07.224,0.14801,0.14831,0.02,0.13
2015.07.29 16:39:07.771,0.14801,0.14831,0.02,0.13
2015.07.29 16:39:08.077,0.14797,0.14827,0.04,0.18
2015.07.29 16:39:08.627,0.14802,0.14832,0.02,0.19
2015.07.29 16:39:16.544,0.14801,0.14831,0.02,0.02
2015.07.29 16:39:16.645,0.14802,0.14832,0.02,0.17
2015.07.29 16:39:17.230,0.14801,0.14831,0.19,0.22
2015.07.29 16:39:18.603,0.14802,0.14832,0.04,0.17
2015.07.29 16:39:23.395,0.14806,0.14836,0.02,0.21
2015.07.29 16:39:39.242,0.14805,0.14835,0.02,0.23
2015.07.29 16:39:43.891,0.14806,0.14836,0.21,0.02
2015.07.29 16:39:53.042,0.14814,0.14844,0.02,0.01
2015.07.29 16:40:00.386,0.14816,0.14846,0.02,0.18
2015.07.29 16:40:01.413,0.14811,0.14841,0.04,0.02
2015.07.29 16:40:01.821,0.14812,0.14842,0.02,0.19
2015.07.29 16:40:01.922,0.14807,0.14837,0.19,0.21
2015.07.29 16:40:02.935,0.1481,0.1484,0.02,0.28
2015.07.29 16:40:03.286,0.14811,0.14841,0.15,0.22
2015.07.29 16:40:03.759,0.14814,0.14844,0.02,0.20
2015.07.29 16:40:04.365,0.14811,0.14841,0.18,0.23
2015.07.29 16:40:05.456,0.14814,0.14844,0.02,0.21
2015.07.29 16:40:11.116,0.14817,0.14847,0.02,0.01
2015.07.29 16:40:11.167,0.14816,0.14846,0.19,0.21
2015.07.29 16:40:11.864,0.14816,0.14846,0.02,0.19
2015.07.29 16:40:12.451,0.14819,0.14849,0.02,0.22
2015.07.29 16:40:18.551,0.14816,0.14846,0.02,0.18
2015.07.29 16:40:18.951,0.14819,0.14849,0.02,0.16
2015.07.29 16:40:23.643,0.14817,0.14847,0.02,0.16
2015.07.29 16:40:24.888,0.14812,0.14842,0.23,0.22
2015.07.29 16:40:25.422,0.14812,0.14842,0.02,0.22
2015.07.29 16:40:27.055,0.14812,0.14842,0.02,0.21
2015.07.29 16:40:27.106,0.14807,0.14839,0.02,0.23
2015.07.29 16:40:27.167,0.14812,0.14842,0.02,0.22
2015.07.29 16:40:28.930,0.1481,0.1484,0.02,0.17
2015.07.29 16:40:29.253,0.14812,0.14842,0.02,0.25
2015.07.29 16:40:29.372,0.14811,0.14841,0.17,0.17
2015.07.29 16:40:31.905,0.14814,0.14844,0.02,0.20
2015.07.29 16:40:32.549,0.14811,0.14841,0.16,0.02
2015.07.29 16:40:36.415,0.14813,0.14843,0.02,0.20
2015.07.29 16:40:36.539,0.1481,0.1484,0.02,0.18
2015.07.29 16:40:36.740,0.14812,0.14842,0.02,0.27
2015.07.29 16:40:36.791,0.14811,0.14841,0.18,0.20
2015.07.29 16:40:36.892,0.14814,0.14844,0.02,0.23
2015.07.29 16:40:37.459,0.14814,0.14844,0.02,0.23
2015.07.29 16:40:39.972,0.14811,0.14841,0.04,0.02
2015.07.29 16:40:40.501,0.14816,0.14846,0.02,0.24
2015.07.29 16:40:46.416,0.14814,0.14844,0.02,0.02
2015.07.29 16:40:46.527,0.14816,0.14846,0.02,0.22
2015.07.29 16:40:46.678,0.14815,0.14845,0.08,0.18
2015.07.29 16:40:47.027,0.14813,0.14843,0.02,0.02
2015.07.29 16:40:47.774,0.14819,0.14849,0.02,0.01
2015.07.29 16:40:48.380,0.14815,0.14845,0.02,0.02
2015.07.29 16:40:59.524,0.14817,0.14847,0.02,0.21
2015.07.29 16:40:59.574,0.14812,0.14842,0.02,0.23
2015.07.29 16:41:00.091,0.14816,0.14846,0.02,0.28
2015.07.29 16:41:01.248,0.14811,0.14841,0.18,0.22
2015.07.29 16:41:01.847,0.14811,0.14841,0.22,0.02
2015.07.29 16:41:02.850,0.14812,0.14842,0.02,0.22
2015.07.29 16:41:03.606,0.14815,0.14845,0.02,0.24
2015.07.29 16:41:03.707,0.1481,0.1484,0.02,0.22
2015.07.29 16:41:11.111,0.14809,0.14839,0.02,0.22
2015.07.29 16:41:23.715,0.14807,0.14837,0.02,0.22
2015.07.29 16:41:24.019,0.14805,0.14835,0.04,0.18
2015.07.29 16:41:26.585,0.14802,0.14832,0.04,0.22
2015.07.29 16:41:41.996,0.14803,0.14833,0.07,0.23
2015.07.29 16:41:42.097,0.148,0.1483,0.02,0.19
2015.07.29 16:41:42.817,0.14802,0.14832,0.04,0.02
2015.07.29 16:41:44.238,0.14797,0.14827,0.04,0.10
2015.07.29 16:41:44.289,0.148,0.1483,0.02,0.18
2015.07.29 16:41:45.925,0.14797,0.14827,0.21,0.21
2015.07.29 16:41:46.432,0.14797,0.14827,0.19,0.02
2015.07.29 16:41:53.294,0.14801,0.14831,0.02,0.28
2015.07.29 16:41:54.650,0.14799,0.14829,0.18,0.19
2015.07.29 16:41:54.721,0.14804,0.14834,0.02,0.19
2015.07.29 16:41:54.772,0.14801,0.14831,0.20,0.02
2015.07.29 16:41:54.941,0.14801,0.14831,0.20,0.02
2015.07.29 16:41:58.094,0.14805,0.14835,0.02,0.23
2015.07.29 16:42:50.835,0.14807,0.14837,0.02,0.25
2015.07.29 16:42:58.249,0.14806,0.14836,0.02,0.01
2015.07.29 16:43:00.191,0.14801,0.14831,0.06,0.23
2015.07.29 16:43:03.774,0.14803,0.14833,0.02,0.20
2015.07.29 16:43:14.298,0.14801,0.14831,0.26,0.19
2015.07.29 16:43:25.288,0.14802,0.14832,0.06,0.02
2015.07.29 16:43:34.135,0.14801,0.14831,0.21,0.19
2015.07.29 16:43:43.748,0.14803,0.14833,0.02,0.20
2015.07.29 16:44:06.533,0.14799,0.14829,0.06,0.02
2015.07.29 16:44:06.950,0.14802,0.14832,0.02,0.23
2015.07.29 16:44:09.605,0.14803,0.14833,0.02,0.26
2015.07.29 16:44:09.720,0.14808,0.14838,0.02,0.28
2015.07.29 16:44:09.771,0.14805,0.14835,0.02,0.01
2015.07.29 16:44:14.007,0.14805,0.14835,0.02,0.19
2015.07.29 16:44:17.856,0.14804,0.14834,0.08,0.24
2015.07.29 16:44:17.957,0.14809,0.14839,0.04,0.20
2015.07.29 16:44:21.917,0.14812,0.14842,0.02,0.22
2015.07.29 16:44:29.304,0.14809,0.14839,0.02,0.19
2015.07.29 16:44:29.457,0.14802,0.14832,0.14,0.22
2015.07.29 16:44:33.360,0.14808,0.14838,0.02,0.31
2015.07.29 16:44:47.323,0.14809,0.14839,0.02,0.23
2015.07.29 16:44:47.890,0.14802,0.14832,0.06,0.10
2015.07.29 16:44:51.377,0.14807,0.14837,0.02,0.22
2015.07.29 16:44:55.010,0.1481,0.1484,0.02,0.26
2015.07.29 16:44:55.125,0.14812,0.14842,0.02,0.27
2015.07.29 16:45:00.436,0.14802,0.14832,0.06,0.22
2015.07.29 16:45:01.101,0.14801,0.14831,0.10,0.02
2015.07.29 16:45:04.468,0.14807,0.14837,0.02,0.25
2015.07.29 16:45:07.277,0.14802,0.14832,0.06,0.04
2015.07.29 16:45:08.979,0.14808,0.14838,0.02,0.30
2015.07.29 16:45:09.941,0.14806,0.14836,0.04,0.24
2015.07.29 16:45:11.971,0.14806,0.14836,0.02,0.24
2015.07.29 16:45:15.139,0.14807,0.14837,0.02,0.25
2015.07.29 16:45:15.240,0.14803,0.14833,0.04,0.13
2015.07.29 16:45:15.888,0.14806,0.14836,0.02,0.13
2015.07.29 16:45:15.939,0.14805,0.14835,0.21,0.02
2015.07.29 16:45:16.548,0.14802,0.14832,0.13,0.24
2015.07.29 16:45:17.687,0.14805,0.14835,0.02,0.17
2015.07.29 16:45:26.863,0.14802,0.14832,0.19,0.22
2015.07.29 16:45:27.401,0.14805,0.14835,0.02,0.21
2015.07.29 16:45:33.512,0.14802,0.14832,0.20,0.23
2015.07.29 16:45:56.468,0.14805,0.14835,0.02,0.23
2015.07.29 16:46:03.933,0.14801,0.14831,0.04,0.04
2015.07.29 16:46:04.747,0.14808,0.14838,0.02,0.22
2015.07.29 16:46:15.049,0.14801,0.14831,0.13,0.24
2015.07.29 16:46:18.554,0.14802,0.14832,0.04,0.05
2015.07.29 16:46:32.503,0.14803,0.14833,0.04,0.23
2015.07.29 16:46:32.625,0.14809,0.14839,0.04,0.01
2015.07.29 16:46:36.547,0.14813,0.14843,0.02,0.34
2015.07.29 16:46:44.390,0.1481,0.1484,0.02,0.29
2015.07.29 16:46:44.441,0.14802,0.14832,0.02,0.21
2015.07.29 16:46:46.394,0.14801,0.14831,0.22,0.23
2015.07.29 16:46:48.038,0.14806,0.14836,0.02,0.20
2015.07.29 16:46:48.426,0.14807,0.14837,0.02,0.20
2015.07.29 16:46:58.866,0.14806,0.14836,0.02,0.17
2015.07.29 16:47:24.542,0.14808,0.14838,0.02,0.23
2015.07.29 16:47:24.593,0.14806,0.14836,0.02,0.11
2015.07.29 16:47:24.644,0.14806,0.14836,0.02,0.13
2015.07.29 16:47:37.516,0.14806,0.14836,0.22,0.24
2015.07.29 16:47:37.585,0.14806,0.14836,0.24,0.14
2015.07.29 16:47:38.573,0.14811,0.14841,0.02,0.19
2015.07.29 16:47:54.855,0.1481,0.1484,0.02,0.24
2015.07.29 16:48:23.131,0.14806,0.14836,0.02,0.22
2015.07.29 16:48:23.237,0.14806,0.14836,0.02,0.22
2015.07.29 16:48:23.288,0.14804,0.14834,0.02,0.20
2015.07.29 16:48:23.341,0.14806,0.14836,0.02,0.17
2015.07.29 16:48:23.850,0.14806,0.14836,0.02,0.19
2015.07.29 16:48:34.480,0.1481,0.1484,0.02,0.19
2015.07.29 16:48:41.067,0.1481,0.1484,0.02,0.18
2015.07.29 16:48:47.676,0.14806,0.14836,0.02,0.07
2015.07.29 16:48:53.645,0.1481,0.1484,0.02,0.22
2015.07.29 16:48:59.838,0.14806,0.14836,0.20,0.20
2015.07.29 16:49:01.590,0.14806,0.14837,0.02,0.21
2015.07.29 16:49:02.393,0.1481,0.1484,0.02,0.21
2015.07.29 16:49:02.550,0.14805,0.14835,0.02,0.18
2015.07.29 16:49:04.202,0.14806,0.14836,0.19,0.14
2015.07.29 16:49:04.263,0.14807,0.14837,0.02,0.14
2015.07.29 16:49:04.413,0.14805,0.14835,0.04,0.02
2015.07.29 16:49:16.476,0.14808,0.14838,0.02,0.27
2015.07.29 16:49:16.693,0.14802,0.14832,0.02,0.17
2015.07.29 16:49:17.234,0.14802,0.14832,0.20,0.24
2015.07.29 16:49:19.702,0.14802,0.14832,0.19,0.14
2015.07.29 16:49:19.853,0.14807,0.14837,0.02,0.18
2015.07.29 16:49:29.342,0.14802,0.14832,0.18,0.23
2015.07.29 16:49:29.392,0.14806,0.14836,0.02,0.26
2015.07.29 16:49:35.250,0.14803,0.14833,0.20,0.23
2015.07.29 16:49:35.301,0.14805,0.14835,0.02,0.23
2015.07.29 16:49:36.178,0.14802,0.14832,0.19,0.18
2015.07.29 16:49:38.554,0.14805,0.14835,0.02,0.27
2015.07.29 16:49:40.832,0.14808,0.14838,0.02,0.23
2015.07.29 16:49:40.933,0.14805,0.14835,0.02,0.18
2015.07.29 16:49:45.064,0.14806,0.14836,0.23,0.21
2015.07.29 16:49:45.114,0.14808,0.14838,0.02,0.21
2015.07.29 16:49:45.577,0.1481,0.1484,0.02,0.23
2015.07.29 16:50:08.530,0.14811,0.14841,0.02,0.22
2015.07.29 16:50:17.323,0.14806,0.14836,0.02,0.15
2015.07.29 16:50:19.562,0.14806,0.14836,0.23,0.20
2015.07.29 16:50:20.075,0.14806,0.14836,0.17,0.02
2015.07.29 16:50:21.864,0.14806,0.14836,0.18,0.19
2015.07.29 16:50:23.269,0.14806,0.14836,0.11,0.02
2015.07.29 16:50:28.969,0.1481,0.1484,0.02,0.19
2015.07.29 16:50:29.692,0.1481,0.1484,0.02,0.22
2015.07.29 16:50:38.557,0.14806,0.14836,0.02,0.13
2015.07.29 16:50:42.534,0.14807,0.14837,0.02,0.26
2015.07.29 16:50:42.584,0.14802,0.14832,0.23,0.23
2015.07.29 16:50:42.786,0.14803,0.14833,0.02,0.16
2015.07.29 16:50:42.935,0.14805,0.14835,0.02,0.02
2015.07.29 16:50:43.290,0.14802,0.14832,0.02,0.22
2015.07.29 16:50:43.366,0.14802,0.14832,0.02,0.10
2015.07.29 16:50:47.257,0.14808,0.14838,0.02,0.16
2015.07.29 16:50:47.497,0.14805,0.14835,0.02,0.22
2015.07.29 16:50:48.344,0.14803,0.14833,0.02,0.22
2015.07.29 16:50:48.776,0.14805,0.14835,0.02,0.02
2015.07.29 16:50:49.326,0.14802,0.14832,0.18,0.22
2015.07.29 16:50:58.593,0.14803,0.14833,0.02,0.04
2015.07.29 16:51:02.858,0.14801,0.14831,0.26,0.02
2015.07.29 16:51:05.935,0.14801,0.14831,0.16,0.02
2015.07.29 16:51:07.585,0.14802,0.14832,0.02,0.23
2015.07.29 16:51:07.635,0.14804,0.14834,0.02,0.20
2015.07.29 16:51:08.294,0.1481,0.1484,0.02,0.22
2015.07.29 16:51:15.307,0.14811,0.14841,0.02,0.16
2015.07.29 16:51:20.066,0.14807,0.14837,0.02,0.16
2015.07.29 16:51:23.811,0.14806,0.14836,0.02,0.22
2015.07.29 16:51:28.034,0.14804,0.14834,0.02,0.21
2015.07.29 16:51:33.520,0.14806,0.14836,0.18,0.18
2015.07.29 16:51:33.574,0.14807,0.14837,0.02,0.18
2015.07.29 16:51:37.116,0.14805,0.14835,0.02,0.23
2015.07.29 16:51:40.501,0.14802,0.14832,0.09,0.22
2015.07.29 16:51:44.649,0.14804,0.14834,0.02,0.22
2015.07.29 16:51:45.246,0.14802,0.14832,0.02,0.11
2015.07.29 16:52:05.875,0.14805,0.14835,0.02,0.24
2015.07.29 16:52:06.026,0.1481,0.1484,0.02,0.22
2015.07.29 16:52:11.719,0.14807,0.14837,0.02,0.22
2015.07.29 16:52:11.770,0.14802,0.14832,0.02,0.20
2015.07.29 16:52:12.725,0.14801,0.14831,0.24,0.02
2015.07.29 16:52:31.403,0.14807,0.14837,0.02,0.25
2015.07.29 16:52:31.504,0.14809,0.14839,0.02,0.20
2015.07.29 16:52:32.149,0.14806,0.14836,0.02,0.17
2015.07.29 16:52:42.764,0.14807,0.14837,0.02,0.19
2015.07.29 16:52:43.301,0.14803,0.14833,0.02,0.20
2015.07.29 16:52:43.643,0.14802,0.14832,0.02,0.16
2015.07.29 16:52:56.914,0.14804,0.14834,0.02,0.18
2015.07.29 16:53:09.582,0.14806,0.14836,0.02,0.18
2015.07.29 16:53:28.059,0.14808,0.14838,0.02,0.29
2015.07.29 16:53:32.181,0.14812,0.14842,0.02,0.28
2015.07.29 16:53:32.231,0.1481,0.1484,0.02,0.24
2015.07.29 16:53:37.092,0.1481,0.1484,0.02,0.27
2015.07.29 16:53:42.811,0.14813,0.14843,0.02,0.27
2015.07.29 16:53:52.463,0.14808,0.14838,0.02,0.20
2015.07.29 16:53:52.621,0.14808,0.14838,0.02,0.25
2015.07.29 16:54:01.292,0.1481,0.1484,0.02,0.30
2015.07.29 16:54:01.393,0.14809,0.14839,0.02,0.22
2015.07.29 16:54:05.810,0.14813,0.14843,0.02,0.28
2015.07.29 16:54:08.077,0.1481,0.1484,0.02,0.01
2015.07.29 16:54:09.065,0.14807,0.14837,0.06,0.16
2015.07.29 16:54:18.517,0.14807,0.14837,0.02,0.20
2015.07.29 16:54:19.426,0.14806,0.14837,0.02,0.17
2015.07.29 16:54:28.255,0.14807,0.14837,0.02,0.21
2015.07.29 16:54:29.277,0.14815,0.14845,0.02,0.22
2015.07.29 16:54:29.328,0.14811,0.14841,0.04,0.16
2015.07.29 16:54:30.953,0.14812,0.14842,0.06,0.04
2015.07.29 16:54:31.657,0.14811,0.14841,0.04,0.23
2015.07.29 16:54:33.300,0.14818,0.14848,0.02,0.30
2015.07.29 16:54:33.471,0.14814,0.14844,0.23,0.02
2015.07.29 16:54:34.077,0.14819,0.14849,0.02,0.21
2015.07.29 16:54:35.211,0.14822,0.14852,0.02,0.23
2015.07.29 16:54:36.058,0.14815,0.14846,0.13,0.25
2015.07.29 16:54:36.670,0.14815,0.14845,0.06,0.08
2015.07.29 16:54:37.003,0.14812,0.14842,0.23,0.02
2015.07.29 16:54:37.170,0.14818,0.14848,0.02,0.29
2015.07.29 16:54:38.852,0.14816,0.14846,0.02,0.02
2015.07.29 16:54:41.088,0.14812,0.14842,0.18,0.23
2015.07.29 16:54:41.765,0.14811,0.14841,0.17,0.19
2015.07.29 16:54:42.119,0.14814,0.14844,0.02,0.21
2015.07.29 16:54:44.263,0.14808,0.14838,0.29,0.23
2015.07.29 16:54:44.721,0.14813,0.14843,0.02,0.23
2015.07.29 16:54:44.772,0.14808,0.14838,0.25,0.23
2015.07.29 16:54:46.471,0.14813,0.14843,0.02,0.26
2015.07.29 16:54:47.464,0.1481,0.1484,0.02,0.09
2015.07.29 16:54:47.900,0.14812,0.14842,0.02,0.28
2015.07.29 16:54:48.001,0.14808,0.14838,0.04,0.07
2015.07.29 16:54:48.152,0.14814,0.14844,0.04,0.22
2015.07.29 16:54:48.913,0.14811,0.14841,0.04,0.07
2015.07.29 16:54:52.794,0.14812,0.14842,0.02,0.22
2015.07.29 16:54:55.941,0.14814,0.14844,0.04,0.21
2015.07.29 16:54:56.930,0.14812,0.14842,0.02,0.21
2015.07.29 16:54:56.981,0.14812,0.14842,0.02,0.23
2015.07.29 16:54:57.338,0.14807,0.14838,0.11,0.20
2015.07.29 16:54:57.939,0.14808,0.14838,0.02,0.24
2015.07.29 16:55:01.020,0.14809,0.14839,0.02,0.21
2015.07.29 16:55:18.531,0.1481,0.1484,0.02,0.26
2015.07.29 16:55:19.141,0.14805,0.14836,0.06,0.12
2015.07.29 16:55:19.464,0.14802,0.14832,0.04,0.19
2015.07.29 16:55:19.584,0.14806,0.14836,0.02,0.22
2015.07.29 16:55:20.256,0.14803,0.14833,0.02,0.16
2015.07.29 16:55:23.483,0.14803,0.14833,0.02,0.21
2015.07.29 16:55:38.420,0.14805,0.14835,0.02,0.20
2015.07.29 16:55:38.991,0.14802,0.14832,0.24,0.13
2015.07.29 16:55:39.453,0.14805,0.14835,0.22,0.20
2015.07.29 16:55:41.449,0.14806,0.14836,0.17,0.22
2015.07.29 16:55:43.458,0.14809,0.14839,0.04,0.21
2015.07.29 16:55:45.421,0.14806,0.14836,0.14,0.02
2015.07.29 16:55:55.905,0.14802,0.14832,0.21,0.20
2015.07.29 16:55:55.956,0.14807,0.14837,0.04,0.22
2015.07.29 16:55:58.413,0.1481,0.1484,0.02,0.23
2015.07.29 16:55:58.523,0.14808,0.14838,0.02,0.22
2015.07.29 16:55:58.623,0.14808,0.14838,0.02,0.24
2015.07.29 16:55:59.337,0.14802,0.14832,0.04,0.17
2015.07.29 16:56:00.306,0.14809,0.14839,0.02,0.19
2015.07.29 16:56:00.427,0.1481,0.1484,0.02,0.21
2015.07.29 16:56:03.037,0.14807,0.14837,0.02,0.21
2015.07.29 16:56:04.308,0.14806,0.14836,0.02,0.16
2015.07.29 16:56:06.750,0.14802,0.14832,0.02,0.18
2015.07.29 16:56:07.254,0.14802,0.14832,0.04,0.11
2015.07.29 16:56:38.608,0.14802,0.14832,0.02,0.19
2015.07.29 16:56:45.778,0.14808,0.14838,0.02,0.26
2015.07.29 16:56:58.788,0.14802,0.14832,0.06,0.02
2015.07.29 16:57:19.037,0.14802,0.14832,0.04,0.15
2015.07.29 16:57:38.617,0.14802,0.14832,0.08,0.15
2015.07.29 16:57:46.091,0.14802,0.14832,0.08,0.15
2015.07.29 16:57:58.554,0.148,0.14831,0.22,0.10
2015.07.29 16:57:59.106,0.148,0.14832,0.22,0.17
2015.07.29 16:58:00.971,0.148,0.14831,0.22,0.10
2015.07.29 16:58:04.469,0.148,0.14832,0.22,0.17
2015.07.29 16:58:07.990,0.14805,0.14835,0.02,0.21
2015.07.29 16:58:08.323,0.14798,0.14828,0.02,0.24
2015.07.29 16:58:15.809,0.148,0.1483,0.23,0.02
2015.07.29 16:58:16.162,0.14803,0.14833,0.02,0.23
2015.07.29 16:58:16.680,0.14805,0.14835,0.02,0.26
2015.07.29 16:58:16.790,0.14803,0.14833,0.02,0.22
2015.07.29 16:58:25.068,0.14803,0.14833,0.02,0.26
2015.07.29 16:58:26.298,0.14802,0.14832,0.02,0.27
2015.07.29 16:58:26.349,0.14799,0.14829,0.06,0.02
2015.07.29 16:58:26.857,0.14803,0.14833,0.04,0.24
2015.07.29 16:58:29.129,0.14806,0.14836,0.02,0.27
2015.07.29 16:58:29.835,0.14805,0.14835,0.02,0.22
2015.07.29 16:58:33.217,0.14808,0.14838,0.02,0.31
2015.07.29 16:58:35.072,0.14798,0.14828,0.06,0.02
2015.07.29 16:58:36.644,0.14801,0.14831,0.04,0.24
2015.07.29 16:58:36.745,0.14798,0.14828,0.26,0.10
2015.07.29 16:59:02.128,0.14799,0.14829,0.04,0.23
2015.07.29 16:59:02.242,0.14797,0.14827,0.14,0.28
2015.07.29 16:59:02.719,0.14796,0.14826,0.02,0.25
2015.07.29 16:59:06.229,0.14797,0.14827,0.02,0.30
2015.07.29 16:59:17.019,0.14791,0.14821,0.26,0.16
2015.07.29 16:59:18.028,0.14797,0.14827,0.02,0.23
2015.07.29 16:59:25.821,0.14799,0.14829,0.02,0.16
2015.07.29 16:59:25.978,0.14796,0.14826,0.23,0.02
2015.07.29 16:59:27.726,0.14795,0.14825,0.26,0.18
2015.07.29 16:59:28.332,0.14799,0.14829,0.04,0.20
2015.07.29 16:59:30.401,0.14796,0.14826,0.21,0.22
2015.07.29 16:59:31.006,0.14797,0.14827,0.04,0.25
2015.07.29 16:59:49.948,0.14796,0.14826,0.02,0.18
2015.07.29 16:59:50.449,0.14799,0.14829,0.04,0.22
2015.07.29 16:59:55.656,0.14796,0.14826,0.20,0.22
2015.07.29 16:59:56.368,0.14799,0.14829,0.04,0.22
