2015.11.09 00:00:01.935,0.14734,0.14768,0.02,0.04
2015.11.09 00:00:02.938,0.14733,0.14768,0.02,0.02
2015.11.09 00:00:03.884,0.14734,0.14768,0.02,0.04
2015.11.09 00:00:04.642,0.14736,0.14768,0.01,0.02
2015.11.09 00:00:05.416,0.14737,0.14768,0.01,0.04
2015.11.09 00:00:05.964,0.14736,0.14768,0.01,0.02
2015.11.09 00:00:06.786,0.14737,0.14768,0.01,0.04
2015.11.09 00:00:09.459,0.14736,0.14768,0.01,0.02
2015.11.09 00:00:10.562,0.14737,0.14768,0.01,0.04
2015.11.09 00:00:11.363,0.14736,0.14768,0.01,0.02
2015.11.09 00:00:14.379,0.14737,0.14768,0.01,0.04
2015.11.09 00:00:17.090,0.14736,0.14768,0.01,0.02
2015.11.09 00:00:18.121,0.14737,0.14768,0.01,0.04
2015.11.09 00:00:20.089,0.14736,0.14768,0.01,0.02
2015.11.09 00:00:20.891,0.14737,0.14768,0.01,0.04
2015.11.09 00:00:23.374,0.14736,0.14768,0.01,0.02
2015.11.09 00:00:23.922,0.14737,0.14768,0.01,0.04
2015.11.09 00:00:24.744,0.14736,0.14768,0.01,0.02
2015.11.09 00:00:26.052,0.14737,0.14767,0.01,0.02
2015.11.09 00:00:26.674,0.14736,0.14768,0.01,0.04
2015.11.09 00:00:27.731,0.14737,0.14767,0.01,0.02
2015.11.09 00:00:28.341,0.14736,0.14768,0.01,0.02
2015.11.09 00:00:28.883,0.14737,0.14767,0.01,0.02
2015.11.09 00:00:29.632,0.14736,0.14768,0.01,0.02
2015.11.09 00:00:31.435,0.14737,0.14767,0.01,0.02
2015.11.09 00:00:31.936,0.14736,0.14768,0.01,0.02
2015.11.09 00:00:35.244,0.14737,0.14767,0.01,0.02
2015.11.09 00:00:35.984,0.14736,0.14768,0.01,0.02
2015.11.09 00:00:36.594,0.14737,0.14767,0.01,0.02
2015.11.09 00:00:37.349,0.14736,0.14768,0.01,0.02
2015.11.09 00:00:37.964,0.14737,0.14767,0.01,0.02
2015.11.09 00:00:39.401,0.14735,0.14765,0.02,0.02
2015.11.09 00:00:39.453,0.14731,0.14765,0.02,0.02
2015.11.09 00:00:41.394,0.14732,0.14765,0.02,0.02
2015.11.09 00:00:43.375,0.14731,0.14765,0.02,0.02
2015.11.09 00:00:43.494,0.14731,0.14762,0.02,0.02
2015.11.09 00:00:45.185,0.14732,0.14765,0.02,0.02
2015.11.09 00:00:48.914,0.14731,0.14764,0.02,0.02
2015.11.09 00:00:50.920,0.14732,0.14765,0.02,0.02
2015.11.09 00:01:11.744,0.14731,0.14764,0.02,0.02
2015.11.09 00:01:13.662,0.14732,0.14765,0.02,0.02
2015.11.09 00:01:15.574,0.14731,0.14764,0.02,0.02
2015.11.09 00:01:20.918,0.14732,0.14765,0.02,0.02
2015.11.09 00:01:21.019,0.14732,0.14769,0.02,0.02
2015.11.09 00:01:21.069,0.14736,0.14767,0.01,0.02
2015.11.09 00:01:22.052,0.14736,0.14766,0.01,0.02
2015.11.09 00:01:22.861,0.14735,0.14767,0.01,0.02
2015.11.09 00:01:24.783,0.14736,0.14766,0.01,0.02
2015.11.09 00:01:26.708,0.14735,0.14767,0.01,0.02
2015.11.09 00:01:27.870,0.14736,0.14766,0.01,0.02
2015.11.09 00:01:28.530,0.14735,0.14767,0.01,0.02
2015.11.09 00:01:32.365,0.14736,0.14766,0.01,0.02
2015.11.09 00:01:34.286,0.14735,0.14767,0.01,0.02
2015.11.09 00:01:36.241,0.14736,0.14766,0.01,0.02
2015.11.09 00:01:37.306,0.14735,0.14767,0.01,0.02
2015.11.09 00:01:41.180,0.14736,0.14766,0.01,0.02
2015.11.09 00:01:43.054,0.14735,0.14767,0.01,0.02
2015.11.09 00:01:43.760,0.14736,0.14766,0.01,0.02
2015.11.09 00:01:46.783,0.14735,0.14767,0.01,0.02
2015.11.09 00:01:50.610,0.14736,0.14766,0.01,0.02
2015.11.09 00:01:54.473,0.14735,0.14767,0.01,0.02
2015.11.09 00:01:58.179,0.14736,0.14766,0.01,0.02
2015.11.09 00:02:04.700,0.14735,0.14767,0.01,0.02
2015.11.09 00:02:08.479,0.14736,0.14767,0.01,0.02
2015.11.09 00:02:14.233,0.14735,0.14768,0.01,0.02
2015.11.09 00:02:16.107,0.14736,0.14767,0.01,0.02
2015.11.09 00:02:21.815,0.14735,0.14768,0.01,0.02
2015.11.09 00:02:24.826,0.14736,0.14767,0.01,0.02
2015.11.09 00:02:25.631,0.14735,0.14768,0.01,0.02
2015.11.09 00:02:27.436,0.14736,0.14767,0.01,0.02
2015.11.09 00:02:29.381,0.14735,0.14768,0.01,0.02
2015.11.09 00:02:30.445,0.14736,0.14767,0.01,0.02
2015.11.09 00:02:31.502,0.14735,0.14768,0.01,0.02
2015.11.09 00:02:33.154,0.14736,0.14767,0.01,0.02
2015.11.09 00:02:34.256,0.14735,0.14768,0.01,0.02
2015.11.09 00:02:35.059,0.14736,0.14767,0.01,0.02
2015.11.09 00:02:36.966,0.14735,0.14768,0.01,0.02
2015.11.09 00:02:38.169,0.14736,0.14767,0.01,0.02
2015.11.09 00:02:40.804,0.14735,0.14768,0.01,0.02
2015.11.09 00:02:43.785,0.14736,0.14767,0.01,0.02
2015.11.09 00:02:44.587,0.14735,0.14768,0.01,0.02
2015.11.09 00:02:46.491,0.14736,0.14767,0.01,0.02
2015.11.09 00:02:47.594,0.14735,0.14768,0.01,0.02
2015.11.09 00:02:48.497,0.14736,0.14767,0.01,0.02
2015.11.09 00:02:50.201,0.14735,0.14768,0.01,0.02
2015.11.09 00:02:51.404,0.14736,0.14767,0.01,0.02
2015.11.09 00:02:52.207,0.14735,0.14768,0.01,0.02
2015.11.09 00:02:53.347,0.14736,0.14767,0.01,0.02
2015.11.09 00:02:54.127,0.14735,0.14768,0.01,0.02
2015.11.09 00:02:55.940,0.14736,0.14767,0.01,0.02
2015.11.09 00:02:57.119,0.14735,0.14768,0.01,0.02
2015.11.09 00:02:57.920,0.14736,0.14767,0.01,0.02
2015.11.09 00:02:59.022,0.14735,0.14768,0.01,0.02
2015.11.09 00:03:02.732,0.14736,0.14767,0.01,0.02
2015.11.09 00:03:03.534,0.14735,0.14768,0.01,0.02
2015.11.09 00:03:04.130,0.14736,0.14767,0.01,0.02
2015.11.09 00:03:04.737,0.14735,0.14768,0.01,0.02
2015.11.09 00:03:10.365,0.14736,0.14767,0.01,0.02
2015.11.09 00:03:11.170,0.14735,0.14768,0.01,0.02
2015.11.09 00:03:13.143,0.14736,0.14767,0.01,0.02
2015.11.09 00:03:13.739,0.14735,0.14768,0.01,0.02
2015.11.09 00:03:14.984,0.14736,0.14767,0.01,0.02
2015.11.09 00:03:16.087,0.14735,0.14768,0.01,0.02
2015.11.09 00:03:16.418,0.14737,0.1477,0.01,0.04
2015.11.09 00:03:16.777,0.14739,0.1477,0.01,0.02
2015.11.09 00:03:20.211,0.14738,0.1477,0.01,0.02
2015.11.09 00:03:20.488,0.14738,0.14773,0.01,0.04
2015.11.09 00:03:25.817,0.14739,0.14772,0.01,0.02
2015.11.09 00:03:27.722,0.14738,0.14773,0.01,0.04
2015.11.09 00:03:28.645,0.14736,0.1477,0.01,0.02
2015.11.09 00:03:29.149,0.14735,0.14768,0.01,0.02
2015.11.09 00:03:30.530,0.14736,0.14767,0.01,0.02
2015.11.09 00:03:36.293,0.14735,0.14768,0.01,0.04
2015.11.09 00:03:38.225,0.14736,0.14767,0.01,0.02
2015.11.09 00:03:39.001,0.14732,0.14762,0.02,0.02
2015.11.09 00:03:39.660,0.14731,0.14765,0.02,0.02
2015.11.09 00:03:41.427,0.14734,0.14764,0.02,0.02
2015.11.09 00:03:41.528,0.14734,0.14768,0.02,0.04
2015.11.09 00:03:46.345,0.14735,0.14767,0.02,0.02
2015.11.09 00:03:47.055,0.14734,0.14768,0.02,0.04
2015.11.09 00:03:48.969,0.14735,0.14767,0.02,0.02
2015.11.09 00:03:49.489,0.14734,0.14768,0.02,0.04
2015.11.09 00:03:50.889,0.14735,0.14767,0.02,0.02
2015.11.09 00:03:53.331,0.14734,0.14768,0.02,0.04
2015.11.09 00:03:55.246,0.14735,0.14767,0.02,0.02
2015.11.09 00:03:56.514,0.14734,0.14768,0.02,0.04
2015.11.09 00:03:57.116,0.14735,0.14767,0.02,0.02
2015.11.09 00:03:59.028,0.14734,0.14768,0.02,0.04
2015.11.09 00:04:00.345,0.14735,0.14767,0.02,0.02
2015.11.09 00:04:00.933,0.14734,0.14768,0.02,0.04
2015.11.09 00:04:01.247,0.14735,0.14766,0.02,0.02
2015.11.09 00:04:02.842,0.14734,0.14767,0.02,0.02
2015.11.09 00:04:04.146,0.14735,0.14767,0.01,0.02
2015.11.09 00:04:04.748,0.14736,0.14766,0.01,0.02
2015.11.09 00:04:08.562,0.14735,0.14767,0.01,0.02
2015.11.09 00:04:11.777,0.14729,0.14768,0.04,0.04
2015.11.09 00:04:18.043,0.1473,0.14767,0.04,0.02
2015.11.09 00:04:19.388,0.14729,0.14768,0.04,0.04
2015.11.09 00:04:21.253,0.1473,0.14767,0.04,0.02
2015.11.09 00:04:21.854,0.14729,0.14768,0.04,0.04
2015.11.09 00:04:23.226,0.1473,0.14767,0.04,0.02
2015.11.09 00:04:23.759,0.14729,0.14768,0.04,0.04
2015.11.09 00:04:25.063,0.1473,0.14767,0.04,0.02
2015.11.09 00:04:26.996,0.14729,0.14768,0.04,0.04
2015.11.09 00:04:27.573,0.1473,0.14767,0.04,0.02
2015.11.09 00:04:28.879,0.14736,0.14766,0.01,0.02
2015.11.09 00:04:31.306,0.14735,0.14767,0.01,0.04
2015.11.09 00:04:32.691,0.14736,0.14766,0.01,0.04
2015.11.09 00:04:33.192,0.14735,0.14767,0.01,0.04
2015.11.09 00:04:33.693,0.1473,0.14768,0.03,0.02
2015.11.09 00:04:34.417,0.14737,0.14768,0.01,0.02
2015.11.09 00:04:37.002,0.14738,0.14768,0.01,0.02
2015.11.09 00:04:38.405,0.14737,0.14768,0.01,0.02
2015.11.09 00:04:38.956,0.14738,0.14768,0.01,0.02
2015.11.09 00:04:40.214,0.14737,0.14768,0.01,0.02
2015.11.09 00:04:40.863,0.14738,0.14768,0.01,0.02
2015.11.09 00:04:41.804,0.14738,0.14773,0.01,0.01
2015.11.09 00:04:42.463,0.14737,0.14774,0.01,0.01
2015.11.09 00:04:43.124,0.14738,0.14773,0.01,0.01
2015.11.09 00:04:44.165,0.14737,0.14774,0.01,0.01
2015.11.09 00:04:44.775,0.14738,0.14773,0.01,0.01
2015.11.09 00:04:45.155,0.14736,0.14774,0.01,0.01
2015.11.09 00:04:45.928,0.14737,0.14773,0.01,0.01
2015.11.09 00:04:48.455,0.14736,0.14774,0.01,0.01
2015.11.09 00:04:49.737,0.14737,0.14773,0.01,0.01
2015.11.09 00:04:50.066,0.14736,0.14769,0.01,0.04
2015.11.09 00:04:50.724,0.14737,0.14768,0.01,0.04
2015.11.09 00:04:54.148,0.14736,0.14769,0.01,0.04
2015.11.09 00:04:55.560,0.14737,0.14768,0.01,0.04
2015.11.09 00:05:01.173,0.14736,0.14769,0.01,0.04
2015.11.09 00:05:01.768,0.14737,0.14768,0.01,0.04
2015.11.09 00:05:03.072,0.14736,0.14769,0.01,0.04
2015.11.09 00:05:03.574,0.14737,0.14768,0.01,0.04
2015.11.09 00:05:04.518,0.14736,0.14769,0.01,0.04
2015.11.09 00:05:05.079,0.14737,0.14768,0.01,0.04
2015.11.09 00:05:08.391,0.14735,0.14769,0.01,0.04
2015.11.09 00:05:08.969,0.14736,0.14768,0.01,0.04
2015.11.09 00:05:09.675,0.14735,0.14769,0.01,0.04
2015.11.09 00:05:10.302,0.14737,0.1477,0.01,0.06
2015.11.09 00:05:10.710,0.14736,0.14768,0.01,0.04
2015.11.09 00:05:11.370,0.14735,0.14769,0.01,0.04
2015.11.09 00:05:11.901,0.14736,0.14768,0.01,0.04
2015.11.09 00:05:16.012,0.14735,0.14769,0.01,0.06
2015.11.09 00:05:17.917,0.14736,0.14768,0.01,0.04
2015.11.09 00:05:21.769,0.14735,0.14769,0.01,0.06
2015.11.09 00:05:27.441,0.14736,0.14768,0.01,0.04
2015.11.09 00:05:31.249,0.14735,0.14769,0.01,0.06
2015.11.09 00:05:33.154,0.14736,0.14768,0.01,0.04
2015.11.09 00:05:36.990,0.14735,0.14769,0.01,0.06
2015.11.09 00:05:38.867,0.14736,0.14768,0.01,0.04
2015.11.09 00:05:40.773,0.14735,0.14769,0.01,0.06
2015.11.09 00:05:42.661,0.14736,0.14768,0.01,0.04
2015.11.09 00:05:44.584,0.14735,0.14769,0.01,0.06
2015.11.09 00:05:48.300,0.14736,0.14768,0.01,0.04
2015.11.09 00:05:52.110,0.14736,0.14767,0.01,0.04
2015.11.09 00:05:54.038,0.14735,0.14768,0.01,0.04
2015.11.09 00:05:54.566,0.14736,0.14767,0.01,0.04
2015.11.09 00:05:59.731,0.14735,0.14768,0.01,0.04
2015.11.09 00:06:01.637,0.14736,0.14767,0.01,0.04
2015.11.09 00:06:02.443,0.14735,0.14768,0.01,0.04
2015.11.09 00:06:02.947,0.14733,0.14767,0.02,0.04
2015.11.09 00:06:07.363,0.14732,0.14768,0.02,0.04
2015.11.09 00:06:09.175,0.14733,0.14767,0.02,0.04
2015.11.09 00:06:11.593,0.14732,0.14768,0.02,0.04
2015.11.09 00:06:13.081,0.14733,0.14767,0.02,0.04
2015.11.09 00:06:20.599,0.14732,0.14768,0.02,0.04
2015.11.09 00:06:21.140,0.14733,0.14767,0.02,0.04
2015.11.09 00:06:22.505,0.14732,0.14768,0.02,0.04
2015.11.09 00:06:24.412,0.14733,0.14767,0.02,0.04
2015.11.09 00:06:28.240,0.14732,0.14768,0.02,0.04
2015.11.09 00:06:32.066,0.14733,0.14767,0.02,0.04
2015.11.09 00:06:33.985,0.14732,0.14768,0.02,0.04
2015.11.09 00:06:35.193,0.14733,0.14767,0.02,0.04
2015.11.09 00:06:38.413,0.14732,0.14768,0.02,0.04
2015.11.09 00:06:39.146,0.14733,0.14767,0.02,0.04
2015.11.09 00:06:39.667,0.14732,0.14768,0.02,0.04
2015.11.09 00:06:43.377,0.14733,0.14767,0.02,0.04
2015.11.09 00:06:43.893,0.14732,0.14768,0.02,0.04
2015.11.09 00:06:47.394,0.14733,0.14767,0.02,0.04
2015.11.09 00:06:49.161,0.14732,0.14768,0.02,0.04
2015.11.09 00:06:51.070,0.14733,0.14767,0.02,0.04
2015.11.09 00:07:00.531,0.14732,0.14768,0.02,0.04
2015.11.09 00:07:04.392,0.14733,0.14767,0.02,0.04
2015.11.09 00:07:08.190,0.14732,0.14768,0.02,0.04
2015.11.09 00:07:08.911,0.14733,0.14767,0.02,0.04
2015.11.09 00:07:10.014,0.14732,0.14768,0.02,0.04
2015.11.09 00:07:10.562,0.14733,0.14767,0.02,0.04
2015.11.09 00:07:12.130,0.14733,0.14768,0.02,0.04
2015.11.09 00:07:12.422,0.14732,0.14769,0.01,0.04
2015.11.09 00:07:14.128,0.14733,0.14768,0.01,0.04
2015.11.09 00:07:15.934,0.14732,0.14769,0.01,0.04
2015.11.09 00:07:17.070,0.14733,0.14768,0.01,0.04
2015.11.09 00:07:17.839,0.14732,0.14769,0.01,0.04
2015.11.09 00:07:19.745,0.14733,0.14768,0.01,0.04
2015.11.09 00:07:22.981,0.14732,0.14762,0.01,0.02
2015.11.09 00:07:24.962,0.14733,0.14767,0.01,0.02
2015.11.09 00:07:30.675,0.14734,0.14766,0.01,0.02
2015.11.09 00:07:32.500,0.14733,0.14767,0.01,0.02
2015.11.09 00:07:47.722,0.14734,0.14766,0.01,0.02
2015.11.09 00:07:49.626,0.14733,0.14767,0.01,0.02
2015.11.09 00:07:51.638,0.14734,0.14766,0.01,0.02
2015.11.09 00:07:53.439,0.14733,0.14767,0.01,0.02
2015.11.09 00:07:54.143,0.14734,0.14766,0.01,0.02
2015.11.09 00:07:57.149,0.14733,0.14767,0.01,0.02
2015.11.09 00:08:10.498,0.14734,0.14766,0.01,0.02
2015.11.09 00:08:12.520,0.14733,0.14767,0.01,0.02
2015.11.09 00:08:14.314,0.14734,0.14766,0.01,0.02
2015.11.09 00:08:19.749,0.14737,0.14769,0.01,0.02
2015.11.09 00:08:19.864,0.14734,0.1477,0.01,0.02
2015.11.09 00:08:19.971,0.14733,0.14768,0.01,0.02
2015.11.09 00:08:20.657,0.14737,0.14771,0.01,0.02
2015.11.09 00:08:23.849,0.14736,0.14772,0.01,0.02
2015.11.09 00:08:24.451,0.14737,0.14771,0.01,0.02
2015.11.09 00:08:28.307,0.14736,0.14772,0.01,0.02
2015.11.09 00:08:30.277,0.14737,0.14771,0.01,0.02
2015.11.09 00:08:43.517,0.14736,0.14772,0.01,0.02
2015.11.09 00:08:45.322,0.14737,0.14771,0.01,0.02
2015.11.09 00:08:49.235,0.14736,0.14772,0.01,0.02
2015.11.09 00:08:51.043,0.14737,0.14771,0.01,0.02
2015.11.09 00:08:52.950,0.14736,0.14772,0.01,0.02
2015.11.09 00:08:53.712,0.14736,0.14771,0.01,0.02
2015.11.09 00:08:54.289,0.14734,0.14767,0.01,0.02
2015.11.09 00:08:55.662,0.14733,0.14767,0.01,0.04
2015.11.09 00:09:03.278,0.14734,0.14766,0.01,0.04
2015.11.09 00:09:04.194,0.14733,0.14763,0.01,0.02
2015.11.09 00:09:04.746,0.14732,0.14763,0.01,0.02
2015.11.09 00:09:06.023,0.14732,0.14766,0.01,0.04
2015.11.09 00:09:07.897,0.14733,0.14765,0.01,0.04
2015.11.09 00:09:13.642,0.14732,0.14766,0.01,0.04
2015.11.09 00:09:14.723,0.14732,0.14765,0.01,0.02
2015.11.09 00:09:14.863,0.1473,0.14764,0.01,0.04
2015.11.09 00:09:15.549,0.14731,0.14763,0.01,0.04
2015.11.09 00:09:18.159,0.1473,0.14764,0.01,0.04
2015.11.09 00:09:21.270,0.14731,0.14763,0.01,0.04
2015.11.09 00:09:22.376,0.1473,0.14764,0.01,0.04
2015.11.09 00:09:25.085,0.14731,0.14763,0.01,0.04
2015.11.09 00:09:26.141,0.1473,0.14764,0.01,0.04
2015.11.09 00:09:28.137,0.14731,0.14763,0.01,0.04
2015.11.09 00:09:29.942,0.1473,0.14764,0.01,0.04
2015.11.09 00:09:30.538,0.14731,0.14763,0.01,0.04
2015.11.09 00:09:32.565,0.1473,0.14764,0.01,0.02
2015.11.09 00:09:32.915,0.1473,0.14768,0.01,0.02
2015.11.09 00:09:36.412,0.1473,0.14765,0.01,0.02
2015.11.09 00:09:38.376,0.14731,0.14765,0.01,0.02
2015.11.09 00:09:38.987,0.1473,0.14765,0.01,0.02
2015.11.09 00:09:40.392,0.14731,0.14765,0.01,0.02
2015.11.09 00:09:41.075,0.1473,0.14765,0.01,0.02
2015.11.09 00:09:42.555,0.14731,0.14765,0.01,0.02
2015.11.09 00:09:44.795,0.1473,0.14763,0.01,0.02
2015.11.09 00:09:45.418,0.14731,0.14762,0.01,0.02
2015.11.09 00:09:46.076,0.1473,0.14763,0.01,0.02
2015.11.09 00:09:48.114,0.14731,0.14762,0.01,0.02
2015.11.09 00:09:49.815,0.1473,0.14763,0.01,0.02
2015.11.09 00:09:50.126,0.14733,0.14764,0.01,0.02
2015.11.09 00:09:51.001,0.14733,0.14765,0.01,0.02
2015.11.09 00:09:51.884,0.14734,0.14764,0.01,0.02
2015.11.09 00:09:54.615,0.14733,0.14765,0.01,0.02
2015.11.09 00:09:57.436,0.14734,0.14764,0.01,0.02
2015.11.09 00:09:59.343,0.14733,0.14765,0.01,0.02
2015.11.09 00:09:59.877,0.14734,0.14764,0.01,0.02
2015.11.09 00:10:00.882,0.14727,0.14766,0.02,0.02
2015.11.09 00:10:01.455,0.14728,0.14765,0.02,0.02
2015.11.09 00:10:03.091,0.14727,0.14766,0.03,0.02
2015.11.09 00:10:05.509,0.14728,0.14765,0.02,0.02
2015.11.09 00:10:07.089,0.14727,0.14766,0.02,0.02
2015.11.09 00:10:08.233,0.14734,0.14766,0.01,0.02
2015.11.09 00:10:08.923,0.14735,0.14765,0.01,0.02
2015.11.09 00:10:11.053,0.14734,0.14766,0.01,0.02
2015.11.09 00:10:11.614,0.14735,0.14765,0.01,0.02
2015.11.09 00:10:12.316,0.14734,0.14766,0.01,0.02
2015.11.09 00:10:13.219,0.14735,0.14765,0.01,0.02
2015.11.09 00:10:13.821,0.14734,0.14766,0.01,0.02
2015.11.09 00:10:15.430,0.14736,0.14768,0.01,0.02
2015.11.09 00:10:15.832,0.14734,0.14766,0.01,0.02
2015.11.09 00:10:19.288,0.14735,0.14765,0.01,0.02
2015.11.09 00:10:20.590,0.14737,0.14767,0.01,0.02
2015.11.09 00:10:23.681,0.14734,0.14771,0.01,0.02
2015.11.09 00:10:25.595,0.14735,0.14771,0.01,0.02
2015.11.09 00:10:27.104,0.14738,0.14769,0.01,0.02
2015.11.09 00:10:27.632,0.14737,0.1477,0.01,0.02
2015.11.09 00:10:28.937,0.14738,0.14769,0.01,0.02
2015.11.09 00:10:32.797,0.14737,0.1477,0.01,0.02
2015.11.09 00:10:34.912,0.14738,0.14769,0.01,0.02
2015.11.09 00:10:35.827,0.14737,0.1477,0.01,0.02
2015.11.09 00:10:36.539,0.14738,0.14769,0.01,0.02
2015.11.09 00:10:37.215,0.14739,0.14769,0.01,0.02
2015.11.09 00:10:38.478,0.14738,0.1477,0.01,0.02
2015.11.09 00:10:40.528,0.14739,0.14769,0.01,0.02
2015.11.09 00:10:42.401,0.14738,0.1477,0.01,0.02
2015.11.09 00:10:44.220,0.14739,0.14769,0.01,0.02
2015.11.09 00:10:45.260,0.14736,0.14769,0.01,0.02
2015.11.09 00:10:45.311,0.14736,0.14766,0.01,0.02
2015.11.09 00:10:45.870,0.14735,0.14767,0.01,0.02
2015.11.09 00:10:46.350,0.14733,0.14768,0.01,0.02
2015.11.09 00:10:46.415,0.14739,0.14769,0.01,0.04
2015.11.09 00:10:47.140,0.14738,0.14769,0.01,0.02
2015.11.09 00:10:47.800,0.14738,0.1477,0.01,0.02
2015.11.09 00:10:50.203,0.14739,0.14769,0.01,0.02
2015.11.09 00:10:51.952,0.14738,0.1477,0.01,0.02
2015.11.09 00:10:53.878,0.14739,0.14769,0.01,0.02
2015.11.09 00:10:55.776,0.14738,0.1477,0.01,0.02
2015.11.09 00:10:56.492,0.14738,0.14769,0.01,0.02
2015.11.09 00:10:56.593,0.14735,0.14769,0.01,0.02
2015.11.09 00:10:56.679,0.14735,0.14767,0.01,0.02
2015.11.09 00:10:58.183,0.14736,0.14766,0.01,0.02
2015.11.09 00:11:01.534,0.14735,0.14767,0.01,0.02
2015.11.09 00:11:02.206,0.14736,0.14766,0.01,0.02
2015.11.09 00:11:06.017,0.14735,0.14767,0.01,0.02
2015.11.09 00:11:09.826,0.14736,0.14766,0.01,0.02
2015.11.09 00:11:11.737,0.14735,0.14767,0.01,0.02
2015.11.09 00:11:13.144,0.14736,0.14769,0.01,0.06
2015.11.09 00:11:13.646,0.14735,0.14769,0.01,0.02
2015.11.09 00:11:15.580,0.14736,0.14769,0.01,0.06
2015.11.09 00:11:19.361,0.14735,0.14769,0.01,0.02
2015.11.09 00:11:23.173,0.14736,0.14769,0.01,0.06
2015.11.09 00:11:25.097,0.14735,0.14769,0.01,0.02
2015.11.09 00:11:25.678,0.14736,0.14769,0.01,0.06
2015.11.09 00:11:26.880,0.14735,0.14769,0.01,0.02
2015.11.09 00:11:28.886,0.14736,0.14769,0.01,0.06
2015.11.09 00:11:34.502,0.14735,0.14769,0.01,0.02
2015.11.09 00:11:36.508,0.14736,0.14769,0.01,0.06
2015.11.09 00:11:37.089,0.14735,0.14769,0.01,0.02
2015.11.09 00:11:37.948,0.14736,0.14769,0.01,0.06
2015.11.09 00:11:39.251,0.14735,0.14769,0.01,0.02
2015.11.09 00:11:41.958,0.14738,0.14769,0.01,0.06
2015.11.09 00:11:42.524,0.14739,0.14769,0.01,0.06
2015.11.09 00:11:44.429,0.14738,0.14769,0.01,0.02
2015.11.09 00:11:45.561,0.14739,0.14769,0.01,0.02
2015.11.09 00:11:46.179,0.14738,0.14769,0.01,0.02
2015.11.09 00:11:47.116,0.14736,0.14766,0.01,0.02
2015.11.09 00:11:47.167,0.14735,0.14766,0.01,0.02
2015.11.09 00:11:47.267,0.14737,0.14767,0.01,0.02
2015.11.09 00:11:49.039,0.14738,0.14768,0.01,0.02
2015.11.09 00:11:51.199,0.14738,0.14768,0.01,0.02
2015.11.09 00:11:54.765,0.14737,0.14768,0.01,0.02
2015.11.09 00:11:56.660,0.14738,0.14768,0.01,0.02
2015.11.09 00:11:57.473,0.14732,0.14762,0.01,0.02
2015.11.09 00:11:58.048,0.14733,0.14763,0.01,0.02
2015.11.09 00:11:58.666,0.14731,0.14762,0.01,0.02
2015.11.09 00:12:04.597,0.1473,0.14762,0.01,0.02
2015.11.09 00:12:05.099,0.14731,0.14762,0.01,0.02
2015.11.09 00:12:07.033,0.1473,0.14762,0.01,0.02
2015.11.09 00:12:09.765,0.14731,0.14762,0.01,0.02
2015.11.09 00:12:09.865,0.14732,0.14765,0.01,0.02
2015.11.09 00:12:10.850,0.14735,0.14765,0.01,0.02
2015.11.09 00:12:11.758,0.14734,0.14765,0.01,0.02
2015.11.09 00:12:13.861,0.14734,0.14769,0.01,0.02
2015.11.09 00:12:15.553,0.14735,0.14769,0.01,0.02
2015.11.09 00:12:16.556,0.14734,0.14769,0.01,0.02
2015.11.09 00:12:17.269,0.14735,0.14769,0.01,0.02
2015.11.09 00:12:18.461,0.14734,0.14769,0.01,0.02
2015.11.09 00:12:19.263,0.14735,0.14769,0.01,0.02
2015.11.09 00:12:20.282,0.14734,0.14769,0.01,0.02
2015.11.09 00:12:20.684,0.14732,0.14766,0.01,0.02
2015.11.09 00:12:22.473,0.14733,0.14766,0.01,0.02
2015.11.09 00:12:24.374,0.14732,0.14766,0.01,0.02
2015.11.09 00:12:26.316,0.14733,0.14766,0.01,0.02
2015.11.09 00:12:27.883,0.14731,0.14766,0.01,0.02
2015.11.09 00:12:27.984,0.14731,0.14762,0.01,0.02
2015.11.09 00:12:29.891,0.1473,0.14762,0.01,0.02
2015.11.09 00:12:35.504,0.14731,0.14762,0.01,0.02
2015.11.09 00:12:36.819,0.14733,0.14763,0.01,0.02
2015.11.09 00:12:37.301,0.14734,0.14766,0.01,0.02
2015.11.09 00:12:37.827,0.14735,0.14766,0.01,0.02
2015.11.09 00:12:41.025,0.14736,0.14766,0.01,0.02
2015.11.09 00:12:41.250,0.14736,0.14769,0.01,0.02
2015.11.09 00:12:42.931,0.14735,0.14769,0.01,0.02
2015.11.09 00:12:44.860,0.14736,0.14769,0.01,0.02
2015.11.09 00:12:44.975,0.14733,0.14769,0.01,0.02
2015.11.09 00:12:45.330,0.14733,0.14766,0.01,0.02
2015.11.09 00:12:45.576,0.14731,0.14766,0.01,0.02
2015.11.09 00:12:46.049,0.14734,0.14766,0.01,0.02
2015.11.09 00:12:47.942,0.14733,0.14766,0.01,0.02
2015.11.09 00:12:48.555,0.14732,0.14766,0.01,0.02
2015.11.09 00:12:49.099,0.14731,0.14766,0.01,0.02
2015.11.09 00:12:49.440,0.14731,0.14762,0.01,0.02
2015.11.09 00:12:50.147,0.14732,0.14762,0.01,0.02
2015.11.09 00:12:54.770,0.14731,0.14762,0.01,0.02
2015.11.09 00:12:55.219,0.14731,0.14768,0.01,0.06
2015.11.09 00:12:55.560,0.14734,0.14768,0.01,0.02
2015.11.09 00:12:56.087,0.14735,0.14768,0.01,0.02
2015.11.09 00:12:57.165,0.14736,0.14768,0.01,0.02
2015.11.09 00:12:59.204,0.14735,0.14768,0.01,0.02
2015.11.09 00:12:59.950,0.14735,0.14772,0.01,0.04
2015.11.09 00:13:07.389,0.14736,0.14771,0.01,0.04
2015.11.09 00:13:10.664,0.14735,0.14772,0.01,0.04
2015.11.09 00:13:12.412,0.14736,0.14771,0.01,0.04
2015.11.09 00:13:18.104,0.14735,0.14772,0.01,0.04
2015.11.09 00:13:20.042,0.14736,0.14771,0.01,0.04
2015.11.09 00:13:23.743,0.14735,0.14772,0.01,0.04
2015.11.09 00:13:38.363,0.14735,0.14771,0.01,0.04
2015.11.09 00:13:46.567,0.14734,0.14772,0.01,0.04
2015.11.09 00:13:50.488,0.14735,0.14771,0.01,0.04
2015.11.09 00:13:52.292,0.14734,0.14772,0.01,0.04
2015.11.09 00:13:54.994,0.14734,0.14768,0.01,0.02
2015.11.09 00:13:55.530,0.14736,0.14768,0.01,0.02
2015.11.09 00:13:56.111,0.14737,0.14768,0.01,0.02
2015.11.09 00:13:57.328,0.14741,0.14771,0.01,0.02
2015.11.09 00:13:57.479,0.14742,0.14772,0.01,0.02
2015.11.09 00:13:57.997,0.14742,0.14773,0.01,0.02
2015.11.09 00:13:59.365,0.14741,0.14773,0.01,0.02
2015.11.09 00:14:01.241,0.14742,0.14773,0.01,0.02
2015.11.09 00:14:03.050,0.14741,0.14773,0.01,0.02
2015.11.09 00:14:06.861,0.14742,0.14773,0.01,0.02
2015.11.09 00:14:07.742,0.1474,0.1477,0.01,0.02
2015.11.09 00:14:07.792,0.14736,0.1477,0.01,0.02
2015.11.09 00:14:08.351,0.14737,0.1477,0.01,0.02
2015.11.09 00:14:09.601,0.14738,0.1477,0.01,0.02
2015.11.09 00:14:09.972,0.14736,0.1477,0.01,0.02
2015.11.09 00:14:11.574,0.14737,0.1477,0.01,0.02
2015.11.09 00:14:12.230,0.14737,0.14769,0.01,0.02
2015.11.09 00:14:15.424,0.14736,0.14769,0.01,0.02
2015.11.09 00:14:17.643,0.14737,0.14769,0.01,0.02
2015.11.09 00:14:19.419,0.14736,0.14769,0.01,0.02
2015.11.09 00:14:19.924,0.14737,0.14769,0.01,0.02
2015.11.09 00:14:21.037,0.14736,0.14769,0.01,0.02
2015.11.09 00:14:26.790,0.14737,0.14769,0.01,0.02
2015.11.09 00:14:27.093,0.14735,0.14769,0.01,0.02
2015.11.09 00:14:28.710,0.14736,0.14769,0.01,0.02
2015.11.09 00:14:29.667,0.14735,0.14769,0.01,0.02
2015.11.09 00:14:30.180,0.14736,0.14769,0.01,0.02
2015.11.09 00:14:32.554,0.14735,0.14769,0.01,0.02
2015.11.09 00:14:36.278,0.14736,0.14769,0.01,0.02
2015.11.09 00:14:41.990,0.14735,0.14769,0.01,0.02
2015.11.09 00:14:45.851,0.14736,0.14769,0.01,0.02
2015.11.09 00:14:47.759,0.14735,0.14769,0.01,0.02
2015.11.09 00:14:53.399,0.14736,0.14769,0.01,0.02
2015.11.09 00:14:55.333,0.14735,0.14769,0.01,0.02
2015.11.09 00:14:59.102,0.14736,0.14769,0.01,0.02
2015.11.09 00:15:03.179,0.14735,0.14769,0.01,0.02
2015.11.09 00:15:06.697,0.14736,0.14769,0.01,0.02
2015.11.09 00:15:08.595,0.14735,0.14769,0.01,0.02
2015.11.09 00:15:11.927,0.14735,0.14772,0.01,0.04
2015.11.09 00:15:12.587,0.14736,0.14771,0.01,0.04
2015.11.09 00:15:13.343,0.14735,0.14772,0.01,0.04
2015.11.09 00:15:14.003,0.14736,0.14771,0.01,0.04
2015.11.09 00:15:14.663,0.14735,0.14772,0.01,0.04
2015.11.09 00:15:15.918,0.14736,0.14771,0.01,0.04
2015.11.09 00:15:16.714,0.14735,0.14772,0.01,0.04
2015.11.09 00:15:18.132,0.14736,0.14771,0.01,0.04
2015.11.09 00:15:19.136,0.14734,0.14772,0.01,0.04
2015.11.09 00:15:19.450,0.14732,0.14765,0.01,0.02
2015.11.09 00:15:19.551,0.1473,0.14765,0.01,0.02
2015.11.09 00:15:20.140,0.14731,0.14765,0.01,0.02
2015.11.09 00:15:22.548,0.1473,0.14765,0.01,0.02
2015.11.09 00:15:23.350,0.14731,0.14765,0.01,0.02
2015.11.09 00:15:23.499,0.14731,0.14763,0.01,0.02
2015.11.09 00:15:29.665,0.1473,0.14763,0.01,0.02
2015.11.09 00:15:31.072,0.14731,0.14763,0.01,0.02
2015.11.09 00:15:31.602,0.1473,0.14763,0.01,0.02
2015.11.09 00:15:36.589,0.14731,0.14763,0.01,0.02
2015.11.09 00:15:38.494,0.1473,0.14763,0.01,0.02
2015.11.09 00:15:40.216,0.14731,0.14763,0.01,0.02
2015.11.09 00:15:40.876,0.14732,0.14763,0.01,0.02
2015.11.09 00:15:44.968,0.14729,0.14759,0.01,0.02
2015.11.09 00:15:45.023,0.14727,0.14759,0.01,0.02
2015.11.09 00:15:45.578,0.14726,0.14759,0.01,0.02
2015.11.09 00:15:46.948,0.14727,0.14759,0.01,0.02
2015.11.09 00:15:52.998,0.14727,0.1476,0.01,0.02
2015.11.09 00:15:53.450,0.1473,0.1476,0.01,0.02
2015.11.09 00:15:55.018,0.14731,0.14761,0.01,0.02
2015.11.09 00:15:57.059,0.14731,0.14763,0.01,0.02
2015.11.09 00:15:57.794,0.1473,0.14763,0.01,0.02
2015.11.09 00:15:58.334,0.14727,0.14762,0.01,0.04
2015.11.09 00:15:58.927,0.14727,0.14758,0.01,0.02
2015.11.09 00:16:07.752,0.14726,0.14758,0.01,0.02
2015.11.09 00:16:15.374,0.14727,0.14758,0.01,0.02
2015.11.09 00:16:17.388,0.14726,0.14758,0.01,0.02
2015.11.09 00:16:17.889,0.14727,0.14758,0.01,0.02
2015.11.09 00:16:19.295,0.14726,0.14758,0.01,0.02
2015.11.09 00:16:21.101,0.14727,0.14758,0.01,0.02
2015.11.09 00:16:26.819,0.14726,0.14758,0.01,0.02
2015.11.09 00:16:28.727,0.14727,0.14758,0.01,0.02
2015.11.09 00:16:30.632,0.14726,0.14758,0.01,0.02
2015.11.09 00:16:32.559,0.14727,0.14758,0.01,0.02
2015.11.09 00:16:36.346,0.14726,0.14758,0.01,0.02
2015.11.09 00:16:37.450,0.14727,0.14758,0.01,0.02
2015.11.09 00:16:40.160,0.14726,0.14758,0.01,0.02
2015.11.09 00:16:45.869,0.14727,0.14758,0.01,0.02
2015.11.09 00:16:47.738,0.14726,0.14758,0.01,0.02
2015.11.09 00:16:49.660,0.14727,0.14758,0.01,0.02
2015.11.09 00:16:50.202,0.14726,0.14758,0.01,0.02
2015.11.09 00:16:51.574,0.14727,0.14758,0.01,0.02
2015.11.09 00:16:53.484,0.14726,0.14758,0.01,0.02
2015.11.09 00:16:55.303,0.14727,0.14758,0.01,0.02
2015.11.09 00:16:56.237,0.14727,0.14761,0.01,0.04
2015.11.09 00:16:57.231,0.14726,0.14762,0.01,0.04
2015.11.09 00:16:59.166,0.14727,0.14761,0.01,0.04
2015.11.09 00:17:01.853,0.14726,0.14762,0.01,0.04
2015.11.09 00:17:05.566,0.14727,0.14761,0.01,0.04
2015.11.09 00:17:08.608,0.14726,0.14762,0.01,0.04
2015.11.09 00:17:10.582,0.14727,0.14761,0.01,0.04
2015.11.09 00:17:12.391,0.14726,0.14762,0.01,0.04
2015.11.09 00:17:14.298,0.14727,0.14761,0.01,0.04
2015.11.09 00:17:16.203,0.14726,0.14762,0.01,0.04
2015.11.09 00:17:18.127,0.14727,0.14761,0.01,0.04
2015.11.09 00:17:20.017,0.14726,0.14762,0.01,0.04
2015.11.09 00:17:21.922,0.14727,0.14761,0.01,0.04
2015.11.09 00:17:23.853,0.14726,0.14762,0.01,0.04
2015.11.09 00:17:27.667,0.14727,0.14761,0.01,0.04
2015.11.09 00:17:33.353,0.14726,0.14762,0.01,0.04
2015.11.09 00:17:34.299,0.14728,0.14762,0.01,0.04
2015.11.09 00:17:41.023,0.14729,0.14761,0.01,0.04
2015.11.09 00:17:43.595,0.14729,0.14762,0.01,0.04
2015.11.09 00:17:45.102,0.14731,0.14766,0.01,0.04
2015.11.09 00:17:45.216,0.14733,0.14766,0.01,0.04
2015.11.09 00:17:45.770,0.14732,0.14767,0.01,0.04
2015.11.09 00:17:46.890,0.14733,0.14766,0.01,0.04
2015.11.09 00:17:48.797,0.14732,0.14767,0.01,0.04
2015.11.09 00:17:51.605,0.14729,0.14767,0.01,0.04
2015.11.09 00:17:52.007,0.14732,0.14766,0.01,0.04
2015.11.09 00:17:53.009,0.1473,0.14764,0.01,0.04
2015.11.09 00:17:53.110,0.1473,0.14766,0.01,0.04
2015.11.09 00:17:53.510,0.14733,0.14766,0.01,0.04
2015.11.09 00:17:55.562,0.14732,0.14767,0.01,0.04
2015.11.09 00:17:56.317,0.14733,0.14766,0.01,0.04
2015.11.09 00:17:56.919,0.14732,0.14767,0.01,0.04
2015.11.09 00:17:58.222,0.14733,0.14766,0.01,0.04
2015.11.09 00:17:58.723,0.14732,0.14767,0.01,0.04
2015.11.09 00:17:59.927,0.14733,0.14766,0.01,0.04
2015.11.09 00:18:00.341,0.14731,0.14766,0.01,0.04
2015.11.09 00:18:00.906,0.1473,0.14767,0.01,0.04
2015.11.09 00:18:02.636,0.14731,0.14766,0.01,0.04
2015.11.09 00:18:07.797,0.1473,0.14767,0.01,0.04
2015.11.09 00:18:08.409,0.14731,0.14766,0.01,0.04
2015.11.09 00:18:11.606,0.1473,0.14767,0.01,0.04
2015.11.09 00:18:15.335,0.14731,0.14766,0.01,0.04
2015.11.09 00:18:15.839,0.14729,0.14767,0.01,0.04
2015.11.09 00:18:17.911,0.1473,0.14766,0.01,0.04
2015.11.09 00:18:19.156,0.14729,0.14767,0.01,0.04
2015.11.09 00:18:19.704,0.1473,0.14766,0.01,0.04
2015.11.09 00:18:27.238,0.14729,0.14767,0.01,0.04
2015.11.09 00:18:30.606,0.1473,0.14766,0.01,0.04
2015.11.09 00:18:34.405,0.14729,0.14767,0.01,0.04
2015.11.09 00:18:34.907,0.1473,0.14766,0.01,0.04
2015.11.09 00:18:36.811,0.14729,0.14767,0.01,0.04
2015.11.09 00:18:40.019,0.1473,0.14766,0.01,0.04
2015.11.09 00:18:40.954,0.1473,0.14763,0.01,0.02
2015.11.09 00:18:41.943,0.14729,0.14763,0.01,0.02
2015.11.09 00:18:43.541,0.1473,0.14763,0.01,0.02
2015.11.09 00:18:44.394,0.14733,0.14767,0.01,0.04
2015.11.09 00:18:44.956,0.14733,0.14768,0.01,0.02
2015.11.09 00:18:46.249,0.14732,0.14768,0.01,0.02
2015.11.09 00:18:47.264,0.14729,0.14763,0.01,0.02
2015.11.09 00:18:51.110,0.1473,0.14763,0.01,0.02
2015.11.09 00:18:52.968,0.14729,0.14763,0.01,0.02
2015.11.09 00:18:54.874,0.1473,0.14763,0.01,0.02
2015.11.09 00:18:56.681,0.14729,0.14763,0.01,0.02
2015.11.09 00:18:58.126,0.14733,0.14768,0.01,0.02
2015.11.09 00:18:58.764,0.14734,0.14768,0.01,0.02
2015.11.09 00:18:58.927,0.1473,0.14766,0.01,0.04
2015.11.09 00:18:59.591,0.14729,0.14767,0.01,0.04
2015.11.09 00:18:59.984,0.14729,0.14763,0.01,0.02
2015.11.09 00:19:00.301,0.14731,0.14763,0.01,0.02
2015.11.09 00:19:00.892,0.14729,0.14763,0.01,0.02
2015.11.09 00:19:01.622,0.1473,0.14763,0.01,0.02
2015.11.09 00:19:02.799,0.14729,0.14763,0.01,0.02
2015.11.09 00:19:04.705,0.1473,0.14763,0.01,0.02
2015.11.09 00:19:05.734,0.14732,0.14763,0.01,0.02
2015.11.09 00:19:06.241,0.14731,0.14763,0.01,0.02
2015.11.09 00:19:06.944,0.1473,0.14763,0.01,0.02
2015.11.09 00:19:08.747,0.14729,0.14763,0.01,0.02
2015.11.09 00:19:10.225,0.1473,0.14763,0.01,0.02
2015.11.09 00:19:13.936,0.14729,0.14763,0.01,0.02
2015.11.09 00:19:15.842,0.1473,0.14763,0.01,0.02
2015.11.09 00:19:16.640,0.14729,0.14763,0.01,0.02
2015.11.09 00:19:17.748,0.1473,0.14763,0.01,0.02
2015.11.09 00:19:18.580,0.14729,0.14763,0.01,0.02
2015.11.09 00:19:19.316,0.1473,0.14763,0.01,0.02
2015.11.09 00:19:21.560,0.14729,0.14763,0.01,0.02
2015.11.09 00:19:25.465,0.1473,0.14763,0.01,0.02
2015.11.09 00:19:27.375,0.14729,0.14763,0.01,0.02
2015.11.09 00:19:34.978,0.1473,0.14763,0.01,0.02
2015.11.09 00:19:40.456,0.14729,0.14763,0.01,0.02
2015.11.09 00:19:41.151,0.1473,0.14763,0.01,0.02
2015.11.09 00:19:43.068,0.14729,0.14763,0.01,0.02
2015.11.09 00:19:48.781,0.1473,0.14763,0.01,0.02
2015.11.09 00:19:49.413,0.14729,0.14759,0.01,0.02
2015.11.09 00:19:49.518,0.14724,0.14759,0.03,0.02
2015.11.09 00:19:49.593,0.14729,0.14759,0.01,0.02
2015.11.09 00:19:51.323,0.1473,0.1476,0.01,0.02
2015.11.09 00:19:51.374,0.1473,0.14762,0.01,0.02
2015.11.09 00:19:54.489,0.14729,0.14762,0.01,0.02
2015.11.09 00:19:55.181,0.1473,0.14762,0.01,0.02
2015.11.09 00:19:59.944,0.14729,0.14762,0.01,0.02
2015.11.09 00:20:02.496,0.1473,0.14762,0.01,0.02
2015.11.09 00:20:03.104,0.14729,0.14762,0.01,0.02
2015.11.09 00:20:04.656,0.1473,0.14762,0.01,0.02
2015.11.09 00:20:06.005,0.1473,0.14761,0.01,0.02
2015.11.09 00:20:06.059,0.14728,0.14761,0.01,0.02
2015.11.09 00:20:06.560,0.14727,0.14761,0.01,0.02
2015.11.09 00:20:07.987,0.14728,0.14761,0.01,0.02
2015.11.09 00:20:10.375,0.14727,0.14761,0.01,0.02
2015.11.09 00:20:11.801,0.14728,0.14761,0.01,0.02
2015.11.09 00:20:13.687,0.14727,0.14761,0.01,0.02
2015.11.09 00:20:14.198,0.14728,0.14761,0.01,0.02
2015.11.09 00:20:16.022,0.14727,0.14761,0.01,0.02
2015.11.09 00:20:17.530,0.14728,0.14761,0.01,0.02
2015.11.09 00:20:19.318,0.14727,0.14761,0.01,0.02
2015.11.09 00:20:21.729,0.14728,0.14761,0.01,0.02
2015.11.09 00:20:23.140,0.14727,0.14761,0.01,0.02
2015.11.09 00:20:23.643,0.14728,0.14761,0.01,0.02
2015.11.09 00:20:25.555,0.14727,0.14761,0.01,0.02
2015.11.09 00:20:27.455,0.14728,0.14761,0.01,0.02
2015.11.09 00:20:29.806,0.14728,0.14762,0.01,0.02
2015.11.09 00:20:30.387,0.14729,0.14762,0.01,0.02
2015.11.09 00:20:31.105,0.14726,0.14762,0.01,0.06
2015.11.09 00:20:31.745,0.14725,0.14758,0.01,0.02
2015.11.09 00:20:36.783,0.14726,0.14758,0.01,0.02
2015.11.09 00:20:40.493,0.14725,0.14758,0.01,0.02
2015.11.09 00:20:42.397,0.14726,0.14758,0.01,0.02
2015.11.09 00:20:44.403,0.14725,0.14758,0.01,0.02
2015.11.09 00:20:51.921,0.14726,0.14758,0.01,0.02
2015.11.09 00:20:53.027,0.14725,0.14758,0.01,0.02
2015.11.09 00:20:53.826,0.14726,0.14758,0.01,0.02
2015.11.09 00:21:05.189,0.14725,0.14758,0.01,0.02
2015.11.09 00:21:10.926,0.14726,0.14758,0.01,0.02
2015.11.09 00:21:12.809,0.14725,0.14758,0.01,0.02
2015.11.09 00:21:16.627,0.14726,0.14758,0.01,0.02
2015.11.09 00:21:22.354,0.14725,0.14758,0.01,0.02
2015.11.09 00:21:30.033,0.14726,0.14758,0.01,0.02
2015.11.09 00:21:31.890,0.14726,0.14762,0.01,0.04
2015.11.09 00:21:33.801,0.14725,0.14763,0.01,0.04
2015.11.09 00:21:37.523,0.14726,0.14762,0.01,0.04
2015.11.09 00:21:39.429,0.14725,0.14763,0.01,0.04
2015.11.09 00:21:45.192,0.14726,0.14762,0.01,0.04
2015.11.09 00:21:47.172,0.14725,0.14763,0.01,0.04
2015.11.09 00:21:50.802,0.14726,0.14762,0.01,0.04
2015.11.09 00:21:52.785,0.14725,0.14763,0.01,0.04
2015.11.09 00:21:58.803,0.14726,0.14763,0.01,0.04
2015.11.09 00:22:02.217,0.14727,0.14762,0.01,0.04
2015.11.09 00:22:04.132,0.14726,0.14763,0.01,0.04
2015.11.09 00:22:07.932,0.14727,0.14762,0.01,0.04
2015.11.09 00:22:09.864,0.14726,0.14763,0.01,0.04
2015.11.09 00:22:15.555,0.14727,0.14762,0.01,0.04
2015.11.09 00:22:21.119,0.14726,0.14763,0.01,0.04
2015.11.09 00:22:23.091,0.14727,0.14762,0.01,0.04
2015.11.09 00:22:27.013,0.14726,0.14763,0.01,0.04
2015.11.09 00:22:28.824,0.14727,0.14762,0.01,0.04
2015.11.09 00:22:30.474,0.14726,0.14762,0.01,0.04
2015.11.09 00:22:31.020,0.14727,0.14761,0.01,0.04
2015.11.09 00:22:34.543,0.14726,0.14762,0.01,0.04
2015.11.09 00:22:38.358,0.14727,0.14761,0.01,0.04
2015.11.09 00:22:42.170,0.14726,0.14762,0.01,0.04
2015.11.09 00:22:44.075,0.14727,0.14761,0.01,0.04
2015.11.09 00:22:51.743,0.14726,0.14762,0.01,0.04
2015.11.09 00:22:55.413,0.14727,0.14761,0.01,0.04
2015.11.09 00:22:57.322,0.14726,0.14762,0.01,0.04
2015.11.09 00:22:59.228,0.14727,0.14761,0.01,0.04
2015.11.09 00:23:01.142,0.14726,0.14762,0.01,0.04
2015.11.09 00:23:06.852,0.14727,0.14761,0.01,0.04
2015.11.09 00:23:10.675,0.14726,0.14762,0.01,0.04
2015.11.09 00:23:16.391,0.14727,0.14761,0.01,0.04
2015.11.09 00:23:18.197,0.14726,0.14762,0.01,0.04
2015.11.09 00:23:20.202,0.14727,0.14761,0.01,0.04
2015.11.09 00:23:22.109,0.14726,0.14762,0.01,0.04
2015.11.09 00:23:23.921,0.14727,0.14761,0.01,0.04
2015.11.09 00:23:25.826,0.14726,0.14762,0.01,0.04
2015.11.09 00:23:28.520,0.14727,0.14761,0.01,0.04
2015.11.09 00:23:42.913,0.14726,0.14762,0.01,0.04
2015.11.09 00:23:44.821,0.14727,0.14761,0.01,0.04
2015.11.09 00:23:48.631,0.14726,0.14762,0.01,0.04
2015.11.09 00:23:50.537,0.14727,0.14761,0.01,0.04
2015.11.09 00:23:54.366,0.14726,0.14762,0.01,0.04
2015.11.09 00:24:00.073,0.14727,0.14761,0.01,0.04
2015.11.09 00:24:00.375,0.14725,0.14762,0.01,0.04
2015.11.09 00:24:01.981,0.14726,0.14761,0.01,0.04
2015.11.09 00:24:05.826,0.14725,0.14762,0.01,0.04
2015.11.09 00:24:07.597,0.14726,0.14761,0.01,0.04
2015.11.09 00:24:09.605,0.14725,0.14762,0.01,0.04
2015.11.09 00:24:11.109,0.14726,0.14761,0.01,0.04
2015.11.09 00:24:13.418,0.14725,0.14762,0.01,0.04
2015.11.09 00:24:26.720,0.14726,0.14761,0.01,0.04
2015.11.09 00:24:30.498,0.14725,0.14762,0.01,0.04
2015.11.09 00:24:34.309,0.14726,0.14761,0.01,0.04
2015.11.09 00:24:36.114,0.14725,0.14762,0.01,0.04
2015.11.09 00:24:43.736,0.14726,0.14761,0.01,0.04
2015.11.09 00:24:47.546,0.14725,0.14762,0.01,0.04
2015.11.09 00:24:49.453,0.14726,0.14761,0.01,0.04
2015.11.09 00:24:53.288,0.14725,0.14762,0.01,0.04
2015.11.09 00:24:58.883,0.14726,0.14761,0.01,0.04
2015.11.09 00:25:02.821,0.14725,0.14762,0.01,0.04
2015.11.09 00:25:04.627,0.14726,0.14761,0.01,0.04
2015.11.09 00:25:06.537,0.14725,0.14762,0.01,0.04
2015.11.09 00:25:08.459,0.14726,0.14761,0.01,0.04
2015.11.09 00:25:10.366,0.14725,0.14762,0.01,0.04
2015.11.09 00:25:12.272,0.14726,0.14761,0.01,0.04
2015.11.09 00:25:16.081,0.14725,0.14762,0.01,0.04
2015.11.09 00:25:17.885,0.14726,0.14761,0.01,0.04
2015.11.09 00:25:21.713,0.14725,0.14762,0.01,0.04
2015.11.09 00:25:23.634,0.14726,0.14761,0.01,0.04
2015.11.09 00:25:25.544,0.14725,0.14762,0.01,0.04
2015.11.09 00:25:27.455,0.14726,0.14761,0.01,0.04
2015.11.09 00:25:31.274,0.14725,0.14762,0.01,0.04
2015.11.09 00:25:35.122,0.14726,0.14761,0.01,0.04
2015.11.09 00:25:38.928,0.14725,0.14762,0.01,0.04
2015.11.09 00:25:40.749,0.14726,0.14761,0.01,0.04
2015.11.09 00:25:45.270,0.14725,0.14762,0.01,0.04
2015.11.09 00:25:46.481,0.14726,0.14761,0.01,0.04
2015.11.09 00:25:48.400,0.14725,0.14762,0.01,0.04
2015.11.09 00:25:54.225,0.14726,0.14761,0.01,0.04
2015.11.09 00:25:55.900,0.14725,0.14762,0.01,0.04
2015.11.09 00:25:57.906,0.14726,0.14761,0.01,0.04
2015.11.09 00:25:59.713,0.14725,0.14762,0.01,0.04
2015.11.09 00:26:01.720,0.14726,0.14761,0.01,0.04
2015.11.09 00:26:05.445,0.14725,0.14762,0.01,0.04
2015.11.09 00:26:13.106,0.14726,0.14761,0.01,0.04
2015.11.09 00:26:16.883,0.14725,0.14762,0.01,0.04
2015.11.09 00:26:24.506,0.14726,0.14761,0.01,0.04
2015.11.09 00:26:28.217,0.14725,0.14762,0.01,0.04
2015.11.09 00:26:28.929,0.14726,0.14761,0.01,0.04
2015.11.09 00:26:30.127,0.14725,0.14762,0.01,0.04
2015.11.09 00:26:32.033,0.14726,0.14761,0.01,0.04
2015.11.09 00:26:35.846,0.14726,0.14762,0.01,0.04
2015.11.09 00:26:37.562,0.14726,0.14763,0.01,0.04
2015.11.09 00:26:42.967,0.14727,0.14762,0.01,0.04
2015.11.09 00:26:43.468,0.14726,0.14763,0.01,0.04
2015.11.09 00:26:44.990,0.14727,0.14762,0.01,0.04
2015.11.09 00:26:45.584,0.14726,0.14763,0.01,0.04
2015.11.09 00:26:47.349,0.14727,0.14762,0.01,0.04
2015.11.09 00:26:49.189,0.14726,0.14763,0.01,0.04
2015.11.09 00:26:53.000,0.14727,0.14762,0.01,0.04
2015.11.09 00:27:02.554,0.14726,0.14763,0.01,0.04
2015.11.09 00:27:04.364,0.14727,0.14762,0.01,0.04
2015.11.09 00:27:06.240,0.14726,0.14763,0.01,0.04
2015.11.09 00:27:12.013,0.14727,0.14762,0.01,0.04
2015.11.09 00:27:18.230,0.14726,0.14763,0.01,0.04
2015.11.09 00:27:19.548,0.14727,0.14762,0.01,0.04
2015.11.09 00:27:36.698,0.14727,0.14762,0.01,0.04
2015.11.09 00:27:38.556,0.14726,0.14763,0.01,0.04
2015.11.09 00:27:44.181,0.14727,0.14762,0.01,0.04
2015.11.09 00:27:46.197,0.14726,0.14763,0.01,0.04
2015.11.09 00:27:49.917,0.14727,0.14762,0.01,0.04
2015.11.09 00:27:53.746,0.14726,0.14763,0.01,0.04
2015.11.09 00:27:55.659,0.14727,0.14762,0.01,0.04
2015.11.09 00:27:57.565,0.14726,0.14763,0.01,0.04
2015.11.09 00:28:00.976,0.14725,0.14763,0.01,0.04
2015.11.09 00:28:06.216,0.14725,0.14762,0.01,0.04
2015.11.09 00:28:07.021,0.14726,0.14761,0.01,0.04
2015.11.09 00:28:10.849,0.14725,0.14762,0.01,0.04
2015.11.09 00:28:12.770,0.14726,0.14761,0.01,0.04
2015.11.09 00:28:14.705,0.14725,0.14762,0.01,0.04
2015.11.09 00:28:16.487,0.14726,0.14761,0.01,0.04
2015.11.09 00:28:18.494,0.14725,0.14762,0.01,0.04
2015.11.09 00:28:27.920,0.14726,0.14761,0.01,0.04
2015.11.09 00:28:31.739,0.14725,0.14762,0.01,0.04
2015.11.09 00:28:33.654,0.14726,0.14761,0.01,0.04
2015.11.09 00:28:39.407,0.14725,0.14762,0.01,0.04
2015.11.09 00:28:41.276,0.14726,0.14761,0.01,0.04
2015.11.09 00:28:43.181,0.14725,0.14762,0.01,0.04
2015.11.09 00:28:45.117,0.14726,0.14761,0.01,0.04
2015.11.09 00:28:52.722,0.14725,0.14762,0.01,0.04
2015.11.09 00:28:54.640,0.14726,0.14761,0.01,0.04
2015.11.09 00:28:56.436,0.14725,0.14762,0.01,0.04
2015.11.09 00:28:58.342,0.14726,0.14761,0.01,0.04
2015.11.09 00:29:00.248,0.14725,0.14762,0.01,0.04
2015.11.09 00:29:02.156,0.14726,0.14761,0.01,0.04
2015.11.09 00:29:04.062,0.14725,0.14762,0.01,0.04
2015.11.09 00:29:15.420,0.14726,0.14761,0.01,0.04
2015.11.09 00:29:23.047,0.14725,0.14762,0.01,0.04
2015.11.09 00:29:24.984,0.14726,0.14761,0.01,0.04
2015.11.09 00:29:45.687,0.14725,0.14762,0.01,0.04
2015.11.09 00:29:47.807,0.14726,0.14761,0.01,0.04
2015.11.09 00:29:55.344,0.14725,0.14762,0.01,0.04
2015.11.09 00:29:57.253,0.14726,0.14761,0.01,0.04
2015.11.09 00:30:01.064,0.14725,0.14762,0.01,0.04
2015.11.09 00:30:03.387,0.14724,0.14762,0.03,0.04
2015.11.09 00:30:04.892,0.14725,0.14761,0.03,0.04
2015.11.09 00:30:08.713,0.14724,0.14762,0.03,0.04
2015.11.09 00:30:10.618,0.14725,0.14761,0.03,0.04
2015.11.09 00:30:12.467,0.14724,0.14762,0.03,0.04
2015.11.09 00:30:14.429,0.14725,0.14761,0.03,0.04
2015.11.09 00:30:21.960,0.14724,0.14762,0.03,0.04
2015.11.09 00:30:25.852,0.14725,0.14761,0.03,0.04
2015.11.09 00:30:26.783,0.14724,0.14762,0.03,0.04
2015.11.09 00:30:28.687,0.14725,0.14761,0.03,0.04
2015.11.09 00:30:30.592,0.14724,0.14762,0.03,0.04
2015.11.09 00:30:32.398,0.14725,0.14761,0.03,0.04
2015.11.09 00:30:34.401,0.14724,0.14762,0.03,0.04
2015.11.09 00:30:37.120,0.14724,0.14763,0.03,0.04
2015.11.09 00:30:37.207,0.14726,0.14762,0.01,0.04
2015.11.09 00:30:39.135,0.14725,0.14763,0.01,0.04
2015.11.09 00:30:41.116,0.14726,0.14762,0.01,0.04
2015.11.09 00:30:44.939,0.14725,0.14763,0.01,0.04
2015.11.09 00:30:46.733,0.14726,0.14762,0.01,0.04
2015.11.09 00:30:50.572,0.14725,0.14763,0.01,0.04
2015.11.09 00:30:51.145,0.14728,0.14765,0.01,0.02
2015.11.09 00:30:51.495,0.14729,0.14763,0.01,0.02
2015.11.09 00:30:53.050,0.14728,0.14763,0.01,0.02
2015.11.09 00:30:54.955,0.14729,0.14763,0.01,0.02
2015.11.09 00:31:00.590,0.14728,0.14763,0.01,0.02
2015.11.09 00:31:04.430,0.14729,0.14763,0.01,0.02
2015.11.09 00:31:08.241,0.14728,0.14763,0.01,0.02
2015.11.09 00:31:12.050,0.14729,0.14763,0.01,0.02
2015.11.09 00:31:12.185,0.14727,0.14763,0.01,0.02
2015.11.09 00:31:12.295,0.14727,0.1476,0.01,0.02
2015.11.09 00:31:15.959,0.14728,0.1476,0.01,0.02
2015.11.09 00:31:17.883,0.14727,0.1476,0.01,0.02
2015.11.09 00:31:19.768,0.14728,0.1476,0.01,0.02
2015.11.09 00:31:21.674,0.14727,0.1476,0.01,0.02
2015.11.09 00:31:23.579,0.14728,0.1476,0.01,0.02
2015.11.09 00:31:27.388,0.14727,0.1476,0.01,0.02
2015.11.09 00:31:29.336,0.14728,0.1476,0.01,0.02
2015.11.09 00:31:33.114,0.14728,0.14762,0.01,0.02
2015.11.09 00:31:34.106,0.14729,0.14762,0.01,0.02
2015.11.09 00:31:35.008,0.14728,0.14762,0.01,0.02
2015.11.09 00:31:36.915,0.14729,0.14762,0.01,0.02
2015.11.09 00:31:38.721,0.14728,0.14762,0.01,0.02
2015.11.09 00:31:40.732,0.14729,0.14762,0.01,0.02
2015.11.09 00:31:42.005,0.14728,0.14758,0.01,0.02
2015.11.09 00:31:42.108,0.14725,0.14758,0.01,0.02
2015.11.09 00:31:47.680,0.14726,0.14758,0.01,0.02
2015.11.09 00:31:49.685,0.14725,0.14758,0.01,0.02
2015.11.09 00:31:51.492,0.14726,0.14758,0.01,0.02
2015.11.09 00:31:53.497,0.14725,0.14758,0.01,0.02
2015.11.09 00:31:57.206,0.14726,0.14758,0.01,0.02
2015.11.09 00:31:58.396,0.14726,0.14762,0.01,0.04
2015.11.09 00:31:58.446,0.14728,0.14763,0.01,0.02
2015.11.09 00:32:02.227,0.14729,0.14763,0.01,0.02
2015.11.09 00:32:06.034,0.14728,0.14763,0.01,0.02
2015.11.09 00:32:07.839,0.14729,0.14763,0.01,0.02
2015.11.09 00:32:09.746,0.14728,0.14763,0.01,0.02
2015.11.09 00:32:10.293,0.14729,0.14763,0.01,0.02
2015.11.09 00:32:11.664,0.14728,0.14763,0.01,0.02
2015.11.09 00:32:13.557,0.14729,0.14763,0.01,0.02
2015.11.09 00:32:15.462,0.14728,0.14763,0.01,0.02
2015.11.09 00:32:29.302,0.14729,0.14763,0.01,0.02
2015.11.09 00:32:30.706,0.14728,0.14763,0.01,0.02
2015.11.09 00:32:32.610,0.14729,0.14763,0.01,0.02
2015.11.09 00:32:38.329,0.14728,0.14763,0.01,0.02
2015.11.09 00:32:42.148,0.14729,0.14763,0.01,0.02
2015.11.09 00:32:51.596,0.14728,0.14763,0.01,0.02
2015.11.09 00:32:53.502,0.14729,0.14763,0.01,0.02
2015.11.09 00:32:54.115,0.14728,0.14763,0.01,0.02
2015.11.09 00:32:57.233,0.14729,0.14763,0.01,0.02
2015.11.09 00:32:58.465,0.14729,0.14766,0.01,0.04
2015.11.09 00:33:00.493,0.14728,0.14767,0.01,0.04
2015.11.09 00:33:01.156,0.14729,0.14766,0.01,0.04
2015.11.09 00:33:04.934,0.14728,0.14767,0.01,0.04
2015.11.09 00:33:05.470,0.14729,0.14767,0.01,0.04
2015.11.09 00:33:07.597,0.14728,0.14768,0.01,0.04
2015.11.09 00:33:09.401,0.14729,0.14767,0.01,0.04
2015.11.09 00:33:13.210,0.14728,0.14768,0.01,0.04
2015.11.09 00:33:20.852,0.14729,0.14767,0.01,0.04
2015.11.09 00:33:24.641,0.14728,0.14768,0.01,0.04
2015.11.09 00:33:26.847,0.14728,0.14767,0.01,0.04
2015.11.09 00:33:27.452,0.14729,0.14766,0.01,0.04
2015.11.09 00:33:30.666,0.14728,0.14767,0.01,0.04
2015.11.09 00:33:36.289,0.14729,0.14766,0.01,0.04
2015.11.09 00:33:44.608,0.14728,0.14767,0.01,0.04
2015.11.09 00:33:47.833,0.14729,0.14766,0.01,0.04
2015.11.09 00:33:51.530,0.14728,0.14767,0.01,0.04
2015.11.09 00:33:57.247,0.14729,0.14766,0.01,0.04
2015.11.09 00:34:00.389,0.14728,0.14767,0.01,0.04
2015.11.09 00:34:01.056,0.14729,0.14766,0.01,0.04
2015.11.09 00:34:02.761,0.1473,0.14766,0.01,0.04
2015.11.09 00:34:04.917,0.14729,0.14767,0.01,0.04
2015.11.09 00:34:06.700,0.1473,0.14766,0.01,0.04
2015.11.09 00:34:07.309,0.14729,0.14767,0.01,0.04
2015.11.09 00:34:10.082,0.1473,0.14766,0.01,0.04
2015.11.09 00:34:15.797,0.14729,0.14767,0.01,0.04
2015.11.09 00:34:16.550,0.1473,0.14766,0.01,0.04
2015.11.09 00:34:21.961,0.14729,0.14767,0.01,0.04
2015.11.09 00:34:25.732,0.1473,0.14766,0.01,0.04
2015.11.09 00:34:27.637,0.14729,0.14767,0.01,0.04
2015.11.09 00:34:28.446,0.1473,0.14766,0.01,0.04
2015.11.09 00:34:34.165,0.14729,0.14767,0.01,0.04
2015.11.09 00:34:37.111,0.1473,0.14767,0.01,0.04
2015.11.09 00:34:37.991,0.14729,0.14768,0.01,0.04
2015.11.09 00:34:46.905,0.1473,0.14767,0.01,0.04
2015.11.09 00:34:49.412,0.14729,0.14768,0.01,0.04
2015.11.09 00:34:55.094,0.1473,0.14767,0.01,0.04
2015.11.09 00:35:00.806,0.14729,0.14768,0.01,0.04
2015.11.09 00:35:02.728,0.1473,0.14767,0.01,0.04
2015.11.09 00:35:03.515,0.14729,0.14767,0.01,0.04
2015.11.09 00:35:08.445,0.1473,0.14766,0.01,0.04
2015.11.09 00:35:10.249,0.14729,0.14767,0.01,0.04
2015.11.09 00:35:14.158,0.1473,0.14766,0.01,0.04
2015.11.09 00:35:16.062,0.14729,0.14767,0.01,0.04
2015.11.09 00:35:19.793,0.1473,0.14766,0.01,0.04
2015.11.09 00:35:21.731,0.14729,0.14767,0.01,0.04
2015.11.09 00:35:23.580,0.1473,0.14766,0.01,0.04
2015.11.09 00:35:25.485,0.14729,0.14767,0.01,0.04
2015.11.09 00:35:27.389,0.1473,0.14766,0.01,0.04
2015.11.09 00:35:31.198,0.14729,0.14767,0.01,0.04
2015.11.09 00:35:35.011,0.1473,0.14766,0.01,0.04
2015.11.09 00:35:36.918,0.14729,0.14767,0.01,0.04
2015.11.09 00:35:40.729,0.1473,0.14766,0.01,0.04
2015.11.09 00:35:41.843,0.1473,0.14767,0.01,0.04
2015.11.09 00:35:42.801,0.14729,0.14768,0.01,0.04
2015.11.09 00:35:48.249,0.1473,0.14767,0.01,0.04
2015.11.09 00:35:50.155,0.14729,0.14768,0.01,0.04
2015.11.09 00:35:52.160,0.1473,0.14767,0.01,0.04
2015.11.09 00:35:53.564,0.14729,0.14767,0.01,0.04
2015.11.09 00:35:54.403,0.1473,0.14766,0.01,0.04
2015.11.09 00:36:03.533,0.14729,0.14767,0.01,0.04
2015.11.09 00:36:04.853,0.1473,0.14766,0.01,0.04
2015.11.09 00:36:05.426,0.14729,0.14767,0.01,0.04
2015.11.09 00:36:07.356,0.1473,0.14766,0.01,0.04
2015.11.09 00:36:11.117,0.14729,0.14767,0.01,0.04
2015.11.09 00:36:16.771,0.1473,0.14766,0.01,0.04
2015.11.09 00:36:22.540,0.14729,0.14767,0.01,0.04
2015.11.09 00:36:24.359,0.1473,0.14766,0.01,0.04
2015.11.09 00:36:25.072,0.14729,0.14767,0.01,0.04
2015.11.09 00:36:26.273,0.1473,0.14766,0.01,0.04
2015.11.09 00:36:32.019,0.14729,0.14767,0.01,0.04
2015.11.09 00:36:37.697,0.1473,0.14766,0.01,0.04
2015.11.09 00:36:41.496,0.14729,0.14767,0.01,0.04
2015.11.09 00:36:43.241,0.14732,0.14766,0.01,0.04
2015.11.09 00:36:43.918,0.14731,0.14767,0.01,0.04
2015.11.09 00:36:47.269,0.14732,0.14766,0.01,0.04
2015.11.09 00:36:51.038,0.14731,0.14767,0.01,0.04
2015.11.09 00:36:54.750,0.14732,0.14766,0.01,0.04
2015.11.09 00:36:58.662,0.14731,0.14767,0.01,0.04
2015.11.09 00:37:00.472,0.14732,0.14766,0.01,0.04
2015.11.09 00:37:08.145,0.14731,0.14767,0.01,0.04
2015.11.09 00:37:10.011,0.14732,0.14766,0.01,0.04
2015.11.09 00:37:11.925,0.14731,0.14767,0.01,0.04
2015.11.09 00:37:13.832,0.14732,0.14766,0.01,0.04
2015.11.09 00:37:19.466,0.14731,0.14767,0.01,0.04
2015.11.09 00:37:21.372,0.14732,0.14766,0.01,0.04
2015.11.09 00:37:21.959,0.14731,0.14767,0.01,0.04
2015.11.09 00:37:25.181,0.14732,0.14766,0.01,0.04
2015.11.09 00:37:27.087,0.14731,0.14767,0.01,0.04
2015.11.09 00:37:29.037,0.14732,0.14766,0.01,0.04
2015.11.09 00:37:30.898,0.14731,0.14767,0.01,0.04
2015.11.09 00:37:36.616,0.14732,0.14766,0.01,0.04
2015.11.09 00:37:38.522,0.14731,0.14767,0.01,0.04
2015.11.09 00:37:40.356,0.14732,0.14766,0.01,0.04
2015.11.09 00:37:44.235,0.14731,0.14767,0.01,0.04
2015.11.09 00:37:55.662,0.14732,0.14766,0.01,0.04
2015.11.09 00:38:01.317,0.14731,0.14767,0.01,0.04
2015.11.09 00:38:03.424,0.14732,0.14767,0.01,0.04
2015.11.09 00:38:07.036,0.14733,0.14766,0.01,0.04
2015.11.09 00:38:12.766,0.14732,0.14767,0.01,0.04
2015.11.09 00:38:14.570,0.14733,0.14766,0.01,0.04
2015.11.09 00:38:16.479,0.14732,0.14767,0.01,0.04
2015.11.09 00:38:29.790,0.14733,0.14766,0.01,0.04
2015.11.09 00:38:33.575,0.14732,0.14767,0.01,0.04
2015.11.09 00:38:35.495,0.14733,0.14766,0.01,0.04
2015.11.09 00:38:43.137,0.14732,0.14767,0.01,0.04
2015.11.09 00:38:46.913,0.14733,0.14766,0.01,0.04
2015.11.09 00:38:48.819,0.14732,0.14767,0.01,0.04
2015.11.09 00:38:50.756,0.14733,0.14766,0.01,0.04
2015.11.09 00:38:54.533,0.14732,0.14767,0.01,0.04
2015.11.09 00:38:58.343,0.14733,0.14766,0.01,0.04
2015.11.09 00:39:00.288,0.14732,0.14767,0.01,0.04
2015.11.09 00:39:02.187,0.14733,0.14766,0.01,0.04
2015.11.09 00:39:05.973,0.14732,0.14767,0.01,0.04
2015.11.09 00:39:09.770,0.14733,0.14766,0.01,0.04
2015.11.09 00:39:13.538,0.14732,0.14767,0.01,0.04
2015.11.09 00:39:15.407,0.14733,0.14766,0.01,0.04
2015.11.09 00:39:17.311,0.14732,0.14767,0.01,0.04
2015.11.09 00:39:24.955,0.14733,0.14766,0.01,0.04
2015.11.09 00:39:26.896,0.14732,0.14767,0.01,0.04
2015.11.09 00:39:28.656,0.14733,0.14766,0.01,0.04
2015.11.09 00:39:32.472,0.14732,0.14767,0.01,0.04
2015.11.09 00:39:45.843,0.14733,0.14766,0.01,0.04
2015.11.09 00:39:47.757,0.14732,0.14767,0.01,0.04
2015.11.09 00:39:49.677,0.14733,0.14766,0.01,0.04
2015.11.09 00:39:57.200,0.14732,0.14767,0.01,0.04
2015.11.09 00:40:00.116,0.14733,0.14766,0.01,0.04
2015.11.09 00:40:00.955,0.14732,0.14767,0.01,0.04
2015.11.09 00:40:01.568,0.14733,0.14766,0.01,0.04
2015.11.09 00:40:02.938,0.14732,0.14767,0.01,0.04
2015.11.09 00:40:05.769,0.14731,0.14766,0.01,0.04
2015.11.09 00:40:06.772,0.1473,0.14767,0.01,0.04
2015.11.09 00:40:12.452,0.14731,0.14766,0.01,0.04
2015.11.09 00:40:14.260,0.1473,0.14767,0.01,0.04
2015.11.09 00:40:16.180,0.14731,0.14766,0.01,0.04
2015.11.09 00:40:18.119,0.1473,0.14767,0.01,0.04
2015.11.09 00:40:19.996,0.14731,0.14766,0.01,0.04
2015.11.09 00:40:21.904,0.1473,0.14767,0.01,0.04
2015.11.09 00:40:22.441,0.14731,0.14766,0.01,0.04
2015.11.09 00:40:23.817,0.1473,0.14767,0.01,0.04
2015.11.09 00:40:35.252,0.14731,0.14766,0.01,0.04
2015.11.09 00:40:37.157,0.1473,0.14767,0.01,0.04
2015.11.09 00:40:46.581,0.14731,0.14766,0.01,0.04
2015.11.09 00:40:48.485,0.1473,0.14767,0.01,0.04
2015.11.09 00:40:50.410,0.14731,0.14766,0.01,0.04
2015.11.09 00:40:52.295,0.1473,0.14767,0.01,0.04
2015.11.09 00:41:01.820,0.14731,0.14766,0.01,0.04
2015.11.09 00:41:07.553,0.1473,0.14767,0.01,0.04
2015.11.09 00:41:11.268,0.14731,0.14766,0.01,0.04
2015.11.09 00:41:13.176,0.1473,0.14767,0.01,0.04
2015.11.09 00:41:15.125,0.14731,0.14766,0.01,0.04
2015.11.09 00:41:20.814,0.1473,0.14767,0.01,0.04
2015.11.09 00:41:22.702,0.14731,0.14766,0.01,0.04
2015.11.09 00:41:28.461,0.1473,0.14767,0.01,0.04
2015.11.09 00:41:30.324,0.14731,0.14766,0.01,0.04
2015.11.09 00:41:34.317,0.14727,0.14761,0.01,0.02
2015.11.09 00:41:34.858,0.14726,0.14761,0.01,0.02
2015.11.09 00:41:35.447,0.14727,0.14761,0.01,0.02
2015.11.09 00:41:35.789,0.14729,0.14761,0.01,0.02
2015.11.09 00:41:37.148,0.14728,0.14761,0.01,0.02
2015.11.09 00:41:39.350,0.14729,0.14761,0.01,0.02
2015.11.09 00:41:43.285,0.14729,0.14762,0.01,0.02
2015.11.09 00:41:45.065,0.1473,0.14762,0.01,0.02
2015.11.09 00:41:46.970,0.14729,0.14762,0.01,0.02
2015.11.09 00:41:54.603,0.1473,0.14762,0.01,0.02
2015.11.09 00:41:56.501,0.14729,0.14762,0.01,0.02
2015.11.09 00:41:58.925,0.14726,0.1476,0.01,0.02
2015.11.09 00:41:59.613,0.14727,0.1476,0.01,0.02
2015.11.09 00:41:59.910,0.1473,0.1476,0.01,0.02
2015.11.09 00:42:00.419,0.14729,0.1476,0.01,0.02
2015.11.09 00:42:01.816,0.1473,0.1476,0.01,0.02
2015.11.09 00:42:02.955,0.1473,0.14763,0.01,0.02
2015.11.09 00:42:03.743,0.14729,0.14763,0.01,0.02
2015.11.09 00:42:04.224,0.14731,0.14763,0.01,0.02
2015.11.09 00:42:05.629,0.1473,0.14763,0.01,0.02
2015.11.09 00:42:11.492,0.14729,0.14763,0.01,0.02
2015.11.09 00:42:11.873,0.14727,0.14761,0.01,0.02
2015.11.09 00:42:12.404,0.14726,0.14761,0.01,0.02
2015.11.09 00:42:13.385,0.14727,0.14761,0.01,0.02
2015.11.09 00:42:15.304,0.14729,0.14761,0.01,0.02
2015.11.09 00:42:15.865,0.1473,0.14761,0.01,0.02
2015.11.09 00:42:15.934,0.1473,0.14763,0.01,0.02
2015.11.09 00:42:19.071,0.14729,0.14763,0.01,0.02
2015.11.09 00:42:21.297,0.1473,0.14763,0.01,0.02
2015.11.09 00:42:28.615,0.14729,0.14763,0.01,0.02
2015.11.09 00:42:30.542,0.1473,0.14763,0.01,0.02
2015.11.09 00:42:32.036,0.14729,0.14763,0.01,0.02
2015.11.09 00:42:32.695,0.1473,0.14763,0.01,0.02
2015.11.09 00:42:34.339,0.14729,0.14763,0.01,0.02
2015.11.09 00:42:38.887,0.14736,0.14766,0.01,0.02
2015.11.09 00:42:38.938,0.14736,0.14767,0.01,0.04
2015.11.09 00:42:39.629,0.14735,0.14768,0.01,0.02
2015.11.09 00:42:40.859,0.14734,0.14768,0.01,0.02
2015.11.09 00:42:42.765,0.14735,0.14768,0.01,0.02
2015.11.09 00:42:44.672,0.14734,0.14768,0.01,0.02
2015.11.09 00:42:48.507,0.14735,0.14768,0.01,0.02
2015.11.09 00:42:49.177,0.14735,0.14765,0.01,0.02
2015.11.09 00:42:49.227,0.14732,0.14765,0.01,0.02
2015.11.09 00:42:49.756,0.1473,0.14765,0.01,0.02
2015.11.09 00:42:51.904,0.1473,0.14767,0.01,0.04
2015.11.09 00:42:53.050,0.14731,0.14766,0.01,0.04
2015.11.09 00:42:54.395,0.14732,0.14769,0.01,0.04
2015.11.09 00:42:56.258,0.14733,0.14768,0.01,0.04
2015.11.09 00:43:03.324,0.14734,0.14771,0.01,0.02
2015.11.09 00:43:03.885,0.14735,0.14772,0.01,0.04
2015.11.09 00:43:04.445,0.14736,0.14772,0.01,0.04
2015.11.09 00:43:05.184,0.14735,0.14773,0.01,0.04
2015.11.09 00:43:07.120,0.14736,0.14772,0.01,0.04
2015.11.09 00:43:08.093,0.14735,0.14773,0.01,0.04
2015.11.09 00:43:13.812,0.14736,0.14772,0.01,0.04
2015.11.09 00:43:15.256,0.14735,0.14772,0.01,0.04
2015.11.09 00:43:16.011,0.14736,0.14771,0.01,0.04
2015.11.09 00:43:17.626,0.14735,0.14772,0.01,0.04
2015.11.09 00:43:21.565,0.14736,0.14771,0.01,0.04
2015.11.09 00:43:25.245,0.14735,0.14772,0.01,0.04
2015.11.09 00:43:36.680,0.14736,0.14771,0.01,0.04
2015.11.09 00:43:38.486,0.14735,0.14772,0.01,0.04
2015.11.09 00:43:39.992,0.14733,0.14767,0.01,0.04
2015.11.09 00:43:40.123,0.14736,0.14771,0.01,0.04
2015.11.09 00:43:41.797,0.14735,0.14772,0.01,0.06
2015.11.09 00:43:42.333,0.14736,0.14771,0.01,0.04
2015.11.09 00:43:43.905,0.14735,0.14772,0.01,0.04
2015.11.09 00:43:45.726,0.14736,0.14771,0.01,0.04
2015.11.09 00:43:46.523,0.14735,0.14772,0.01,0.04
2015.11.09 00:43:50.533,0.14735,0.14771,0.01,0.02
2015.11.09 00:43:50.584,0.14733,0.14767,0.01,0.04
2015.11.09 00:43:54.354,0.14732,0.14768,0.01,0.04
2015.11.09 00:43:55.964,0.14733,0.14767,0.01,0.04
2015.11.09 00:43:58.183,0.14732,0.14768,0.01,0.04
2015.11.09 00:43:59.492,0.14735,0.1477,0.01,0.04
2015.11.09 00:44:00.088,0.14736,0.14771,0.01,0.04
2015.11.09 00:44:01.419,0.14735,0.14772,0.01,0.04
2015.11.09 00:44:07.193,0.14736,0.14771,0.01,0.04
2015.11.09 00:44:08.916,0.14735,0.14772,0.01,0.04
2015.11.09 00:44:09.919,0.14735,0.14771,0.01,0.02
2015.11.09 00:44:10.252,0.14733,0.14767,0.01,0.04
2015.11.09 00:44:11.250,0.14736,0.14769,0.01,0.04
2015.11.09 00:44:11.452,0.14734,0.1477,0.01,0.04
2015.11.09 00:44:12.659,0.14733,0.14767,0.01,0.04
2015.11.09 00:44:13.612,0.14735,0.14772,0.01,0.04
2015.11.09 00:44:21.442,0.14735,0.14771,0.01,0.02
2015.11.09 00:44:21.492,0.14732,0.14768,0.01,0.04
2015.11.09 00:44:23.391,0.14733,0.14767,0.01,0.04
2015.11.09 00:44:25.496,0.14727,0.14765,0.01,0.02
2015.11.09 00:44:25.599,0.14728,0.14761,0.01,0.04
2015.11.09 00:44:26.202,0.14727,0.14763,0.01,0.04
2015.11.09 00:44:29.320,0.14728,0.14762,0.01,0.04
2015.11.09 00:44:30.410,0.14727,0.14763,0.01,0.04
2015.11.09 00:44:33.017,0.14728,0.14762,0.01,0.04
2015.11.09 00:44:34.824,0.14727,0.14763,0.01,0.04
2015.11.09 00:44:40.877,0.14731,0.14766,0.01,0.04
2015.11.09 00:44:41.427,0.1473,0.14767,0.01,0.04
2015.11.09 00:44:42.219,0.14731,0.14766,0.01,0.04
2015.11.09 00:44:42.787,0.1473,0.14767,0.01,0.04
2015.11.09 00:44:48.442,0.14731,0.14766,0.01,0.04
2015.11.09 00:44:50.864,0.1473,0.14767,0.01,0.04
2015.11.09 00:44:52.284,0.14731,0.14766,0.01,0.04
2015.11.09 00:44:56.157,0.1473,0.14767,0.01,0.04
2015.11.09 00:44:58.034,0.14731,0.14766,0.01,0.04
2015.11.09 00:44:59.853,0.1473,0.14767,0.01,0.04
2015.11.09 00:45:00.406,0.14731,0.14766,0.01,0.04
2015.11.09 00:45:01.779,0.1473,0.14767,0.01,0.04
2015.11.09 00:45:03.684,0.14731,0.14766,0.01,0.04
2015.11.09 00:45:07.639,0.1473,0.14767,0.01,0.04
2015.11.09 00:45:09.398,0.14731,0.14766,0.01,0.04
2015.11.09 00:45:13.211,0.1473,0.14767,0.01,0.04
2015.11.09 00:45:30.315,0.14731,0.14766,0.01,0.04
2015.11.09 00:45:32.224,0.1473,0.14767,0.01,0.04
2015.11.09 00:45:34.131,0.14731,0.14766,0.01,0.04
2015.11.09 00:45:35.958,0.1473,0.14767,0.01,0.04
2015.11.09 00:45:43.561,0.14731,0.14766,0.01,0.04
2015.11.09 00:45:45.467,0.1473,0.14767,0.01,0.04
2015.11.09 00:45:47.373,0.14731,0.14766,0.01,0.04
2015.11.09 00:45:49.324,0.1473,0.14767,0.01,0.04
2015.11.09 00:45:50.197,0.14731,0.14766,0.01,0.04
2015.11.09 00:45:52.892,0.14731,0.14763,0.01,0.02
2015.11.09 00:45:53.531,0.1473,0.14763,0.01,0.02
2015.11.09 00:45:54.997,0.14731,0.14763,0.01,0.02
2015.11.09 00:46:01.130,0.1473,0.14763,0.01,0.02
2015.11.09 00:46:01.924,0.14731,0.14763,0.01,0.02
2015.11.09 00:46:05.292,0.1473,0.14763,0.01,0.02
2015.11.09 00:46:06.754,0.14732,0.14763,0.01,0.02
2015.11.09 00:46:08.259,0.14733,0.14763,0.01,0.02
2015.11.09 00:46:13.975,0.14732,0.14763,0.01,0.02
2015.11.09 00:46:17.752,0.14732,0.14766,0.01,0.02
2015.11.09 00:46:17.802,0.14737,0.14767,0.01,0.02
2015.11.09 00:46:18.560,0.14738,0.14768,0.01,0.02
2015.11.09 00:46:21.513,0.14737,0.14767,0.01,0.02
2015.11.09 00:46:21.822,0.14737,0.14768,0.01,0.02
2015.11.09 00:46:23.414,0.14738,0.14768,0.01,0.02
2015.11.09 00:46:27.275,0.14737,0.14768,0.01,0.02
2015.11.09 00:46:27.886,0.14735,0.14765,0.01,0.02
2015.11.09 00:46:28.407,0.14738,0.14768,0.01,0.02
2015.11.09 00:46:28.860,0.1474,0.1477,0.01,0.04
2015.11.09 00:46:28.961,0.14738,0.14768,0.01,0.02
2015.11.09 00:46:29.548,0.14737,0.14767,0.01,0.02
2015.11.09 00:46:30.100,0.14738,0.14768,0.01,0.02
2015.11.09 00:46:31.941,0.14738,0.14769,0.01,0.02
2015.11.09 00:46:35.454,0.14737,0.14769,0.01,0.02
2015.11.09 00:46:36.282,0.14739,0.14769,0.01,0.02
2015.11.09 00:46:36.774,0.14737,0.14769,0.01,0.02
2015.11.09 00:46:38.061,0.14738,0.14769,0.01,0.02
2015.11.09 00:46:38.211,0.14733,0.14763,0.01,0.02
2015.11.09 00:46:38.312,0.14736,0.14766,0.01,0.02
2015.11.09 00:46:38.896,0.14735,0.14765,0.01,0.02
2015.11.09 00:46:41.605,0.14737,0.14767,0.01,0.02
2015.11.09 00:46:41.655,0.14737,0.14769,0.01,0.02
2015.11.09 00:46:42.213,0.14739,0.14769,0.01,0.02
2015.11.09 00:46:42.672,0.14737,0.14769,0.01,0.02
2015.11.09 00:46:44.660,0.14741,0.14772,0.01,0.02
2015.11.09 00:46:44.813,0.14737,0.14772,0.01,0.02
2015.11.09 00:46:45.350,0.14738,0.14772,0.01,0.02
2015.11.09 00:46:46.141,0.14739,0.14772,0.01,0.02
2015.11.09 00:46:46.764,0.1474,0.14772,0.01,0.02
2015.11.09 00:46:47.016,0.14739,0.14769,0.01,0.02
2015.11.09 00:46:47.066,0.14738,0.14769,0.01,0.02
2015.11.09 00:46:48.126,0.14739,0.14778,0.01,0.01
2015.11.09 00:46:48.426,0.14738,0.14776,0.01,0.05
2015.11.09 00:46:48.777,0.14741,0.14779,0.01,0.06
2015.11.09 00:46:49.126,0.14732,0.1477,0.01,0.02
2015.11.09 00:46:49.882,0.14733,0.14769,0.01,0.02
2015.11.09 00:46:50.229,0.14737,0.14774,0.01,0.05
2015.11.09 00:46:51.533,0.14735,0.14773,0.01,0.04
2015.11.09 00:46:51.881,0.14738,0.14774,0.01,0.06
2015.11.09 00:46:53.848,0.14737,0.14775,0.01,0.05
2015.11.09 00:47:00.161,0.14738,0.14774,0.01,0.05
2015.11.09 00:47:00.491,0.14734,0.14769,0.01,0.02
2015.11.09 00:47:02.369,0.14733,0.1477,0.01,0.02
2015.11.09 00:47:03.878,0.14733,0.14769,0.01,0.02
2015.11.09 00:47:04.421,0.14732,0.1477,0.01,0.02
2015.11.09 00:47:05.379,0.1473,0.1477,0.01,0.03
2015.11.09 00:47:06.192,0.14731,0.14769,0.01,0.03
2015.11.09 00:47:07.988,0.1473,0.1477,0.01,0.03
2015.11.09 00:47:11.799,0.14731,0.14769,0.01,0.03
2015.11.09 00:47:13.703,0.1473,0.1477,0.01,0.03
2015.11.09 00:47:15.608,0.14731,0.14769,0.01,0.03
2015.11.09 00:47:21.335,0.1473,0.1477,0.01,0.03
2015.11.09 00:47:26.760,0.14732,0.14769,0.01,0.02
2015.11.09 00:47:27.275,0.14731,0.1477,0.01,0.02
2015.11.09 00:47:33.833,0.14733,0.1477,0.01,0.02
2015.11.09 00:47:34.712,0.14734,0.14769,0.01,0.02
2015.11.09 00:47:38.426,0.14733,0.1477,0.01,0.02
2015.11.09 00:47:47.862,0.14734,0.14769,0.01,0.05
2015.11.09 00:47:48.382,0.14733,0.1477,0.01,0.05
2015.11.09 00:47:49.769,0.14734,0.14769,0.01,0.05
2015.11.09 00:47:50.823,0.14732,0.14769,0.01,0.07
2015.11.09 00:47:51.691,0.14731,0.1477,0.01,0.07
2015.11.09 00:47:53.580,0.14732,0.14769,0.01,0.07
2015.11.09 00:47:54.309,0.14731,0.14768,0.01,0.04
2015.11.09 00:47:56.292,0.1473,0.14769,0.01,0.05
2015.11.09 00:47:58.193,0.14731,0.14768,0.01,0.05
2015.11.09 00:47:59.999,0.1473,0.14769,0.01,0.05
2015.11.09 00:48:03.811,0.14731,0.14768,0.01,0.05
2015.11.09 00:48:06.263,0.14724,0.14767,0.01,0.05
2015.11.09 00:48:06.367,0.14727,0.14767,0.01,0.06
2015.11.09 00:48:06.717,0.14728,0.14764,0.01,0.01
2015.11.09 00:48:08.226,0.14727,0.14765,0.01,0.01
2015.11.09 00:48:08.828,0.14726,0.14765,0.01,0.01
2015.11.09 00:48:11.782,0.14727,0.14766,0.01,0.04
2015.11.09 00:48:12.364,0.14727,0.14765,0.01,0.04
2015.11.09 00:48:13.383,0.14726,0.14766,0.01,0.04
2015.11.09 00:48:15.850,0.14727,0.14765,0.01,0.04
2015.11.09 00:48:17.694,0.14726,0.14766,0.01,0.04
2015.11.09 00:48:21.463,0.14727,0.14765,0.01,0.04
2015.11.09 00:48:22.568,0.14729,0.14767,0.01,0.04
2015.11.09 00:48:24.373,0.1473,0.14764,0.01,0.01
2015.11.09 00:48:24.575,0.14727,0.14764,0.01,0.01
2015.11.09 00:48:26.128,0.14729,0.14769,0.01,0.02
2015.11.09 00:48:26.691,0.14729,0.1477,0.01,0.06
2015.11.09 00:48:28.027,0.1473,0.14769,0.01,0.06
2015.11.09 00:48:28.637,0.14729,0.1477,0.01,0.06
2015.11.09 00:48:29.298,0.1473,0.14769,0.01,0.06
2015.11.09 00:48:34.509,0.14729,0.1477,0.01,0.06
2015.11.09 00:48:36.414,0.1473,0.14769,0.01,0.06
2015.11.09 00:48:40.240,0.14729,0.1477,0.01,0.06
2015.11.09 00:48:42.148,0.1473,0.14769,0.01,0.06
2015.11.09 00:48:43.956,0.14729,0.1477,0.01,0.06
2015.11.09 00:48:45.860,0.1473,0.14769,0.01,0.06
2015.11.09 00:48:46.960,0.1473,0.14763,0.01,0.02
2015.11.09 00:48:47.765,0.14729,0.14763,0.01,0.02
2015.11.09 00:48:51.582,0.1473,0.14763,0.01,0.02
2015.11.09 00:48:53.489,0.14729,0.14763,0.01,0.02
2015.11.09 00:48:55.394,0.1473,0.14763,0.01,0.02
2015.11.09 00:48:57.299,0.14729,0.14763,0.01,0.02
2015.11.09 00:48:58.720,0.1473,0.14763,0.01,0.02
2015.11.09 00:48:59.822,0.14729,0.14763,0.01,0.02
2015.11.09 00:49:00.373,0.1473,0.14763,0.01,0.02
2015.11.09 00:49:01.019,0.14729,0.14763,0.01,0.02
2015.11.09 00:49:03.041,0.1473,0.14763,0.01,0.02
2015.11.09 00:49:06.745,0.14729,0.14763,0.01,0.02
2015.11.09 00:49:10.555,0.1473,0.14763,0.01,0.02
2015.11.09 00:49:12.460,0.14729,0.14763,0.01,0.02
2015.11.09 00:49:14.669,0.1473,0.14763,0.01,0.02
2015.11.09 00:49:16.271,0.14729,0.14763,0.01,0.02
2015.11.09 00:49:21.986,0.1473,0.14763,0.01,0.02
2015.11.09 00:49:29.571,0.14729,0.14763,0.01,0.02
2015.11.09 00:49:31.077,0.1473,0.14763,0.01,0.02
2015.11.09 00:49:42.812,0.14729,0.14763,0.01,0.02
2015.11.09 00:49:44.821,0.1473,0.14763,0.01,0.02
2015.11.09 00:49:47.103,0.1473,0.14769,0.01,0.06
2015.11.09 00:49:50.596,0.14729,0.1477,0.01,0.06
2015.11.09 00:49:54.262,0.1473,0.14769,0.01,0.06
2015.11.09 00:49:56.169,0.14729,0.1477,0.01,0.06
2015.11.09 00:49:58.976,0.1473,0.14769,0.01,0.06
2015.11.09 00:49:59.408,0.14732,0.14769,0.01,0.06
2015.11.09 00:50:01.003,0.14731,0.1477,0.01,0.06
2015.11.09 00:50:02.899,0.14732,0.14769,0.01,0.06
2015.11.09 00:50:05.143,0.14731,0.1477,0.01,0.06
2015.11.09 00:50:08.659,0.14732,0.14769,0.01,0.06
2015.11.09 00:50:10.465,0.14731,0.1477,0.01,0.06
2015.11.09 00:50:12.425,0.14732,0.14769,0.01,0.06
2015.11.09 00:50:13.085,0.14732,0.1477,0.01,0.06
2015.11.09 00:50:14.280,0.14733,0.14769,0.01,0.02
2015.11.09 00:50:15.825,0.14733,0.14765,0.01,0.02
2015.11.09 00:50:16.129,0.14736,0.14766,0.01,0.02
2015.11.09 00:50:16.343,0.14729,0.14765,0.02,0.02
2015.11.09 00:50:16.510,0.14733,0.14765,0.02,0.02
2015.11.09 00:50:16.647,0.14731,0.14765,0.02,0.02
2015.11.09 00:50:17.153,0.1473,0.14765,0.02,0.02
2015.11.09 00:50:17.449,0.14734,0.14765,0.01,0.02
2015.11.09 00:50:18.809,0.14737,0.14767,0.01,0.02
2015.11.09 00:50:19.122,0.14735,0.14765,0.01,0.02
2015.11.09 00:50:19.879,0.14735,0.14768,0.01,0.02
2015.11.09 00:50:20.928,0.14736,0.14768,0.01,0.02
2015.11.09 00:50:22.947,0.14732,0.14768,0.01,0.02
2015.11.09 00:50:22.997,0.14732,0.14762,0.01,0.02
2015.11.09 00:50:23.537,0.14733,0.14763,0.01,0.02
2015.11.09 00:50:26.723,0.14733,0.14768,0.01,0.02
2015.11.09 00:50:26.773,0.14736,0.14768,0.01,0.02
2015.11.09 00:50:28.551,0.14735,0.14768,0.01,0.02
2015.11.09 00:50:30.458,0.14736,0.14768,0.01,0.02
2015.11.09 00:50:31.098,0.14732,0.14762,0.01,0.02
2015.11.09 00:50:31.241,0.14733,0.14763,0.01,0.02
2015.11.09 00:50:31.762,0.14734,0.14764,0.01,0.02
2015.11.09 00:50:33.066,0.14733,0.14763,0.01,0.02
2015.11.09 00:50:33.673,0.14734,0.14764,0.01,0.02
2015.11.09 00:50:34.972,0.14733,0.14763,0.01,0.02
2015.11.09 00:50:37.021,0.14732,0.14762,0.01,0.02
2015.11.09 00:50:37.679,0.14731,0.14762,0.01,0.02
2015.11.09 00:50:41.091,0.14732,0.14762,0.01,0.02
2015.11.09 00:50:44.499,0.14731,0.14762,0.01,0.02
2015.11.09 00:50:46.704,0.14732,0.14762,0.01,0.02
2015.11.09 00:50:48.351,0.14731,0.14762,0.01,0.02
2015.11.09 00:50:50.114,0.14732,0.14762,0.01,0.02
2015.11.09 00:50:51.230,0.14731,0.14762,0.01,0.02
2015.11.09 00:50:54.096,0.14732,0.14762,0.01,0.02
2015.11.09 00:50:55.831,0.14731,0.14762,0.01,0.02
2015.11.09 00:50:57.752,0.14732,0.14762,0.01,0.02
2015.11.09 00:50:59.659,0.14731,0.14762,0.01,0.02
2015.11.09 00:51:01.565,0.14732,0.14762,0.01,0.02
2015.11.09 00:51:03.590,0.14731,0.14762,0.01,0.02
2015.11.09 00:51:05.375,0.14732,0.14762,0.01,0.02
2015.11.09 00:51:09.187,0.14731,0.14762,0.01,0.02
2015.11.09 00:51:11.092,0.14732,0.14762,0.01,0.02
2015.11.09 00:51:12.997,0.14731,0.14762,0.01,0.02
2015.11.09 00:51:14.908,0.14732,0.14762,0.01,0.02
2015.11.09 00:51:16.812,0.14731,0.14762,0.01,0.02
2015.11.09 00:51:18.619,0.14732,0.14762,0.01,0.02
2015.11.09 00:51:20.638,0.14731,0.14762,0.01,0.02
2015.11.09 00:51:21.948,0.14732,0.14762,0.01,0.02
2015.11.09 00:51:22.502,0.14731,0.14762,0.01,0.02
2015.11.09 00:51:23.872,0.14732,0.14762,0.01,0.02
2015.11.09 00:51:25.744,0.14731,0.14762,0.01,0.02
2015.11.09 00:51:29.556,0.14732,0.14762,0.01,0.02
2015.11.09 00:51:31.255,0.14732,0.14769,0.01,0.02
2015.11.09 00:51:39.117,0.14731,0.1477,0.01,0.02
2015.11.09 00:51:40.891,0.14732,0.14769,0.01,0.02
2015.11.09 00:51:42.798,0.14731,0.1477,0.01,0.02
2015.11.09 00:51:50.448,0.14732,0.14769,0.01,0.02
2015.11.09 00:51:52.329,0.14731,0.1477,0.01,0.02
2015.11.09 00:51:56.275,0.14732,0.14769,0.01,0.02
2015.11.09 00:51:59.996,0.14731,0.1477,0.01,0.02
2015.11.09 00:52:00.654,0.14732,0.14769,0.01,0.06
2015.11.09 00:52:07.476,0.14731,0.1477,0.01,0.06
2015.11.09 00:52:25.266,0.14732,0.14769,0.01,0.02
2015.11.09 00:52:26.877,0.14725,0.1477,0.04,0.02
2015.11.09 00:52:27.452,0.14726,0.14769,0.04,0.02
2015.11.09 00:52:30.062,0.14725,0.1477,0.04,0.02
2015.11.09 00:52:42.927,0.14726,0.14769,0.04,0.02
2015.11.09 00:52:53.156,0.14725,0.1477,0.04,0.02
2015.11.09 00:52:53.703,0.14725,0.14771,0.04,0.04
2015.11.09 00:52:59.012,0.14725,0.14768,0.04,0.02
2015.11.09 00:52:59.432,0.14728,0.14768,0.02,0.02
2015.11.09 00:53:03.035,0.14728,0.14766,0.02,0.02
2015.11.09 00:53:03.382,0.14725,0.14766,0.04,0.02
2015.11.09 00:53:07.125,0.14725,0.14762,0.04,0.02
2015.11.09 00:53:09.351,0.14726,0.14762,0.04,0.02
2015.11.09 00:53:17.255,0.14725,0.14762,0.04,0.02
2015.11.09 00:53:18.576,0.14726,0.14762,0.04,0.02
2015.11.09 00:53:20.438,0.14725,0.14762,0.04,0.02
2015.11.09 00:53:26.255,0.14725,0.14765,0.04,0.02
2015.11.09 00:53:26.394,0.14727,0.14765,0.02,0.02
2015.11.09 00:53:30.073,0.14728,0.14765,0.02,0.02
2015.11.09 00:53:31.784,0.14733,0.14765,0.01,0.02
2015.11.09 00:53:32.316,0.14732,0.14765,0.01,0.02
2015.11.09 00:53:33.987,0.14733,0.14765,0.01,0.02
2015.11.09 00:53:34.733,0.14732,0.14765,0.01,0.02
2015.11.09 00:53:37.300,0.14733,0.14765,0.01,0.02
2015.11.09 00:53:39.606,0.14732,0.14765,0.01,0.02
2015.11.09 00:53:41.513,0.14733,0.14765,0.01,0.02
2015.11.09 00:53:42.123,0.14732,0.14765,0.01,0.02
2015.11.09 00:53:43.717,0.14733,0.14765,0.01,0.02
2015.11.09 00:53:43.767,0.14733,0.14769,0.01,0.02
2015.11.09 00:53:44.237,0.14736,0.14769,0.01,0.02
2015.11.09 00:53:44.638,0.14733,0.14769,0.01,0.02
2015.11.09 00:53:45.165,0.14734,0.14769,0.01,0.02
2015.11.09 00:53:47.128,0.14733,0.14769,0.01,0.02
2015.11.09 00:53:47.694,0.14733,0.14766,0.01,0.02
2015.11.09 00:53:48.431,0.14734,0.14766,0.01,0.02
2015.11.09 00:53:51.565,0.14732,0.14766,0.01,0.02
2015.11.09 00:53:51.765,0.14732,0.14763,0.01,0.02
2015.11.09 00:53:57.167,0.14731,0.14763,0.01,0.02
2015.11.09 00:54:01.086,0.14732,0.14763,0.01,0.02
2015.11.09 00:54:04.846,0.14731,0.14763,0.01,0.02
2015.11.09 00:54:06.810,0.14732,0.14763,0.01,0.02
2015.11.09 00:54:08.617,0.14731,0.14763,0.01,0.02
2015.11.09 00:54:10.254,0.14729,0.14763,0.01,0.02
2015.11.09 00:54:10.983,0.1473,0.14763,0.01,0.02
2015.11.09 00:54:14.365,0.14729,0.14763,0.01,0.02
2015.11.09 00:54:18.176,0.1473,0.14763,0.01,0.02
2015.11.09 00:54:21.987,0.14729,0.14763,0.01,0.02
2015.11.09 00:54:23.796,0.1473,0.14763,0.01,0.02
2015.11.09 00:54:25.798,0.14729,0.14763,0.01,0.02
2015.11.09 00:54:29.509,0.1473,0.14763,0.01,0.02
2015.11.09 00:54:32.921,0.14729,0.14763,0.01,0.02
2015.11.09 00:54:33.550,0.1473,0.14763,0.01,0.02
2015.11.09 00:54:39.063,0.14729,0.14763,0.01,0.02
2015.11.09 00:54:42.900,0.1473,0.14763,0.01,0.02
2015.11.09 00:54:44.783,0.14729,0.14763,0.01,0.02
2015.11.09 00:54:46.723,0.1473,0.14763,0.01,0.02
2015.11.09 00:54:48.609,0.14729,0.14763,0.01,0.02
2015.11.09 00:54:51.816,0.14729,0.1477,0.01,0.03
2015.11.09 00:54:56.159,0.1473,0.14769,0.01,0.03
2015.11.09 00:55:02.672,0.1473,0.1477,0.01,0.01
2015.11.09 00:55:03.770,0.14731,0.14769,0.01,0.01
2015.11.09 00:55:17.113,0.1473,0.1477,0.01,0.01
2015.11.09 00:55:18.353,0.14731,0.14769,0.01,0.01
2015.11.09 00:55:18.933,0.1473,0.1477,0.01,0.01
2015.11.09 00:55:20.848,0.14731,0.14769,0.01,0.01
2015.11.09 00:55:21.253,0.1473,0.14771,0.01,0.05
2015.11.09 00:55:25.123,0.14731,0.1477,0.01,0.05
2015.11.09 00:55:26.789,0.1473,0.14771,0.01,0.05
2015.11.09 00:55:28.207,0.14731,0.1477,0.01,0.05
2015.11.09 00:55:30.027,0.1473,0.14771,0.01,0.05
2015.11.09 00:55:31.985,0.14731,0.1477,0.01,0.05
2015.11.09 00:55:33.852,0.1473,0.14771,0.01,0.05
2015.11.09 00:55:35.361,0.14731,0.14769,0.01,0.01
2015.11.09 00:55:37.626,0.1473,0.1477,0.01,0.01
2015.11.09 00:55:38.199,0.1473,0.14768,0.01,0.02
2015.11.09 00:55:38.604,0.14732,0.14768,0.01,0.02
2015.11.09 00:55:40.044,0.14732,0.14763,0.01,0.02
2015.11.09 00:55:41.999,0.14731,0.14763,0.01,0.02
2015.11.09 00:55:43.907,0.14732,0.14763,0.01,0.02
2015.11.09 00:55:44.115,0.14735,0.14768,0.01,0.02
2015.11.09 00:55:44.645,0.14736,0.14768,0.01,0.02
2015.11.09 00:55:47.818,0.14735,0.14768,0.01,0.02
2015.11.09 00:55:48.372,0.14736,0.14768,0.01,0.02
2015.11.09 00:55:50.033,0.14735,0.14768,0.01,0.02
2015.11.09 00:55:50.656,0.14734,0.14768,0.01,0.02
2015.11.09 00:55:54.846,0.14733,0.14768,0.01,0.02
2015.11.09 00:55:58.660,0.14734,0.14768,0.01,0.02
2015.11.09 00:55:59.564,0.14733,0.14768,0.01,0.02
2015.11.09 00:56:00.567,0.14734,0.14768,0.01,0.02
2015.11.09 00:56:02.475,0.14733,0.14768,0.01,0.02
2015.11.09 00:56:04.380,0.14734,0.14768,0.01,0.02
2015.11.09 00:56:08.207,0.14733,0.14768,0.01,0.02
2015.11.09 00:56:11.521,0.14734,0.14768,0.01,0.02
2015.11.09 00:56:12.022,0.14733,0.14768,0.01,0.02
2015.11.09 00:56:15.733,0.14734,0.14768,0.01,0.02
2015.11.09 00:56:21.471,0.14733,0.14768,0.01,0.02
2015.11.09 00:56:25.272,0.14734,0.14768,0.01,0.02
2015.11.09 00:56:29.083,0.14733,0.14768,0.01,0.02
2015.11.09 00:56:30.988,0.14734,0.14768,0.01,0.02
2015.11.09 00:56:38.644,0.14733,0.14768,0.01,0.02
2015.11.09 00:56:40.457,0.14734,0.14768,0.01,0.02
2015.11.09 00:56:44.276,0.14734,0.14774,0.01,0.03
2015.11.09 00:56:49.948,0.14733,0.14775,0.01,0.03
2015.11.09 00:56:51.860,0.14734,0.14774,0.01,0.03
2015.11.09 00:56:52.361,0.14735,0.14775,0.01,0.02
2015.11.09 00:56:53.764,0.14736,0.14774,0.01,0.02
2015.11.09 00:57:04.192,0.14732,0.14762,0.01,0.02
2015.11.09 00:57:04.295,0.14732,0.14762,0.01,0.02
2015.11.09 00:57:04.828,0.14733,0.14763,0.01,0.02
2015.11.09 00:57:06.202,0.14732,0.14762,0.01,0.02
2015.11.09 00:57:07.291,0.14732,0.14768,0.01,0.02
2015.11.09 00:57:07.342,0.14734,0.14768,0.01,0.02
2015.11.09 00:57:08.408,0.14735,0.14768,0.01,0.02
2015.11.09 00:57:09.210,0.14734,0.14768,0.01,0.02
2015.11.09 00:57:11.013,0.14735,0.14768,0.01,0.02
2015.11.09 00:57:17.511,0.14733,0.14763,0.01,0.02
2015.11.09 00:57:17.561,0.14731,0.14763,0.01,0.02
2015.11.09 00:57:18.142,0.14732,0.14763,0.01,0.02
2015.11.09 00:57:19.440,0.14731,0.14763,0.01,0.02
2015.11.09 00:57:21.345,0.14732,0.14763,0.01,0.02
2015.11.09 00:57:25.192,0.14731,0.14763,0.01,0.02
2015.11.09 00:57:36.479,0.14732,0.14763,0.01,0.02
2015.11.09 00:57:40.389,0.14731,0.14763,0.01,0.02
2015.11.09 00:57:42.193,0.14732,0.14763,0.01,0.02
2015.11.09 00:57:44.144,0.14731,0.14763,0.01,0.02
2015.11.09 00:57:46.003,0.14732,0.14763,0.01,0.02
2015.11.09 00:57:47.909,0.14731,0.14763,0.01,0.02
2015.11.09 00:57:48.711,0.14732,0.14763,0.01,0.02
2015.11.09 00:57:48.862,0.14732,0.14765,0.01,0.02
2015.11.09 00:57:52.521,0.14733,0.14765,0.01,0.02
2015.11.09 00:57:56.375,0.14732,0.14765,0.01,0.02
2015.11.09 00:58:00.146,0.14733,0.14765,0.01,0.02
2015.11.09 00:58:02.085,0.14732,0.14765,0.01,0.02
2015.11.09 00:58:03.958,0.14733,0.14765,0.01,0.02
2015.11.09 00:58:11.618,0.14732,0.14765,0.01,0.02
2015.11.09 00:58:15.169,0.14733,0.14765,0.01,0.02
2015.11.09 00:58:15.220,0.14732,0.14762,0.01,0.02
2015.11.09 00:58:16.735,0.14734,0.14764,0.01,0.02
2015.11.09 00:58:19.277,0.14734,0.14765,0.01,0.02
2015.11.09 00:58:22.381,0.14733,0.14765,0.01,0.02
2015.11.09 00:58:26.210,0.14734,0.14765,0.01,0.02
2015.11.09 00:58:27.600,0.14732,0.14762,0.01,0.02
2015.11.09 00:58:28.133,0.14733,0.14763,0.01,0.02
2015.11.09 00:58:33.351,0.14732,0.14762,0.01,0.02
2015.11.09 00:58:38.080,0.14734,0.14764,0.01,0.02
2015.11.09 00:58:38.303,0.14734,0.14765,0.01,0.02
2015.11.09 00:58:39.985,0.14733,0.14765,0.01,0.02
2015.11.09 00:58:41.620,0.14732,0.14765,0.01,0.02
2015.11.09 00:58:42.120,0.14733,0.14763,0.01,0.02
2015.11.09 00:58:43.796,0.14732,0.14763,0.01,0.02
2015.11.09 00:58:45.749,0.14733,0.14763,0.01,0.02
2015.11.09 00:58:47.607,0.14732,0.14763,0.01,0.02
2015.11.09 00:58:49.512,0.14733,0.14763,0.01,0.02
2015.11.09 00:58:51.416,0.14732,0.14763,0.01,0.02
2015.11.09 00:58:57.129,0.14733,0.14763,0.01,0.02
2015.11.09 00:59:00.941,0.14732,0.14763,0.01,0.02
2015.11.09 00:59:01.445,0.14733,0.14763,0.01,0.02
2015.11.09 00:59:04.796,0.14732,0.14763,0.01,0.02
2015.11.09 00:59:06.656,0.14733,0.14763,0.01,0.02
2015.11.09 00:59:08.470,0.14732,0.14763,0.01,0.02
2015.11.09 00:59:16.091,0.14733,0.14763,0.01,0.02
2015.11.09 00:59:18.048,0.14732,0.14763,0.01,0.02
2015.11.09 00:59:19.907,0.14733,0.14763,0.01,0.02
2015.11.09 00:59:21.060,0.14733,0.14766,0.01,0.02
2015.11.09 00:59:26.829,0.14734,0.14766,0.01,0.02
2015.11.09 00:59:27.769,0.14732,0.14762,0.01,0.02
2015.11.09 00:59:27.938,0.14732,0.14762,0.01,0.02
2015.11.09 00:59:29.064,0.14733,0.14763,0.01,0.02
2015.11.09 00:59:30.053,0.14732,0.14762,0.01,0.02
2015.11.09 00:59:35.500,0.14733,0.14763,0.01,0.02
2015.11.09 00:59:39.283,0.14732,0.14762,0.01,0.02
2015.11.09 00:59:42.982,0.14732,0.14765,0.01,0.02
2015.11.09 00:59:43.608,0.14733,0.14765,0.01,0.02
2015.11.09 00:59:44.899,0.14734,0.14765,0.01,0.02
2015.11.09 00:59:50.548,0.14733,0.14765,0.01,0.02
2015.11.09 00:59:52.478,0.14734,0.14765,0.01,0.02
2015.11.09 00:59:56.327,0.14733,0.14765,0.01,0.02
2015.11.09 00:59:59.489,0.14733,0.14763,0.01,0.02
