2016.07.27 03:00:00.047,0.19545,0.19575,0.02,0.04
2016.07.27 03:00:00.098,0.19543,0.19573,0.02,0.02
2016.07.27 03:00:00.248,0.19541,0.19571,0.02,0.02
2016.07.27 03:00:00.418,0.19543,0.19573,0.02,0.04
2016.07.27 03:00:00.693,0.19541,0.19571,0.02,0.02
2016.07.27 03:00:01.351,0.1954,0.1957,0.02,0.02
2016.07.27 03:00:01.451,0.19542,0.19572,0.02,0.04
2016.07.27 03:00:03.252,0.1954,0.1957,0.02,0.02
2016.07.27 03:00:03.653,0.19541,0.19571,0.02,0.04
2016.07.27 03:00:04.050,0.19541,0.19571,0.02,0.02
2016.07.27 03:00:04.105,0.1954,0.1957,0.02,0.02
2016.07.27 03:00:04.380,0.1954,0.1957,0.02,0.02
2016.07.27 03:00:05.708,0.19541,0.19571,0.02,0.04
2016.07.27 03:00:05.909,0.1954,0.1957,0.02,0.02
2016.07.27 03:00:06.310,0.1954,0.1957,0.02,0.04
2016.07.27 03:00:06.411,0.1954,0.1957,0.02,0.02
2016.07.27 03:00:06.812,0.19542,0.19572,0.02,0.04
2016.07.27 03:00:07.314,0.19541,0.19571,0.02,0.02
2016.07.27 03:00:07.814,0.19542,0.19572,0.02,0.04
2016.07.27 03:00:08.215,0.19542,0.19572,0.02,0.02
2016.07.27 03:00:08.621,0.1954,0.1957,0.02,0.02
2016.07.27 03:00:09.781,0.19539,0.19569,0.02,0.02
2016.07.27 03:00:09.865,0.1954,0.1957,0.02,0.04
2016.07.27 03:00:09.991,0.19541,0.19571,0.02,0.02
2016.07.27 03:00:10.266,0.1954,0.1957,0.02,0.04
2016.07.27 03:00:10.931,0.19541,0.19571,0.02,0.04
2016.07.27 03:00:11.591,0.1954,0.1957,0.02,0.04
2016.07.27 03:00:12.390,0.19541,0.19571,0.02,0.04
2016.07.27 03:00:13.080,0.19538,0.19568,0.04,0.02
2016.07.27 03:00:13.131,0.19538,0.19568,0.02,0.02
2016.07.27 03:00:13.192,0.19537,0.19567,0.02,0.02
2016.07.27 03:00:13.398,0.19537,0.19567,0.02,0.04
2016.07.27 03:00:13.499,0.19539,0.19569,0.02,0.02
2016.07.27 03:00:13.940,0.19538,0.19568,0.02,0.04
2016.07.27 03:00:13.991,0.19538,0.19568,0.02,0.04
2016.07.27 03:00:14.096,0.19536,0.19566,0.02,0.02
2016.07.27 03:00:14.296,0.19535,0.19565,0.02,0.04
2016.07.27 03:00:14.891,0.19536,0.19566,0.02,0.04
2016.07.27 03:00:15.502,0.19535,0.19565,0.02,0.02
2016.07.27 03:00:15.603,0.19536,0.19566,0.02,0.04
2016.07.27 03:00:16.211,0.19535,0.19565,0.02,0.04
2016.07.27 03:00:16.541,0.19537,0.19567,0.02,0.04
2016.07.27 03:00:16.625,0.19536,0.19566,0.02,0.02
2016.07.27 03:00:16.706,0.19535,0.19565,0.02,0.04
2016.07.27 03:00:17.531,0.19536,0.19566,0.02,0.04
2016.07.27 03:00:18.159,0.19535,0.19565,0.02,0.04
2016.07.27 03:00:18.660,0.19536,0.19566,0.02,0.04
2016.07.27 03:00:18.839,0.19535,0.19565,0.02,0.02
2016.07.27 03:00:19.229,0.19535,0.19565,0.02,0.04
2016.07.27 03:00:19.428,0.19535,0.19565,0.02,0.02
2016.07.27 03:00:20.008,0.19535,0.19565,0.02,0.04
2016.07.27 03:00:20.409,0.19537,0.19567,0.02,0.04
2016.07.27 03:00:21.330,0.19537,0.1957,0.02,0.04
2016.07.27 03:00:21.416,0.19539,0.19569,0.02,0.04
2016.07.27 03:00:21.466,0.19539,0.19571,0.02,0.04
2016.07.27 03:00:21.517,0.19543,0.19573,0.02,0.04
2016.07.27 03:00:21.853,0.19545,0.19575,0.02,0.04
2016.07.27 03:00:22.588,0.19546,0.19576,0.02,0.04
2016.07.27 03:00:22.759,0.19546,0.19576,0.02,0.04
2016.07.27 03:00:22.822,0.19547,0.19577,0.02,0.04
2016.07.27 03:00:23.828,0.19548,0.19578,0.02,0.04
2016.07.27 03:00:24.950,0.19546,0.19576,0.02,0.02
2016.07.27 03:00:25.279,0.19546,0.19576,0.02,0.04
2016.07.27 03:00:25.534,0.19545,0.19575,0.02,0.02
2016.07.27 03:00:26.110,0.19544,0.19574,0.02,0.04
2016.07.27 03:00:26.791,0.19543,0.19573,0.02,0.04
2016.07.27 03:00:27.081,0.19541,0.19571,0.02,0.02
2016.07.27 03:00:27.382,0.19542,0.19572,0.02,0.04
2016.07.27 03:00:31.545,0.19543,0.19573,0.02,0.04
2016.07.27 03:00:32.322,0.19544,0.19574,0.02,0.04
2016.07.27 03:00:32.728,0.19542,0.19572,0.02,0.04
2016.07.27 03:00:33.250,0.19543,0.19573,0.02,0.04
2016.07.27 03:00:33.815,0.19546,0.19576,0.02,0.04
2016.07.27 03:00:34.239,0.19547,0.19577,0.02,0.04
2016.07.27 03:00:34.507,0.19545,0.19575,0.02,0.04
2016.07.27 03:00:35.019,0.19547,0.19577,0.02,0.04
2016.07.27 03:00:37.189,0.19547,0.19577,0.02,0.04
2016.07.27 03:00:37.850,0.19548,0.19578,0.02,0.04
2016.07.27 03:00:38.522,0.19547,0.19577,0.02,0.04
2016.07.27 03:00:39.216,0.19548,0.19578,0.02,0.04
2016.07.27 03:00:39.824,0.19548,0.19578,0.02,0.02
2016.07.27 03:00:40.024,0.1955,0.1958,0.02,0.04
2016.07.27 03:00:40.525,0.19547,0.19577,0.02,0.04
2016.07.27 03:00:41.384,0.19547,0.1958,0.02,0.04
2016.07.27 03:00:41.434,0.19548,0.19578,0.02,0.02
2016.07.27 03:00:41.566,0.19552,0.19582,0.02,0.02
2016.07.27 03:00:41.628,0.19554,0.19584,0.02,0.04
2016.07.27 03:00:41.828,0.19553,0.19583,0.02,0.02
2016.07.27 03:00:41.929,0.19553,0.19583,0.02,0.04
2016.07.27 03:00:43.432,0.19554,0.19584,0.02,0.04
2016.07.27 03:00:43.733,0.19556,0.19586,0.02,0.04
2016.07.27 03:00:44.690,0.19557,0.19587,0.02,0.04
2016.07.27 03:00:45.046,0.19558,0.19588,0.02,0.02
2016.07.27 03:00:45.992,0.19557,0.19587,0.02,0.04
2016.07.27 03:00:46.801,0.19558,0.19588,0.02,0.02
2016.07.27 03:00:46.906,0.1956,0.1959,0.02,0.04
2016.07.27 03:00:46.978,0.19559,0.19589,0.02,0.02
2016.07.27 03:00:47.075,0.19559,0.19589,0.02,0.04
2016.07.27 03:00:47.176,0.19559,0.19589,0.02,0.02
2016.07.27 03:00:47.505,0.19559,0.19589,0.02,0.04
2016.07.27 03:00:47.724,0.19559,0.19589,0.02,0.02
2016.07.27 03:00:48.003,0.19559,0.19589,0.02,0.04
2016.07.27 03:00:48.204,0.1956,0.1959,0.02,0.02
2016.07.27 03:00:48.416,0.19562,0.19592,0.02,0.04
2016.07.27 03:00:48.605,0.19562,0.19592,0.02,0.02
2016.07.27 03:00:48.713,0.19562,0.19592,0.02,0.04
2016.07.27 03:00:49.307,0.19562,0.19592,0.02,0.02
2016.07.27 03:00:49.715,0.19562,0.19592,0.02,0.04
2016.07.27 03:00:50.096,0.19559,0.19589,0.02,0.04
2016.07.27 03:00:50.724,0.1956,0.1959,0.02,0.04
2016.07.27 03:00:51.118,0.19557,0.19587,0.02,0.04
2016.07.27 03:00:51.462,0.19554,0.19584,0.02,0.04
2016.07.27 03:00:51.773,0.19553,0.19583,0.02,0.02
2016.07.27 03:00:52.435,0.19552,0.19582,0.02,0.02
2016.07.27 03:00:52.716,0.19551,0.19581,0.02,0.04
2016.07.27 03:00:52.905,0.19551,0.19581,0.02,0.04
2016.07.27 03:00:53.074,0.19552,0.19582,0.02,0.04
2016.07.27 03:00:53.196,0.19552,0.19582,0.02,0.02
2016.07.27 03:00:53.275,0.19553,0.19583,0.02,0.04
2016.07.27 03:00:53.956,0.19552,0.19582,0.02,0.04
2016.07.27 03:00:54.477,0.19553,0.19583,0.02,0.04
2016.07.27 03:00:55.122,0.19552,0.19582,0.02,0.04
2016.07.27 03:00:56.219,0.19553,0.19583,0.02,0.04
2016.07.27 03:00:56.362,0.19552,0.19582,0.02,0.04
2016.07.27 03:00:56.419,0.19549,0.19579,0.02,0.04
2016.07.27 03:00:56.520,0.19546,0.19576,0.02,0.02
2016.07.27 03:00:56.570,0.19546,0.19576,0.02,0.02
2016.07.27 03:00:56.621,0.19547,0.19577,0.02,0.02
2016.07.27 03:00:56.719,0.19548,0.19578,0.02,0.04
2016.07.27 03:01:02.460,0.19549,0.19579,0.02,0.02
2016.07.27 03:01:04.096,0.1955,0.1958,0.02,0.02
2016.07.27 03:01:06.110,0.19552,0.19582,0.02,0.04
2016.07.27 03:01:06.681,0.19553,0.19583,0.02,0.04
2016.07.27 03:01:07.216,0.19552,0.19582,0.02,0.02
2016.07.27 03:01:08.020,0.19553,0.19583,0.02,0.02
2016.07.27 03:01:08.662,0.19552,0.19582,0.02,0.02
2016.07.27 03:01:09.229,0.19553,0.19583,0.02,0.04
2016.07.27 03:01:09.500,0.19552,0.19582,0.02,0.02
2016.07.27 03:01:09.601,0.19553,0.19583,0.02,0.04
2016.07.27 03:01:13.296,0.19552,0.19582,0.02,0.02
2016.07.27 03:01:13.397,0.19551,0.19581,0.02,0.04
2016.07.27 03:01:13.487,0.1955,0.1958,0.02,0.02
2016.07.27 03:01:14.092,0.19551,0.19581,0.02,0.04
2016.07.27 03:01:14.795,0.19552,0.19582,0.02,0.04
2016.07.27 03:01:15.601,0.19553,0.19583,0.02,0.04
2016.07.27 03:01:17.470,0.19552,0.19582,0.02,0.02
2016.07.27 03:01:17.691,0.19551,0.19581,0.02,0.04
2016.07.27 03:01:18.261,0.19552,0.19582,0.02,0.04
2016.07.27 03:01:18.922,0.19551,0.19581,0.02,0.04
2016.07.27 03:01:19.595,0.19552,0.19582,0.02,0.04
2016.07.27 03:01:22.465,0.19553,0.19583,0.02,0.04
2016.07.27 03:01:22.565,0.19552,0.19582,0.02,0.02
2016.07.27 03:01:23.691,0.19553,0.19583,0.02,0.02
2016.07.27 03:01:23.799,0.19554,0.19584,0.02,0.04
2016.07.27 03:01:23.936,0.19554,0.19584,0.02,0.04
2016.07.27 03:01:23.987,0.19553,0.19583,0.02,0.02
2016.07.27 03:01:24.115,0.19552,0.19582,0.02,0.02
2016.07.27 03:01:25.373,0.19553,0.19583,0.02,0.02
2016.07.27 03:01:25.495,0.19553,0.19583,0.02,0.02
2016.07.27 03:01:26.504,0.19552,0.19582,0.02,0.02
2016.07.27 03:01:26.604,0.19551,0.19581,0.02,0.02
2016.07.27 03:01:26.684,0.19552,0.19582,0.02,0.02
2016.07.27 03:01:26.785,0.19553,0.19583,0.02,0.04
2016.07.27 03:01:27.682,0.19552,0.19582,0.02,0.04
2016.07.27 03:01:27.985,0.19551,0.19581,0.02,0.02
2016.07.27 03:01:28.402,0.19552,0.19582,0.02,0.04
2016.07.27 03:01:28.489,0.19553,0.19583,0.02,0.02
2016.07.27 03:01:29.495,0.19552,0.19582,0.02,0.02
2016.07.27 03:01:31.836,0.19553,0.19583,0.02,0.02
2016.07.27 03:01:31.944,0.19554,0.19584,0.02,0.04
2016.07.27 03:01:32.212,0.19553,0.19583,0.02,0.02
2016.07.27 03:01:32.715,0.19552,0.19582,0.02,0.02
2016.07.27 03:01:33.320,0.19553,0.19583,0.02,0.02
2016.07.27 03:01:33.420,0.19553,0.19583,0.02,0.04
2016.07.27 03:01:37.243,0.19552,0.19582,0.02,0.04
2016.07.27 03:01:38.248,0.19551,0.19581,0.02,0.02
2016.07.27 03:01:39.252,0.19552,0.19582,0.02,0.04
2016.07.27 03:01:39.653,0.19551,0.19581,0.02,0.02
2016.07.27 03:01:39.773,0.19552,0.19582,0.02,0.04
2016.07.27 03:01:40.858,0.19551,0.19581,0.02,0.02
2016.07.27 03:01:41.762,0.19552,0.19582,0.02,0.04
2016.07.27 03:01:43.365,0.19553,0.19583,0.02,0.04
2016.07.27 03:01:47.216,0.19552,0.19582,0.02,0.02
2016.07.27 03:01:48.029,0.19551,0.19581,0.02,0.02
2016.07.27 03:01:49.320,0.19552,0.19582,0.02,0.04
2016.07.27 03:01:49.449,0.19553,0.19583,0.02,0.04
2016.07.27 03:01:49.621,0.19551,0.19581,0.02,0.02
2016.07.27 03:01:54.132,0.1955,0.1958,0.02,0.04
2016.07.27 03:01:55.933,0.19551,0.19581,0.02,0.04
2016.07.27 03:01:57.339,0.1955,0.1958,0.02,0.04
2016.07.27 03:01:58.789,0.1955,0.1958,0.02,0.04
2016.07.27 03:01:58.842,0.19551,0.19581,0.02,0.04
2016.07.27 03:01:59.364,0.19553,0.19583,0.02,0.04
2016.07.27 03:02:00.923,0.19553,0.19583,0.02,0.04
2016.07.27 03:02:00.994,0.19552,0.19582,0.02,0.04
2016.07.27 03:02:01.094,0.19551,0.19581,0.02,0.02
2016.07.27 03:02:01.896,0.19553,0.19583,0.02,0.04
2016.07.27 03:02:06.819,0.19553,0.19583,0.02,0.04
2016.07.27 03:02:09.109,0.19554,0.19584,0.02,0.04
2016.07.27 03:02:09.210,0.19555,0.19585,0.02,0.04
2016.07.27 03:02:11.109,0.19555,0.19585,0.02,0.04
2016.07.27 03:02:11.318,0.19554,0.19584,0.02,0.02
2016.07.27 03:02:12.420,0.19554,0.19584,0.02,0.04
2016.07.27 03:02:12.471,0.19554,0.19584,0.02,0.04
2016.07.27 03:02:12.522,0.19552,0.19582,0.02,0.04
2016.07.27 03:02:13.322,0.19553,0.19583,0.02,0.02
2016.07.27 03:02:14.123,0.19552,0.19582,0.02,0.02
2016.07.27 03:02:14.524,0.19552,0.19582,0.02,0.04
2016.07.27 03:02:14.624,0.19553,0.19583,0.02,0.02
2016.07.27 03:02:15.226,0.19552,0.19582,0.02,0.02
2016.07.27 03:02:15.526,0.19552,0.19582,0.02,0.04
2016.07.27 03:02:15.673,0.19552,0.19582,0.02,0.02
2016.07.27 03:02:17.930,0.19551,0.19581,0.02,0.02
2016.07.27 03:02:19.132,0.1955,0.1958,0.02,0.04
2016.07.27 03:02:19.232,0.1955,0.1958,0.02,0.02
2016.07.27 03:02:20.672,0.19553,0.19583,0.02,0.04
2016.07.27 03:02:20.722,0.19553,0.19583,0.02,0.04
2016.07.27 03:02:20.773,0.19554,0.19584,0.02,0.02
2016.07.27 03:02:20.824,0.19554,0.19584,0.02,0.02
2016.07.27 03:02:20.874,0.19552,0.19582,0.02,0.04
2016.07.27 03:02:22.546,0.1955,0.1958,0.02,0.02
2016.07.27 03:02:22.647,0.1955,0.1958,0.02,0.04
2016.07.27 03:02:22.739,0.1955,0.1958,0.02,0.02
2016.07.27 03:02:25.043,0.19552,0.19582,0.02,0.04
2016.07.27 03:02:25.574,0.19553,0.19583,0.02,0.04
2016.07.27 03:02:25.745,0.19552,0.19582,0.02,0.04
2016.07.27 03:02:25.845,0.19551,0.19581,0.02,0.02
2016.07.27 03:02:26.046,0.19552,0.19582,0.02,0.04
2016.07.27 03:02:26.146,0.19553,0.19583,0.02,0.04
2016.07.27 03:02:26.246,0.19553,0.19583,0.02,0.02
2016.07.27 03:02:26.446,0.19553,0.19583,0.02,0.04
2016.07.27 03:02:26.565,0.19553,0.19583,0.02,0.02
2016.07.27 03:02:26.747,0.19553,0.19583,0.02,0.04
2016.07.27 03:02:27.150,0.19551,0.19581,0.02,0.02
2016.07.27 03:02:27.351,0.19551,0.19581,0.02,0.04
2016.07.27 03:02:27.565,0.1955,0.1958,0.02,0.02
2016.07.27 03:02:30.468,0.1955,0.1958,0.02,0.02
2016.07.27 03:02:30.569,0.19552,0.19582,0.02,0.04
2016.07.27 03:02:30.759,0.19553,0.19583,0.02,0.02
2016.07.27 03:02:31.260,0.19553,0.19583,0.02,0.04
2016.07.27 03:02:32.664,0.19553,0.19583,0.02,0.02
2016.07.27 03:02:33.064,0.19553,0.19583,0.02,0.04
2016.07.27 03:02:35.069,0.19553,0.19583,0.02,0.02
2016.07.27 03:02:37.948,0.19553,0.19583,0.02,0.02
2016.07.27 03:02:38.075,0.19553,0.19583,0.02,0.04
2016.07.27 03:02:38.176,0.19551,0.19581,0.02,0.04
2016.07.27 03:02:38.758,0.1955,0.1958,0.02,0.04
2016.07.27 03:02:47.242,0.19551,0.19581,0.02,0.04
2016.07.27 03:02:47.945,0.1955,0.1958,0.02,0.02
2016.07.27 03:02:57.514,0.1955,0.1958,0.02,0.04
2016.07.27 03:02:59.035,0.19551,0.19581,0.02,0.04
2016.07.27 03:02:59.264,0.19553,0.19583,0.02,0.02
2016.07.27 03:02:59.810,0.19552,0.19582,0.02,0.02
2016.07.27 03:02:59.860,0.19551,0.19581,0.02,0.04
2016.07.27 03:03:00.622,0.19552,0.19582,0.02,0.04
2016.07.27 03:03:00.673,0.1955,0.1958,0.02,0.02
2016.07.27 03:03:00.732,0.1955,0.1958,0.02,0.04
2016.07.27 03:03:00.832,0.1955,0.1958,0.02,0.02
2016.07.27 03:03:03.279,0.1955,0.1958,0.02,0.04
2016.07.27 03:03:04.044,0.19549,0.19579,0.02,0.02
2016.07.27 03:03:04.216,0.1955,0.1958,0.02,0.04
2016.07.27 03:03:04.344,0.19549,0.19579,0.02,0.02
2016.07.27 03:03:04.419,0.1955,0.1958,0.02,0.04
2016.07.27 03:03:04.972,0.19551,0.19581,0.02,0.04
2016.07.27 03:03:05.521,0.1955,0.1958,0.02,0.04
2016.07.27 03:03:06.522,0.1955,0.1958,0.02,0.02
2016.07.27 03:03:07.525,0.1955,0.1958,0.02,0.04
2016.07.27 03:03:08.497,0.19549,0.19579,0.02,0.02
2016.07.27 03:03:09.405,0.1955,0.1958,0.02,0.04
2016.07.27 03:03:09.505,0.19549,0.19579,0.02,0.02
2016.07.27 03:03:09.700,0.1955,0.1958,0.02,0.04
2016.07.27 03:03:23.527,0.19551,0.19581,0.02,0.04
2016.07.27 03:03:28.040,0.1955,0.1958,0.02,0.04
2016.07.27 03:03:28.476,0.1955,0.1958,0.02,0.04
2016.07.27 03:03:28.526,0.19549,0.19579,0.02,0.02
2016.07.27 03:03:28.598,0.19547,0.19577,0.02,0.02
2016.07.27 03:03:29.101,0.19547,0.19577,0.02,0.04
2016.07.27 03:03:30.335,0.19546,0.19576,0.02,0.02
2016.07.27 03:03:30.505,0.19546,0.19576,0.02,0.04
2016.07.27 03:03:30.807,0.19545,0.19575,0.02,0.02
2016.07.27 03:03:33.586,0.19545,0.19575,0.02,0.04
2016.07.27 03:03:33.787,0.19545,0.19575,0.02,0.02
2016.07.27 03:03:34.287,0.19545,0.19575,0.02,0.04
2016.07.27 03:03:34.888,0.19545,0.19575,0.02,0.02
2016.07.27 03:03:36.790,0.19545,0.19575,0.02,0.04
2016.07.27 03:03:36.891,0.19545,0.19575,0.02,0.02
2016.07.27 03:03:37.338,0.19542,0.19572,0.02,0.02
2016.07.27 03:03:37.858,0.19543,0.19573,0.02,0.02
2016.07.27 03:03:39.094,0.19545,0.19575,0.02,0.04
2016.07.27 03:03:39.495,0.19543,0.19573,0.02,0.04
2016.07.27 03:03:41.498,0.19542,0.19572,0.02,0.04
2016.07.27 03:03:41.899,0.19541,0.19571,0.02,0.02
2016.07.27 03:03:41.999,0.19542,0.19572,0.02,0.04
2016.07.27 03:03:45.104,0.19543,0.19573,0.02,0.04
2016.07.27 03:03:45.204,0.19542,0.19572,0.02,0.02
2016.07.27 03:03:47.609,0.19541,0.19571,0.02,0.02
2016.07.27 03:03:47.710,0.19542,0.19572,0.02,0.04
2016.07.27 03:03:49.011,0.19543,0.19573,0.02,0.04
2016.07.27 03:03:55.612,0.19542,0.19572,0.02,0.04
2016.07.27 03:03:55.662,0.19541,0.19571,0.02,0.02
2016.07.27 03:03:57.329,0.1954,0.1957,0.02,0.02
2016.07.27 03:03:57.454,0.19541,0.19571,0.02,0.04
2016.07.27 03:03:57.624,0.1954,0.1957,0.02,0.04
2016.07.27 03:03:57.675,0.19537,0.19567,0.02,0.02
2016.07.27 03:03:58.947,0.19538,0.19568,0.02,0.02
2016.07.27 03:04:01.488,0.19537,0.19567,0.02,0.02
2016.07.27 03:04:02.211,0.19536,0.19566,0.02,0.02
2016.07.27 03:04:02.591,0.19538,0.19568,0.02,0.04
2016.07.27 03:04:02.645,0.19537,0.19567,0.02,0.02
2016.07.27 03:04:02.885,0.19538,0.19568,0.02,0.04
2016.07.27 03:04:02.986,0.19537,0.19567,0.02,0.02
2016.07.27 03:04:03.148,0.19538,0.19568,0.02,0.04
2016.07.27 03:04:07.274,0.1954,0.1957,0.02,0.04
2016.07.27 03:04:07.766,0.19537,0.19567,0.02,0.02
2016.07.27 03:04:07.972,0.19538,0.19568,0.02,0.04
2016.07.27 03:04:08.542,0.1954,0.1957,0.02,0.04
2016.07.27 03:04:08.593,0.1954,0.1957,0.02,0.02
2016.07.27 03:04:08.668,0.19542,0.19572,0.02,0.04
2016.07.27 03:04:27.317,0.19541,0.19571,0.02,0.02
2016.07.27 03:04:37.737,0.1954,0.1957,0.02,0.02
2016.07.27 03:04:38.940,0.19541,0.19571,0.02,0.04
2016.07.27 03:04:40.544,0.1954,0.1957,0.02,0.02
2016.07.27 03:04:43.050,0.19541,0.19571,0.02,0.04
2016.07.27 03:04:45.656,0.1954,0.1957,0.02,0.02
2016.07.27 03:04:47.361,0.19541,0.19571,0.02,0.04
2016.07.27 03:04:47.863,0.1954,0.1957,0.02,0.02
2016.07.27 03:04:48.264,0.19541,0.19571,0.02,0.04
2016.07.27 03:04:49.065,0.1954,0.1957,0.02,0.04
2016.07.27 03:04:49.775,0.19539,0.19569,0.02,0.04
2016.07.27 03:04:50.179,0.19536,0.19566,0.02,0.02
2016.07.27 03:04:50.580,0.19538,0.19568,0.02,0.04
2016.07.27 03:04:50.816,0.19536,0.19566,0.02,0.02
2016.07.27 03:04:51.473,0.19535,0.19565,0.02,0.02
2016.07.27 03:04:51.573,0.19536,0.19566,0.02,0.04
2016.07.27 03:04:54.107,0.19537,0.19567,0.02,0.04
2016.07.27 03:04:59.393,0.19538,0.19568,0.02,0.04
2016.07.27 03:05:00.045,0.19537,0.19567,0.02,0.04
2016.07.27 03:05:00.138,0.1954,0.1957,0.02,0.04
2016.07.27 03:05:00.497,0.19539,0.19569,0.02,0.02
2016.07.27 03:05:00.898,0.19541,0.19571,0.02,0.04
2016.07.27 03:05:01.040,0.1954,0.1957,0.02,0.02
2016.07.27 03:05:02.100,0.19541,0.19571,0.02,0.04
2016.07.27 03:05:02.640,0.1954,0.1957,0.02,0.04
2016.07.27 03:05:03.350,0.1954,0.1957,0.02,0.02
2016.07.27 03:05:04.170,0.1954,0.1957,0.02,0.04
2016.07.27 03:05:04.220,0.19538,0.19568,0.02,0.02
2016.07.27 03:05:04.853,0.19538,0.19568,0.02,0.04
2016.07.27 03:05:05.239,0.19536,0.19566,0.02,0.02
2016.07.27 03:05:05.341,0.19537,0.19567,0.02,0.04
2016.07.27 03:05:06.516,0.19536,0.19566,0.02,0.02
2016.07.27 03:05:06.651,0.19537,0.19567,0.02,0.04
2016.07.27 03:05:06.817,0.19536,0.19566,0.02,0.02
2016.07.27 03:05:06.917,0.19537,0.19567,0.02,0.04
2016.07.27 03:05:07.217,0.19536,0.19566,0.02,0.02
2016.07.27 03:05:08.121,0.19537,0.19567,0.02,0.04
2016.07.27 03:05:08.222,0.19538,0.19568,0.02,0.02
2016.07.27 03:05:08.723,0.19538,0.19568,0.02,0.04
2016.07.27 03:05:09.024,0.1954,0.1957,0.02,0.04
2016.07.27 03:05:09.763,0.19539,0.19569,0.02,0.04
2016.07.27 03:05:09.826,0.19536,0.19566,0.02,0.02
2016.07.27 03:05:10.058,0.19537,0.19567,0.02,0.04
2016.07.27 03:05:10.622,0.19538,0.19568,0.02,0.04
2016.07.27 03:05:10.672,0.19537,0.19567,0.02,0.02
2016.07.27 03:05:10.951,0.19537,0.19567,0.02,0.04
2016.07.27 03:05:11.051,0.19536,0.19566,0.02,0.02
2016.07.27 03:05:11.132,0.19538,0.19568,0.02,0.04
2016.07.27 03:05:11.232,0.19538,0.19568,0.02,0.02
2016.07.27 03:05:12.536,0.19537,0.19567,0.02,0.02
2016.07.27 03:05:13.314,0.19536,0.19566,0.02,0.02
2016.07.27 03:05:13.540,0.19537,0.19567,0.02,0.04
2016.07.27 03:05:15.845,0.19536,0.19566,0.02,0.02
2016.07.27 03:05:16.066,0.19537,0.19567,0.02,0.04
2016.07.27 03:05:16.478,0.1954,0.1957,0.02,0.04
2016.07.27 03:05:16.848,0.1954,0.1957,0.02,0.02
2016.07.27 03:05:16.996,0.19541,0.19571,0.02,0.04
2016.07.27 03:05:17.150,0.1954,0.1957,0.02,0.02
2016.07.27 03:05:17.668,0.19541,0.19571,0.02,0.04
2016.07.27 03:05:18.454,0.19535,0.19575,0.02,0.02
2016.07.27 03:05:19.758,0.19535,0.19575,0.02,0.02
2016.07.27 03:05:19.960,0.19532,0.19571,0.02,0.02
2016.07.27 03:05:21.395,0.1953,0.1957,0.02,0.02
2016.07.27 03:05:21.464,0.19537,0.19567,0.02,0.04
2016.07.27 03:05:21.866,0.19536,0.19566,0.02,0.02
2016.07.27 03:05:22.467,0.19535,0.19565,0.02,0.02
2016.07.27 03:05:22.568,0.19536,0.19566,0.02,0.04
2016.07.27 03:05:23.471,0.19537,0.19567,0.02,0.04
2016.07.27 03:05:23.571,0.19535,0.19565,0.02,0.02
2016.07.27 03:05:24.068,0.19536,0.19566,0.02,0.04
2016.07.27 03:05:24.118,0.19538,0.19568,0.02,0.04
2016.07.27 03:05:24.173,0.19537,0.19567,0.02,0.02
2016.07.27 03:05:24.474,0.19538,0.19568,0.02,0.04
2016.07.27 03:05:24.661,0.19538,0.19568,0.02,0.04
2016.07.27 03:05:25.679,0.19539,0.19569,0.02,0.04
2016.07.27 03:05:25.779,0.19541,0.19571,0.02,0.04
2016.07.27 03:05:26.108,0.19539,0.19569,0.02,0.02
2016.07.27 03:05:26.245,0.19539,0.19569,0.02,0.02
2016.07.27 03:05:26.296,0.1954,0.1957,0.02,0.04
2016.07.27 03:05:26.397,0.19539,0.19569,0.02,0.04
2016.07.27 03:05:26.482,0.19537,0.19567,0.02,0.04
2016.07.27 03:05:26.984,0.19538,0.19568,0.02,0.04
2016.07.27 03:05:27.579,0.19537,0.19567,0.02,0.04
2016.07.27 03:05:30.196,0.19536,0.19566,0.02,0.04
2016.07.27 03:05:30.740,0.19535,0.19565,0.02,0.04
2016.07.27 03:05:31.350,0.19536,0.19566,0.02,0.04
2016.07.27 03:05:32.011,0.19535,0.19565,0.02,0.04
2016.07.27 03:05:32.590,0.19536,0.19566,0.02,0.04
2016.07.27 03:05:33.330,0.19535,0.19565,0.02,0.04
2016.07.27 03:05:33.508,0.19535,0.19565,0.02,0.02
2016.07.27 03:05:34.211,0.19535,0.19565,0.02,0.04
2016.07.27 03:05:36.022,0.19535,0.19565,0.02,0.02
2016.07.27 03:05:37.823,0.19536,0.19566,0.02,0.02
2016.07.27 03:05:38.425,0.19535,0.19565,0.02,0.04
2016.07.27 03:05:38.842,0.19537,0.19567,0.02,0.04
2016.07.27 03:05:39.602,0.19536,0.19566,0.02,0.04
2016.07.27 03:05:40.189,0.19535,0.19565,0.02,0.04
2016.07.27 03:05:41.442,0.19534,0.19564,0.02,0.02
2016.07.27 03:05:41.637,0.19533,0.19563,0.02,0.02
2016.07.27 03:05:41.736,0.19536,0.19566,0.02,0.04
2016.07.27 03:05:42.242,0.19535,0.19565,0.02,0.04
2016.07.27 03:05:42.739,0.19533,0.19563,0.02,0.02
2016.07.27 03:05:42.839,0.19534,0.19564,0.02,0.04
2016.07.27 03:05:43.676,0.19533,0.19563,0.02,0.02
2016.07.27 03:05:44.043,0.19534,0.19564,0.02,0.04
2016.07.27 03:05:45.687,0.19533,0.19563,0.02,0.04
2016.07.27 03:05:45.851,0.19533,0.19563,0.02,0.02
2016.07.27 03:05:46.051,0.19534,0.19564,0.02,0.04
2016.07.27 03:05:46.151,0.19533,0.19563,0.02,0.02
2016.07.27 03:05:46.853,0.19534,0.19564,0.02,0.04
2016.07.27 03:05:47.456,0.19533,0.19563,0.02,0.02
2016.07.27 03:05:47.670,0.19534,0.19564,0.02,0.04
2016.07.27 03:05:47.905,0.19533,0.19563,0.02,0.02
2016.07.27 03:05:48.263,0.19534,0.19564,0.02,0.04
2016.07.27 03:05:48.670,0.19536,0.19566,0.02,0.04
2016.07.27 03:05:49.567,0.19535,0.19565,0.02,0.04
2016.07.27 03:05:49.886,0.19534,0.19564,0.02,0.02
2016.07.27 03:05:50.970,0.19533,0.19563,0.02,0.02
2016.07.27 03:05:51.071,0.19532,0.19562,0.02,0.04
2016.07.27 03:05:51.177,0.19531,0.19561,0.02,0.02
2016.07.27 03:05:51.572,0.19532,0.19562,0.02,0.04
2016.07.27 03:05:51.672,0.19533,0.19563,0.02,0.02
2016.07.27 03:05:52.196,0.19531,0.19561,0.02,0.02
2016.07.27 03:05:52.247,0.19531,0.19561,0.02,0.02
2016.07.27 03:05:52.315,0.19531,0.19561,0.02,0.02
2016.07.27 03:05:52.575,0.19533,0.19563,0.02,0.04
2016.07.27 03:05:52.775,0.19533,0.19563,0.02,0.02
2016.07.27 03:05:52.876,0.19534,0.19564,0.02,0.04
2016.07.27 03:05:53.076,0.19533,0.19563,0.02,0.02
2016.07.27 03:05:53.995,0.19532,0.19562,0.02,0.02
2016.07.27 03:05:55.081,0.19534,0.19564,0.02,0.02
2016.07.27 03:05:55.582,0.19535,0.19565,0.02,0.04
2016.07.27 03:05:56.111,0.19536,0.19566,0.02,0.04
2016.07.27 03:05:56.283,0.19535,0.19565,0.02,0.02
2016.07.27 03:05:58.488,0.19536,0.19566,0.02,0.02
2016.07.27 03:05:59.390,0.19535,0.19565,0.02,0.02
2016.07.27 03:05:59.697,0.19536,0.19566,0.02,0.04
2016.07.27 03:06:00.592,0.19535,0.19565,0.02,0.02
2016.07.27 03:06:01.896,0.19536,0.19566,0.02,0.04
2016.07.27 03:06:02.102,0.19535,0.19565,0.02,0.02
2016.07.27 03:06:02.297,0.19536,0.19566,0.02,0.04
2016.07.27 03:06:02.419,0.19537,0.19567,0.02,0.02
2016.07.27 03:06:02.519,0.19537,0.19567,0.02,0.04
2016.07.27 03:06:02.700,0.19538,0.19568,0.02,0.02
2016.07.27 03:06:03.413,0.19537,0.19567,0.02,0.02
2016.07.27 03:06:04.203,0.19536,0.19566,0.02,0.02
2016.07.27 03:06:04.303,0.19538,0.19568,0.02,0.04
2016.07.27 03:06:04.432,0.19536,0.19566,0.02,0.02
2016.07.27 03:06:05.086,0.19537,0.19567,0.02,0.02
2016.07.27 03:06:06.456,0.19538,0.19568,0.02,0.04
2016.07.27 03:06:06.791,0.1954,0.1957,0.02,0.04
2016.07.27 03:06:07.125,0.19538,0.19568,0.02,0.04
2016.07.27 03:06:07.917,0.1954,0.1957,0.02,0.04
2016.07.27 03:06:08.318,0.1954,0.1957,0.02,0.02
2016.07.27 03:06:11.252,0.1954,0.1957,0.02,0.04
2016.07.27 03:06:11.531,0.1954,0.1957,0.02,0.02
2016.07.27 03:06:12.457,0.1954,0.1957,0.02,0.04
2016.07.27 03:06:14.107,0.1954,0.1957,0.02,0.04
2016.07.27 03:06:14.172,0.19538,0.19568,0.02,0.02
2016.07.27 03:06:14.261,0.19539,0.19569,0.02,0.04
2016.07.27 03:06:14.361,0.1954,0.1957,0.02,0.04
2016.07.27 03:06:14.767,0.19538,0.19568,0.02,0.04
2016.07.27 03:06:15.564,0.19537,0.19567,0.02,0.02
2016.07.27 03:06:16.073,0.19536,0.19566,0.02,0.02
2016.07.27 03:06:17.268,0.19538,0.19568,0.02,0.04
2016.07.27 03:06:17.773,0.19537,0.19567,0.02,0.04
2016.07.27 03:06:18.164,0.19535,0.19565,0.02,0.02
2016.07.27 03:06:18.721,0.19536,0.19566,0.02,0.04
2016.07.27 03:06:19.573,0.19539,0.19569,0.02,0.04
2016.07.27 03:06:20.094,0.1954,0.1957,0.02,0.04
2016.07.27 03:06:20.875,0.19537,0.19567,0.02,0.02
2016.07.27 03:06:21.415,0.19538,0.19568,0.02,0.02
2016.07.27 03:06:21.978,0.1954,0.1957,0.02,0.04
2016.07.27 03:06:22.125,0.19541,0.19571,0.02,0.04
2016.07.27 03:06:22.334,0.19542,0.19572,0.02,0.02
2016.07.27 03:06:22.384,0.19541,0.19571,0.02,0.02
2016.07.27 03:06:22.580,0.1954,0.1957,0.02,0.02
2016.07.27 03:06:23.117,0.19541,0.19571,0.02,0.04
2016.07.27 03:06:24.485,0.19542,0.19572,0.02,0.02
2016.07.27 03:06:26.089,0.19541,0.19571,0.02,0.02
2016.07.27 03:06:27.290,0.19542,0.19572,0.02,0.04
2016.07.27 03:06:27.415,0.19542,0.19572,0.02,0.04
2016.07.27 03:06:27.831,0.19543,0.19573,0.02,0.02
2016.07.27 03:06:27.892,0.19545,0.19575,0.02,0.04
2016.07.27 03:06:28.293,0.19543,0.19573,0.02,0.02
2016.07.27 03:06:29.099,0.19545,0.19575,0.02,0.02
2016.07.27 03:06:29.595,0.19543,0.19573,0.02,0.02
2016.07.27 03:06:30.096,0.19544,0.19574,0.02,0.04
2016.07.27 03:06:30.400,0.19545,0.19575,0.02,0.02
2016.07.27 03:06:33.348,0.19546,0.19576,0.02,0.04
2016.07.27 03:06:33.504,0.19547,0.19577,0.02,0.02
2016.07.27 03:06:33.708,0.19546,0.19576,0.02,0.02
2016.07.27 03:06:34.288,0.19545,0.19575,0.02,0.02
2016.07.27 03:06:35.109,0.19546,0.19576,0.02,0.04
2016.07.27 03:06:37.414,0.19547,0.19577,0.02,0.04
2016.07.27 03:06:38.130,0.19548,0.19578,0.02,0.04
2016.07.27 03:06:38.244,0.19547,0.19577,0.02,0.02
2016.07.27 03:06:38.617,0.19548,0.19578,0.02,0.04
2016.07.27 03:06:38.718,0.19548,0.19578,0.02,0.02
2016.07.27 03:06:39.075,0.19548,0.19578,0.02,0.02
2016.07.27 03:06:39.125,0.19547,0.19577,0.02,0.02
2016.07.27 03:06:39.940,0.19546,0.19576,0.02,0.02
2016.07.27 03:06:40.321,0.19546,0.19576,0.02,0.04
2016.07.27 03:06:43.127,0.19545,0.19575,0.02,0.02
2016.07.27 03:06:44.229,0.19546,0.19576,0.02,0.04
2016.07.27 03:06:45.432,0.19547,0.19577,0.02,0.04
2016.07.27 03:06:45.555,0.19548,0.19578,0.02,0.02
2016.07.27 03:06:45.655,0.19547,0.19577,0.02,0.02
2016.07.27 03:06:46.234,0.19545,0.19575,0.02,0.02
2016.07.27 03:06:46.756,0.19546,0.19576,0.02,0.04
2016.07.27 03:06:47.273,0.1955,0.1958,0.02,0.04
2016.07.27 03:06:47.324,0.19549,0.19579,0.02,0.02
2016.07.27 03:06:50.091,0.1955,0.1958,0.02,0.02
2016.07.27 03:06:51.064,0.1955,0.1958,0.02,0.04
2016.07.27 03:06:51.251,0.19551,0.19581,0.02,0.04
2016.07.27 03:06:51.672,0.1955,0.1958,0.02,0.04
2016.07.27 03:06:52.055,0.19551,0.19581,0.02,0.04
2016.07.27 03:06:52.401,0.1955,0.1958,0.02,0.04
2016.07.27 03:06:59.184,0.19551,0.19581,0.02,0.04
2016.07.27 03:07:00.289,0.1955,0.1958,0.02,0.04
2016.07.27 03:07:04.953,0.19549,0.19579,0.02,0.02
2016.07.27 03:07:05.420,0.1955,0.1958,0.02,0.04
2016.07.27 03:07:06.716,0.19549,0.19579,0.02,0.02
2016.07.27 03:07:15.495,0.19545,0.19577,0.04,0.02
2016.07.27 03:07:15.545,0.19544,0.19574,0.04,0.02
2016.07.27 03:07:15.642,0.19545,0.19575,0.02,0.04
2016.07.27 03:07:15.770,0.19541,0.19571,0.02,0.02
2016.07.27 03:07:16.645,0.19542,0.19572,0.02,0.04
2016.07.27 03:07:19.251,0.19541,0.19571,0.02,0.02
2016.07.27 03:07:20.074,0.1954,0.1957,0.02,0.02
2016.07.27 03:07:20.157,0.19541,0.19571,0.02,0.04
2016.07.27 03:07:22.481,0.19542,0.19572,0.02,0.04
2016.07.27 03:07:22.868,0.19541,0.19571,0.02,0.02
2016.07.27 03:07:27.380,0.19542,0.19572,0.02,0.04
2016.07.27 03:07:36.702,0.19543,0.19573,0.02,0.04
2016.07.27 03:07:37.283,0.19544,0.19574,0.02,0.04
2016.07.27 03:07:37.605,0.19542,0.19572,0.02,0.02
2016.07.27 03:07:39.510,0.19543,0.19573,0.02,0.02
2016.07.27 03:07:39.648,0.19546,0.19576,0.02,0.04
2016.07.27 03:07:39.711,0.19545,0.19575,0.02,0.02
2016.07.27 03:07:43.119,0.19546,0.19576,0.02,0.04
2016.07.27 03:07:43.219,0.19545,0.19575,0.02,0.02
2016.07.27 03:07:43.621,0.19547,0.19577,0.02,0.04
2016.07.27 03:07:48.012,0.19545,0.19575,0.02,0.02
2016.07.27 03:07:51.142,0.19545,0.19575,0.02,0.02
2016.07.27 03:07:51.192,0.19545,0.19575,0.02,0.04
2016.07.27 03:07:51.244,0.19545,0.19575,0.02,0.04
2016.07.27 03:07:51.295,0.19542,0.19572,0.02,0.02
2016.07.27 03:07:51.650,0.19543,0.19573,0.02,0.04
2016.07.27 03:07:52.553,0.19543,0.19573,0.02,0.02
2016.07.27 03:07:54.160,0.19542,0.19572,0.02,0.04
2016.07.27 03:07:54.864,0.19543,0.19573,0.02,0.02
2016.07.27 03:07:57.220,0.19543,0.19573,0.02,0.04
2016.07.27 03:07:57.720,0.19543,0.19573,0.02,0.02
2016.07.27 03:07:58.822,0.19545,0.19575,0.02,0.04
2016.07.27 03:07:58.923,0.19543,0.19573,0.02,0.02
2016.07.27 03:07:59.223,0.19545,0.19575,0.02,0.04
2016.07.27 03:07:59.282,0.19543,0.19573,0.02,0.02
2016.07.27 03:07:59.581,0.19543,0.19573,0.02,0.04
2016.07.27 03:08:00.525,0.19543,0.19573,0.02,0.02
2016.07.27 03:08:01.127,0.19542,0.19572,0.02,0.02
2016.07.27 03:08:03.396,0.19543,0.19573,0.02,0.04
2016.07.27 03:08:03.798,0.19542,0.19572,0.02,0.02
2016.07.27 03:08:05.909,0.19542,0.19572,0.02,0.04
2016.07.27 03:08:06.557,0.19543,0.19573,0.02,0.02
2016.07.27 03:08:07.217,0.19543,0.19573,0.02,0.04
2016.07.27 03:08:08.118,0.19543,0.19573,0.02,0.02
2016.07.27 03:08:08.537,0.19543,0.19573,0.02,0.04
2016.07.27 03:08:08.924,0.19543,0.19573,0.02,0.02
2016.07.27 03:08:09.024,0.19543,0.19573,0.02,0.04
2016.07.27 03:08:10.330,0.19543,0.19573,0.02,0.02
2016.07.27 03:08:11.245,0.19545,0.19575,0.02,0.04
2016.07.27 03:08:11.295,0.19545,0.19575,0.02,0.04
2016.07.27 03:08:11.645,0.19547,0.19577,0.02,0.04
2016.07.27 03:08:12.179,0.19548,0.19578,0.02,0.04
2016.07.27 03:08:13.549,0.19547,0.19577,0.02,0.02
2016.07.27 03:08:14.047,0.19548,0.19578,0.02,0.04
2016.07.27 03:08:14.548,0.19547,0.19577,0.02,0.02
2016.07.27 03:08:14.950,0.19547,0.19577,0.02,0.04
2016.07.27 03:08:15.752,0.19546,0.19576,0.02,0.04
2016.07.27 03:08:16.353,0.19546,0.19576,0.02,0.02
2016.07.27 03:08:17.970,0.19548,0.19578,0.02,0.04
2016.07.27 03:08:18.020,0.19548,0.19578,0.02,0.04
2016.07.27 03:08:28.280,0.19548,0.19578,0.02,0.02
2016.07.27 03:08:28.982,0.19548,0.19578,0.02,0.04
2016.07.27 03:08:29.124,0.19548,0.19578,0.02,0.02
2016.07.27 03:08:30.985,0.19548,0.19578,0.02,0.04
2016.07.27 03:08:31.106,0.19548,0.19578,0.02,0.02
2016.07.27 03:08:31.986,0.19548,0.19578,0.02,0.04
2016.07.27 03:08:33.990,0.19548,0.19578,0.02,0.02
2016.07.27 03:08:35.833,0.19548,0.19578,0.02,0.04
2016.07.27 03:08:36.895,0.19548,0.19578,0.02,0.02
2016.07.27 03:08:37.500,0.19548,0.19578,0.02,0.04
2016.07.27 03:08:39.501,0.19548,0.19578,0.02,0.02
2016.07.27 03:08:41.004,0.19548,0.19578,0.02,0.04
2016.07.27 03:08:41.104,0.19548,0.19578,0.02,0.02
2016.07.27 03:08:41.204,0.19548,0.19578,0.02,0.04
2016.07.27 03:08:41.407,0.19548,0.19578,0.02,0.02
2016.07.27 03:08:42.006,0.19548,0.19578,0.02,0.04
2016.07.27 03:08:42.607,0.19548,0.19578,0.02,0.02
2016.07.27 03:08:57.036,0.19549,0.19579,0.02,0.04
2016.07.27 03:08:57.859,0.1955,0.1958,0.02,0.04
2016.07.27 03:08:58.140,0.19551,0.19581,0.02,0.04
2016.07.27 03:08:58.904,0.19551,0.19581,0.02,0.04
2016.07.27 03:09:01.046,0.1955,0.1958,0.02,0.04
2016.07.27 03:09:03.453,0.19549,0.19579,0.02,0.02
2016.07.27 03:09:05.059,0.1955,0.1958,0.02,0.04
2016.07.27 03:09:07.267,0.1955,0.1958,0.02,0.02
2016.07.27 03:09:09.472,0.19549,0.19579,0.02,0.02
2016.07.27 03:09:09.572,0.1955,0.1958,0.02,0.04
2016.07.27 03:09:09.974,0.19549,0.19579,0.02,0.02
2016.07.27 03:09:10.122,0.1955,0.1958,0.02,0.04
2016.07.27 03:09:13.131,0.19551,0.19581,0.02,0.04
2016.07.27 03:09:13.183,0.19551,0.19581,0.02,0.02
2016.07.27 03:09:13.284,0.19551,0.19581,0.02,0.04
2016.07.27 03:09:13.485,0.19551,0.19581,0.02,0.02
2016.07.27 03:09:13.589,0.19553,0.19583,0.02,0.04
2016.07.27 03:09:14.104,0.19554,0.19584,0.02,0.04
2016.07.27 03:09:14.716,0.19553,0.19583,0.02,0.04
2016.07.27 03:09:15.615,0.19553,0.19583,0.02,0.02
2016.07.27 03:09:17.414,0.19553,0.19583,0.02,0.04
2016.07.27 03:09:18.004,0.19553,0.19583,0.02,0.02
2016.07.27 03:09:19.811,0.19553,0.19583,0.02,0.04
2016.07.27 03:09:22.616,0.19553,0.19583,0.02,0.02
2016.07.27 03:09:23.016,0.19553,0.19583,0.02,0.04
2016.07.27 03:09:23.128,0.19553,0.19583,0.02,0.02
2016.07.27 03:09:24.119,0.19553,0.19583,0.02,0.04
2016.07.27 03:09:25.124,0.19553,0.19583,0.02,0.02
2016.07.27 03:09:25.320,0.19553,0.19583,0.02,0.04
2016.07.27 03:09:27.223,0.19552,0.19582,0.02,0.02
2016.07.27 03:09:29.070,0.19551,0.19581,0.02,0.02
2016.07.27 03:09:30.130,0.19551,0.19581,0.02,0.04
2016.07.27 03:09:31.231,0.19552,0.19582,0.02,0.04
2016.07.27 03:09:31.332,0.19553,0.19583,0.02,0.02
2016.07.27 03:09:31.735,0.19553,0.19583,0.02,0.04
2016.07.27 03:09:32.234,0.19553,0.19583,0.02,0.02
2016.07.27 03:09:32.534,0.19553,0.19583,0.02,0.04
2016.07.27 03:09:33.439,0.19552,0.19582,0.02,0.04
2016.07.27 03:09:33.789,0.19554,0.19585,0.02,0.04
2016.07.27 03:09:33.840,0.19558,0.19588,0.02,0.02
2016.07.27 03:09:34.040,0.19559,0.19589,0.02,0.04
2016.07.27 03:09:34.241,0.19559,0.19589,0.02,0.02
2016.07.27 03:09:38.570,0.19559,0.19589,0.02,0.04
2016.07.27 03:09:38.620,0.19559,0.19589,0.02,0.04
2016.07.27 03:09:38.671,0.19557,0.19587,0.02,0.02
2016.07.27 03:09:38.751,0.19555,0.19585,0.02,0.04
2016.07.27 03:09:39.252,0.19556,0.19586,0.02,0.04
2016.07.27 03:09:39.913,0.19557,0.19587,0.02,0.04
2016.07.27 03:09:40.557,0.19555,0.19585,0.02,0.04
2016.07.27 03:09:41.284,0.19556,0.19586,0.02,0.02
2016.07.27 03:09:44.174,0.19556,0.19586,0.02,0.04
2016.07.27 03:09:44.797,0.19555,0.19585,0.02,0.04
2016.07.27 03:09:45.526,0.19556,0.19586,0.02,0.04
2016.07.27 03:09:47.283,0.19555,0.19585,0.02,0.02
2016.07.27 03:09:51.186,0.19555,0.19591,0.02,0.04
2016.07.27 03:09:51.237,0.19558,0.19588,0.02,0.04
2016.07.27 03:09:51.287,0.19558,0.19591,0.02,0.04
2016.07.27 03:09:51.337,0.19559,0.19589,0.04,0.02
2016.07.27 03:09:51.388,0.19561,0.19593,0.02,0.04
2016.07.27 03:09:51.438,0.19565,0.19595,0.02,0.04
2016.07.27 03:09:51.489,0.19565,0.19595,0.02,0.04
2016.07.27 03:09:51.539,0.19566,0.19596,0.02,0.04
2016.07.27 03:09:51.873,0.19569,0.19599,0.02,0.04
2016.07.27 03:09:53.503,0.19568,0.19598,0.02,0.02
2016.07.27 03:09:54.131,0.19567,0.19597,0.02,0.02
2016.07.27 03:09:54.709,0.19568,0.19598,0.02,0.02
2016.07.27 03:09:55.059,0.19568,0.19598,0.02,0.04
2016.07.27 03:09:55.110,0.19566,0.19596,0.02,0.02
2016.07.27 03:09:55.161,0.19566,0.19596,0.02,0.02
2016.07.27 03:09:55.534,0.19567,0.19597,0.02,0.04
2016.07.27 03:09:55.963,0.19565,0.19595,0.02,0.04
2016.07.27 03:09:56.751,0.19564,0.19594,0.02,0.04
2016.07.27 03:09:57.543,0.19563,0.19593,0.02,0.04
2016.07.27 03:09:57.920,0.19559,0.19589,0.02,0.04
2016.07.27 03:10:03.366,0.1956,0.1959,0.02,0.04
2016.07.27 03:10:04.137,0.19559,0.19589,0.02,0.04
2016.07.27 03:10:04.699,0.1956,0.1959,0.02,0.04
2016.07.27 03:10:06.068,0.19561,0.19591,0.02,0.04
2016.07.27 03:10:06.543,0.19559,0.19589,0.02,0.04
2016.07.27 03:10:08.949,0.19558,0.19588,0.02,0.04
2016.07.27 03:10:09.363,0.19558,0.19588,0.02,0.02
2016.07.27 03:10:10.059,0.19557,0.19587,0.02,0.02
2016.07.27 03:10:11.099,0.19558,0.19588,0.02,0.04
2016.07.27 03:10:11.432,0.1956,0.1959,0.02,0.04
2016.07.27 03:10:12.081,0.19561,0.19591,0.02,0.04
2016.07.27 03:10:12.284,0.19561,0.19591,0.02,0.02
2016.07.27 03:10:12.935,0.1956,0.1959,0.02,0.02
2016.07.27 03:10:13.083,0.19562,0.19592,0.02,0.04
2016.07.27 03:10:13.263,0.19561,0.19591,0.02,0.02
2016.07.27 03:10:13.671,0.19563,0.19593,0.02,0.04
2016.07.27 03:10:13.865,0.19563,0.19593,0.02,0.02
2016.07.27 03:10:14.990,0.19565,0.19595,0.02,0.04
2016.07.27 03:10:15.269,0.19565,0.19595,0.02,0.02
2016.07.27 03:10:16.473,0.19565,0.19595,0.02,0.04
2016.07.27 03:10:17.890,0.19564,0.19594,0.02,0.04
2016.07.27 03:10:19.304,0.19563,0.19593,0.02,0.02
2016.07.27 03:10:19.492,0.19562,0.19592,0.02,0.04
2016.07.27 03:10:19.635,0.19562,0.19592,0.02,0.02
2016.07.27 03:10:20.155,0.19561,0.19591,0.02,0.02
2016.07.27 03:10:20.706,0.19563,0.19593,0.02,0.04
2016.07.27 03:10:21.294,0.19562,0.19592,0.02,0.04
2016.07.27 03:10:21.513,0.19562,0.19592,0.02,0.02
2016.07.27 03:10:21.631,0.19565,0.19595,0.02,0.04
2016.07.27 03:10:22.324,0.19564,0.19594,0.02,0.04
2016.07.27 03:10:25.521,0.19563,0.19593,0.02,0.02
2016.07.27 03:10:25.699,0.19562,0.19592,0.02,0.04
2016.07.27 03:10:26.007,0.19559,0.19589,0.02,0.04
2016.07.27 03:10:26.309,0.19561,0.19591,0.02,0.02
2016.07.27 03:10:27.262,0.19561,0.19591,0.02,0.04
2016.07.27 03:10:30.031,0.19562,0.19592,0.02,0.02
2016.07.27 03:10:30.577,0.19561,0.19591,0.02,0.02
2016.07.27 03:10:30.627,0.19561,0.19591,0.02,0.04
2016.07.27 03:10:30.732,0.19561,0.19591,0.02,0.02
2016.07.27 03:10:31.119,0.19562,0.19592,0.02,0.04
2016.07.27 03:10:31.220,0.19562,0.19592,0.02,0.02
2016.07.27 03:10:31.835,0.19563,0.19593,0.02,0.02
2016.07.27 03:10:33.428,0.19562,0.19592,0.02,0.02
2016.07.27 03:10:33.930,0.19561,0.19591,0.02,0.04
2016.07.27 03:10:34.139,0.19561,0.19591,0.02,0.02
2016.07.27 03:10:35.251,0.19561,0.19591,0.02,0.04
2016.07.27 03:10:37.142,0.19561,0.19591,0.02,0.02
2016.07.27 03:10:37.243,0.19563,0.19593,0.02,0.04
2016.07.27 03:10:37.646,0.19562,0.19592,0.02,0.02
2016.07.27 03:10:37.744,0.19563,0.19593,0.02,0.04
2016.07.27 03:10:38.548,0.19562,0.19592,0.02,0.02
2016.07.27 03:10:39.048,0.19563,0.19593,0.02,0.04
2016.07.27 03:10:47.270,0.19562,0.19592,0.02,0.02
2016.07.27 03:10:48.979,0.19561,0.19591,0.02,0.04
2016.07.27 03:10:49.772,0.19562,0.19592,0.02,0.04
2016.07.27 03:10:50.422,0.19561,0.19591,0.02,0.04
2016.07.27 03:10:50.523,0.19561,0.19591,0.02,0.02
2016.07.27 03:10:50.980,0.19562,0.19592,0.02,0.04
2016.07.27 03:10:52.082,0.19561,0.19591,0.02,0.04
2016.07.27 03:10:52.742,0.1956,0.1959,0.02,0.04
2016.07.27 03:10:54.237,0.1956,0.1959,0.02,0.02
2016.07.27 03:10:54.287,0.1956,0.1959,0.02,0.04
2016.07.27 03:10:54.638,0.1956,0.1959,0.02,0.04
2016.07.27 03:10:54.689,0.19561,0.19591,0.02,0.04
2016.07.27 03:10:55.053,0.19563,0.19593,0.02,0.04
2016.07.27 03:10:55.791,0.19563,0.19593,0.02,0.02
2016.07.27 03:10:56.094,0.19563,0.19593,0.02,0.04
2016.07.27 03:10:58.897,0.19563,0.19593,0.02,0.02
2016.07.27 03:10:59.097,0.19564,0.19594,0.02,0.04
2016.07.27 03:10:59.674,0.19565,0.19595,0.02,0.04
2016.07.27 03:11:01.503,0.19564,0.19594,0.02,0.04
2016.07.27 03:11:02.038,0.19563,0.19593,0.02,0.04
2016.07.27 03:11:05.853,0.19562,0.19592,0.02,0.04
2016.07.27 03:11:06.554,0.19564,0.19594,0.02,0.04
2016.07.27 03:11:07.314,0.19563,0.19593,0.02,0.02
2016.07.27 03:11:09.518,0.19563,0.19593,0.02,0.04
2016.07.27 03:11:09.591,0.19563,0.19593,0.02,0.04
2016.07.27 03:11:09.641,0.19562,0.19592,0.02,0.04
2016.07.27 03:11:09.718,0.19559,0.19589,0.02,0.02
2016.07.27 03:11:10.019,0.1956,0.1959,0.02,0.04
2016.07.27 03:11:10.325,0.19559,0.19589,0.02,0.02
2016.07.27 03:11:13.429,0.19559,0.19589,0.02,0.04
2016.07.27 03:11:13.530,0.19559,0.19589,0.02,0.02
2016.07.27 03:11:21.255,0.19558,0.19588,0.02,0.04
2016.07.27 03:11:21.306,0.19558,0.19588,0.02,0.04
2016.07.27 03:11:21.356,0.19557,0.19587,0.02,0.04
2016.07.27 03:11:21.757,0.19555,0.19585,0.02,0.02
2016.07.27 03:11:21.999,0.19555,0.19585,0.02,0.04
2016.07.27 03:11:24.482,0.19555,0.19585,0.02,0.02
2016.07.27 03:11:24.771,0.19556,0.19586,0.02,0.04
2016.07.27 03:11:26.676,0.19557,0.19587,0.02,0.04
2016.07.27 03:11:28.181,0.19556,0.19586,0.02,0.04
2016.07.27 03:11:28.983,0.19556,0.19586,0.02,0.02
2016.07.27 03:11:30.187,0.19556,0.19586,0.02,0.04
2016.07.27 03:11:30.913,0.19557,0.19587,0.02,0.04
2016.07.27 03:11:31.692,0.19556,0.19586,0.02,0.04
2016.07.27 03:11:32.263,0.19557,0.19587,0.02,0.04
2016.07.27 03:11:33.098,0.19556,0.19586,0.02,0.02
2016.07.27 03:11:34.104,0.19557,0.19587,0.02,0.04
2016.07.27 03:11:42.461,0.19556,0.19586,0.02,0.02
2016.07.27 03:11:42.562,0.19557,0.19587,0.02,0.04
2016.07.27 03:11:44.444,0.19558,0.19588,0.02,0.02
2016.07.27 03:11:44.645,0.19558,0.19588,0.02,0.04
2016.07.27 03:11:44.945,0.19558,0.19588,0.02,0.02
2016.07.27 03:11:45.046,0.19558,0.19588,0.02,0.04
2016.07.27 03:11:48.210,0.19558,0.19588,0.02,0.04
2016.07.27 03:11:48.384,0.19556,0.19586,0.02,0.04
2016.07.27 03:11:48.760,0.19555,0.19585,0.02,0.02
2016.07.27 03:11:48.869,0.19555,0.19585,0.02,0.04
2016.07.27 03:11:49.594,0.19555,0.19585,0.02,0.02
2016.07.27 03:11:51.950,0.19555,0.19585,0.02,0.02
2016.07.27 03:11:52.001,0.19557,0.19587,0.02,0.04
2016.07.27 03:11:52.124,0.19558,0.19588,0.02,0.02
2016.07.27 03:11:53.626,0.19557,0.19587,0.02,0.02
2016.07.27 03:11:53.679,0.19557,0.19587,0.02,0.04
2016.07.27 03:12:00.328,0.19558,0.19588,0.02,0.02
2016.07.27 03:12:00.528,0.19559,0.19589,0.02,0.04
2016.07.27 03:12:02.227,0.1956,0.1959,0.02,0.04
2016.07.27 03:12:03.009,0.19559,0.19589,0.02,0.04
2016.07.27 03:12:03.636,0.19558,0.19588,0.02,0.02
2016.07.27 03:12:04.615,0.19559,0.19589,0.02,0.04
2016.07.27 03:12:11.796,0.19557,0.19587,0.02,0.04
2016.07.27 03:12:17.160,0.19559,0.19589,0.02,0.04
2016.07.27 03:12:17.270,0.19557,0.19587,0.02,0.02
2016.07.27 03:12:19.062,0.19559,0.19589,0.02,0.04
2016.07.27 03:12:19.599,0.19558,0.19588,0.02,0.02
2016.07.27 03:12:20.661,0.19559,0.19589,0.02,0.04
2016.07.27 03:12:20.762,0.19558,0.19588,0.02,0.02
2016.07.27 03:12:22.767,0.19558,0.19588,0.02,0.04
2016.07.27 03:12:26.210,0.19557,0.19587,0.02,0.04
2016.07.27 03:12:32.028,0.19559,0.19589,0.02,0.04
2016.07.27 03:12:32.456,0.19558,0.19588,0.02,0.02
2016.07.27 03:12:34.030,0.19559,0.19589,0.02,0.04
2016.07.27 03:12:34.203,0.1956,0.1959,0.02,0.02
2016.07.27 03:12:34.730,0.1956,0.1959,0.02,0.04
2016.07.27 03:12:35.308,0.19559,0.19589,0.02,0.04
2016.07.27 03:12:35.809,0.19558,0.19588,0.02,0.02
2016.07.27 03:12:39.121,0.19559,0.19589,0.02,0.04
2016.07.27 03:12:40.431,0.19558,0.19588,0.02,0.02
2016.07.27 03:12:40.952,0.19559,0.19589,0.02,0.02
2016.07.27 03:12:41.935,0.19558,0.19588,0.02,0.02
2016.07.27 03:12:42.036,0.19558,0.19588,0.02,0.04
2016.07.27 03:12:42.436,0.19558,0.19588,0.02,0.02
2016.07.27 03:12:42.653,0.19556,0.19586,0.02,0.04
2016.07.27 03:12:42.744,0.19556,0.19586,0.02,0.02
2016.07.27 03:12:45.688,0.19557,0.19587,0.02,0.04
2016.07.27 03:12:47.275,0.19556,0.19586,0.02,0.02
2016.07.27 03:12:51.261,0.19556,0.19586,0.02,0.04
2016.07.27 03:12:56.782,0.19557,0.19587,0.02,0.04
2016.07.27 03:13:04.319,0.19556,0.19586,0.02,0.04
2016.07.27 03:13:04.704,0.19556,0.19586,0.02,0.02
2016.07.27 03:13:05.306,0.19555,0.19585,0.02,0.02
2016.07.27 03:13:05.407,0.19555,0.19585,0.02,0.04
2016.07.27 03:13:05.519,0.19555,0.19585,0.02,0.02
2016.07.27 03:13:09.856,0.19556,0.19586,0.02,0.02
2016.07.27 03:13:10.238,0.19557,0.19587,0.02,0.04
2016.07.27 03:13:14.019,0.19557,0.19588,0.02,0.04
2016.07.27 03:13:14.070,0.19557,0.19587,0.02,0.02
2016.07.27 03:13:14.125,0.1956,0.1959,0.02,0.04
2016.07.27 03:13:19.045,0.19561,0.19591,0.02,0.04
2016.07.27 03:13:19.635,0.19559,0.19589,0.02,0.02
2016.07.27 03:13:21.741,0.19561,0.19591,0.02,0.04
2016.07.27 03:13:22.441,0.1956,0.1959,0.02,0.04
2016.07.27 03:13:24.946,0.19559,0.19589,0.02,0.02
2016.07.27 03:13:32.499,0.19559,0.19589,0.02,0.02
2016.07.27 03:13:39.711,0.19561,0.19591,0.02,0.04
2016.07.27 03:13:40.039,0.19559,0.19589,0.02,0.04
2016.07.27 03:13:40.465,0.19561,0.19591,0.02,0.04
2016.07.27 03:13:41.029,0.1956,0.1959,0.02,0.04
2016.07.27 03:13:41.185,0.19559,0.19589,0.02,0.02
2016.07.27 03:13:41.586,0.19561,0.19591,0.02,0.04
2016.07.27 03:13:41.886,0.19559,0.19589,0.02,0.04
2016.07.27 03:13:42.179,0.19559,0.19589,0.02,0.04
2016.07.27 03:13:42.680,0.1956,0.1959,0.02,0.04
2016.07.27 03:13:43.721,0.19561,0.19591,0.02,0.04
2016.07.27 03:13:44.331,0.1956,0.1959,0.02,0.04
2016.07.27 03:13:45.094,0.19561,0.19591,0.02,0.04
2016.07.27 03:13:45.701,0.1956,0.1959,0.02,0.04
2016.07.27 03:13:46.311,0.19559,0.19589,0.02,0.04
2016.07.27 03:13:46.934,0.1956,0.1959,0.02,0.04
2016.07.27 03:13:47.299,0.19559,0.19589,0.02,0.02
2016.07.27 03:13:53.711,0.19561,0.19591,0.02,0.04
2016.07.27 03:13:54.291,0.1956,0.1959,0.02,0.04
2016.07.27 03:13:54.611,0.1956,0.1959,0.02,0.02
2016.07.27 03:13:54.714,0.1956,0.1959,0.02,0.04
2016.07.27 03:13:55.415,0.19559,0.19589,0.02,0.02
2016.07.27 03:14:03.041,0.19558,0.19588,0.02,0.02
2016.07.27 03:14:03.131,0.19557,0.19587,0.02,0.04
2016.07.27 03:14:03.332,0.19554,0.19584,0.02,0.02
2016.07.27 03:14:03.432,0.19554,0.19584,0.02,0.04
2016.07.27 03:14:03.532,0.19554,0.19584,0.02,0.02
2016.07.27 03:14:04.260,0.19554,0.19584,0.02,0.04
2016.07.27 03:14:06.739,0.19555,0.19585,0.02,0.04
2016.07.27 03:14:07.444,0.19554,0.19584,0.02,0.04
2016.07.27 03:14:08.042,0.19554,0.19584,0.02,0.02
2016.07.27 03:14:08.343,0.19554,0.19584,0.02,0.04
2016.07.27 03:14:09.545,0.19554,0.19584,0.02,0.02
2016.07.27 03:14:11.763,0.19556,0.19586,0.02,0.04
2016.07.27 03:14:11.864,0.19558,0.19588,0.02,0.02
2016.07.27 03:14:11.965,0.19559,0.19589,0.02,0.04
2016.07.27 03:14:12.050,0.19556,0.19586,0.02,0.02
2016.07.27 03:14:12.151,0.19557,0.19587,0.02,0.04
2016.07.27 03:14:12.451,0.19555,0.19585,0.02,0.02
2016.07.27 03:14:13.683,0.19554,0.19584,0.02,0.02
2016.07.27 03:14:13.853,0.19554,0.19584,0.02,0.04
2016.07.27 03:14:15.961,0.19553,0.19583,0.02,0.04
2016.07.27 03:14:16.759,0.19554,0.19584,0.02,0.04
2016.07.27 03:14:17.260,0.19553,0.19583,0.02,0.04
2016.07.27 03:14:19.765,0.19554,0.19584,0.02,0.04
2016.07.27 03:14:21.419,0.19553,0.19583,0.02,0.04
2016.07.27 03:14:21.519,0.19553,0.19583,0.02,0.02
2016.07.27 03:14:21.887,0.19553,0.19583,0.02,0.04
2016.07.27 03:14:22.272,0.19552,0.19582,0.02,0.02
2016.07.27 03:14:25.028,0.19554,0.19584,0.02,0.04
2016.07.27 03:14:25.180,0.19553,0.19583,0.02,0.02
2016.07.27 03:14:26.327,0.19553,0.19583,0.02,0.02
2016.07.27 03:14:26.430,0.19553,0.19583,0.02,0.04
2016.07.27 03:14:26.482,0.19552,0.19582,0.02,0.04
2016.07.27 03:14:26.682,0.19553,0.19583,0.02,0.04
2016.07.27 03:14:27.888,0.19552,0.19582,0.02,0.04
2016.07.27 03:14:28.112,0.19551,0.19581,0.02,0.02
2016.07.27 03:14:28.704,0.19552,0.19582,0.02,0.04
2016.07.27 03:14:31.136,0.19551,0.19581,0.02,0.02
2016.07.27 03:14:34.611,0.1955,0.1958,0.02,0.04
2016.07.27 03:14:35.456,0.19551,0.19581,0.02,0.04
2016.07.27 03:14:35.514,0.19551,0.19581,0.02,0.02
2016.07.27 03:14:35.614,0.19551,0.19581,0.02,0.04
2016.07.27 03:14:36.445,0.19551,0.19581,0.02,0.02
2016.07.27 03:14:36.943,0.19552,0.19582,0.02,0.04
2016.07.27 03:14:37.017,0.19553,0.19583,0.02,0.02
2016.07.27 03:14:37.419,0.19553,0.19583,0.02,0.04
2016.07.27 03:14:41.259,0.19554,0.19584,0.02,0.04
2016.07.27 03:14:41.749,0.19558,0.19588,0.02,0.02
2016.07.27 03:14:41.833,0.1956,0.1959,0.02,0.04
2016.07.27 03:14:41.949,0.19559,0.19589,0.02,0.04
2016.07.27 03:14:42.029,0.19557,0.19587,0.02,0.02
2016.07.27 03:14:42.079,0.19557,0.19587,0.02,0.04
2016.07.27 03:14:42.134,0.19556,0.19586,0.02,0.04
2016.07.27 03:14:42.443,0.19555,0.19585,0.02,0.02
2016.07.27 03:14:42.535,0.19555,0.19585,0.02,0.04
2016.07.27 03:14:42.773,0.19557,0.19587,0.02,0.04
2016.07.27 03:14:44.481,0.19557,0.19587,0.02,0.04
2016.07.27 03:14:44.540,0.19558,0.19588,0.02,0.02
2016.07.27 03:14:44.753,0.19558,0.19588,0.02,0.04
2016.07.27 03:14:44.840,0.19558,0.19588,0.02,0.02
2016.07.27 03:14:45.083,0.19558,0.19588,0.02,0.04
2016.07.27 03:14:45.468,0.19556,0.19586,0.02,0.04
2016.07.27 03:14:46.023,0.19557,0.19587,0.02,0.04
2016.07.27 03:14:47.957,0.19558,0.19588,0.02,0.02
2016.07.27 03:14:48.058,0.19557,0.19587,0.02,0.04
2016.07.27 03:14:49.759,0.19556,0.19586,0.02,0.04
2016.07.27 03:14:50.082,0.19558,0.19588,0.02,0.04
2016.07.27 03:14:50.699,0.19556,0.19586,0.02,0.04
2016.07.27 03:14:55.219,0.19555,0.19585,0.02,0.04
2016.07.27 03:14:58.796,0.19554,0.19584,0.02,0.04
2016.07.27 03:15:03.509,0.19554,0.19584,0.02,0.04
2016.07.27 03:15:03.586,0.19553,0.19583,0.02,0.04
2016.07.27 03:15:03.914,0.19551,0.19581,0.02,0.02
2016.07.27 03:15:06.938,0.19551,0.19581,0.02,0.04
2016.07.27 03:15:07.399,0.19549,0.19579,0.02,0.04
2016.07.27 03:15:08.208,0.1955,0.1958,0.02,0.04
2016.07.27 03:15:08.932,0.19549,0.19579,0.02,0.04
2016.07.27 03:15:11.339,0.1955,0.1958,0.02,0.04
2016.07.27 03:15:12.041,0.19549,0.19579,0.02,0.04
2016.07.27 03:15:12.745,0.1955,0.1958,0.02,0.04
2016.07.27 03:15:13.526,0.19549,0.19579,0.02,0.04
2016.07.27 03:15:14.566,0.19548,0.19578,0.02,0.02
2016.07.27 03:15:15.176,0.19549,0.19579,0.02,0.02
2016.07.27 03:15:16.902,0.19548,0.19578,0.02,0.02
2016.07.27 03:15:16.954,0.19548,0.19578,0.02,0.04
2016.07.27 03:15:18.055,0.19548,0.19578,0.02,0.02
2016.07.27 03:15:18.162,0.1955,0.1958,0.02,0.04
2016.07.27 03:15:18.602,0.1955,0.1958,0.02,0.02
2016.07.27 03:15:18.656,0.19552,0.19582,0.02,0.04
2016.07.27 03:15:19.469,0.19551,0.19581,0.02,0.04
2016.07.27 03:15:20.582,0.1955,0.1958,0.02,0.04
2016.07.27 03:15:20.662,0.19548,0.19578,0.02,0.02
2016.07.27 03:15:21.063,0.19549,0.19579,0.02,0.04
2016.07.27 03:15:25.471,0.19548,0.19578,0.02,0.02
2016.07.27 03:15:25.972,0.19549,0.19579,0.02,0.04
2016.07.27 03:15:27.176,0.1955,0.1958,0.02,0.02
2016.07.27 03:15:30.184,0.1955,0.1958,0.02,0.04
2016.07.27 03:15:30.775,0.19549,0.19579,0.02,0.04
2016.07.27 03:15:42.512,0.19549,0.19579,0.02,0.02
2016.07.27 03:15:45.519,0.19549,0.19579,0.02,0.04
2016.07.27 03:15:46.438,0.19548,0.19578,0.02,0.02
2016.07.27 03:15:46.523,0.19547,0.19577,0.02,0.04
2016.07.27 03:15:46.623,0.19547,0.19577,0.02,0.02
2016.07.27 03:15:47.225,0.19547,0.19577,0.02,0.04
2016.07.27 03:15:49.078,0.19546,0.19576,0.02,0.04
2016.07.27 03:15:49.839,0.19546,0.19576,0.02,0.02
2016.07.27 03:15:50.440,0.19546,0.19576,0.02,0.04
2016.07.27 03:15:50.654,0.19546,0.19576,0.02,0.02
2016.07.27 03:15:51.855,0.19546,0.19576,0.02,0.04
2016.07.27 03:15:53.444,0.19545,0.19575,0.02,0.04
2016.07.27 03:15:53.886,0.19545,0.19575,0.02,0.02
2016.07.27 03:15:55.048,0.19545,0.19575,0.02,0.04
2016.07.27 03:15:56.361,0.19545,0.19575,0.02,0.02
2016.07.27 03:15:57.682,0.19544,0.19574,0.02,0.02
2016.07.27 03:16:04.522,0.19543,0.19573,0.02,0.02
2016.07.27 03:16:04.579,0.19541,0.19571,0.02,0.04
2016.07.27 03:16:04.779,0.1954,0.1957,0.02,0.02
2016.07.27 03:16:06.623,0.19539,0.19569,0.02,0.02
2016.07.27 03:16:07.038,0.19538,0.19568,0.02,0.02
2016.07.27 03:16:07.089,0.19536,0.19566,0.02,0.04
2016.07.27 03:16:07.390,0.19535,0.19565,0.02,0.02
2016.07.27 03:16:07.691,0.19535,0.19565,0.02,0.04
2016.07.27 03:16:07.991,0.19534,0.19564,0.02,0.02
2016.07.27 03:16:13.306,0.19534,0.19564,0.02,0.04
2016.07.27 03:16:13.406,0.19534,0.19564,0.02,0.02
2016.07.27 03:16:13.491,0.19534,0.19564,0.02,0.02
2016.07.27 03:16:13.601,0.19532,0.19562,0.04,0.02
2016.07.27 03:16:13.679,0.19532,0.19562,0.02,0.04
2016.07.27 03:16:13.730,0.19529,0.19559,0.02,0.04
2016.07.27 03:16:13.908,0.19528,0.19558,0.02,0.02
2016.07.27 03:16:14.310,0.1953,0.1956,0.02,0.02
2016.07.27 03:16:14.510,0.1953,0.1956,0.02,0.04
2016.07.27 03:16:14.710,0.1953,0.1956,0.02,0.02
2016.07.27 03:16:14.933,0.1953,0.1956,0.02,0.04
2016.07.27 03:16:15.221,0.1953,0.1956,0.02,0.02
2016.07.27 03:16:16.163,0.1953,0.1956,0.02,0.04
2016.07.27 03:16:16.414,0.1953,0.1956,0.02,0.02
2016.07.27 03:16:16.715,0.1953,0.1956,0.02,0.04
2016.07.27 03:16:18.177,0.1953,0.1956,0.02,0.02
2016.07.27 03:16:18.227,0.19532,0.19562,0.02,0.04
2016.07.27 03:16:18.839,0.19531,0.19561,0.02,0.04
2016.07.27 03:16:20.122,0.19533,0.19563,0.02,0.04
2016.07.27 03:16:20.924,0.19534,0.19564,0.02,0.04
2016.07.27 03:16:21.480,0.19535,0.19565,0.02,0.04
2016.07.27 03:16:22.139,0.19534,0.19564,0.02,0.04
2016.07.27 03:16:22.930,0.19535,0.19565,0.02,0.04
2016.07.27 03:16:24.479,0.19534,0.19564,0.02,0.04
2016.07.27 03:16:24.534,0.19534,0.19564,0.02,0.02
2016.07.27 03:16:26.742,0.19535,0.19565,0.02,0.02
2016.07.27 03:16:27.343,0.19535,0.19565,0.02,0.04
2016.07.27 03:16:29.748,0.19534,0.19564,0.02,0.04
2016.07.27 03:16:31.051,0.19534,0.19564,0.02,0.02
2016.07.27 03:16:34.898,0.19536,0.19566,0.02,0.04
2016.07.27 03:16:34.961,0.19535,0.19565,0.02,0.02
2016.07.27 03:16:36.201,0.19536,0.19566,0.02,0.04
2016.07.27 03:16:36.485,0.19536,0.19566,0.02,0.04
2016.07.27 03:16:37.094,0.19537,0.19567,0.02,0.04
2016.07.27 03:16:38.021,0.19537,0.19567,0.02,0.04
2016.07.27 03:16:38.073,0.19536,0.19566,0.02,0.04
2016.07.27 03:16:39.677,0.19534,0.19564,0.02,0.02
2016.07.27 03:16:42.474,0.19536,0.19566,0.02,0.04
2016.07.27 03:16:42.684,0.19537,0.19567,0.02,0.04
2016.07.27 03:16:42.797,0.19536,0.19566,0.02,0.04
2016.07.27 03:16:52.531,0.19535,0.19565,0.02,0.04
2016.07.27 03:16:54.007,0.19536,0.19566,0.02,0.04
2016.07.27 03:17:01.523,0.19537,0.19567,0.02,0.04
2016.07.27 03:17:02.049,0.19538,0.19568,0.02,0.04
2016.07.27 03:17:02.221,0.19538,0.19568,0.02,0.04
2016.07.27 03:17:02.525,0.19536,0.19566,0.02,0.02
2016.07.27 03:17:04.551,0.19534,0.19564,0.02,0.02
2016.07.27 03:17:04.718,0.19534,0.19564,0.02,0.04
2016.07.27 03:17:04.768,0.19532,0.19562,0.02,0.04
2016.07.27 03:17:04.929,0.19529,0.19559,0.02,0.02
2016.07.27 03:17:05.030,0.1953,0.1956,0.02,0.04
2016.07.27 03:17:05.351,0.19533,0.19563,0.02,0.04
2016.07.27 03:17:07.334,0.19532,0.19562,0.02,0.02
2016.07.27 03:17:09.966,0.19531,0.19561,0.02,0.02
2016.07.27 03:17:10.659,0.19532,0.19562,0.02,0.02
2016.07.27 03:17:12.443,0.19531,0.19561,0.02,0.02
2016.07.27 03:17:12.790,0.19533,0.19563,0.02,0.04
2016.07.27 03:17:13.474,0.19533,0.19563,0.02,0.04
2016.07.27 03:17:13.546,0.19532,0.19562,0.02,0.04
2016.07.27 03:17:13.696,0.19531,0.19561,0.02,0.04
2016.07.27 03:17:15.450,0.19532,0.19562,0.02,0.04
2016.07.27 03:17:15.751,0.19531,0.19561,0.02,0.02
2016.07.27 03:17:17.555,0.1953,0.1956,0.02,0.02
2016.07.27 03:17:19.603,0.19531,0.19561,0.02,0.04
2016.07.27 03:17:19.858,0.1953,0.1956,0.02,0.02
2016.07.27 03:17:19.958,0.19532,0.19562,0.02,0.04
2016.07.27 03:17:24.009,0.19532,0.19562,0.02,0.04
2016.07.27 03:17:24.670,0.19533,0.19563,0.02,0.02
2016.07.27 03:17:27.275,0.19533,0.19563,0.02,0.04
2016.07.27 03:17:28.178,0.19534,0.19564,0.02,0.04
2016.07.27 03:17:31.585,0.19532,0.19562,0.02,0.02
2016.07.27 03:17:32.318,0.19533,0.19563,0.02,0.02
2016.07.27 03:17:35.792,0.19532,0.19562,0.02,0.02
2016.07.27 03:17:44.208,0.19531,0.19561,0.02,0.02
2016.07.27 03:17:46.712,0.19532,0.19562,0.02,0.04
2016.07.27 03:17:48.031,0.19533,0.19563,0.02,0.02
2016.07.27 03:17:50.418,0.19533,0.19563,0.02,0.04
2016.07.27 03:17:51.039,0.19534,0.19564,0.02,0.04
2016.07.27 03:17:51.830,0.19535,0.19565,0.02,0.04
2016.07.27 03:17:54.731,0.19534,0.19564,0.02,0.04
2016.07.27 03:18:00.959,0.19534,0.19564,0.02,0.02
2016.07.27 03:18:01.044,0.19536,0.19566,0.02,0.04
2016.07.27 03:18:01.244,0.19536,0.19566,0.02,0.02
2016.07.27 03:18:01.344,0.19536,0.19566,0.02,0.04
2016.07.27 03:18:01.457,0.19536,0.19566,0.02,0.02
2016.07.27 03:18:01.545,0.19536,0.19566,0.02,0.04
2016.07.27 03:18:02.148,0.19536,0.19566,0.02,0.02
2016.07.27 03:18:03.049,0.19536,0.19566,0.02,0.04
2016.07.27 03:18:03.555,0.19537,0.19567,0.02,0.04
2016.07.27 03:18:03.605,0.19537,0.19567,0.02,0.04
2016.07.27 03:18:03.655,0.19538,0.19568,0.02,0.02
2016.07.27 03:18:08.065,0.19538,0.19568,0.02,0.04
2016.07.27 03:18:08.267,0.19536,0.19566,0.02,0.02
2016.07.27 03:18:08.969,0.19537,0.19567,0.02,0.04
2016.07.27 03:18:19.003,0.19538,0.19568,0.02,0.02
2016.07.27 03:18:19.103,0.19541,0.19571,0.02,0.04
2016.07.27 03:18:22.508,0.19542,0.19572,0.02,0.04
2016.07.27 03:18:22.592,0.19542,0.19572,0.02,0.04
2016.07.27 03:18:22.642,0.19543,0.19573,0.02,0.02
2016.07.27 03:18:22.709,0.19545,0.19575,0.02,0.02
2016.07.27 03:18:23.109,0.19546,0.19576,0.02,0.02
2016.07.27 03:18:23.209,0.19546,0.19576,0.02,0.04
2016.07.27 03:18:27.222,0.19545,0.19575,0.02,0.02
2016.07.27 03:18:27.523,0.19544,0.19574,0.02,0.02
2016.07.27 03:18:30.069,0.19543,0.19573,0.02,0.02
2016.07.27 03:18:30.271,0.19544,0.19574,0.02,0.04
2016.07.27 03:18:30.629,0.19541,0.19571,0.02,0.02
2016.07.27 03:18:48.666,0.19543,0.19573,0.02,0.04
2016.07.27 03:18:52.183,0.19544,0.19574,0.02,0.04
2016.07.27 03:18:53.076,0.19545,0.19575,0.02,0.02
2016.07.27 03:18:53.177,0.19546,0.19576,0.02,0.02
2016.07.27 03:18:53.276,0.19546,0.19576,0.02,0.04
2016.07.27 03:18:53.577,0.19546,0.19576,0.02,0.02
2016.07.27 03:18:53.978,0.19545,0.19575,0.02,0.04
2016.07.27 03:18:54.568,0.19545,0.19575,0.02,0.04
2016.07.27 03:18:54.825,0.1955,0.1958,0.02,0.04
2016.07.27 03:18:54.980,0.19549,0.19579,0.02,0.04
2016.07.27 03:18:55.280,0.19549,0.19579,0.02,0.02
2016.07.27 03:19:01.698,0.19548,0.19578,0.02,0.02
2016.07.27 03:19:04.907,0.19548,0.19578,0.02,0.04
2016.07.27 03:19:05.029,0.19546,0.19576,0.02,0.02
2016.07.27 03:19:05.228,0.19547,0.19577,0.02,0.04
2016.07.27 03:19:06.511,0.19546,0.19576,0.02,0.02
2016.07.27 03:19:07.514,0.19547,0.19577,0.02,0.04
2016.07.27 03:19:12.638,0.19546,0.19576,0.02,0.02
2016.07.27 03:19:12.723,0.19548,0.19578,0.02,0.04
2016.07.27 03:19:12.924,0.19548,0.19578,0.02,0.02
2016.07.27 03:19:13.124,0.19548,0.19578,0.02,0.04
2016.07.27 03:19:13.656,0.19548,0.19578,0.02,0.02
2016.07.27 03:19:15.030,0.19548,0.19578,0.02,0.04
2016.07.27 03:19:15.141,0.19546,0.19576,0.02,0.02
2016.07.27 03:19:15.330,0.19547,0.19577,0.02,0.04
2016.07.27 03:19:15.441,0.19548,0.19578,0.02,0.02
2016.07.27 03:19:15.531,0.19549,0.19579,0.02,0.04
2016.07.27 03:19:15.732,0.19548,0.19578,0.02,0.02
2016.07.27 03:19:27.255,0.19549,0.19579,0.02,0.04
2016.07.27 03:19:30.198,0.19548,0.19578,0.02,0.04
2016.07.27 03:19:30.259,0.19546,0.19576,0.02,0.04
2016.07.27 03:19:30.660,0.19543,0.19573,0.02,0.02
2016.07.27 03:19:31.186,0.19544,0.19574,0.02,0.04
2016.07.27 03:19:31.963,0.19543,0.19573,0.02,0.02
2016.07.27 03:19:35.568,0.19544,0.19574,0.02,0.04
2016.07.27 03:19:47.197,0.19544,0.19574,0.02,0.02
2016.07.27 03:19:50.345,0.19543,0.19573,0.02,0.02
2016.07.27 03:20:00.250,0.19542,0.19572,0.02,0.04
2016.07.27 03:20:05.693,0.19542,0.19572,0.02,0.04
2016.07.27 03:20:05.831,0.19541,0.19571,0.02,0.02
2016.07.27 03:20:05.960,0.19541,0.19571,0.02,0.04
2016.07.27 03:20:06.634,0.19542,0.19572,0.02,0.04
2016.07.27 03:20:07.334,0.19541,0.19571,0.02,0.02
2016.07.27 03:20:19.559,0.1954,0.1957,0.02,0.02
2016.07.27 03:20:20.361,0.19539,0.19569,0.02,0.02
2016.07.27 03:20:20.461,0.1954,0.1957,0.02,0.04
2016.07.27 03:20:20.562,0.19539,0.19569,0.02,0.02
2016.07.27 03:20:27.059,0.19539,0.19569,0.02,0.02
2016.07.27 03:20:27.110,0.19538,0.19568,0.02,0.02
2016.07.27 03:20:27.215,0.19537,0.19567,0.02,0.04
2016.07.27 03:20:27.491,0.19533,0.19563,0.02,0.02
2016.07.27 03:20:27.976,0.19534,0.19564,0.02,0.04
2016.07.27 03:20:28.277,0.19536,0.19566,0.02,0.02
2016.07.27 03:20:29.918,0.19536,0.19566,0.02,0.04
2016.07.27 03:20:36.990,0.19535,0.19565,0.02,0.04
2016.07.27 03:20:37.731,0.19534,0.19564,0.02,0.04
2016.07.27 03:20:47.207,0.19534,0.19564,0.02,0.02
2016.07.27 03:20:56.623,0.19534,0.19564,0.02,0.04
2016.07.27 03:20:56.723,0.19534,0.19564,0.02,0.02
2016.07.27 03:20:59.043,0.19533,0.19563,0.02,0.02
2016.07.27 03:21:02.938,0.19534,0.19564,0.02,0.02
2016.07.27 03:21:04.041,0.19533,0.19563,0.02,0.02
2016.07.27 03:21:04.153,0.19533,0.19563,0.02,0.04
2016.07.27 03:21:04.442,0.19531,0.19561,0.02,0.02
2016.07.27 03:21:04.676,0.19533,0.19563,0.02,0.04
2016.07.27 03:21:05.244,0.19532,0.19562,0.02,0.02
2016.07.27 03:21:05.444,0.19531,0.19561,0.02,0.04
2016.07.27 03:21:06.138,0.19532,0.19562,0.02,0.04
2016.07.27 03:21:07.249,0.19531,0.19561,0.02,0.02
2016.07.27 03:21:12.364,0.19531,0.19561,0.02,0.04
2016.07.27 03:21:12.765,0.19531,0.19561,0.02,0.02
2016.07.27 03:21:22.981,0.19532,0.19562,0.02,0.02
2016.07.27 03:21:23.697,0.19533,0.19563,0.02,0.02
2016.07.27 03:21:24.884,0.19534,0.19564,0.02,0.04
2016.07.27 03:21:31.895,0.19533,0.19563,0.02,0.04
2016.07.27 03:21:32.224,0.19531,0.19561,0.02,0.04
2016.07.27 03:21:32.274,0.19531,0.19562,0.02,0.04
2016.07.27 03:21:32.324,0.19533,0.19563,0.02,0.04
2016.07.27 03:21:32.427,0.19534,0.19564,0.02,0.02
2016.07.27 03:21:32.512,0.19537,0.19567,0.02,0.04
2016.07.27 03:21:32.696,0.19536,0.19566,0.02,0.02
2016.07.27 03:21:33.597,0.19537,0.19567,0.02,0.02
2016.07.27 03:21:33.747,0.19538,0.19568,0.02,0.04
2016.07.27 03:21:37.581,0.19538,0.19568,0.02,0.04
2016.07.27 03:21:37.632,0.19537,0.19567,0.02,0.04
2016.07.27 03:21:37.904,0.19538,0.19568,0.02,0.04
2016.07.27 03:21:38.004,0.19537,0.19567,0.02,0.02
2016.07.27 03:21:38.418,0.19538,0.19568,0.02,0.04
2016.07.27 03:21:43.291,0.19538,0.19568,0.02,0.04
2016.07.27 03:22:03.379,0.19537,0.19567,0.02,0.02
2016.07.27 03:22:03.581,0.19536,0.19566,0.02,0.04
2016.07.27 03:22:04.191,0.19537,0.19567,0.02,0.04
2016.07.27 03:22:07.264,0.19536,0.19566,0.02,0.02
2016.07.27 03:22:09.971,0.19537,0.19567,0.02,0.02
2016.07.27 03:22:10.184,0.19538,0.19568,0.02,0.04
2016.07.27 03:22:10.271,0.19537,0.19567,0.02,0.02
2016.07.27 03:22:23.045,0.19538,0.19568,0.02,0.04
2016.07.27 03:22:24.103,0.19539,0.19569,0.02,0.04
2016.07.27 03:22:27.009,0.19541,0.19571,0.02,0.04
2016.07.27 03:22:27.309,0.1954,0.1957,0.02,0.04
2016.07.27 03:22:28.213,0.19541,0.19571,0.02,0.04
2016.07.27 03:22:28.428,0.1954,0.1957,0.02,0.04
2016.07.27 03:22:28.478,0.19533,0.19568,0.04,0.02
2016.07.27 03:22:28.529,0.19533,0.19563,0.02,0.04
2016.07.27 03:22:28.613,0.1953,0.1956,0.02,0.04
2016.07.27 03:22:29.324,0.19531,0.19561,0.02,0.04
2016.07.27 03:22:29.931,0.1953,0.1956,0.02,0.04
2016.07.27 03:22:30.646,0.19529,0.19559,0.02,0.04
2016.07.27 03:22:31.253,0.1953,0.1956,0.02,0.04
2016.07.27 03:22:32.426,0.1953,0.1956,0.02,0.02
2016.07.27 03:22:47.259,0.1953,0.1956,0.02,0.04
2016.07.27 03:22:48.061,0.19529,0.19559,0.02,0.02
2016.07.27 03:22:50.217,0.19529,0.19559,0.02,0.04
2016.07.27 03:22:55.273,0.19529,0.19559,0.02,0.02
2016.07.27 03:23:00.684,0.19531,0.19561,0.02,0.04
2016.07.27 03:23:01.892,0.19532,0.19562,0.02,0.04
2016.07.27 03:23:01.985,0.19531,0.19561,0.02,0.04
2016.07.27 03:23:06.399,0.19532,0.19562,0.02,0.04
2016.07.27 03:23:06.500,0.19531,0.19561,0.02,0.04
2016.07.27 03:23:07.301,0.19531,0.19561,0.02,0.02
2016.07.27 03:23:07.537,0.19531,0.19561,0.02,0.04
2016.07.27 03:23:07.987,0.19529,0.19559,0.02,0.04
2016.07.27 03:23:08.038,0.19529,0.19559,0.02,0.02
2016.07.27 03:23:12.345,0.19531,0.19561,0.02,0.04
2016.07.27 03:23:12.512,0.19529,0.19559,0.02,0.02
2016.07.27 03:23:13.064,0.19528,0.19558,0.02,0.02
2016.07.27 03:23:14.315,0.19529,0.19559,0.02,0.04
2016.07.27 03:23:18.572,0.19528,0.19558,0.02,0.04
2016.07.27 03:23:18.623,0.19528,0.19558,0.02,0.02
2016.07.27 03:23:19.425,0.19527,0.19557,0.02,0.04
2016.07.27 03:23:26.463,0.19529,0.19559,0.02,0.04
2016.07.27 03:23:26.964,0.19528,0.19558,0.02,0.02
2016.07.27 03:23:27.065,0.19528,0.19558,0.02,0.04
2016.07.27 03:23:27.674,0.19527,0.19557,0.02,0.04
2016.07.27 03:23:30.402,0.19527,0.19557,0.02,0.04
2016.07.27 03:23:30.456,0.19526,0.19556,0.02,0.04
2016.07.27 03:23:30.511,0.19526,0.19556,0.02,0.04
2016.07.27 03:23:30.562,0.19524,0.19554,0.02,0.04
2016.07.27 03:23:31.305,0.19525,0.19555,0.02,0.04
2016.07.27 03:23:31.874,0.19525,0.19555,0.02,0.02
2016.07.27 03:23:32.865,0.19524,0.19554,0.02,0.02
2016.07.27 03:23:36.482,0.19523,0.19553,0.02,0.02
2016.07.27 03:23:36.983,0.19523,0.19553,0.02,0.04
2016.07.27 03:23:37.630,0.19524,0.19554,0.02,0.04
2016.07.27 03:23:42.931,0.19523,0.19553,0.02,0.04
2016.07.27 03:23:42.981,0.19523,0.19553,0.02,0.04
2016.07.27 03:23:43.032,0.19521,0.19551,0.02,0.04
2016.07.27 03:23:47.699,0.1952,0.1955,0.02,0.04
2016.07.27 03:23:48.302,0.19522,0.19552,0.02,0.04
2016.07.27 03:23:49.251,0.19521,0.19551,0.02,0.04
2016.07.27 03:23:51.607,0.19522,0.19552,0.02,0.04
2016.07.27 03:23:52.170,0.19521,0.19551,0.02,0.04
2016.07.27 03:23:52.830,0.19522,0.19552,0.02,0.04
2016.07.27 03:23:54.914,0.19521,0.19551,0.02,0.04
2016.07.27 03:24:07.235,0.19521,0.19551,0.02,0.02
2016.07.27 03:24:09.082,0.19523,0.19553,0.02,0.02
2016.07.27 03:24:09.137,0.19522,0.19552,0.02,0.04
2016.07.27 03:24:09.261,0.19524,0.19554,0.02,0.02
2016.07.27 03:24:13.565,0.19522,0.19552,0.02,0.04
2016.07.27 03:24:22.757,0.19521,0.19551,0.02,0.02
2016.07.27 03:24:22.982,0.19523,0.19553,0.02,0.04
2016.07.27 03:24:23.059,0.19523,0.19553,0.02,0.02
2016.07.27 03:24:23.110,0.19523,0.19553,0.02,0.02
2016.07.27 03:24:23.160,0.19523,0.19553,0.02,0.04
2016.07.27 03:24:23.272,0.19521,0.19551,0.02,0.02
2016.07.27 03:24:23.358,0.19522,0.19552,0.02,0.04
2016.07.27 03:24:28.073,0.19523,0.19553,0.02,0.02
2016.07.27 03:24:28.374,0.19521,0.19551,0.02,0.02
2016.07.27 03:24:28.469,0.19523,0.19553,0.02,0.04
2016.07.27 03:24:29.275,0.19523,0.19553,0.02,0.02
2016.07.27 03:24:29.617,0.19526,0.19556,0.02,0.04
2016.07.27 03:24:29.776,0.19526,0.19556,0.02,0.02
2016.07.27 03:24:29.827,0.19526,0.19556,0.02,0.02
2016.07.27 03:24:30.477,0.19528,0.19558,0.02,0.02
2016.07.27 03:24:31.479,0.19526,0.19556,0.02,0.02
2016.07.27 03:24:31.579,0.19527,0.19557,0.02,0.04
2016.07.27 03:24:31.687,0.19528,0.19558,0.02,0.02
2016.07.27 03:24:32.083,0.19528,0.19558,0.02,0.04
2016.07.27 03:24:32.183,0.19528,0.19558,0.02,0.02
2016.07.27 03:24:32.383,0.19528,0.19558,0.02,0.04
2016.07.27 03:24:32.884,0.19528,0.19558,0.02,0.02
2016.07.27 03:24:33.185,0.19528,0.19558,0.02,0.04
2016.07.27 03:24:33.386,0.19528,0.19558,0.02,0.02
2016.07.27 03:24:37.876,0.19528,0.19558,0.02,0.04
2016.07.27 03:24:39.295,0.19528,0.19558,0.02,0.02
2016.07.27 03:24:39.396,0.1953,0.1956,0.02,0.04
2016.07.27 03:24:40.068,0.19529,0.19559,0.02,0.04
2016.07.27 03:24:48.753,0.1953,0.1956,0.02,0.04
2016.07.27 03:24:51.221,0.19531,0.19561,0.02,0.04
2016.07.27 03:24:51.722,0.19531,0.19561,0.02,0.02
2016.07.27 03:24:52.041,0.19531,0.19561,0.02,0.04
2016.07.27 03:24:54.129,0.19531,0.19561,0.02,0.02
2016.07.27 03:24:54.229,0.19531,0.19561,0.02,0.04
2016.07.27 03:24:55.532,0.1953,0.1956,0.02,0.02
2016.07.27 03:24:56.261,0.19531,0.19561,0.02,0.02
2016.07.27 03:24:56.635,0.19531,0.19561,0.02,0.04
2016.07.27 03:24:57.328,0.1953,0.1956,0.02,0.04
2016.07.27 03:24:57.987,0.19531,0.19561,0.02,0.04
2016.07.27 03:24:58.640,0.1953,0.1956,0.02,0.02
2016.07.27 03:25:00.744,0.1953,0.1956,0.02,0.04
2016.07.27 03:25:06.058,0.19529,0.19559,0.02,0.02
2016.07.27 03:25:06.153,0.19531,0.19561,0.02,0.04
2016.07.27 03:25:06.920,0.1953,0.1956,0.02,0.04
2016.07.27 03:25:07.462,0.19531,0.19561,0.02,0.04
2016.07.27 03:25:08.560,0.1953,0.1956,0.02,0.04
2016.07.27 03:25:09.229,0.19531,0.19561,0.02,0.04
2016.07.27 03:25:27.314,0.1953,0.1956,0.02,0.02
2016.07.27 03:25:32.064,0.19531,0.19561,0.02,0.04
2016.07.27 03:25:32.165,0.19532,0.19562,0.02,0.04
2016.07.27 03:25:32.330,0.19531,0.19561,0.02,0.02
2016.07.27 03:25:32.531,0.19532,0.19562,0.02,0.04
2016.07.27 03:25:32.631,0.19531,0.19561,0.02,0.02
2016.07.27 03:25:34.474,0.1953,0.1956,0.02,0.02
2016.07.27 03:25:38.149,0.19529,0.19559,0.02,0.02
2016.07.27 03:25:38.450,0.1953,0.1956,0.02,0.04
2016.07.27 03:25:42.067,0.19529,0.19559,0.02,0.02
2016.07.27 03:25:46.367,0.1953,0.1956,0.02,0.02
2016.07.27 03:25:48.472,0.19531,0.19561,0.02,0.02
2016.07.27 03:25:48.673,0.19532,0.19562,0.02,0.04
2016.07.27 03:25:48.802,0.19532,0.19562,0.02,0.04
2016.07.27 03:25:48.997,0.19533,0.19563,0.02,0.02
2016.07.27 03:25:51.088,0.19533,0.19563,0.02,0.04
2016.07.27 03:25:51.138,0.19533,0.19563,0.02,0.04
2016.07.27 03:25:51.189,0.19531,0.19561,0.02,0.02
2016.07.27 03:25:51.581,0.19532,0.19562,0.02,0.04
2016.07.27 03:25:53.085,0.19531,0.19561,0.02,0.02
2016.07.27 03:25:53.687,0.19532,0.19562,0.02,0.04
2016.07.27 03:26:03.506,0.19531,0.19561,0.02,0.02
2016.07.27 03:26:04.409,0.1953,0.1956,0.02,0.02
2016.07.27 03:26:04.709,0.1953,0.1956,0.02,0.04
2016.07.27 03:26:05.712,0.19529,0.19559,0.02,0.04
2016.07.27 03:26:07.316,0.1953,0.1956,0.02,0.04
2016.07.27 03:26:26.277,0.19529,0.19559,0.02,0.04
2016.07.27 03:26:26.653,0.19527,0.19557,0.02,0.04
2016.07.27 03:26:26.857,0.19527,0.19557,0.02,0.02
2016.07.27 03:26:27.158,0.19527,0.19557,0.02,0.04
2016.07.27 03:26:27.760,0.19527,0.19557,0.02,0.02
2016.07.27 03:26:28.262,0.19527,0.19557,0.02,0.04
2016.07.27 03:26:30.365,0.19528,0.19558,0.02,0.04
2016.07.27 03:26:30.566,0.1953,0.1956,0.02,0.04
2016.07.27 03:26:31.056,0.19529,0.19559,0.02,0.04
2016.07.27 03:26:32.170,0.1953,0.1956,0.02,0.04
2016.07.27 03:26:36.604,0.19529,0.19559,0.02,0.04
2016.07.27 03:26:36.882,0.1953,0.1956,0.02,0.04
2016.07.27 03:26:37.595,0.19529,0.19559,0.02,0.04
2016.07.27 03:26:38.240,0.19528,0.19558,0.02,0.04
2016.07.27 03:26:38.899,0.19527,0.19557,0.02,0.04
2016.07.27 03:26:39.559,0.19528,0.19558,0.02,0.04
2016.07.27 03:26:46.452,0.19527,0.19557,0.02,0.04
2016.07.27 03:26:46.507,0.19525,0.19555,0.02,0.02
2016.07.27 03:26:47.009,0.19526,0.19556,0.02,0.04
2016.07.27 03:26:47.109,0.19525,0.19555,0.02,0.02
2016.07.27 03:26:47.510,0.19526,0.19556,0.02,0.04
2016.07.27 03:26:48.270,0.19525,0.19555,0.02,0.04
2016.07.27 03:26:51.671,0.19526,0.19556,0.02,0.04
2016.07.27 03:26:52.228,0.19525,0.19555,0.02,0.04
2016.07.27 03:26:52.629,0.19524,0.19554,0.02,0.02
2016.07.27 03:26:53.952,0.19525,0.19555,0.02,0.04
2016.07.27 03:26:55.656,0.19526,0.19556,0.02,0.04
2016.07.27 03:27:07.282,0.19525,0.19555,0.02,0.02
2016.07.27 03:27:08.821,0.19526,0.19556,0.02,0.04
2016.07.27 03:27:09.087,0.19525,0.19555,0.02,0.02
2016.07.27 03:27:09.288,0.19526,0.19556,0.02,0.04
2016.07.27 03:27:10.291,0.19527,0.19557,0.02,0.04
2016.07.27 03:27:10.341,0.19527,0.19557,0.02,0.04
2016.07.27 03:27:10.392,0.19528,0.19558,0.02,0.02
2016.07.27 03:27:11.395,0.1953,0.1956,0.02,0.04
2016.07.27 03:27:12.538,0.19529,0.19559,0.02,0.04
2016.07.27 03:27:13.212,0.19528,0.19558,0.02,0.02
2016.07.27 03:27:14.304,0.19529,0.19559,0.02,0.04
2016.07.27 03:27:17.210,0.1953,0.1956,0.02,0.04
2016.07.27 03:27:20.616,0.19529,0.19559,0.02,0.04
2016.07.27 03:27:20.716,0.19528,0.19558,0.02,0.02
2016.07.27 03:27:21.155,0.19529,0.19559,0.02,0.04
2016.07.27 03:27:24.022,0.1953,0.1956,0.02,0.04
2016.07.27 03:27:26.537,0.19529,0.19559,0.02,0.04
2016.07.27 03:27:26.837,0.19528,0.19558,0.02,0.02
2016.07.27 03:27:26.992,0.19529,0.19559,0.02,0.04
2016.07.27 03:27:28.034,0.19528,0.19558,0.02,0.02
2016.07.27 03:27:28.153,0.19527,0.19557,0.02,0.04
2016.07.27 03:27:28.235,0.19525,0.19555,0.02,0.04
2016.07.27 03:27:28.821,0.19526,0.19556,0.02,0.04
2016.07.27 03:27:28.872,0.19525,0.19555,0.02,0.02
2016.07.27 03:27:33.652,0.19524,0.19554,0.02,0.02
2016.07.27 03:27:38.615,0.19523,0.19553,0.02,0.02
2016.07.27 03:27:38.669,0.19525,0.19555,0.02,0.04
2016.07.27 03:27:41.088,0.19526,0.19556,0.02,0.04
2016.07.27 03:27:41.275,0.19526,0.19556,0.02,0.02
2016.07.27 03:27:41.475,0.19527,0.19557,0.02,0.04
2016.07.27 03:27:41.975,0.19526,0.19556,0.02,0.02
2016.07.27 03:27:42.079,0.19525,0.19555,0.02,0.04
2016.07.27 03:27:43.077,0.19524,0.19554,0.02,0.04
2016.07.27 03:27:43.678,0.19525,0.19555,0.02,0.04
2016.07.27 03:27:45.455,0.19526,0.19556,0.02,0.04
2016.07.27 03:27:45.582,0.19525,0.19555,0.02,0.02
2016.07.27 03:27:45.883,0.19526,0.19556,0.02,0.04
2016.07.27 03:27:46.028,0.19525,0.19555,0.02,0.02
2016.07.27 03:27:46.083,0.19525,0.19555,0.02,0.04
2016.07.27 03:27:46.584,0.19526,0.19556,0.02,0.02
2016.07.27 03:27:47.285,0.19526,0.19556,0.02,0.04
2016.07.27 03:27:47.886,0.19525,0.19555,0.02,0.04
2016.07.27 03:27:48.588,0.19524,0.19554,0.02,0.04
2016.07.27 03:27:49.190,0.19524,0.19554,0.02,0.02
2016.07.27 03:27:49.320,0.19525,0.19555,0.02,0.04
2016.07.27 03:27:50.537,0.19526,0.19556,0.02,0.04
2016.07.27 03:27:51.237,0.19527,0.19557,0.02,0.02
2016.07.27 03:27:51.288,0.19527,0.19557,0.02,0.02
2016.07.27 03:27:51.699,0.19527,0.19557,0.02,0.04
2016.07.27 03:27:52.308,0.19528,0.19558,0.02,0.04
2016.07.27 03:27:52.540,0.19526,0.19556,0.02,0.02
2016.07.27 03:27:54.648,0.19528,0.19558,0.02,0.02
2016.07.27 03:27:59.710,0.19528,0.19558,0.02,0.04
2016.07.27 03:27:59.810,0.19526,0.19556,0.02,0.02
2016.07.27 03:28:00.309,0.19528,0.19558,0.02,0.02
2016.07.27 03:28:01.557,0.19526,0.19556,0.02,0.02
2016.07.27 03:28:01.658,0.19525,0.19555,0.02,0.04
2016.07.27 03:28:01.959,0.19527,0.19557,0.02,0.02
2016.07.27 03:28:02.650,0.19528,0.19558,0.02,0.02
2016.07.27 03:28:02.959,0.19526,0.19556,0.02,0.02
2016.07.27 03:28:03.641,0.19527,0.19557,0.02,0.02
2016.07.27 03:28:03.757,0.19527,0.19557,0.02,0.04
2016.07.27 03:28:04.622,0.19527,0.19557,0.02,0.02
2016.07.27 03:28:05.023,0.19527,0.19557,0.02,0.04
2016.07.27 03:28:06.726,0.19527,0.19557,0.02,0.02
2016.07.27 03:28:07.327,0.19527,0.19557,0.02,0.04
2016.07.27 03:28:11.340,0.19528,0.19558,0.02,0.02
2016.07.27 03:28:11.735,0.19528,0.19558,0.02,0.04
2016.07.27 03:28:12.737,0.19528,0.19558,0.02,0.02
2016.07.27 03:28:14.440,0.19528,0.19558,0.02,0.04
2016.07.27 03:28:16.445,0.19527,0.19557,0.02,0.04
2016.07.27 03:28:17.647,0.19527,0.19557,0.02,0.02
2016.07.27 03:28:19.743,0.19527,0.19557,0.02,0.02
2016.07.27 03:28:19.793,0.19527,0.19557,0.02,0.04
2016.07.27 03:28:19.851,0.19524,0.19554,0.02,0.02
2016.07.27 03:28:20.051,0.19525,0.19555,0.02,0.04
2016.07.27 03:28:20.691,0.19524,0.19554,0.02,0.04
2016.07.27 03:28:20.791,0.19523,0.19553,0.02,0.02
2016.07.27 03:28:21.661,0.19524,0.19554,0.02,0.04
2016.07.27 03:28:22.256,0.19526,0.19556,0.02,0.04
2016.07.27 03:28:23.157,0.19525,0.19555,0.02,0.04
2016.07.27 03:28:23.659,0.19526,0.19556,0.02,0.04
2016.07.27 03:28:32.624,0.19525,0.19555,0.02,0.04
2016.07.27 03:28:33.303,0.19524,0.19554,0.02,0.04
2016.07.27 03:28:35.004,0.19525,0.19555,0.02,0.04
2016.07.27 03:28:36.380,0.19524,0.19554,0.02,0.04
2016.07.27 03:28:36.934,0.19525,0.19555,0.02,0.04
2016.07.27 03:28:37.329,0.19524,0.19554,0.02,0.02
2016.07.27 03:28:38.184,0.19525,0.19555,0.02,0.04
2016.07.27 03:28:38.707,0.19526,0.19556,0.02,0.02
2016.07.27 03:28:38.986,0.19528,0.19558,0.02,0.04
2016.07.27 03:28:39.086,0.19528,0.19558,0.02,0.02
2016.07.27 03:28:39.186,0.19528,0.19558,0.02,0.04
2016.07.27 03:28:41.689,0.19528,0.19558,0.02,0.02
2016.07.27 03:28:41.890,0.19528,0.19558,0.02,0.04
2016.07.27 03:28:44.614,0.19526,0.19556,0.02,0.02
2016.07.27 03:28:45.196,0.19528,0.19558,0.02,0.02
2016.07.27 03:28:45.396,0.19528,0.19558,0.02,0.04
2016.07.27 03:28:45.797,0.19527,0.19557,0.02,0.02
2016.07.27 03:28:45.897,0.19527,0.19557,0.02,0.04
2016.07.27 03:28:47.200,0.19527,0.19557,0.02,0.02
2016.07.27 03:28:47.300,0.19528,0.19558,0.02,0.04
2016.07.27 03:28:47.443,0.19528,0.19558,0.02,0.02
2016.07.27 03:28:47.501,0.19528,0.19558,0.02,0.04
2016.07.27 03:28:48.209,0.19527,0.19557,0.02,0.04
2016.07.27 03:28:48.446,0.19527,0.19557,0.02,0.04
2016.07.27 03:28:48.503,0.19525,0.19555,0.02,0.02
2016.07.27 03:28:55.317,0.19524,0.19554,0.02,0.02
2016.07.27 03:29:00.134,0.19523,0.19553,0.02,0.02
2016.07.27 03:29:00.233,0.19522,0.19552,0.02,0.04
2016.07.27 03:29:00.569,0.19525,0.19555,0.02,0.04
2016.07.27 03:29:00.971,0.19524,0.19554,0.02,0.04
2016.07.27 03:29:01.237,0.19527,0.19557,0.02,0.02
2016.07.27 03:29:02.162,0.19526,0.19556,0.02,0.02
2016.07.27 03:29:05.694,0.19525,0.19555,0.02,0.04
2016.07.27 03:29:06.392,0.19525,0.19555,0.02,0.02
2016.07.27 03:29:06.583,0.19524,0.19554,0.02,0.04
2016.07.27 03:29:06.983,0.19526,0.19556,0.02,0.04
2016.07.27 03:29:07.057,0.19527,0.19557,0.02,0.02
2016.07.27 03:29:07.258,0.19526,0.19556,0.02,0.02
2016.07.27 03:29:07.459,0.19525,0.19555,0.02,0.04
2016.07.27 03:29:08.051,0.19524,0.19554,0.02,0.04
2016.07.27 03:29:12.697,0.19525,0.19555,0.02,0.04
2016.07.27 03:29:13.224,0.19523,0.19553,0.02,0.02
2016.07.27 03:29:13.274,0.19522,0.19552,0.02,0.04
2016.07.27 03:29:13.390,0.19523,0.19553,0.02,0.02
2016.07.27 03:29:13.491,0.19522,0.19552,0.02,0.04
2016.07.27 03:29:14.049,0.19523,0.19553,0.02,0.04
2016.07.27 03:29:14.099,0.19524,0.19554,0.02,0.02
2016.07.27 03:29:14.682,0.19523,0.19553,0.02,0.02
2016.07.27 03:29:15.702,0.19524,0.19554,0.02,0.02
2016.07.27 03:29:16.358,0.19523,0.19553,0.02,0.02
2016.07.27 03:29:16.704,0.19525,0.19555,0.02,0.04
2016.07.27 03:29:16.754,0.19525,0.19555,0.02,0.04
2016.07.27 03:29:17.092,0.19523,0.19553,0.02,0.02
2016.07.27 03:29:18.006,0.19522,0.19552,0.02,0.02
2016.07.27 03:29:20.602,0.19523,0.19553,0.02,0.04
2016.07.27 03:29:21.506,0.19524,0.19554,0.02,0.04
2016.07.27 03:29:21.817,0.19526,0.19556,0.02,0.02
2016.07.27 03:29:21.907,0.19526,0.19556,0.02,0.04
2016.07.27 03:29:22.208,0.19524,0.19554,0.02,0.04
2016.07.27 03:29:22.739,0.19525,0.19555,0.02,0.04
2016.07.27 03:29:23.417,0.19524,0.19554,0.02,0.04
2016.07.27 03:29:23.617,0.19524,0.19554,0.02,0.02
2016.07.27 03:29:24.018,0.19524,0.19554,0.02,0.04
2016.07.27 03:29:24.719,0.19525,0.19555,0.02,0.04
2016.07.27 03:29:27.327,0.19524,0.19554,0.02,0.02
2016.07.27 03:29:32.775,0.19523,0.19553,0.02,0.02
2016.07.27 03:29:32.843,0.19522,0.19552,0.02,0.04
2016.07.27 03:29:34.148,0.19523,0.19553,0.02,0.04
2016.07.27 03:29:34.248,0.19524,0.19554,0.02,0.02
2016.07.27 03:29:35.577,0.19525,0.19555,0.02,0.04
2016.07.27 03:29:35.753,0.19524,0.19554,0.02,0.02
2016.07.27 03:29:36.285,0.19524,0.19554,0.02,0.04
2016.07.27 03:29:36.495,0.19524,0.19554,0.02,0.02
2016.07.27 03:29:38.860,0.19524,0.19554,0.02,0.04
2016.07.27 03:29:39.161,0.19524,0.19554,0.02,0.02
2016.07.27 03:29:40.565,0.19524,0.19554,0.02,0.04
2016.07.27 03:29:40.965,0.19524,0.19554,0.02,0.02
2016.07.27 03:29:46.304,0.19522,0.19552,0.02,0.02
2016.07.27 03:29:46.405,0.19523,0.19553,0.02,0.04
2016.07.27 03:29:47.080,0.19522,0.19552,0.02,0.02
2016.07.27 03:29:47.372,0.19522,0.19552,0.02,0.04
2016.07.27 03:29:49.022,0.19523,0.19553,0.02,0.04
2016.07.27 03:29:50.189,0.19522,0.19552,0.02,0.04
2016.07.27 03:29:50.491,0.19524,0.19554,0.02,0.04
2016.07.27 03:29:51.191,0.19523,0.19553,0.02,0.02
2016.07.27 03:29:51.592,0.19524,0.19554,0.02,0.04
2016.07.27 03:29:58.633,0.19525,0.19555,0.02,0.04
2016.07.27 03:29:58.816,0.19524,0.19554,0.02,0.02
2016.07.27 03:29:59.117,0.19523,0.19553,0.02,0.04
2016.07.27 03:30:01.306,0.19523,0.19553,0.02,0.04
2016.07.27 03:30:01.357,0.19522,0.19552,0.02,0.04
2016.07.27 03:30:01.427,0.1952,0.1955,0.02,0.02
2016.07.27 03:30:02.629,0.19522,0.19552,0.02,0.02
2016.07.27 03:30:02.697,0.19522,0.19552,0.02,0.02
2016.07.27 03:30:03.050,0.19524,0.19554,0.02,0.02
2016.07.27 03:30:03.563,0.19523,0.19553,0.02,0.02
2016.07.27 03:30:08.354,0.19523,0.19553,0.02,0.04
2016.07.27 03:30:08.441,0.19521,0.19551,0.02,0.02
2016.07.27 03:30:08.943,0.1952,0.1955,0.02,0.02
2016.07.27 03:30:09.043,0.19521,0.19551,0.02,0.04
2016.07.27 03:30:12.182,0.1952,0.1955,0.02,0.02
2016.07.27 03:30:25.590,0.19518,0.19548,0.04,0.02
2016.07.27 03:30:25.646,0.19519,0.19549,0.02,0.04
2016.07.27 03:30:25.697,0.19516,0.19546,0.02,0.02
2016.07.27 03:30:26.133,0.19516,0.19546,0.02,0.04
2016.07.27 03:30:26.198,0.19515,0.19545,0.02,0.02
2016.07.27 03:30:29.105,0.19516,0.19546,0.02,0.04
2016.07.27 03:30:29.434,0.19515,0.19545,0.02,0.02
2016.07.27 03:30:30.307,0.19515,0.19545,0.02,0.02
2016.07.27 03:30:30.357,0.19516,0.19546,0.02,0.04
2016.07.27 03:30:30.703,0.19518,0.19548,0.02,0.04
2016.07.27 03:30:31.009,0.1952,0.1955,0.02,0.04
2016.07.27 03:30:31.353,0.19518,0.19548,0.02,0.02
2016.07.27 03:30:31.811,0.19519,0.19549,0.02,0.04
2016.07.27 03:30:32.312,0.19518,0.19548,0.02,0.04
2016.07.27 03:30:32.412,0.19518,0.19548,0.02,0.04
2016.07.27 03:30:32.463,0.19516,0.19546,0.02,0.02
2016.07.27 03:30:32.914,0.19516,0.19546,0.02,0.04
2016.07.27 03:30:33.515,0.19515,0.19545,0.02,0.04
2016.07.27 03:30:34.433,0.19516,0.19546,0.02,0.04
2016.07.27 03:30:35.111,0.19517,0.19547,0.02,0.04
2016.07.27 03:30:35.772,0.19516,0.19546,0.02,0.04
2016.07.27 03:30:36.432,0.19517,0.19547,0.02,0.04
2016.07.27 03:30:36.825,0.19515,0.19545,0.02,0.02
2016.07.27 03:30:39.453,0.19516,0.19546,0.02,0.04
2016.07.27 03:30:39.532,0.19515,0.19545,0.02,0.02
2016.07.27 03:30:40.033,0.19517,0.19547,0.02,0.04
2016.07.27 03:30:40.592,0.19516,0.19546,0.02,0.04
2016.07.27 03:30:42.446,0.19515,0.19545,0.02,0.04
2016.07.27 03:30:43.057,0.19516,0.19546,0.02,0.04
2016.07.27 03:30:44.042,0.19515,0.19545,0.02,0.04
2016.07.27 03:30:47.137,0.19515,0.19545,0.02,0.04
2016.07.27 03:30:47.187,0.19513,0.19543,0.02,0.04
2016.07.27 03:30:47.249,0.19511,0.19541,0.02,0.02
2016.07.27 03:30:47.398,0.1951,0.1954,0.02,0.04
2016.07.27 03:30:48.007,0.19511,0.19541,0.02,0.04
2016.07.27 03:30:49.152,0.1951,0.1954,0.02,0.04
2016.07.27 03:30:51.017,0.1951,0.1954,0.02,0.04
2016.07.27 03:30:51.067,0.19511,0.19541,0.02,0.04
2016.07.27 03:30:51.156,0.19513,0.19543,0.02,0.02
2016.07.27 03:30:51.457,0.19515,0.19545,0.02,0.04
2016.07.27 03:30:51.657,0.19515,0.19545,0.02,0.02
2016.07.27 03:30:51.857,0.19516,0.19546,0.02,0.04
2016.07.27 03:30:51.958,0.19515,0.19545,0.02,0.02
2016.07.27 03:30:54.163,0.19516,0.19546,0.02,0.04
2016.07.27 03:30:54.887,0.19517,0.19547,0.02,0.04
2016.07.27 03:30:55.672,0.19518,0.19548,0.02,0.04
2016.07.27 03:30:55.796,0.19518,0.19548,0.02,0.02
2016.07.27 03:30:56.069,0.1952,0.1955,0.02,0.04
2016.07.27 03:30:56.269,0.19518,0.19548,0.02,0.02
2016.07.27 03:30:57.171,0.19518,0.19548,0.02,0.04
2016.07.27 03:30:57.416,0.19518,0.19548,0.02,0.02
2016.07.27 03:30:57.473,0.19517,0.19547,0.02,0.02
2016.07.27 03:30:57.573,0.19516,0.19546,0.02,0.04
2016.07.27 03:30:57.874,0.19518,0.19548,0.02,0.04
2016.07.27 03:30:57.981,0.19518,0.19548,0.02,0.04
2016.07.27 03:31:04.414,0.19519,0.19549,0.02,0.04
2016.07.27 03:31:04.593,0.1952,0.1955,0.02,0.04
2016.07.27 03:31:04.644,0.1952,0.1955,0.02,0.04
2016.07.27 03:31:05.320,0.19521,0.19551,0.02,0.04
2016.07.27 03:31:05.496,0.19521,0.19551,0.02,0.02
2016.07.27 03:31:05.823,0.19523,0.19553,0.02,0.02
2016.07.27 03:31:07.702,0.19524,0.19554,0.02,0.04
2016.07.27 03:31:09.107,0.19525,0.19555,0.02,0.02
2016.07.27 03:31:09.711,0.19526,0.19556,0.02,0.04
2016.07.27 03:31:09.812,0.19525,0.19555,0.02,0.04
2016.07.27 03:31:09.913,0.19524,0.19554,0.02,0.02
2016.07.27 03:31:10.213,0.19525,0.19555,0.02,0.04
2016.07.27 03:31:10.414,0.19526,0.19556,0.02,0.04
2016.07.27 03:31:10.615,0.19526,0.19556,0.02,0.02
2016.07.27 03:31:10.761,0.19529,0.19559,0.02,0.04
2016.07.27 03:31:10.916,0.19531,0.19561,0.02,0.02
2016.07.27 03:31:11.218,0.19531,0.19561,0.02,0.04
2016.07.27 03:31:11.342,0.19532,0.19562,0.02,0.04
2016.07.27 03:31:11.443,0.19531,0.19561,0.02,0.04
2016.07.27 03:31:11.727,0.19532,0.19562,0.02,0.04
2016.07.27 03:31:11.886,0.19532,0.19562,0.02,0.04
2016.07.27 03:31:12.121,0.19533,0.19563,0.02,0.02
2016.07.27 03:31:12.423,0.19532,0.19562,0.02,0.04
2016.07.27 03:31:12.932,0.19533,0.19563,0.02,0.04
2016.07.27 03:31:13.316,0.19534,0.19564,0.02,0.04
2016.07.27 03:31:13.367,0.19531,0.19561,0.02,0.02
2016.07.27 03:31:13.426,0.19537,0.19567,0.02,0.02
2016.07.27 03:31:13.626,0.1954,0.1957,0.02,0.04
2016.07.27 03:31:13.727,0.19539,0.19569,0.02,0.02
2016.07.27 03:31:13.867,0.1954,0.1957,0.02,0.02
2016.07.27 03:31:14.086,0.1954,0.1957,0.02,0.02
2016.07.27 03:31:14.430,0.19542,0.19572,0.02,0.04
2016.07.27 03:31:14.549,0.19543,0.19573,0.02,0.02
2016.07.27 03:31:14.630,0.19545,0.19575,0.02,0.04
2016.07.27 03:31:14.731,0.19546,0.19576,0.02,0.02
2016.07.27 03:31:14.931,0.19545,0.19575,0.02,0.02
2016.07.27 03:31:15.434,0.19545,0.19575,0.02,0.04
2016.07.27 03:31:16.136,0.19543,0.19573,0.02,0.02
2016.07.27 03:31:16.237,0.19542,0.19572,0.02,0.04
2016.07.27 03:31:16.377,0.19541,0.19571,0.02,0.02
2016.07.27 03:31:16.487,0.19542,0.19572,0.02,0.04
2016.07.27 03:31:16.994,0.19542,0.19572,0.02,0.04
2016.07.27 03:31:17.139,0.19541,0.19571,0.02,0.02
2016.07.27 03:31:17.440,0.19541,0.19571,0.02,0.04
2016.07.27 03:31:17.540,0.19542,0.19572,0.02,0.02
2016.07.27 03:31:18.258,0.19541,0.19571,0.02,0.02
2016.07.27 03:31:18.486,0.19543,0.19573,0.02,0.04
2016.07.27 03:31:18.544,0.19541,0.19571,0.02,0.02
2016.07.27 03:31:18.977,0.19544,0.19574,0.02,0.04
2016.07.27 03:31:19.080,0.19545,0.19575,0.02,0.04
2016.07.27 03:31:19.550,0.19544,0.19574,0.02,0.02
2016.07.27 03:31:20.136,0.19543,0.19573,0.02,0.02
2016.07.27 03:31:20.187,0.19542,0.19572,0.02,0.04
2016.07.27 03:31:20.501,0.1954,0.1957,0.02,0.02
2016.07.27 03:31:20.686,0.1954,0.1957,0.02,0.02
2016.07.27 03:31:20.758,0.19539,0.19569,0.02,0.02
2016.07.27 03:31:20.972,0.19537,0.19567,0.02,0.04
2016.07.27 03:31:21.158,0.19539,0.19569,0.02,0.04
2016.07.27 03:31:21.481,0.19539,0.19569,0.02,0.02
2016.07.27 03:31:21.675,0.19539,0.19569,0.02,0.04
2016.07.27 03:31:21.725,0.19539,0.19569,0.02,0.04
2016.07.27 03:31:21.962,0.19539,0.19569,0.02,0.02
2016.07.27 03:31:22.291,0.1954,0.1957,0.02,0.04
2016.07.27 03:31:22.363,0.19541,0.19571,0.02,0.04
2016.07.27 03:31:22.864,0.1954,0.1957,0.02,0.04
2016.07.27 03:31:24.873,0.19539,0.19569,0.02,0.04
2016.07.27 03:31:25.174,0.1954,0.1957,0.02,0.02
2016.07.27 03:31:25.942,0.19542,0.19572,0.02,0.04
2016.07.27 03:31:26.583,0.1954,0.1957,0.02,0.02
2016.07.27 03:31:27.261,0.19539,0.19569,0.02,0.02
2016.07.27 03:31:27.549,0.19541,0.19571,0.02,0.04
2016.07.27 03:31:27.889,0.19543,0.19573,0.02,0.04
2016.07.27 03:31:27.990,0.19545,0.19575,0.02,0.04
2016.07.27 03:31:28.190,0.19544,0.19574,0.02,0.02
2016.07.27 03:31:28.634,0.19544,0.19574,0.02,0.04
2016.07.27 03:31:28.693,0.19545,0.19575,0.02,0.04
2016.07.27 03:31:29.046,0.19545,0.19575,0.02,0.04
2016.07.27 03:31:29.218,0.19545,0.19575,0.02,0.02
2016.07.27 03:31:29.319,0.19547,0.19577,0.02,0.04
2016.07.27 03:31:29.623,0.19546,0.19576,0.02,0.04
2016.07.27 03:31:30.195,0.19545,0.19575,0.02,0.04
2016.07.27 03:31:30.799,0.19546,0.19576,0.02,0.04
2016.07.27 03:31:31.000,0.19546,0.19576,0.02,0.02
2016.07.27 03:31:31.802,0.19548,0.19578,0.02,0.04
2016.07.27 03:31:31.903,0.19547,0.19577,0.02,0.04
2016.07.27 03:31:32.017,0.19546,0.19576,0.02,0.04
2016.07.27 03:31:32.103,0.19547,0.19577,0.02,0.02
2016.07.27 03:31:32.304,0.19548,0.19578,0.02,0.04
2016.07.27 03:31:32.404,0.19547,0.19577,0.02,0.04
2016.07.27 03:31:33.126,0.19548,0.19578,0.02,0.04
2016.07.27 03:31:33.408,0.19548,0.19578,0.02,0.02
2016.07.27 03:31:34.010,0.19549,0.19579,0.02,0.04
2016.07.27 03:31:34.110,0.1955,0.1958,0.02,0.04
2016.07.27 03:31:34.411,0.1955,0.1958,0.02,0.02
2016.07.27 03:31:35.315,0.19549,0.19579,0.02,0.04
2016.07.27 03:31:35.524,0.1955,0.1958,0.02,0.04
2016.07.27 03:31:35.750,0.19549,0.19579,0.02,0.02
2016.07.27 03:31:35.927,0.1955,0.1958,0.02,0.02
2016.07.27 03:31:36.017,0.19549,0.19579,0.02,0.04
2016.07.27 03:31:36.419,0.1955,0.1958,0.02,0.02
2016.07.27 03:31:36.621,0.19549,0.19579,0.02,0.04
2016.07.27 03:31:38.328,0.19551,0.19581,0.02,0.04
2016.07.27 03:31:38.629,0.1955,0.1958,0.02,0.04
2016.07.27 03:31:38.911,0.19549,0.19579,0.02,0.02
2016.07.27 03:31:40.436,0.19551,0.19581,0.02,0.04
2016.07.27 03:31:40.761,0.19549,0.19579,0.02,0.04
2016.07.27 03:31:40.839,0.1955,0.1958,0.02,0.04
2016.07.27 03:31:40.952,0.19549,0.19579,0.02,0.04
2016.07.27 03:31:41.039,0.19551,0.19581,0.02,0.04
2016.07.27 03:31:41.942,0.19549,0.19579,0.02,0.04
2016.07.27 03:31:42.043,0.1955,0.1958,0.02,0.04
2016.07.27 03:31:42.344,0.19549,0.19579,0.02,0.04
2016.07.27 03:31:42.546,0.19551,0.19581,0.02,0.04
2016.07.27 03:31:43.348,0.19549,0.19579,0.02,0.04
2016.07.27 03:31:43.549,0.1955,0.1958,0.02,0.04
2016.07.27 03:31:43.649,0.19551,0.19581,0.02,0.04
2016.07.27 03:31:43.950,0.19549,0.19579,0.02,0.04
2016.07.27 03:31:44.191,0.19551,0.19581,0.02,0.04
2016.07.27 03:31:47.361,0.1955,0.1958,0.02,0.04
2016.07.27 03:31:47.964,0.19549,0.19579,0.02,0.04
2016.07.27 03:31:48.877,0.19548,0.19578,0.02,0.02
2016.07.27 03:31:48.969,0.1955,0.1958,0.02,0.04
2016.07.27 03:31:49.206,0.19549,0.19579,0.02,0.02
2016.07.27 03:31:49.308,0.1955,0.1958,0.02,0.02
2016.07.27 03:31:49.370,0.19549,0.19579,0.02,0.02
2016.07.27 03:31:50.716,0.19546,0.19577,0.04,0.02
2016.07.27 03:31:50.881,0.19546,0.19576,0.04,0.02
2016.07.27 03:31:50.936,0.19544,0.19576,0.04,0.02
2016.07.27 03:31:50.987,0.19543,0.19573,0.02,0.02
2016.07.27 03:31:51.222,0.19542,0.19572,0.02,0.04
2016.07.27 03:31:51.280,0.19543,0.19573,0.02,0.04
2016.07.27 03:31:51.442,0.19543,0.19573,0.02,0.04
2016.07.27 03:31:51.492,0.19544,0.19574,0.02,0.02
2016.07.27 03:31:53.189,0.19545,0.19575,0.02,0.02
2016.07.27 03:31:53.417,0.19546,0.19576,0.02,0.04
2016.07.27 03:31:53.518,0.19545,0.19575,0.02,0.04
2016.07.27 03:31:54.204,0.19544,0.19574,0.02,0.04
2016.07.27 03:31:59.344,0.19545,0.19575,0.02,0.04
2016.07.27 03:31:59.725,0.19547,0.19577,0.02,0.04
2016.07.27 03:31:59.825,0.19545,0.19575,0.02,0.02
2016.07.27 03:31:59.926,0.19544,0.19574,0.02,0.04
2016.07.27 03:32:00.751,0.19545,0.19575,0.02,0.04
2016.07.27 03:32:03.281,0.19545,0.19575,0.02,0.04
2016.07.27 03:32:03.478,0.19543,0.19573,0.02,0.02
2016.07.27 03:32:04.328,0.19544,0.19574,0.02,0.02
2016.07.27 03:32:04.440,0.19545,0.19575,0.02,0.04
2016.07.27 03:32:07.439,0.19545,0.19575,0.02,0.02
2016.07.27 03:32:07.942,0.19547,0.19577,0.02,0.04
2016.07.27 03:32:08.792,0.19546,0.19576,0.02,0.04
2016.07.27 03:32:08.952,0.19548,0.19578,0.02,0.02
2016.07.27 03:32:09.391,0.19549,0.19579,0.02,0.04
2016.07.27 03:32:15.056,0.19548,0.19578,0.02,0.04
2016.07.27 03:32:15.301,0.19546,0.19576,0.02,0.02
2016.07.27 03:32:15.459,0.19547,0.19577,0.02,0.04
2016.07.27 03:32:15.601,0.19546,0.19576,0.02,0.02
2016.07.27 03:32:15.702,0.19545,0.19575,0.02,0.04
2016.07.27 03:32:18.868,0.19544,0.19574,0.02,0.02
2016.07.27 03:32:19.170,0.19542,0.19572,0.02,0.04
2016.07.27 03:32:19.947,0.19543,0.19573,0.02,0.04
2016.07.27 03:32:20.501,0.19541,0.19571,0.02,0.02
2016.07.27 03:32:20.602,0.19543,0.19573,0.02,0.04
2016.07.27 03:32:20.703,0.19545,0.19575,0.02,0.04
2016.07.27 03:32:21.381,0.19544,0.19574,0.02,0.04
2016.07.27 03:32:21.876,0.19543,0.19573,0.02,0.02
2016.07.27 03:32:25.230,0.19542,0.19572,0.02,0.04
2016.07.27 03:32:25.685,0.19542,0.19572,0.02,0.02
2016.07.27 03:32:27.312,0.19542,0.19572,0.02,0.04
2016.07.27 03:32:29.924,0.19543,0.19573,0.02,0.04
2016.07.27 03:32:29.996,0.19542,0.19572,0.02,0.04
2016.07.27 03:32:31.914,0.19541,0.19571,0.02,0.02
2016.07.27 03:32:32.516,0.19541,0.19571,0.02,0.02
2016.07.27 03:32:32.707,0.1954,0.1957,0.02,0.04
2016.07.27 03:32:32.807,0.1954,0.1957,0.02,0.02
2016.07.27 03:32:32.908,0.1954,0.1957,0.02,0.04
2016.07.27 03:32:33.519,0.19539,0.19569,0.02,0.04
2016.07.27 03:32:33.829,0.1954,0.1957,0.02,0.02
2016.07.27 03:32:34.230,0.1954,0.1957,0.02,0.04
2016.07.27 03:32:34.431,0.1954,0.1957,0.02,0.02
2016.07.27 03:32:35.032,0.1954,0.1957,0.02,0.04
2016.07.27 03:32:35.818,0.19539,0.19569,0.02,0.04
2016.07.27 03:32:36.220,0.19539,0.19569,0.02,0.02
2016.07.27 03:32:36.856,0.19538,0.19568,0.02,0.02
2016.07.27 03:32:37.482,0.19539,0.19569,0.02,0.02
2016.07.27 03:32:39.928,0.19538,0.19568,0.02,0.04
2016.07.27 03:32:40.174,0.19539,0.19569,0.02,0.02
2016.07.27 03:32:42.153,0.1954,0.1957,0.02,0.02
2016.07.27 03:32:44.872,0.19542,0.19572,0.02,0.04
2016.07.27 03:32:45.042,0.19541,0.19571,0.02,0.04
2016.07.27 03:32:45.543,0.19543,0.19573,0.02,0.04
2016.07.27 03:32:45.891,0.19542,0.19572,0.02,0.02
2016.07.27 03:32:46.346,0.19543,0.19573,0.02,0.04
2016.07.27 03:32:46.487,0.19542,0.19572,0.02,0.04
2016.07.27 03:32:46.546,0.19541,0.19571,0.02,0.04
2016.07.27 03:32:47.247,0.19541,0.19571,0.02,0.02
2016.07.27 03:32:48.999,0.1954,0.1957,0.02,0.04
2016.07.27 03:32:49.655,0.19539,0.19569,0.02,0.04
2016.07.27 03:32:50.498,0.1954,0.1957,0.02,0.04
2016.07.27 03:32:51.067,0.19541,0.19571,0.02,0.04
2016.07.27 03:32:51.727,0.1954,0.1957,0.02,0.04
2016.07.27 03:32:52.364,0.19541,0.19571,0.02,0.04
2016.07.27 03:32:53.166,0.19541,0.19571,0.02,0.02
2016.07.27 03:32:54.014,0.19542,0.19572,0.02,0.04
2016.07.27 03:32:54.186,0.1954,0.1957,0.02,0.02
2016.07.27 03:32:54.271,0.19541,0.19571,0.02,0.04
2016.07.27 03:32:54.371,0.19539,0.19569,0.02,0.04
2016.07.27 03:32:54.472,0.1954,0.1957,0.02,0.04
2016.07.27 03:32:59.071,0.1954,0.1957,0.02,0.04
2016.07.27 03:32:59.400,0.19542,0.19572,0.02,0.04
2016.07.27 03:33:04.294,0.19541,0.19571,0.02,0.02
2016.07.27 03:33:05.120,0.19542,0.19572,0.02,0.04
2016.07.27 03:33:05.196,0.19543,0.19573,0.02,0.04
2016.07.27 03:33:05.295,0.19543,0.19573,0.02,0.04
2016.07.27 03:33:05.396,0.19542,0.19572,0.02,0.02
2016.07.27 03:33:06.060,0.19543,0.19573,0.02,0.02
2016.07.27 03:33:09.203,0.19544,0.19574,0.02,0.02
2016.07.27 03:33:09.304,0.19545,0.19575,0.02,0.04
2016.07.27 03:33:09.613,0.19544,0.19574,0.02,0.02
2016.07.27 03:33:09.805,0.19545,0.19575,0.02,0.04
2016.07.27 03:33:14.787,0.19545,0.19575,0.02,0.04
2016.07.27 03:33:26.438,0.19546,0.19576,0.02,0.04
2016.07.27 03:33:26.637,0.19551,0.19581,0.02,0.04
2016.07.27 03:33:26.737,0.19549,0.19579,0.02,0.02
2016.07.27 03:33:26.971,0.1955,0.1958,0.02,0.04
2016.07.27 03:33:27.518,0.19549,0.19579,0.02,0.04
2016.07.27 03:33:29.346,0.1955,0.1958,0.02,0.04
2016.07.27 03:33:31.766,0.19549,0.19579,0.02,0.04
2016.07.27 03:33:32.174,0.19547,0.19577,0.02,0.04
2016.07.27 03:33:32.758,0.19549,0.19579,0.02,0.04
2016.07.27 03:33:32.885,0.19547,0.19577,0.02,0.02
2016.07.27 03:33:33.260,0.19549,0.19579,0.02,0.04
2016.07.27 03:33:34.762,0.19548,0.19578,0.02,0.02
2016.07.27 03:33:35.136,0.19548,0.19578,0.02,0.04
2016.07.27 03:33:35.565,0.1955,0.1958,0.02,0.04
2016.07.27 03:33:36.066,0.19549,0.19579,0.02,0.02
2016.07.27 03:33:40.279,0.19551,0.19581,0.02,0.04
2016.07.27 03:33:40.846,0.19551,0.19581,0.02,0.04
2016.07.27 03:33:41.382,0.19552,0.19582,0.02,0.04
2016.07.27 03:33:41.890,0.19551,0.19581,0.02,0.02
2016.07.27 03:33:42.500,0.1955,0.1958,0.02,0.02
2016.07.27 03:33:43.434,0.19552,0.19582,0.02,0.04
2016.07.27 03:33:43.888,0.19551,0.19581,0.02,0.02
2016.07.27 03:33:56.421,0.19552,0.19582,0.02,0.04
2016.07.27 03:33:57.023,0.19551,0.19581,0.02,0.02
2016.07.27 03:33:57.534,0.19552,0.19582,0.02,0.04
2016.07.27 03:33:59.028,0.19551,0.19581,0.02,0.02
2016.07.27 03:34:10.053,0.1955,0.1958,0.02,0.04
2016.07.27 03:34:17.268,0.19551,0.19581,0.02,0.04
2016.07.27 03:34:17.671,0.19551,0.19581,0.02,0.02
2016.07.27 03:34:17.971,0.19551,0.19581,0.02,0.04
2016.07.27 03:34:18.071,0.1955,0.1958,0.02,0.02
2016.07.27 03:34:18.873,0.19551,0.19581,0.02,0.04
2016.07.27 03:34:20.331,0.19552,0.19582,0.02,0.04
2016.07.27 03:34:20.877,0.19553,0.19583,0.02,0.02
2016.07.27 03:34:20.927,0.19553,0.19583,0.02,0.02
2016.07.27 03:34:25.732,0.19551,0.19581,0.02,0.02
2016.07.27 03:34:28.159,0.19551,0.19581,0.02,0.02
2016.07.27 03:34:28.209,0.1955,0.1958,0.02,0.04
2016.07.27 03:34:34.545,0.1955,0.1958,0.02,0.04
2016.07.27 03:34:34.650,0.19549,0.19579,0.02,0.04
2016.07.27 03:34:34.776,0.19547,0.19577,0.02,0.02
2016.07.27 03:34:34.827,0.19546,0.19576,0.02,0.04
2016.07.27 03:34:35.106,0.19546,0.19576,0.02,0.04
2016.07.27 03:34:35.156,0.19545,0.19575,0.02,0.04
2016.07.27 03:34:35.350,0.19544,0.19574,0.02,0.02
2016.07.27 03:34:36.285,0.19544,0.19574,0.02,0.02
2016.07.27 03:34:36.335,0.19543,0.19573,0.02,0.02
2016.07.27 03:34:36.436,0.19543,0.19573,0.02,0.04
2016.07.27 03:34:37.418,0.19542,0.19572,0.02,0.04
2016.07.27 03:34:37.519,0.19542,0.19572,0.02,0.02
2016.07.27 03:34:38.595,0.19542,0.19572,0.02,0.02
2016.07.27 03:34:38.645,0.19541,0.19571,0.02,0.02
2016.07.27 03:34:42.531,0.1954,0.1957,0.02,0.02
2016.07.27 03:34:42.932,0.1954,0.1957,0.02,0.04
2016.07.27 03:34:43.033,0.19539,0.19569,0.02,0.02
2016.07.27 03:34:43.132,0.1954,0.1957,0.02,0.04
2016.07.27 03:34:43.645,0.19539,0.19569,0.02,0.04
2016.07.27 03:34:47.343,0.19539,0.19569,0.02,0.02
2016.07.27 03:34:49.649,0.1954,0.1957,0.02,0.04
2016.07.27 03:34:51.156,0.19541,0.19571,0.02,0.04
2016.07.27 03:35:01.780,0.19541,0.19571,0.02,0.02
2016.07.27 03:35:02.893,0.19541,0.19571,0.02,0.04
2016.07.27 03:35:03.383,0.19541,0.19571,0.02,0.02
2016.07.27 03:35:03.483,0.19542,0.19572,0.02,0.04
2016.07.27 03:35:03.885,0.19541,0.19571,0.02,0.02
2016.07.27 03:35:08.921,0.19542,0.19572,0.02,0.04
2016.07.27 03:35:09.469,0.19543,0.19573,0.02,0.04
2016.07.27 03:35:14.906,0.19542,0.19572,0.02,0.02
2016.07.27 03:35:15.006,0.19542,0.19572,0.02,0.04
2016.07.27 03:35:15.693,0.19542,0.19572,0.02,0.04
2016.07.27 03:35:15.776,0.19541,0.19571,0.02,0.04
2016.07.27 03:35:16.409,0.1954,0.1957,0.02,0.04
2016.07.27 03:35:17.097,0.19541,0.19571,0.02,0.04
2016.07.27 03:35:17.686,0.1954,0.1957,0.02,0.04
2016.07.27 03:35:18.388,0.19539,0.19569,0.02,0.04
2016.07.27 03:35:19.214,0.19539,0.19569,0.02,0.02
2016.07.27 03:35:34.165,0.19539,0.19569,0.02,0.04
2016.07.27 03:35:35.167,0.19538,0.19568,0.02,0.04
2016.07.27 03:35:35.668,0.19539,0.19569,0.02,0.04
2016.07.27 03:35:48.090,0.19538,0.19568,0.02,0.02
2016.07.27 03:35:48.290,0.19539,0.19569,0.02,0.02
2016.07.27 03:35:51.596,0.19538,0.19568,0.02,0.02
2016.07.27 03:35:55.685,0.19539,0.19569,0.02,0.02
2016.07.27 03:35:56.104,0.19539,0.19569,0.02,0.04
2016.07.27 03:35:56.759,0.1954,0.1957,0.02,0.04
2016.07.27 03:36:03.598,0.1954,0.1957,0.02,0.02
2016.07.27 03:36:03.999,0.1954,0.1957,0.02,0.04
2016.07.27 03:36:05.634,0.19538,0.19568,0.02,0.02
2016.07.27 03:36:07.204,0.19539,0.19569,0.02,0.04
2016.07.27 03:36:16.257,0.1954,0.1957,0.02,0.04
2016.07.27 03:36:16.331,0.19541,0.19571,0.02,0.04
2016.07.27 03:36:16.473,0.1954,0.1957,0.02,0.04
2016.07.27 03:36:19.265,0.19541,0.19571,0.02,0.04
2016.07.27 03:36:19.817,0.1954,0.1957,0.02,0.04
2016.07.27 03:36:20.431,0.19539,0.19569,0.02,0.04
2016.07.27 03:36:20.969,0.19541,0.19571,0.02,0.04
2016.07.27 03:36:22.200,0.19542,0.19572,0.02,0.02
2016.07.27 03:36:22.953,0.19543,0.19573,0.02,0.02
2016.07.27 03:36:24.266,0.19545,0.19575,0.02,0.04
2016.07.27 03:36:25.199,0.19545,0.19575,0.02,0.04
2016.07.27 03:36:25.350,0.19547,0.19577,0.02,0.04
2016.07.27 03:36:25.444,0.19546,0.19576,0.02,0.04
2016.07.27 03:36:25.745,0.19547,0.19577,0.02,0.04
2016.07.27 03:36:26.548,0.19546,0.19576,0.02,0.04
2016.07.27 03:36:35.876,0.19546,0.19576,0.02,0.02
2016.07.27 03:36:42.402,0.19547,0.19577,0.02,0.02
2016.07.27 03:36:42.586,0.1955,0.1958,0.02,0.04
2016.07.27 03:36:43.404,0.19549,0.19579,0.02,0.04
2016.07.27 03:36:46.308,0.1955,0.1958,0.02,0.04
2016.07.27 03:36:46.494,0.19549,0.19579,0.02,0.04
2016.07.27 03:36:47.098,0.1955,0.1958,0.02,0.04
2016.07.27 03:36:47.198,0.19551,0.19581,0.02,0.02
2016.07.27 03:36:47.296,0.19551,0.19581,0.02,0.04
2016.07.27 03:36:58.261,0.1955,0.1958,0.02,0.04
2016.07.27 03:36:59.034,0.19551,0.19581,0.02,0.04
2016.07.27 03:37:13.154,0.19552,0.19582,0.02,0.04
2016.07.27 03:37:13.279,0.19551,0.19581,0.02,0.04
2016.07.27 03:37:16.452,0.1955,0.1958,0.02,0.02
2016.07.27 03:37:18.155,0.19551,0.19581,0.02,0.04
2016.07.27 03:37:18.756,0.19549,0.19579,0.02,0.02
2016.07.27 03:37:19.256,0.1955,0.1958,0.02,0.04
2016.07.27 03:37:19.831,0.19549,0.19579,0.02,0.04
2016.07.27 03:37:21.066,0.1955,0.1958,0.02,0.04
2016.07.27 03:37:21.868,0.19549,0.19579,0.02,0.04
2016.07.27 03:37:24.972,0.1955,0.1958,0.02,0.04
2016.07.27 03:37:27.224,0.19549,0.19579,0.02,0.04
2016.07.27 03:37:28.279,0.1955,0.1958,0.02,0.04
2016.07.27 03:37:35.899,0.19549,0.19579,0.02,0.04
2016.07.27 03:37:38.619,0.19548,0.19578,0.02,0.04
2016.07.27 03:37:38.678,0.19548,0.19578,0.02,0.04
2016.07.27 03:37:38.729,0.19547,0.19577,0.02,0.04
2016.07.27 03:37:41.619,0.19548,0.19578,0.02,0.04
2016.07.27 03:37:42.771,0.19548,0.19578,0.02,0.02
2016.07.27 03:37:42.821,0.19548,0.19578,0.02,0.04
2016.07.27 03:37:43.522,0.19548,0.19578,0.02,0.02
2016.07.27 03:37:45.227,0.19548,0.19578,0.02,0.04
2016.07.27 03:37:45.328,0.19547,0.19577,0.02,0.04
2016.07.27 03:37:45.429,0.19548,0.19578,0.02,0.04
2016.07.27 03:37:45.594,0.19547,0.19577,0.02,0.04
2016.07.27 03:37:47.360,0.19547,0.19577,0.02,0.02
2016.07.27 03:37:51.069,0.19546,0.19576,0.02,0.02
2016.07.27 03:37:51.144,0.19548,0.19578,0.02,0.04
2016.07.27 03:37:51.245,0.19547,0.19577,0.02,0.02
2016.07.27 03:37:53.684,0.19548,0.19578,0.02,0.04
2016.07.27 03:37:54.415,0.19548,0.19578,0.02,0.04
2016.07.27 03:38:02.769,0.19548,0.19578,0.02,0.04
2016.07.27 03:38:02.819,0.19547,0.19577,0.02,0.02
2016.07.27 03:38:03.562,0.19546,0.19576,0.02,0.02
2016.07.27 03:38:08.929,0.19546,0.19576,0.02,0.02
2016.07.27 03:38:08.995,0.19545,0.19575,0.02,0.02
2016.07.27 03:38:09.497,0.19546,0.19576,0.02,0.04
2016.07.27 03:38:09.698,0.19545,0.19575,0.02,0.02
2016.07.27 03:38:10.005,0.19546,0.19576,0.02,0.04
2016.07.27 03:38:10.099,0.19545,0.19575,0.02,0.02
2016.07.27 03:38:12.179,0.19547,0.19577,0.02,0.04
2016.07.27 03:38:13.223,0.19545,0.19575,0.02,0.02
2016.07.27 03:38:14.408,0.19546,0.19576,0.02,0.04
2016.07.27 03:38:16.625,0.19545,0.19575,0.02,0.02
2016.07.27 03:38:17.538,0.19546,0.19576,0.02,0.02
2016.07.27 03:38:17.933,0.19548,0.19578,0.02,0.02
2016.07.27 03:38:18.316,0.19549,0.19579,0.02,0.04
2016.07.27 03:38:22.325,0.19548,0.19578,0.02,0.02
2016.07.27 03:38:26.935,0.19549,0.19579,0.02,0.04
2016.07.27 03:38:28.138,0.19548,0.19578,0.02,0.02
2016.07.27 03:38:29.140,0.19549,0.19579,0.02,0.04
2016.07.27 03:38:47.971,0.19548,0.19578,0.02,0.02
2016.07.27 03:38:48.047,0.19548,0.19578,0.02,0.02
2016.07.27 03:38:48.171,0.19545,0.19575,0.02,0.04
2016.07.27 03:38:48.272,0.19546,0.19576,0.02,0.04
2016.07.27 03:38:48.372,0.19545,0.19575,0.02,0.04
2016.07.27 03:38:48.473,0.19546,0.19576,0.02,0.04
2016.07.27 03:38:53.308,0.19544,0.19574,0.04,0.02
2016.07.27 03:38:53.682,0.19545,0.19575,0.04,0.02
2016.07.27 03:38:53.983,0.19544,0.19574,0.04,0.02
2016.07.27 03:38:55.886,0.19545,0.19575,0.02,0.02
2016.07.27 03:39:02.899,0.19546,0.19576,0.02,0.04
2016.07.27 03:39:03.201,0.19545,0.19575,0.02,0.02
2016.07.27 03:39:14.327,0.19546,0.19576,0.02,0.04
2016.07.27 03:39:18.336,0.19547,0.19577,0.02,0.04
2016.07.27 03:39:21.500,0.19545,0.19575,0.04,0.02
2016.07.27 03:39:25.512,0.19547,0.19577,0.02,0.04
2016.07.27 03:39:25.650,0.19546,0.19576,0.02,0.02
2016.07.27 03:39:26.121,0.19548,0.19578,0.02,0.02
2016.07.27 03:39:26.358,0.19549,0.19579,0.02,0.04
2016.07.27 03:39:26.502,0.1955,0.1958,0.02,0.04
2016.07.27 03:39:27.560,0.19549,0.19579,0.02,0.02
2016.07.27 03:39:40.790,0.1955,0.1958,0.02,0.04
2016.07.27 03:39:41.691,0.19549,0.19579,0.02,0.02
2016.07.27 03:39:43.394,0.1955,0.1958,0.02,0.04
2016.07.27 03:39:46.099,0.19549,0.19579,0.02,0.02
2016.07.27 03:39:52.709,0.19549,0.19579,0.02,0.04
2016.07.27 03:39:55.113,0.1955,0.1958,0.02,0.04
2016.07.27 03:40:08.135,0.19549,0.19579,0.02,0.02
2016.07.27 03:40:18.473,0.1955,0.1958,0.02,0.04
2016.07.27 03:40:23.871,0.19549,0.19579,0.02,0.02
2016.07.27 03:40:27.281,0.1955,0.1958,0.02,0.04
2016.07.27 03:40:37.543,0.1955,0.1958,0.02,0.04
2016.07.27 03:40:37.749,0.19551,0.19581,0.02,0.02
2016.07.27 03:40:42.815,0.1955,0.1958,0.02,0.02
2016.07.27 03:40:42.915,0.19552,0.19582,0.02,0.04
2016.07.27 03:40:45.119,0.19553,0.19583,0.02,0.04
2016.07.27 03:40:49.230,0.19553,0.19583,0.02,0.02
2016.07.27 03:40:49.331,0.19553,0.19583,0.02,0.04
2016.07.27 03:40:49.532,0.19553,0.19583,0.02,0.02
2016.07.27 03:40:49.734,0.19553,0.19583,0.02,0.04
2016.07.27 03:40:50.336,0.19553,0.19583,0.02,0.02
2016.07.27 03:40:51.265,0.19553,0.19583,0.02,0.04
2016.07.27 03:40:51.642,0.19553,0.19583,0.02,0.02
2016.07.27 03:40:51.870,0.19553,0.19583,0.02,0.04
2016.07.27 03:40:53.470,0.19553,0.19583,0.02,0.02
2016.07.27 03:40:54.150,0.19552,0.19582,0.02,0.02
2016.07.27 03:40:54.271,0.19553,0.19583,0.02,0.04
2016.07.27 03:40:54.372,0.19552,0.19582,0.02,0.02
2016.07.27 03:40:54.490,0.19552,0.19582,0.02,0.02
2016.07.27 03:40:54.540,0.19551,0.19581,0.02,0.02
2016.07.27 03:40:54.753,0.19551,0.19581,0.02,0.04
2016.07.27 03:40:54.953,0.1955,0.1958,0.02,0.02
2016.07.27 03:40:55.054,0.19551,0.19581,0.02,0.04
2016.07.27 03:40:55.592,0.1955,0.1958,0.02,0.02
2016.07.27 03:40:56.058,0.19551,0.19581,0.02,0.04
2016.07.27 03:40:58.208,0.19552,0.19582,0.02,0.04
2016.07.27 03:40:58.728,0.19553,0.19583,0.02,0.04
2016.07.27 03:41:01.274,0.19552,0.19582,0.02,0.02
2016.07.27 03:41:02.189,0.19551,0.19581,0.02,0.02
2016.07.27 03:41:03.270,0.19552,0.19582,0.02,0.04
2016.07.27 03:41:03.321,0.19551,0.19581,0.02,0.04
2016.07.27 03:41:03.381,0.1955,0.1958,0.02,0.02
2016.07.27 03:41:24.837,0.1955,0.1958,0.02,0.02
2016.07.27 03:41:27.224,0.19551,0.19581,0.02,0.04
2016.07.27 03:41:27.425,0.1955,0.1958,0.02,0.02
2016.07.27 03:41:47.261,0.1955,0.1958,0.02,0.04
2016.07.27 03:41:48.063,0.19551,0.19581,0.02,0.04
2016.07.27 03:41:48.664,0.1955,0.1958,0.02,0.04
2016.07.27 03:41:48.864,0.19551,0.19581,0.02,0.04
2016.07.27 03:41:57.780,0.1955,0.1958,0.02,0.04
2016.07.27 03:42:02.492,0.19551,0.19581,0.02,0.04
2016.07.27 03:42:02.593,0.1955,0.1958,0.02,0.04
2016.07.27 03:42:02.793,0.19551,0.19581,0.02,0.04
2016.07.27 03:42:03.209,0.1955,0.1958,0.02,0.04
2016.07.27 03:42:09.216,0.19551,0.19581,0.02,0.04
2016.07.27 03:42:10.919,0.1955,0.1958,0.02,0.04
2016.07.27 03:42:11.219,0.19551,0.19581,0.02,0.04
2016.07.27 03:42:16.226,0.1955,0.1958,0.02,0.04
2016.07.27 03:42:17.228,0.19551,0.19581,0.02,0.04
2016.07.27 03:42:18.845,0.19548,0.19578,0.04,0.02
2016.07.27 03:42:18.946,0.1955,0.1958,0.02,0.04
2016.07.27 03:42:19.046,0.19547,0.19577,0.02,0.02
2016.07.27 03:42:19.707,0.19546,0.19576,0.02,0.02
2016.07.27 03:42:32.553,0.19547,0.19577,0.02,0.04
2016.07.27 03:42:32.735,0.19547,0.19577,0.02,0.04
2016.07.27 03:42:32.981,0.19546,0.19576,0.02,0.02
2016.07.27 03:42:33.584,0.19547,0.19577,0.02,0.02
2016.07.27 03:42:38.363,0.19546,0.19576,0.02,0.02
2016.07.27 03:42:38.542,0.19546,0.19576,0.02,0.02
2016.07.27 03:42:38.592,0.19545,0.19575,0.04,0.02
2016.07.27 03:42:38.693,0.19544,0.19574,0.02,0.02
2016.07.27 03:42:39.064,0.19545,0.19575,0.02,0.04
2016.07.27 03:42:42.168,0.19544,0.19574,0.02,0.02
2016.07.27 03:42:45.973,0.19545,0.19575,0.02,0.02
2016.07.27 03:42:46.074,0.19544,0.19574,0.02,0.02
2016.07.27 03:42:46.174,0.19544,0.19574,0.02,0.04
2016.07.27 03:42:47.275,0.19544,0.19574,0.02,0.02
2016.07.27 03:42:47.614,0.19545,0.19575,0.02,0.04
2016.07.27 03:42:49.082,0.19544,0.19574,0.02,0.04
2016.07.27 03:42:49.868,0.19544,0.19574,0.02,0.04
2016.07.27 03:42:49.919,0.19543,0.19573,0.02,0.04
2016.07.27 03:42:50.031,0.19542,0.19572,0.02,0.02
2016.07.27 03:42:50.088,0.19544,0.19574,0.02,0.04
2016.07.27 03:42:56.101,0.19545,0.19575,0.02,0.04
2016.07.27 03:42:56.402,0.19543,0.19573,0.04,0.02
2016.07.27 03:42:56.603,0.19543,0.19573,0.02,0.04
2016.07.27 03:43:03.089,0.19543,0.19573,0.02,0.04
2016.07.27 03:43:03.221,0.19542,0.19572,0.02,0.04
2016.07.27 03:43:03.317,0.19543,0.19573,0.02,0.04
2016.07.27 03:43:03.745,0.19542,0.19572,0.04,0.02
2016.07.27 03:43:04.394,0.19544,0.19574,0.02,0.04
2016.07.27 03:43:04.622,0.19545,0.19575,0.02,0.02
2016.07.27 03:43:05.136,0.19544,0.19574,0.02,0.02
2016.07.27 03:43:05.223,0.19543,0.19573,0.02,0.02
2016.07.27 03:43:07.228,0.19544,0.19574,0.02,0.04
2016.07.27 03:43:09.454,0.19545,0.19575,0.02,0.04
2016.07.27 03:43:10.254,0.19544,0.19574,0.02,0.04
2016.07.27 03:43:12.239,0.19545,0.19575,0.02,0.02
2016.07.27 03:43:15.847,0.19544,0.19574,0.02,0.02
2016.07.27 03:43:15.947,0.19543,0.19573,0.02,0.02
2016.07.27 03:43:16.248,0.19544,0.19574,0.02,0.02
2016.07.27 03:43:17.514,0.19542,0.19572,0.04,0.02
2016.07.27 03:43:17.564,0.19543,0.19573,0.02,0.02
2016.07.27 03:43:17.652,0.19542,0.19572,0.02,0.04
2016.07.27 03:43:24.869,0.19543,0.19573,0.02,0.04
2016.07.27 03:43:25.581,0.19544,0.19574,0.02,0.04
2016.07.27 03:43:29.034,0.19544,0.19574,0.02,0.04
2016.07.27 03:43:34.644,0.19545,0.19575,0.02,0.02
2016.07.27 03:43:34.695,0.19546,0.19576,0.02,0.04
2016.07.27 03:43:37.797,0.19544,0.19574,0.04,0.02
2016.07.27 03:43:38.836,0.19547,0.19577,0.02,0.04
2016.07.27 03:43:39.446,0.19548,0.19578,0.02,0.04
2016.07.27 03:43:43.815,0.19547,0.19577,0.02,0.04
2016.07.27 03:43:43.959,0.19545,0.19575,0.02,0.02
2016.07.27 03:43:45.116,0.19546,0.19576,0.02,0.04
2016.07.27 03:43:45.438,0.19545,0.19575,0.02,0.02
2016.07.27 03:43:47.322,0.19546,0.19576,0.02,0.04
2016.07.27 03:43:50.354,0.19544,0.19574,0.02,0.02
2016.07.27 03:43:53.076,0.19547,0.19577,0.02,0.04
2016.07.27 03:43:53.703,0.19546,0.19576,0.02,0.04
2016.07.27 03:43:54.146,0.19545,0.19575,0.02,0.02
2016.07.27 03:43:54.347,0.19546,0.19576,0.02,0.04
2016.07.27 03:43:56.451,0.19545,0.19575,0.02,0.02
2016.07.27 03:44:02.161,0.19545,0.19575,0.02,0.04
2016.07.27 03:44:02.260,0.19543,0.19573,0.02,0.02
2016.07.27 03:44:07.310,0.19541,0.19571,0.04,0.02
2016.07.27 03:44:13.984,0.19545,0.19575,0.02,0.04
2016.07.27 03:44:27.304,0.19545,0.19575,0.02,0.02
2016.07.27 03:44:29.772,0.19545,0.19575,0.02,0.04
2016.07.27 03:44:30.211,0.19545,0.19575,0.02,0.02
2016.07.27 03:44:30.737,0.19545,0.19575,0.02,0.04
2016.07.27 03:44:30.838,0.19543,0.19573,0.02,0.02
2016.07.27 03:44:34.321,0.19544,0.19574,0.02,0.04
2016.07.27 03:44:34.521,0.19542,0.19572,0.02,0.04
2016.07.27 03:44:34.621,0.19543,0.19573,0.02,0.04
2016.07.27 03:44:34.822,0.19542,0.19572,0.02,0.04
2016.07.27 03:44:34.873,0.19544,0.19574,0.02,0.04
2016.07.27 03:44:35.152,0.19541,0.19571,0.04,0.02
2016.07.27 03:44:35.446,0.19543,0.19573,0.02,0.04
2016.07.27 03:44:35.706,0.19541,0.19571,0.04,0.02
2016.07.27 03:44:36.029,0.19543,0.19573,0.02,0.04
2016.07.27 03:44:36.142,0.19541,0.19571,0.02,0.04
2016.07.27 03:44:36.227,0.19542,0.19572,0.02,0.04
2016.07.27 03:44:36.373,0.1954,0.1957,0.02,0.02
2016.07.27 03:44:36.474,0.1954,0.1957,0.04,0.02
2016.07.27 03:44:36.528,0.1954,0.1957,0.02,0.02
2016.07.27 03:44:36.649,0.19541,0.19571,0.02,0.04
2016.07.27 03:44:36.729,0.19539,0.19569,0.04,0.02
2016.07.27 03:44:38.553,0.1954,0.1957,0.04,0.02
2016.07.27 03:44:38.661,0.19539,0.19569,0.04,0.02
2016.07.27 03:44:39.774,0.19543,0.19573,0.02,0.04
2016.07.27 03:44:40.091,0.19541,0.19571,0.02,0.04
2016.07.27 03:44:40.643,0.1954,0.1957,0.02,0.02
2016.07.27 03:44:41.194,0.19539,0.19569,0.04,0.02
2016.07.27 03:44:49.174,0.19541,0.19571,0.02,0.04
2016.07.27 03:44:49.910,0.19539,0.19569,0.04,0.02
2016.07.27 03:44:50.877,0.19541,0.19571,0.02,0.04
2016.07.27 03:44:50.982,0.1954,0.1957,0.04,0.02
2016.07.27 03:44:51.177,0.19539,0.19569,0.04,0.02
2016.07.27 03:44:51.779,0.19541,0.19571,0.02,0.04
2016.07.27 03:44:51.986,0.19539,0.19569,0.04,0.02
2016.07.27 03:44:52.071,0.19543,0.19573,0.02,0.04
2016.07.27 03:44:52.180,0.1954,0.1957,0.02,0.04
2016.07.27 03:44:52.380,0.19539,0.19569,0.02,0.04
2016.07.27 03:44:52.673,0.1954,0.1957,0.02,0.04
2016.07.27 03:44:53.977,0.19539,0.19569,0.02,0.04
2016.07.27 03:44:56.683,0.1954,0.1957,0.02,0.04
2016.07.27 03:44:57.593,0.19541,0.19571,0.02,0.04
2016.07.27 03:44:57.897,0.1954,0.1957,0.04,0.02
2016.07.27 03:44:58.091,0.19542,0.19572,0.02,0.04
2016.07.27 03:44:58.735,0.19541,0.19571,0.02,0.04
2016.07.27 03:44:59.894,0.19542,0.19572,0.02,0.04
2016.07.27 03:45:00.290,0.1954,0.1957,0.04,0.02
2016.07.27 03:45:00.897,0.19539,0.19569,0.04,0.02
2016.07.27 03:45:00.992,0.19541,0.19571,0.02,0.04
2016.07.27 03:45:01.396,0.19539,0.19569,0.04,0.02
2016.07.27 03:45:02.293,0.1954,0.1957,0.04,0.02
2016.07.27 03:45:02.798,0.19541,0.19571,0.02,0.04
2016.07.27 03:45:03.307,0.19539,0.19569,0.04,0.02
2016.07.27 03:45:06.012,0.19541,0.19571,0.02,0.04
2016.07.27 03:45:06.301,0.19539,0.19569,0.04,0.02
2016.07.27 03:45:06.513,0.19541,0.19571,0.02,0.04
2016.07.27 03:45:07.114,0.19539,0.19569,0.04,0.02
2016.07.27 03:45:08.105,0.19541,0.19571,0.02,0.04
2016.07.27 03:45:08.416,0.19539,0.19569,0.04,0.02
2016.07.27 03:45:09.008,0.1954,0.1957,0.04,0.02
2016.07.27 03:45:09.107,0.19541,0.19571,0.02,0.04
2016.07.27 03:45:09.408,0.19539,0.19569,0.04,0.02
2016.07.27 03:45:10.309,0.1954,0.1957,0.04,0.02
2016.07.27 03:45:10.409,0.19542,0.19572,0.02,0.04
2016.07.27 03:45:10.543,0.1954,0.1957,0.04,0.02
2016.07.27 03:45:10.710,0.19542,0.19572,0.02,0.04
2016.07.27 03:45:11.153,0.19544,0.19574,0.02,0.04
2016.07.27 03:45:11.483,0.19542,0.19572,0.02,0.04
2016.07.27 03:45:12.143,0.19543,0.19573,0.02,0.04
2016.07.27 03:45:12.714,0.19541,0.19571,0.02,0.04
2016.07.27 03:45:16.029,0.19539,0.19569,0.04,0.02
2016.07.27 03:45:16.430,0.19541,0.19571,0.02,0.04
2016.07.27 03:45:16.749,0.1954,0.1957,0.02,0.02
2016.07.27 03:45:17.331,0.19539,0.19569,0.04,0.02
2016.07.27 03:45:19.340,0.19541,0.19571,0.02,0.04
2016.07.27 03:45:20.937,0.19539,0.19569,0.04,0.02
2016.07.27 03:45:21.436,0.19541,0.19571,0.02,0.04
2016.07.27 03:45:21.538,0.19539,0.19569,0.04,0.02
2016.07.27 03:45:22.039,0.19541,0.19571,0.02,0.04
2016.07.27 03:45:22.240,0.19539,0.19569,0.04,0.02
2016.07.27 03:45:22.460,0.19541,0.19571,0.02,0.04
2016.07.27 03:45:22.940,0.19539,0.19569,0.04,0.02
2016.07.27 03:45:25.646,0.19541,0.19571,0.02,0.04
2016.07.27 03:45:26.347,0.19539,0.19569,0.04,0.02
2016.07.27 03:45:26.547,0.19541,0.19571,0.02,0.04
2016.07.27 03:45:27.249,0.1954,0.1957,0.02,0.02
2016.07.27 03:45:28.251,0.19541,0.19571,0.02,0.04
2016.07.27 03:45:28.750,0.1954,0.1957,0.02,0.02
2016.07.27 03:45:29.405,0.1954,0.1957,0.02,0.02
2016.07.27 03:45:29.456,0.19539,0.19569,0.02,0.04
2016.07.27 03:45:31.160,0.1954,0.1957,0.02,0.04
2016.07.27 03:45:31.257,0.19539,0.19569,0.04,0.02
2016.07.27 03:45:31.558,0.1954,0.1957,0.02,0.02
2016.07.27 03:45:33.862,0.19539,0.19569,0.02,0.04
2016.07.27 03:45:36.170,0.19538,0.19568,0.02,0.04
2016.07.27 03:45:36.946,0.19537,0.19567,0.02,0.04
2016.07.27 03:45:39.578,0.19538,0.19568,0.02,0.04
2016.07.27 03:45:39.678,0.19539,0.19569,0.02,0.02
2016.07.27 03:45:40.092,0.19539,0.19569,0.02,0.02
2016.07.27 03:45:47.292,0.19539,0.19569,0.02,0.04
2016.07.27 03:45:49.199,0.1954,0.1957,0.02,0.04
2016.07.27 03:45:50.703,0.19539,0.19569,0.02,0.04
2016.07.27 03:45:54.613,0.1954,0.1957,0.02,0.04
2016.07.27 03:45:55.615,0.19539,0.19569,0.02,0.04
2016.07.27 03:45:56.018,0.1954,0.1957,0.02,0.04
2016.07.27 03:45:58.725,0.19539,0.19569,0.02,0.04
2016.07.27 03:45:58.947,0.1954,0.1957,0.02,0.04
2016.07.27 03:45:59.028,0.19539,0.19569,0.02,0.04
2016.07.27 03:45:59.128,0.1954,0.1957,0.02,0.04
2016.07.27 03:45:59.229,0.19539,0.19569,0.02,0.04
2016.07.27 03:46:00.130,0.1954,0.1957,0.02,0.04
2016.07.27 03:46:01.633,0.19539,0.19569,0.02,0.04
2016.07.27 03:46:02.637,0.1954,0.1957,0.02,0.04
2016.07.27 03:46:02.938,0.19539,0.19569,0.02,0.04
2016.07.27 03:46:07.250,0.19539,0.19569,0.02,0.02
2016.07.27 03:46:15.198,0.19538,0.19568,0.02,0.02
2016.07.27 03:46:15.389,0.19537,0.19567,0.02,0.04
2016.07.27 03:46:16.801,0.19537,0.19567,0.02,0.04
2016.07.27 03:46:16.902,0.19538,0.19568,0.02,0.04
2016.07.27 03:46:16.983,0.19535,0.19565,0.02,0.02
2016.07.27 03:46:17.284,0.19535,0.19565,0.02,0.04
2016.07.27 03:46:17.528,0.19537,0.19567,0.02,0.02
2016.07.27 03:46:17.704,0.19536,0.19566,0.02,0.02
2016.07.27 03:46:17.885,0.19537,0.19567,0.02,0.04
2016.07.27 03:46:18.035,0.19536,0.19566,0.02,0.02
2016.07.27 03:46:18.386,0.19537,0.19567,0.02,0.04
2016.07.27 03:46:20.590,0.19536,0.19566,0.02,0.02
2016.07.27 03:46:21.108,0.19537,0.19567,0.02,0.04
2016.07.27 03:46:21.615,0.19538,0.19568,0.02,0.04
2016.07.27 03:46:24.923,0.19539,0.19569,0.02,0.02
2016.07.27 03:46:26.008,0.19538,0.19568,0.02,0.02
2016.07.27 03:46:26.836,0.19539,0.19569,0.02,0.04
2016.07.27 03:46:27.535,0.19538,0.19568,0.02,0.02
2016.07.27 03:46:28.012,0.19539,0.19569,0.02,0.04
2016.07.27 03:46:28.318,0.19538,0.19568,0.02,0.02
2016.07.27 03:46:31.211,0.19538,0.19568,0.02,0.02
2016.07.27 03:46:31.261,0.19538,0.19568,0.02,0.04
2016.07.27 03:46:31.321,0.19535,0.19565,0.02,0.04
2016.07.27 03:46:31.484,0.19534,0.19564,0.02,0.02
2016.07.27 03:46:32.230,0.19535,0.19565,0.02,0.02
2016.07.27 03:46:41.454,0.19535,0.19565,0.02,0.04
2016.07.27 03:46:43.175,0.19536,0.19566,0.02,0.04
2016.07.27 03:46:43.271,0.19537,0.19567,0.02,0.02
2016.07.27 03:46:43.362,0.19537,0.19567,0.02,0.04
2016.07.27 03:46:43.664,0.19537,0.19567,0.02,0.02
2016.07.27 03:46:43.965,0.19538,0.19568,0.02,0.04
2016.07.27 03:46:44.066,0.19537,0.19567,0.02,0.02
2016.07.27 03:46:49.914,0.19538,0.19568,0.02,0.04
2016.07.27 03:46:50.415,0.19537,0.19567,0.02,0.02
2016.07.27 03:46:50.687,0.19538,0.19568,0.02,0.04
2016.07.27 03:46:54.708,0.19537,0.19567,0.02,0.04
2016.07.27 03:46:57.065,0.19537,0.19567,0.02,0.04
2016.07.27 03:46:57.166,0.19535,0.19565,0.02,0.02
2016.07.27 03:46:59.629,0.19536,0.19566,0.02,0.04
2016.07.27 03:46:59.760,0.19537,0.19567,0.02,0.04
2016.07.27 03:47:02.144,0.19538,0.19568,0.02,0.04
2016.07.27 03:47:02.780,0.19538,0.19568,0.02,0.04
2016.07.27 03:47:02.949,0.19538,0.19568,0.02,0.02
2016.07.27 03:47:03.252,0.19538,0.19568,0.02,0.04
2016.07.27 03:47:08.267,0.19537,0.19567,0.02,0.02
2016.07.27 03:47:08.568,0.19537,0.19567,0.02,0.04
2016.07.27 03:47:12.303,0.19537,0.19567,0.02,0.02
2016.07.27 03:47:15.700,0.19537,0.19567,0.02,0.04
2016.07.27 03:47:17.190,0.19537,0.19567,0.02,0.04
2016.07.27 03:47:17.241,0.19536,0.19566,0.02,0.04
2016.07.27 03:47:17.304,0.19535,0.19565,0.02,0.04
2016.07.27 03:47:17.704,0.19537,0.19567,0.02,0.04
2016.07.27 03:47:18.006,0.19536,0.19566,0.02,0.04
2016.07.27 03:47:18.105,0.19537,0.19567,0.02,0.04
2016.07.27 03:47:19.109,0.19536,0.19566,0.02,0.04
2016.07.27 03:47:19.612,0.19535,0.19565,0.02,0.04
2016.07.27 03:47:20.115,0.19535,0.19565,0.02,0.02
2016.07.27 03:47:20.223,0.19537,0.19567,0.02,0.04
2016.07.27 03:47:20.416,0.19536,0.19566,0.02,0.04
2016.07.27 03:47:20.818,0.19537,0.19567,0.02,0.04
2016.07.27 03:47:29.474,0.19536,0.19566,0.02,0.04
2016.07.27 03:47:29.539,0.19535,0.19565,0.02,0.04
2016.07.27 03:47:29.940,0.19536,0.19566,0.02,0.02
2016.07.27 03:47:32.464,0.19537,0.19567,0.02,0.02
2016.07.27 03:47:41.169,0.19537,0.19567,0.02,0.04
2016.07.27 03:47:41.378,0.19537,0.19567,0.02,0.02
2016.07.27 03:47:47.010,0.19537,0.19567,0.02,0.02
2016.07.27 03:47:47.203,0.19538,0.19568,0.02,0.04
2016.07.27 03:47:51.600,0.19537,0.19567,0.02,0.02
2016.07.27 03:48:20.830,0.19536,0.19566,0.02,0.04
2016.07.27 03:48:21.183,0.19537,0.19567,0.02,0.04
2016.07.27 03:48:23.192,0.19535,0.19565,0.02,0.04
2016.07.27 03:48:23.709,0.19536,0.19566,0.02,0.02
2016.07.27 03:48:27.326,0.19536,0.19566,0.02,0.04
2016.07.27 03:48:27.936,0.19535,0.19565,0.02,0.04
2016.07.27 03:48:29.695,0.19536,0.19566,0.02,0.04
2016.07.27 03:48:29.746,0.19537,0.19567,0.02,0.04
2016.07.27 03:48:32.991,0.19535,0.19565,0.02,0.02
2016.07.27 03:48:33.042,0.19534,0.19564,0.02,0.02
2016.07.27 03:48:33.172,0.19534,0.19564,0.02,0.04
2016.07.27 03:48:33.273,0.19533,0.19563,0.02,0.04
2016.07.27 03:48:33.639,0.19535,0.19565,0.02,0.04
2016.07.27 03:48:40.904,0.19534,0.19564,0.02,0.04
2016.07.27 03:48:47.325,0.19534,0.19564,0.02,0.02
2016.07.27 03:48:58.101,0.19535,0.19565,0.02,0.02
2016.07.27 03:48:58.300,0.19537,0.19567,0.02,0.04
2016.07.27 03:49:11.922,0.19536,0.19566,0.02,0.04
2016.07.27 03:49:13.425,0.19534,0.19564,0.02,0.02
2016.07.27 03:49:13.771,0.19534,0.19564,0.02,0.04
2016.07.27 03:49:14.489,0.19535,0.19565,0.02,0.04
2016.07.27 03:49:18.031,0.19535,0.19565,0.02,0.02
2016.07.27 03:49:22.938,0.19536,0.19566,0.02,0.04
2016.07.27 03:49:39.568,0.19537,0.19567,0.02,0.02
2016.07.27 03:49:39.915,0.19538,0.19568,0.02,0.04
2016.07.27 03:49:40.016,0.19537,0.19567,0.02,0.02
2016.07.27 03:49:40.117,0.19537,0.19567,0.02,0.04
2016.07.27 03:49:42.311,0.19536,0.19566,0.02,0.04
2016.07.27 03:49:42.973,0.19535,0.19565,0.02,0.04
2016.07.27 03:49:43.474,0.19536,0.19566,0.02,0.04
2016.07.27 03:49:43.574,0.19536,0.19566,0.02,0.02
2016.07.27 03:49:43.975,0.19536,0.19566,0.02,0.04
2016.07.27 03:49:48.685,0.19535,0.19565,0.02,0.04
2016.07.27 03:49:48.985,0.19536,0.19566,0.02,0.04
2016.07.27 03:49:49.186,0.19536,0.19566,0.02,0.02
2016.07.27 03:49:49.486,0.19536,0.19566,0.02,0.04
2016.07.27 03:50:03.957,0.19536,0.19566,0.02,0.04
2016.07.27 03:50:04.017,0.19536,0.19566,0.02,0.02
2016.07.27 03:50:04.118,0.19538,0.19568,0.02,0.04
2016.07.27 03:50:04.618,0.19539,0.19569,0.02,0.02
2016.07.27 03:50:05.319,0.19538,0.19568,0.02,0.04
2016.07.27 03:50:07.234,0.19539,0.19569,0.02,0.04
2016.07.27 03:50:11.731,0.19538,0.19568,0.02,0.04
2016.07.27 03:50:12.497,0.19539,0.19569,0.02,0.04
2016.07.27 03:50:15.239,0.1954,0.1957,0.02,0.04
2016.07.27 03:50:18.446,0.19539,0.19569,0.02,0.04
2016.07.27 03:50:19.141,0.19538,0.19568,0.02,0.04
2016.07.27 03:50:19.448,0.19537,0.19567,0.02,0.02
2016.07.27 03:50:19.549,0.19536,0.19566,0.02,0.04
2016.07.27 03:50:19.749,0.19536,0.19566,0.02,0.02
2016.07.27 03:50:19.851,0.19538,0.19568,0.02,0.04
2016.07.27 03:50:19.985,0.19539,0.19569,0.02,0.02
2016.07.27 03:50:20.180,0.19539,0.19569,0.02,0.04
2016.07.27 03:50:25.008,0.1954,0.1957,0.02,0.04
2016.07.27 03:50:26.562,0.19539,0.19569,0.02,0.02
2016.07.27 03:50:26.862,0.19539,0.19569,0.02,0.04
2016.07.27 03:50:30.271,0.1954,0.1957,0.02,0.04
2016.07.27 03:50:30.571,0.19539,0.19569,0.02,0.02
2016.07.27 03:50:31.166,0.19539,0.19569,0.02,0.04
2016.07.27 03:50:31.728,0.19538,0.19568,0.02,0.04
2016.07.27 03:50:47.311,0.19539,0.19569,0.02,0.04
2016.07.27 03:50:50.322,0.19539,0.19569,0.02,0.02
2016.07.27 03:50:50.423,0.1954,0.1957,0.02,0.04
2016.07.27 03:50:50.523,0.19539,0.19569,0.02,0.02
2016.07.27 03:50:52.167,0.19538,0.19568,0.02,0.02
2016.07.27 03:50:52.230,0.1954,0.1957,0.02,0.04
2016.07.27 03:51:01.482,0.19539,0.19569,0.02,0.04
2016.07.27 03:51:02.063,0.19538,0.19568,0.02,0.04
2016.07.27 03:51:09.681,0.19539,0.19569,0.02,0.04
2016.07.27 03:51:12.199,0.19539,0.19569,0.02,0.02
2016.07.27 03:51:12.700,0.19538,0.19568,0.02,0.04
2016.07.27 03:51:17.408,0.19539,0.19569,0.02,0.04
2016.07.27 03:51:18.123,0.19538,0.19568,0.02,0.04
2016.07.27 03:51:35.883,0.19539,0.19569,0.02,0.04
2016.07.27 03:51:36.458,0.19538,0.19568,0.02,0.04
2016.07.27 03:51:37.119,0.19539,0.19569,0.02,0.04
2016.07.27 03:51:43.649,0.19538,0.19568,0.02,0.04
2016.07.27 03:51:47.653,0.19539,0.19569,0.02,0.04
2016.07.27 03:51:48.172,0.19538,0.19568,0.02,0.04
2016.07.27 03:51:51.465,0.19539,0.19569,0.02,0.04
2016.07.27 03:51:52.962,0.19538,0.19568,0.02,0.04
2016.07.27 03:52:01.880,0.19539,0.19569,0.02,0.04
2016.07.27 03:52:02.426,0.19538,0.19568,0.02,0.04
2016.07.27 03:52:03.036,0.19539,0.19569,0.02,0.04
2016.07.27 03:52:03.696,0.19538,0.19568,0.02,0.04
2016.07.27 03:52:08.293,0.19539,0.19569,0.02,0.04
2016.07.27 03:52:08.400,0.1954,0.1957,0.02,0.04
2016.07.27 03:52:08.743,0.19539,0.19569,0.02,0.04
2016.07.27 03:52:12.531,0.19538,0.19568,0.02,0.04
2016.07.27 03:52:16.111,0.19539,0.19569,0.02,0.04
2016.07.27 03:52:16.813,0.19538,0.19568,0.02,0.04
2016.07.27 03:52:26.973,0.19539,0.19569,0.02,0.04
2016.07.27 03:52:27.547,0.19538,0.19568,0.02,0.04
2016.07.27 03:52:29.646,0.19539,0.19569,0.02,0.04
2016.07.27 03:52:30.237,0.19538,0.19568,0.02,0.04
2016.07.27 03:52:30.837,0.19539,0.19569,0.02,0.04
2016.07.27 03:52:43.008,0.19539,0.19569,0.02,0.02
2016.07.27 03:52:43.656,0.19538,0.19568,0.02,0.02
2016.07.27 03:53:07.306,0.19539,0.19569,0.02,0.04
2016.07.27 03:53:08.108,0.19538,0.19568,0.02,0.04
2016.07.27 03:53:11.715,0.19539,0.19569,0.02,0.04
2016.07.27 03:53:19.330,0.1954,0.1957,0.02,0.02
2016.07.27 03:53:20.033,0.1954,0.1957,0.02,0.04
2016.07.27 03:53:26.943,0.19539,0.19569,0.02,0.04
2016.07.27 03:53:27.345,0.19539,0.19569,0.02,0.02
2016.07.27 03:53:27.446,0.19538,0.19568,0.02,0.04
2016.07.27 03:53:29.386,0.19539,0.19569,0.02,0.04
2016.07.27 03:53:38.200,0.1954,0.1957,0.02,0.04
2016.07.27 03:53:38.367,0.19544,0.19574,0.02,0.04
2016.07.27 03:53:38.467,0.19543,0.19573,0.02,0.04
2016.07.27 03:53:38.668,0.19544,0.19574,0.02,0.04
2016.07.27 03:53:38.868,0.19543,0.19573,0.02,0.04
2016.07.27 03:53:39.026,0.19542,0.19572,0.02,0.04
2016.07.27 03:53:39.076,0.19541,0.19571,0.02,0.04
2016.07.27 03:53:39.169,0.1954,0.1957,0.02,0.04
2016.07.27 03:53:58.600,0.19539,0.19569,0.02,0.02
2016.07.27 03:54:14.923,0.19539,0.19569,0.02,0.04
2016.07.27 03:54:17.127,0.19539,0.19569,0.02,0.02
2016.07.27 03:54:20.733,0.19539,0.19569,0.02,0.04
2016.07.27 03:54:47.285,0.19539,0.19569,0.02,0.02
2016.07.27 03:55:28.745,0.19538,0.19568,0.02,0.02
2016.07.27 03:55:47.287,0.19539,0.19569,0.02,0.04
2016.07.27 03:56:02.725,0.19538,0.19568,0.02,0.04
2016.07.27 03:56:02.825,0.19539,0.19569,0.02,0.02
2016.07.27 03:56:07.088,0.19539,0.19569,0.02,0.04
2016.07.27 03:56:24.803,0.19539,0.19569,0.02,0.02
2016.07.27 03:56:25.304,0.19539,0.19569,0.02,0.04
2016.07.27 03:56:27.236,0.19538,0.19568,0.02,0.04
2016.07.27 03:56:31.861,0.19539,0.19569,0.02,0.04
2016.07.27 03:56:37.840,0.19538,0.19568,0.02,0.04
2016.07.27 03:56:38.329,0.19539,0.19569,0.02,0.04
2016.07.27 03:56:39.738,0.19538,0.19568,0.02,0.04
2016.07.27 03:56:40.240,0.19539,0.19569,0.02,0.04
2016.07.27 03:56:41.885,0.1954,0.1957,0.02,0.04
2016.07.27 03:56:42.149,0.19539,0.19569,0.02,0.02
2016.07.27 03:56:42.459,0.19538,0.19568,0.02,0.02
2016.07.27 03:56:42.550,0.19539,0.19569,0.02,0.04
2016.07.27 03:56:49.373,0.19538,0.19568,0.02,0.02
2016.07.27 03:57:00.194,0.19539,0.19569,0.02,0.04
2016.07.27 03:57:01.589,0.19538,0.19568,0.02,0.02
2016.07.27 03:57:03.194,0.19539,0.19569,0.02,0.04
2016.07.27 03:57:05.297,0.19538,0.19568,0.02,0.02
2016.07.27 03:57:11.410,0.19539,0.19569,0.02,0.04
2016.07.27 03:57:12.261,0.19538,0.19568,0.02,0.02
2016.07.27 03:57:20.629,0.19539,0.19569,0.02,0.04
2016.07.27 03:57:26.690,0.1954,0.1957,0.02,0.04
2016.07.27 03:57:26.847,0.19539,0.19569,0.02,0.02
2016.07.27 03:57:30.455,0.19538,0.19568,0.02,0.02
2016.07.27 03:57:47.316,0.19539,0.19569,0.02,0.04
2016.07.27 03:57:58.938,0.19538,0.19568,0.02,0.04
2016.07.27 03:58:01.717,0.19539,0.19569,0.02,0.04
2016.07.27 03:58:24.356,0.1954,0.1957,0.02,0.04
2016.07.27 03:58:32.961,0.1954,0.1957,0.02,0.04
2016.07.27 03:58:33.756,0.19539,0.19569,0.02,0.04
2016.07.27 03:58:52.401,0.1954,0.1957,0.02,0.04
2016.07.27 03:58:52.500,0.19541,0.19571,0.02,0.02
2016.07.27 03:58:52.638,0.1954,0.1957,0.02,0.02
2016.07.27 03:58:52.701,0.1954,0.1957,0.02,0.04
2016.07.27 03:59:08.769,0.19541,0.19571,0.02,0.02
2016.07.27 03:59:08.838,0.1954,0.1957,0.02,0.02
2016.07.27 03:59:08.939,0.19541,0.19571,0.02,0.04
2016.07.27 03:59:09.022,0.1954,0.1957,0.02,0.04
2016.07.27 03:59:23.660,0.19539,0.19569,0.02,0.04
2016.07.27 03:59:25.474,0.1954,0.1957,0.02,0.04
2016.07.27 03:59:26.082,0.19539,0.19569,0.02,0.04
2016.07.27 03:59:28.522,0.1954,0.1957,0.02,0.04
2016.07.27 03:59:28.624,0.19541,0.19571,0.02,0.04
2016.07.27 03:59:28.674,0.1954,0.1957,0.02,0.02
2016.07.27 03:59:28.851,0.1954,0.1957,0.02,0.04
2016.07.27 03:59:29.102,0.1954,0.1957,0.02,0.02
2016.07.27 03:59:29.676,0.19541,0.19571,0.02,0.02
2016.07.27 03:59:31.283,0.1954,0.1957,0.02,0.02
2016.07.27 03:59:31.785,0.19541,0.19571,0.02,0.04
2016.07.27 03:59:34.289,0.1954,0.1957,0.02,0.02
2016.07.27 03:59:34.792,0.19541,0.19571,0.02,0.04
2016.07.27 03:59:42.638,0.1954,0.1957,0.02,0.02
2016.07.27 03:59:43.026,0.19541,0.19571,0.02,0.04
2016.07.27 03:59:43.507,0.1954,0.1957,0.02,0.02
2016.07.27 03:59:56.333,0.19541,0.19571,0.02,0.04
2016.07.27 03:59:56.434,0.19542,0.19572,0.02,0.02
2016.07.27 03:59:56.484,0.19542,0.19572,0.02,0.02
2016.07.27 03:59:56.534,0.1954,0.1957,0.02,0.02
2016.07.27 03:59:56.834,0.19541,0.19571,0.02,0.04
2016.07.27 03:59:56.934,0.1954,0.1957,0.02,0.02
2016.07.27 03:59:59.643,0.19541,0.19571,0.02,0.04
