2016.02.04 13:00:00.598,0.14749,0.14783,0.24,0.21
2016.02.04 13:00:00.726,0.14749,0.14781,0.19,0.17
2016.02.04 13:00:01.235,0.1475,0.14782,0.16,0.17
2016.02.04 13:00:01.390,0.14748,0.14782,0.02,0.17
2016.02.04 13:00:01.744,0.1475,0.14784,0.24,0.19
2016.02.04 13:00:02.086,0.14753,0.14787,0.12,0.19
2016.02.04 13:00:02.597,0.14752,0.14786,0.02,0.21
2016.02.04 13:00:02.998,0.14754,0.14786,0.17,0.13
2016.02.04 13:00:03.456,0.14756,0.14789,0.02,0.01
2016.02.04 13:00:03.557,0.14754,0.14786,0.22,0.05
2016.02.04 13:00:03.633,0.14755,0.14789,0.10,0.22
2016.02.04 13:00:03.858,0.14755,0.14787,0.14,0.23
2016.02.04 13:00:04.207,0.14755,0.14785,0.24,0.01
2016.02.04 13:00:04.258,0.14755,0.14789,0.24,0.17
2016.02.04 13:00:04.525,0.14755,0.14787,0.24,0.01
2016.02.04 13:00:04.676,0.14751,0.14784,0.02,0.02
2016.02.04 13:00:04.777,0.14749,0.14783,0.19,0.23
2016.02.04 13:00:08.922,0.14749,0.14781,0.22,0.12
2016.02.04 13:00:09.763,0.14747,0.14779,0.15,0.26
2016.02.04 13:00:10.130,0.14744,0.14777,0.02,0.13
2016.02.04 13:00:10.763,0.14743,0.14777,0.22,0.13
2016.02.04 13:00:16.481,0.14745,0.14777,0.17,0.13
2016.02.04 13:00:16.590,0.14745,0.14779,0.19,0.21
2016.02.04 13:00:17.526,0.14747,0.1478,0.02,0.02
2016.02.04 13:00:17.627,0.14748,0.14782,0.19,0.17
2016.02.04 13:00:18.982,0.14749,0.1478,0.02,0.02
2016.02.04 13:00:19.093,0.14747,0.14781,0.04,0.21
2016.02.04 13:00:19.201,0.14747,0.14779,0.02,0.17
2016.02.04 13:00:20.451,0.14747,0.1478,0.02,0.15
2016.02.04 13:00:20.622,0.14748,0.14782,0.07,0.19
2016.02.04 13:00:21.068,0.1475,0.14781,0.02,0.02
2016.02.04 13:00:21.378,0.14748,0.14782,0.02,0.19
2016.02.04 13:00:22.320,0.14753,0.14785,0.02,0.17
2016.02.04 13:00:22.927,0.1475,0.14782,0.17,0.19
2016.02.04 13:00:23.657,0.14752,0.14784,0.11,0.17
2016.02.04 13:00:23.807,0.14754,0.14788,0.23,0.19
2016.02.04 13:00:24.296,0.14756,0.1479,0.12,0.23
2016.02.04 13:00:24.644,0.14754,0.14788,0.19,0.07
2016.02.04 13:00:26.460,0.14755,0.14787,0.19,0.09
2016.02.04 13:00:32.545,0.14754,0.14788,0.04,0.17
2016.02.04 13:00:33.504,0.14755,0.14789,0.21,0.20
2016.02.04 13:00:33.887,0.14755,0.14787,0.20,0.05
2016.02.04 13:00:36.137,0.14755,0.14789,0.22,0.15
2016.02.04 13:00:36.245,0.14757,0.14789,0.02,0.14
2016.02.04 13:00:37.046,0.14755,0.14789,0.15,0.19
2016.02.04 13:00:37.186,0.14755,0.14787,0.22,0.17
2016.02.04 13:00:38.056,0.14755,0.14789,0.12,0.18
2016.02.04 13:00:39.150,0.14757,0.14788,0.02,0.02
2016.02.04 13:00:39.674,0.14757,0.14789,0.13,0.23
2016.02.04 13:00:39.751,0.14758,0.14791,0.18,0.02
2016.02.04 13:00:39.925,0.14759,0.14793,0.19,0.19
2016.02.04 13:00:40.255,0.14756,0.1479,0.19,0.17
2016.02.04 13:00:40.567,0.14758,0.1479,0.19,0.18
2016.02.04 13:00:41.086,0.14758,0.14792,0.22,0.16
2016.02.04 13:00:41.187,0.14761,0.14793,0.04,0.18
2016.02.04 13:00:43.017,0.14759,0.14793,0.14,0.25
2016.02.04 13:00:43.118,0.14756,0.1479,0.02,0.16
2016.02.04 13:00:43.469,0.14759,0.14791,0.02,0.17
2016.02.04 13:00:43.519,0.14759,0.14793,0.18,0.13
2016.02.04 13:00:43.735,0.14759,0.14791,0.18,0.06
2016.02.04 13:00:44.086,0.14759,0.14789,0.02,0.05
2016.02.04 13:00:45.704,0.14755,0.14789,0.12,0.19
2016.02.04 13:00:47.651,0.14757,0.14788,0.02,0.02
2016.02.04 13:00:47.705,0.14758,0.14791,0.08,0.02
2016.02.04 13:00:48.674,0.14758,0.14792,0.09,0.20
2016.02.04 13:00:48.843,0.1476,0.14792,0.08,0.25
2016.02.04 13:00:49.146,0.14759,0.14789,0.02,0.02
2016.02.04 13:00:49.874,0.1476,0.1479,0.02,0.02
2016.02.04 13:00:50.315,0.14759,0.14789,0.05,0.02
2016.02.04 13:00:50.551,0.14759,0.14789,0.02,0.02
2016.02.04 13:00:50.804,0.14757,0.14787,0.02,0.02
2016.02.04 13:00:52.666,0.1476,0.1479,0.02,0.22
2016.02.04 13:00:55.277,0.14758,0.14788,0.22,0.02
2016.02.04 13:00:55.503,0.1476,0.1479,0.19,0.02
2016.02.04 13:00:55.604,0.14761,0.14791,0.02,0.14
2016.02.04 13:00:57.067,0.1476,0.1479,0.02,0.02
2016.02.04 13:00:58.236,0.14757,0.14787,0.10,0.02
2016.02.04 13:00:58.391,0.14759,0.14789,0.02,0.15
2016.02.04 13:00:58.609,0.14756,0.14786,0.09,0.02
2016.02.04 13:01:04.614,0.14754,0.14784,0.21,0.02
2016.02.04 13:01:04.925,0.14753,0.14783,0.02,0.02
2016.02.04 13:01:06.492,0.14754,0.14784,0.02,0.23
2016.02.04 13:01:06.837,0.14753,0.14783,0.23,0.02
2016.02.04 13:01:09.784,0.14758,0.14788,0.02,0.02
2016.02.04 13:01:10.112,0.14756,0.14786,0.04,0.02
2016.02.04 13:01:16.615,0.14753,0.14783,0.02,0.02
2016.02.04 13:01:19.814,0.14749,0.14779,0.04,0.02
2016.02.04 13:01:21.125,0.14748,0.14778,0.02,0.04
2016.02.04 13:01:21.927,0.14749,0.14779,0.02,0.02
2016.02.04 13:01:22.781,0.14748,0.14778,0.22,0.02
2016.02.04 13:01:23.219,0.1475,0.1478,0.02,0.18
2016.02.04 13:01:23.319,0.14751,0.14781,0.02,0.18
2016.02.04 13:01:23.534,0.1475,0.1478,0.02,0.02
2016.02.04 13:01:24.524,0.14751,0.14781,0.02,0.02
2016.02.04 13:01:27.275,0.1475,0.1478,0.06,0.02
2016.02.04 13:01:27.738,0.14748,0.14778,0.02,0.02
2016.02.04 13:01:31.820,0.14745,0.14775,0.02,0.02
2016.02.04 13:01:32.019,0.14746,0.14776,0.02,0.02
2016.02.04 13:01:35.885,0.14745,0.14775,0.02,0.02
2016.02.04 13:01:36.517,0.14742,0.14772,0.24,0.02
2016.02.04 13:01:44.704,0.14742,0.14772,0.02,0.02
2016.02.04 13:01:47.547,0.1474,0.1477,0.02,0.15
2016.02.04 13:01:49.183,0.14735,0.14765,0.02,0.02
2016.02.04 13:01:49.531,0.14736,0.14766,0.02,0.17
2016.02.04 13:01:49.733,0.14737,0.14767,0.02,0.02
2016.02.04 13:01:51.603,0.14737,0.14767,0.02,0.06
2016.02.04 13:01:52.209,0.14736,0.14766,0.04,0.02
2016.02.04 13:01:52.377,0.14739,0.14769,0.02,0.08
2016.02.04 13:01:53.130,0.14741,0.14771,0.02,0.02
2016.02.04 13:01:53.432,0.14742,0.14772,0.02,0.04
2016.02.04 13:01:56.393,0.1474,0.1477,0.02,0.22
2016.02.04 13:01:57.019,0.14734,0.14764,0.02,0.02
2016.02.04 13:02:02.186,0.14733,0.14763,0.02,0.02
2016.02.04 13:02:04.784,0.14736,0.14766,0.02,0.11
2016.02.04 13:02:10.211,0.14733,0.14767,0.02,0.19
2016.02.04 13:02:10.312,0.14735,0.14767,0.10,0.18
2016.02.04 13:02:12.286,0.14737,0.14767,0.02,0.20
2016.02.04 13:02:12.896,0.1474,0.1477,0.02,0.18
2016.02.04 13:02:13.625,0.14738,0.1477,0.07,0.16
2016.02.04 13:02:13.782,0.14738,0.14772,0.18,0.12
2016.02.04 13:02:14.184,0.14738,0.1477,0.23,0.07
2016.02.04 13:02:14.285,0.14736,0.1477,0.22,0.15
2016.02.04 13:02:14.887,0.14736,0.14768,0.06,0.19
2016.02.04 13:02:15.536,0.14735,0.14767,0.10,0.22
2016.02.04 13:02:15.855,0.14739,0.14769,0.02,0.02
2016.02.04 13:02:16.202,0.14737,0.14767,0.02,0.02
2016.02.04 13:02:18.100,0.1474,0.1477,0.02,0.13
2016.02.04 13:02:20.294,0.14739,0.14769,0.02,0.02
2016.02.04 13:02:24.033,0.14739,0.14769,0.02,0.10
2016.02.04 13:02:37.181,0.14739,0.14769,0.02,0.02
2016.02.04 13:02:37.542,0.14737,0.14767,0.02,0.18
2016.02.04 13:03:01.292,0.14736,0.14766,0.02,0.23
2016.02.04 13:03:01.342,0.14738,0.14768,0.02,0.02
2016.02.04 13:03:01.501,0.1474,0.1477,0.02,0.21
2016.02.04 13:03:04.610,0.14738,0.14768,0.04,0.02
2016.02.04 13:03:05.155,0.14741,0.14771,0.02,0.20
2016.02.04 13:03:19.411,0.14743,0.14773,0.02,0.20
2016.02.04 13:03:29.563,0.14745,0.14775,0.02,0.26
2016.02.04 13:03:31.293,0.14746,0.14776,0.02,0.26
2016.02.04 13:03:31.851,0.14747,0.14777,0.02,0.04
2016.02.04 13:03:33.526,0.14745,0.14775,0.02,0.02
2016.02.04 13:03:34.031,0.14744,0.14774,0.04,0.19
2016.02.04 13:03:34.374,0.14748,0.14778,0.02,0.22
2016.02.04 13:03:38.820,0.14746,0.14776,0.02,0.06
2016.02.04 13:03:39.690,0.14748,0.14778,0.02,0.02
2016.02.04 13:03:53.601,0.14754,0.14784,0.02,0.19
2016.02.04 13:03:53.652,0.14756,0.14786,0.02,0.23
2016.02.04 13:03:53.771,0.14756,0.14786,0.02,0.25
2016.02.04 13:03:53.981,0.14757,0.14789,0.18,0.20
2016.02.04 13:03:54.533,0.14758,0.1479,0.11,0.02
2016.02.04 13:03:55.221,0.14759,0.1479,0.02,0.02
2016.02.04 13:03:55.581,0.1476,0.14792,0.02,0.02
2016.02.04 13:03:57.309,0.1476,0.14791,0.02,0.18
2016.02.04 13:04:00.201,0.14759,0.14791,0.17,0.18
2016.02.04 13:04:00.304,0.14757,0.14789,0.02,0.22
2016.02.04 13:04:00.774,0.14754,0.14784,0.02,0.08
2016.02.04 13:04:02.290,0.14754,0.14786,0.02,0.08
2016.02.04 13:04:03.041,0.14754,0.14788,0.11,0.23
2016.02.04 13:04:03.759,0.14754,0.14787,0.02,0.21
2016.02.04 13:04:04.272,0.14753,0.14787,0.19,0.21
2016.02.04 13:04:09.330,0.14754,0.14787,0.02,0.16
2016.02.04 13:04:10.094,0.14755,0.14788,0.02,0.02
2016.02.04 13:04:10.379,0.14756,0.1479,0.13,0.22
2016.02.04 13:04:10.430,0.1476,0.1479,0.01,0.22
2016.02.04 13:04:10.581,0.14764,0.14796,0.02,0.21
2016.02.04 13:04:11.131,0.14764,0.14795,0.02,0.21
2016.02.04 13:04:11.866,0.14764,0.14796,0.02,0.15
2016.02.04 13:04:14.188,0.14764,0.14798,0.13,0.16
2016.02.04 13:04:14.701,0.14764,0.14797,0.02,0.21
2016.02.04 13:04:15.508,0.14763,0.14797,0.19,0.21
2016.02.04 13:04:15.761,0.14762,0.14795,0.23,0.01
2016.02.04 13:04:16.450,0.14762,0.14796,0.05,0.14
2016.02.04 13:04:17.414,0.14763,0.14795,0.19,0.13
2016.02.04 13:04:17.715,0.14763,0.14797,0.05,0.19
2016.02.04 13:04:17.916,0.14763,0.14795,0.12,0.15
2016.02.04 13:04:18.998,0.14764,0.14796,0.22,0.17
2016.02.04 13:04:19.048,0.14762,0.14796,0.21,0.21
2016.02.04 13:04:19.220,0.14764,0.14796,0.01,0.21
2016.02.04 13:04:19.737,0.14763,0.14795,0.02,0.02
2016.02.04 13:04:21.339,0.14763,0.14797,0.15,0.21
2016.02.04 13:04:22.050,0.14765,0.14799,0.12,0.05
2016.02.04 13:04:22.429,0.14766,0.14796,0.02,0.18
2016.02.04 13:04:23.830,0.14762,0.14796,0.02,0.18
2016.02.04 13:04:24.360,0.14761,0.14795,0.18,0.05
2016.02.04 13:04:24.488,0.14759,0.14791,0.15,0.08
2016.02.04 13:04:24.589,0.14759,0.14793,0.20,0.16
2016.02.04 13:04:24.965,0.14759,0.14791,0.21,0.08
2016.02.04 13:04:25.650,0.14759,0.1479,0.02,0.02
2016.02.04 13:04:31.519,0.14759,0.14792,0.02,0.02
2016.02.04 13:04:32.837,0.1476,0.14792,0.01,0.02
2016.02.04 13:04:32.887,0.14762,0.14794,0.20,0.19
2016.02.04 13:04:33.412,0.14765,0.14797,0.22,0.24
2016.02.04 13:04:33.505,0.14763,0.14797,0.18,0.18
2016.02.04 13:04:35.236,0.14764,0.14796,0.08,0.21
2016.02.04 13:04:36.015,0.14763,0.14795,0.19,0.16
2016.02.04 13:04:36.551,0.14763,0.14797,0.05,0.23
2016.02.04 13:04:46.527,0.14763,0.14796,0.18,0.01
2016.02.04 13:04:46.577,0.14762,0.14794,0.17,0.14
2016.02.04 13:04:47.193,0.14762,0.14793,0.02,0.05
2016.02.04 13:04:47.573,0.14764,0.14795,0.07,0.01
2016.02.04 13:04:48.123,0.14764,0.14796,0.20,0.15
2016.02.04 13:04:48.174,0.14764,0.14798,0.14,0.21
2016.02.04 13:04:49.743,0.14765,0.14798,0.02,0.21
2016.02.04 13:04:49.870,0.14768,0.14799,0.01,0.19
2016.02.04 13:04:49.921,0.14771,0.14805,0.19,0.10
2016.02.04 13:04:49.972,0.14773,0.14805,0.19,0.17
2016.02.04 13:04:50.100,0.14771,0.14805,0.05,0.23
2016.02.04 13:04:50.247,0.14773,0.14805,0.16,0.23
2016.02.04 13:04:50.779,0.14773,0.14807,0.02,0.18
2016.02.04 13:04:51.140,0.14775,0.14806,0.01,0.05
2016.02.04 13:04:51.190,0.14777,0.14811,0.21,0.14
2016.02.04 13:04:51.291,0.14772,0.14806,0.19,0.04
2016.02.04 13:04:51.913,0.14771,0.14805,0.21,0.15
2016.02.04 13:04:52.236,0.14768,0.14802,0.15,0.18
2016.02.04 13:04:54.830,0.14769,0.14801,0.13,0.17
2016.02.04 13:04:57.800,0.14766,0.148,0.04,0.20
2016.02.04 13:04:57.900,0.14763,0.14797,0.17,0.25
2016.02.04 13:04:58.214,0.14765,0.14799,0.17,0.22
2016.02.04 13:04:58.584,0.14763,0.14797,0.19,0.19
2016.02.04 13:04:59.125,0.14764,0.14797,0.01,0.19
2016.02.04 13:04:59.246,0.14766,0.148,0.08,0.17
2016.02.04 13:04:59.296,0.14768,0.148,0.13,0.19
2016.02.04 13:04:59.506,0.14765,0.14799,0.20,0.13
2016.02.04 13:05:00.602,0.14764,0.14796,0.19,0.11
2016.02.04 13:05:02.201,0.14764,0.14795,0.02,0.02
2016.02.04 13:05:02.954,0.14764,0.14796,0.13,0.14
2016.02.04 13:05:04.660,0.14763,0.14797,0.20,0.17
2016.02.04 13:05:06.987,0.14764,0.14798,0.17,0.12
2016.02.04 13:05:07.333,0.14768,0.14802,0.02,0.08
2016.02.04 13:05:07.976,0.14769,0.14802,0.02,0.02
2016.02.04 13:05:10.354,0.14768,0.14802,0.15,0.23
2016.02.04 13:05:15.343,0.14769,0.14803,0.19,0.18
2016.02.04 13:05:18.846,0.14768,0.14802,0.23,0.16
2016.02.04 13:05:22.581,0.14766,0.148,0.08,0.23
2016.02.04 13:05:23.038,0.14764,0.14796,0.12,0.15
2016.02.04 13:05:23.775,0.14764,0.14794,0.02,0.18
2016.02.04 13:05:23.875,0.14764,0.14796,0.02,0.22
2016.02.04 13:05:24.386,0.14764,0.14797,0.02,0.20
2016.02.04 13:05:24.979,0.14764,0.14796,0.22,0.20
2016.02.04 13:05:29.666,0.14764,0.14797,0.02,0.02
2016.02.04 13:05:29.717,0.14767,0.14797,0.02,0.02
2016.02.04 13:05:29.768,0.14767,0.14799,0.07,0.20
2016.02.04 13:05:29.821,0.14769,0.14801,0.20,0.10
2016.02.04 13:05:34.031,0.1477,0.14802,0.20,0.25
2016.02.04 13:05:36.631,0.14771,0.14803,0.21,0.12
2016.02.04 13:05:36.732,0.14771,0.14805,0.24,0.18
2016.02.04 13:05:38.220,0.14769,0.14803,0.13,0.21
2016.02.04 13:05:40.226,0.14769,0.14801,0.19,0.16
2016.02.04 13:05:40.821,0.1477,0.14802,0.05,0.19
2016.02.04 13:05:43.167,0.14771,0.14805,0.14,0.22
2016.02.04 13:05:44.521,0.14771,0.14803,0.21,0.07
2016.02.04 13:05:45.103,0.14774,0.14805,0.01,0.02
2016.02.04 13:05:45.154,0.14778,0.14812,0.10,0.19
2016.02.04 13:05:45.524,0.14778,0.1481,0.18,0.15
2016.02.04 13:05:46.347,0.14779,0.14811,0.19,0.18
2016.02.04 13:05:46.548,0.1478,0.14814,0.16,0.10
2016.02.04 13:05:46.627,0.14782,0.14816,0.21,0.19
2016.02.04 13:05:47.680,0.1478,0.14814,0.15,0.25
2016.02.04 13:05:48.023,0.14778,0.14812,0.20,0.21
2016.02.04 13:05:48.461,0.14782,0.14813,0.02,0.02
2016.02.04 13:05:51.420,0.14783,0.14814,0.02,0.02
2016.02.04 13:05:51.521,0.14777,0.14809,0.20,0.10
2016.02.04 13:05:51.581,0.14777,0.14811,0.18,0.18
2016.02.04 13:05:51.898,0.14777,0.14809,0.21,0.20
2016.02.04 13:05:52.646,0.14778,0.1481,0.21,0.22
2016.02.04 13:05:53.243,0.14779,0.14811,0.12,0.16
2016.02.04 13:05:54.189,0.1478,0.14811,0.02,0.02
2016.02.04 13:05:54.540,0.14785,0.14816,0.02,0.02
2016.02.04 13:05:55.285,0.14784,0.14816,0.11,0.20
2016.02.04 13:05:56.405,0.14781,0.14815,0.24,0.24
2016.02.04 13:06:01.236,0.1478,0.14813,0.01,0.20
2016.02.04 13:06:01.584,0.14782,0.14814,0.19,0.22
2016.02.04 13:06:01.742,0.14782,0.14816,0.08,0.20
2016.02.04 13:06:02.188,0.14784,0.14817,0.01,0.17
2016.02.04 13:06:02.339,0.14782,0.14816,0.18,0.18
2016.02.04 13:06:02.389,0.14784,0.14816,0.01,0.18
2016.02.04 13:06:02.440,0.14786,0.14819,0.02,0.02
2016.02.04 13:06:02.989,0.14786,0.1482,0.22,0.07
2016.02.04 13:06:03.039,0.14784,0.14816,0.19,0.07
2016.02.04 13:06:03.140,0.14781,0.14815,0.22,0.10
2016.02.04 13:06:03.241,0.14784,0.14816,0.11,0.16
2016.02.04 13:06:04.143,0.14787,0.14819,0.08,0.20
2016.02.04 13:06:04.250,0.14787,0.14821,0.19,0.22
2016.02.04 13:06:04.301,0.1479,0.14821,0.01,0.22
2016.02.04 13:06:04.452,0.14792,0.14824,0.25,0.07
2016.02.04 13:06:04.582,0.14786,0.14818,0.20,0.11
2016.02.04 13:06:05.120,0.14796,0.14826,0.02,0.19
2016.02.04 13:06:05.271,0.14796,0.14828,0.02,0.18
2016.02.04 13:06:05.665,0.14796,0.14826,0.02,0.17
2016.02.04 13:06:05.747,0.14796,0.14829,0.02,0.21
2016.02.04 13:06:05.947,0.14796,0.14826,0.02,0.17
2016.02.04 13:06:06.199,0.14791,0.14825,0.16,0.21
2016.02.04 13:06:06.920,0.14788,0.14821,0.01,0.20
2016.02.04 13:06:07.232,0.14787,0.14818,0.02,0.11
2016.02.04 13:06:07.333,0.14785,0.14817,0.01,0.23
2016.02.04 13:06:08.036,0.14785,0.14818,0.01,0.17
2016.02.04 13:06:08.138,0.14784,0.14816,0.01,0.08
2016.02.04 13:06:08.538,0.14783,0.14814,0.01,0.11
2016.02.04 13:06:08.817,0.14784,0.14816,0.21,0.09
2016.02.04 13:06:08.992,0.14786,0.14818,0.19,0.22
2016.02.04 13:06:09.092,0.14784,0.14818,0.05,0.19
2016.02.04 13:06:09.193,0.14783,0.14816,0.01,0.19
2016.02.04 13:06:09.529,0.14782,0.14814,0.21,0.13
2016.02.04 13:06:09.996,0.14782,0.14816,0.14,0.25
2016.02.04 13:06:21.692,0.14782,0.14814,0.22,0.15
2016.02.04 13:06:24.559,0.14783,0.14814,0.02,0.02
2016.02.04 13:06:31.500,0.14783,0.14815,0.16,0.15
2016.02.04 13:06:31.846,0.14784,0.14817,0.02,0.02
2016.02.04 13:06:31.907,0.14783,0.14814,0.02,0.02
2016.02.04 13:06:33.520,0.14783,0.14817,0.20,0.19
2016.02.04 13:06:33.682,0.14783,0.14815,0.14,0.23
2016.02.04 13:06:34.808,0.14783,0.14817,0.22,0.14
2016.02.04 13:06:34.909,0.14785,0.14817,0.22,0.05
2016.02.04 13:06:35.010,0.14783,0.14817,0.23,0.23
2016.02.04 13:06:35.433,0.14783,0.14815,0.08,0.17
2016.02.04 13:06:36.689,0.14785,0.14815,0.01,0.17
2016.02.04 13:06:36.840,0.14786,0.14818,0.14,0.15
2016.02.04 13:06:37.373,0.14785,0.14817,0.19,0.06
2016.02.04 13:06:37.726,0.14787,0.14817,0.02,0.06
2016.02.04 13:06:38.128,0.14785,0.14815,0.02,0.19
2016.02.04 13:06:38.904,0.14786,0.14816,0.02,0.12
2016.02.04 13:06:39.725,0.14782,0.14816,0.21,0.12
2016.02.04 13:06:42.943,0.14781,0.14815,0.02,0.06
2016.02.04 13:06:44.664,0.14782,0.14816,0.19,0.25
2016.02.04 13:06:47.090,0.14782,0.14814,0.18,0.13
2016.02.04 13:06:49.019,0.14782,0.14816,0.20,0.19
2016.02.04 13:06:50.720,0.14783,0.14817,0.06,0.19
2016.02.04 13:06:51.374,0.14785,0.14819,0.02,0.21
2016.02.04 13:06:51.676,0.14787,0.14819,0.19,0.09
2016.02.04 13:06:52.214,0.14784,0.14815,0.02,0.15
2016.02.04 13:06:52.932,0.14784,0.14816,0.02,0.09
2016.02.04 13:06:53.329,0.14782,0.14816,0.22,0.09
2016.02.04 13:06:54.317,0.14785,0.14817,0.19,0.14
2016.02.04 13:06:54.646,0.14787,0.14819,0.15,0.18
2016.02.04 13:06:55.181,0.14788,0.1482,0.05,0.19
2016.02.04 13:06:55.281,0.14785,0.14819,0.15,0.25
2016.02.04 13:06:55.420,0.14783,0.14815,0.22,0.17
2016.02.04 13:06:55.571,0.14784,0.14818,0.12,0.21
2016.02.04 13:06:56.266,0.14783,0.14817,0.16,0.20
2016.02.04 13:06:56.646,0.14783,0.14815,0.21,0.14
2016.02.04 13:06:56.979,0.14785,0.14817,0.01,0.07
2016.02.04 13:06:57.197,0.14783,0.14816,0.01,0.17
2016.02.04 13:06:57.739,0.14782,0.14816,0.19,0.17
2016.02.04 13:07:01.269,0.14785,0.14817,0.24,0.04
2016.02.04 13:07:01.683,0.14784,0.14815,0.02,0.14
2016.02.04 13:07:03.157,0.14783,0.14815,0.23,0.14
2016.02.04 13:07:05.301,0.14783,0.14817,0.22,0.13
2016.02.04 13:07:05.816,0.14784,0.14818,0.13,0.23
2016.02.04 13:07:05.872,0.14786,0.14818,0.11,0.22
2016.02.04 13:07:06.388,0.14787,0.14818,0.02,0.20
2016.02.04 13:07:06.689,0.14785,0.14815,0.02,0.05
2016.02.04 13:07:06.913,0.14787,0.14819,0.02,0.12
2016.02.04 13:07:07.176,0.14787,0.14817,0.02,0.13
2016.02.04 13:07:07.968,0.14783,0.14817,0.19,0.13
2016.02.04 13:07:09.808,0.14784,0.14818,0.20,0.18
2016.02.04 13:07:09.909,0.14788,0.14819,0.02,0.02
2016.02.04 13:07:10.792,0.14787,0.14818,0.02,0.20
2016.02.04 13:07:11.095,0.14787,0.1482,0.04,0.02
2016.02.04 13:07:11.513,0.14785,0.14815,0.02,0.06
2016.02.04 13:07:12.478,0.14783,0.14815,0.15,0.06
2016.02.04 13:07:14.858,0.14784,0.14815,0.01,0.06
2016.02.04 13:07:14.909,0.14786,0.14816,0.02,0.19
2016.02.04 13:07:15.047,0.14787,0.14821,0.13,0.19
2016.02.04 13:07:15.804,0.14788,0.1482,0.15,0.16
2016.02.04 13:07:18.022,0.14787,0.1482,0.02,0.19
2016.02.04 13:07:18.547,0.14787,0.14821,0.10,0.18
2016.02.04 13:07:20.527,0.14787,0.1482,0.10,0.01
2016.02.04 13:07:20.665,0.14784,0.14814,0.02,0.18
2016.02.04 13:07:20.716,0.14782,0.14814,0.19,0.18
2016.02.04 13:07:21.239,0.14783,0.14814,0.02,0.02
2016.02.04 13:07:21.725,0.14785,0.14815,0.01,0.20
2016.02.04 13:07:21.776,0.14785,0.14817,0.05,0.19
2016.02.04 13:07:22.055,0.14787,0.14819,0.21,0.07
2016.02.04 13:07:23.194,0.14787,0.14821,0.22,0.21
2016.02.04 13:07:23.358,0.1479,0.14824,0.11,0.21
2016.02.04 13:07:23.702,0.14789,0.14821,0.12,0.19
2016.02.04 13:07:23.759,0.14787,0.14821,0.19,0.21
2016.02.04 13:07:24.043,0.14789,0.14821,0.01,0.21
2016.02.04 13:07:24.094,0.14789,0.14823,0.13,0.18
2016.02.04 13:07:24.309,0.14789,0.14821,0.13,0.14
2016.02.04 13:07:24.499,0.14791,0.14825,0.05,0.21
2016.02.04 13:07:24.845,0.14793,0.14825,0.02,0.20
2016.02.04 13:07:25.129,0.14791,0.14825,0.17,0.15
2016.02.04 13:07:26.048,0.14791,0.14823,0.22,0.18
2016.02.04 13:07:26.449,0.14791,0.14821,0.02,0.06
2016.02.04 13:07:27.111,0.14791,0.14822,0.02,0.23
2016.02.04 13:07:27.988,0.1479,0.14822,0.16,0.23
2016.02.04 13:07:28.687,0.14787,0.14821,0.19,0.13
2016.02.04 13:07:29.421,0.14788,0.1482,0.08,0.21
2016.02.04 13:07:38.057,0.14788,0.14822,0.02,0.09
2016.02.04 13:07:38.157,0.14792,0.14823,0.02,0.02
2016.02.04 13:07:38.258,0.14793,0.14825,0.02,0.23
2016.02.04 13:07:40.925,0.14792,0.14824,0.18,0.16
2016.02.04 13:07:42.930,0.1479,0.14822,0.17,0.26
2016.02.04 13:07:43.088,0.14786,0.1482,0.20,0.08
2016.02.04 13:07:43.673,0.14787,0.14821,0.19,0.20
2016.02.04 13:07:44.626,0.14788,0.1482,0.06,0.17
2016.02.04 13:07:46.427,0.14789,0.14823,0.12,0.21
2016.02.04 13:07:46.478,0.14791,0.14823,0.02,0.21
2016.02.04 13:07:46.528,0.14791,0.14825,0.22,0.07
2016.02.04 13:07:48.958,0.14793,0.14827,0.15,0.08
2016.02.04 13:07:49.304,0.14797,0.14829,0.06,0.15
2016.02.04 13:07:49.866,0.14797,0.1483,0.02,0.15
2016.02.04 13:07:50.358,0.14797,0.14828,0.04,0.02
2016.02.04 13:07:51.987,0.14797,0.14829,0.26,0.14
2016.02.04 13:07:54.677,0.14797,0.14828,0.02,0.20
2016.02.04 13:07:55.075,0.14794,0.14824,0.02,0.07
2016.02.04 13:07:55.883,0.14795,0.14825,0.02,0.15
2016.02.04 13:07:55.933,0.14793,0.14825,0.23,0.15
2016.02.04 13:07:57.207,0.14795,0.14827,0.19,0.08
2016.02.04 13:07:58.143,0.14796,0.14828,0.21,0.21
2016.02.04 13:07:58.528,0.14798,0.14829,0.02,0.02
2016.02.04 13:07:59.237,0.14799,0.14831,0.20,0.19
2016.02.04 13:07:59.295,0.14799,0.14833,0.22,0.08
2016.02.04 13:07:59.395,0.14799,0.14831,0.19,0.20
2016.02.04 13:07:59.496,0.14797,0.14831,0.21,0.22
2016.02.04 13:07:59.729,0.14799,0.14833,0.20,0.07
2016.02.04 13:08:00.080,0.14796,0.14828,0.22,0.19
2016.02.04 13:08:00.298,0.14791,0.14825,0.18,0.16
2016.02.04 13:08:01.100,0.14793,0.14825,0.06,0.17
2016.02.04 13:08:01.401,0.14795,0.14827,0.23,0.19
2016.02.04 13:08:01.708,0.14798,0.1483,0.06,0.21
2016.02.04 13:08:02.221,0.14797,0.14829,0.18,0.16
2016.02.04 13:08:03.539,0.14804,0.14831,0.01,0.09
2016.02.04 13:08:03.639,0.14806,0.14838,0.18,0.20
2016.02.04 13:08:03.708,0.14803,0.14836,0.01,0.15
2016.02.04 13:08:03.809,0.14801,0.14835,0.19,0.07
2016.02.04 13:08:04.509,0.14801,0.14833,0.18,0.21
2016.02.04 13:08:04.609,0.14802,0.14836,0.07,0.20
2016.02.04 13:08:06.751,0.14805,0.14836,0.01,0.07
2016.02.04 13:08:06.942,0.14804,0.14838,0.23,0.17
2016.02.04 13:08:06.993,0.1481,0.14838,0.01,0.17
2016.02.04 13:08:07.144,0.14811,0.14843,0.16,0.15
2016.02.04 13:08:07.194,0.14811,0.14841,0.16,0.01
2016.02.04 13:08:07.245,0.14808,0.14841,0.02,0.25
2016.02.04 13:08:07.345,0.14808,0.14839,0.02,0.05
2016.02.04 13:08:07.597,0.14803,0.14835,0.15,0.15
2016.02.04 13:08:11.096,0.14805,0.14835,0.02,0.18
2016.02.04 13:08:11.147,0.14805,0.14837,0.02,0.17
2016.02.04 13:08:11.248,0.14806,0.1484,0.16,0.22
2016.02.04 13:08:11.449,0.14803,0.14835,0.03,0.07
2016.02.04 13:08:13.087,0.14802,0.14835,0.01,0.07
2016.02.04 13:08:13.842,0.14803,0.14835,0.01,0.07
2016.02.04 13:08:14.368,0.14803,0.14836,0.01,0.17
2016.02.04 13:08:14.924,0.14802,0.14836,0.03,0.17
2016.02.04 13:08:15.491,0.14803,0.14836,0.01,0.17
2016.02.04 13:08:16.394,0.14802,0.14836,0.03,0.17
2016.02.04 13:08:17.937,0.14803,0.14836,0.01,0.17
2016.02.04 13:08:18.523,0.14802,0.14836,0.03,0.17
2016.02.04 13:08:20.223,0.14803,0.14836,0.01,0.17
2016.02.04 13:08:21.725,0.14802,0.14836,0.02,0.17
2016.02.04 13:08:22.534,0.14803,0.14836,0.01,0.17
2016.02.04 13:08:22.901,0.14802,0.14834,0.15,0.08
2016.02.04 13:08:23.289,0.148,0.14834,0.22,0.09
2016.02.04 13:08:23.390,0.14798,0.1483,0.03,0.17
2016.02.04 13:08:24.041,0.14797,0.14831,0.21,0.20
2016.02.04 13:08:24.580,0.14798,0.14831,0.01,0.20
2016.02.04 13:08:24.893,0.14801,0.14832,0.02,0.02
2016.02.04 13:08:25.160,0.14797,0.14831,0.19,0.16
2016.02.04 13:08:25.517,0.14799,0.14831,0.16,0.17
2016.02.04 13:08:25.849,0.14803,0.14835,0.16,0.21
2016.02.04 13:08:26.445,0.14802,0.14836,0.14,0.05
2016.02.04 13:08:31.783,0.14805,0.14836,0.01,0.05
2016.02.04 13:08:31.833,0.14805,0.14838,0.01,0.22
2016.02.04 13:08:31.934,0.14807,0.14839,0.19,0.12
2016.02.04 13:08:32.687,0.14806,0.1484,0.07,0.19
2016.02.04 13:08:33.020,0.14806,0.14837,0.02,0.02
2016.02.04 13:08:33.527,0.14806,0.14838,0.17,0.10
2016.02.04 13:08:33.625,0.14807,0.1484,0.02,0.20
2016.02.04 13:08:34.372,0.14808,0.1484,0.13,0.20
2016.02.04 13:08:35.450,0.14807,0.1484,0.02,0.23
2016.02.04 13:08:35.537,0.14807,0.14838,0.02,0.05
2016.02.04 13:08:36.239,0.14807,0.1484,0.02,0.22
2016.02.04 13:08:36.766,0.14807,0.14841,0.20,0.15
2016.02.04 13:08:39.786,0.14808,0.1484,0.17,0.07
2016.02.04 13:08:40.657,0.14811,0.14843,0.13,0.17
2016.02.04 13:08:40.758,0.14812,0.14846,0.19,0.14
2016.02.04 13:08:41.387,0.14813,0.14845,0.16,0.16
2016.02.04 13:08:41.928,0.14812,0.14844,0.23,0.07
2016.02.04 13:08:42.433,0.14811,0.14845,0.15,0.23
2016.02.04 13:08:42.589,0.14813,0.14845,0.11,0.17
2016.02.04 13:08:43.337,0.14817,0.14847,0.02,0.17
2016.02.04 13:08:43.387,0.14817,0.14847,0.02,0.19
2016.02.04 13:08:43.488,0.14817,0.14849,0.02,0.19
2016.02.04 13:08:43.589,0.14816,0.14846,0.02,0.05
2016.02.04 13:08:44.076,0.14817,0.1485,0.02,0.19
2016.02.04 13:08:44.178,0.14816,0.14846,0.02,0.02
2016.02.04 13:08:44.755,0.14815,0.14845,0.02,0.16
2016.02.04 13:08:45.007,0.14813,0.14846,0.01,0.25
2016.02.04 13:08:45.497,0.1481,0.14844,0.23,0.10
2016.02.04 13:08:45.980,0.14807,0.14839,0.21,0.14
2016.02.04 13:08:46.586,0.14808,0.14839,0.01,0.14
2016.02.04 13:08:47.195,0.14811,0.14845,0.09,0.21
2016.02.04 13:08:49.311,0.14812,0.14846,0.08,0.18
2016.02.04 13:08:49.412,0.14812,0.14844,0.13,0.24
2016.02.04 13:08:49.513,0.14809,0.14842,0.02,0.02
2016.02.04 13:08:49.897,0.14808,0.1484,0.22,0.12
2016.02.04 13:08:50.698,0.14808,0.14839,0.04,0.02
2016.02.04 13:08:51.307,0.14807,0.14841,0.17,0.16
2016.02.04 13:08:52.048,0.14808,0.14842,0.21,0.05
2016.02.04 13:08:52.149,0.14811,0.14843,0.12,0.22
2016.02.04 13:08:52.700,0.1481,0.14842,0.06,0.19
2016.02.04 13:08:53.315,0.14809,0.14843,0.22,0.18
2016.02.04 13:08:54.371,0.14808,0.1484,0.09,0.23
2016.02.04 13:08:59.689,0.14807,0.14841,0.21,0.11
2016.02.04 13:09:01.925,0.1481,0.14841,0.02,0.11
2016.02.04 13:09:01.976,0.1481,0.14844,0.14,0.17
2016.02.04 13:09:02.077,0.14813,0.14845,0.18,0.10
2016.02.04 13:09:02.583,0.14812,0.14846,0.08,0.26
2016.02.04 13:09:04.611,0.14813,0.14845,0.20,0.19
2016.02.04 13:09:04.712,0.14813,0.14847,0.12,0.24
2016.02.04 13:09:05.756,0.14815,0.14847,0.03,0.24
2016.02.04 13:09:06.249,0.14818,0.1485,0.23,0.17
2016.02.04 13:09:06.406,0.14819,0.14853,0.20,0.17
2016.02.04 13:09:06.457,0.14825,0.14855,0.01,0.17
2016.02.04 13:09:06.507,0.14825,0.14859,0.18,0.25
2016.02.04 13:09:06.608,0.14823,0.14857,0.14,0.20
2016.02.04 13:09:06.955,0.14823,0.14855,0.18,0.23
2016.02.04 13:09:07.296,0.1482,0.14852,0.25,0.12
2016.02.04 13:09:07.625,0.14809,0.14841,0.02,0.19
2016.02.04 13:09:07.865,0.14812,0.14846,0.20,0.20
2016.02.04 13:09:08.526,0.14813,0.14844,0.02,0.02
2016.02.04 13:09:08.595,0.14809,0.14843,0.02,0.19
2016.02.04 13:09:08.895,0.14813,0.14845,0.02,0.19
2016.02.04 13:09:09.216,0.1481,0.14842,0.18,0.05
2016.02.04 13:09:09.582,0.14808,0.1484,0.18,0.19
2016.02.04 13:09:12.425,0.14808,0.14842,0.12,0.20
2016.02.04 13:09:12.879,0.1481,0.14841,0.01,0.13
2016.02.04 13:09:13.035,0.14812,0.14844,0.13,0.18
2016.02.04 13:09:13.588,0.14811,0.14843,0.02,0.22
2016.02.04 13:09:14.107,0.14811,0.14845,0.18,0.04
2016.02.04 13:09:15.161,0.1481,0.14844,0.02,0.15
2016.02.04 13:09:15.285,0.14812,0.14846,0.02,0.22
2016.02.04 13:09:15.610,0.1481,0.14842,0.02,0.02
2016.02.04 13:09:15.661,0.14808,0.14842,0.20,0.23
2016.02.04 13:09:15.761,0.14808,0.1484,0.23,0.15
2016.02.04 13:09:17.333,0.1481,0.1484,0.02,0.15
2016.02.04 13:09:17.385,0.1481,0.14842,0.02,0.11
2016.02.04 13:09:17.485,0.14812,0.14846,0.19,0.18
2016.02.04 13:09:19.302,0.14813,0.14846,0.02,0.02
2016.02.04 13:09:19.672,0.14815,0.14847,0.13,0.05
2016.02.04 13:09:19.986,0.14818,0.1485,0.10,0.20
2016.02.04 13:09:22.824,0.14817,0.14851,0.17,0.07
2016.02.04 13:09:23.127,0.14817,0.14849,0.05,0.23
2016.02.04 13:09:23.789,0.14818,0.1485,0.21,0.09
2016.02.04 13:09:24.576,0.14817,0.14851,0.18,0.17
2016.02.04 13:09:25.298,0.14816,0.1485,0.18,0.16
2016.02.04 13:09:25.844,0.14817,0.14851,0.21,0.19
2016.02.04 13:09:26.352,0.14818,0.14852,0.17,0.19
2016.02.04 13:09:27.889,0.14817,0.14851,0.17,0.07
2016.02.04 13:09:30.465,0.14818,0.14852,0.15,0.22
2016.02.04 13:09:31.593,0.14819,0.14853,0.24,0.08
2016.02.04 13:09:31.904,0.14822,0.14856,0.18,0.20
2016.02.04 13:09:34.756,0.1482,0.14854,0.16,0.12
2016.02.04 13:09:35.260,0.14818,0.14852,0.08,0.19
2016.02.04 13:09:39.653,0.14819,0.14851,0.21,0.07
2016.02.04 13:09:41.063,0.1482,0.1485,0.02,0.02
2016.02.04 13:09:43.018,0.14821,0.14851,0.02,0.02
2016.02.04 13:09:44.574,0.14822,0.14852,0.02,0.24
2016.02.04 13:09:45.211,0.14822,0.14852,0.02,0.20
2016.02.04 13:09:48.517,0.14822,0.14852,0.02,0.18
2016.02.04 13:09:48.769,0.14824,0.14854,0.17,0.02
2016.02.04 13:09:48.870,0.14824,0.14854,0.02,0.02
2016.02.04 13:09:49.221,0.14823,0.14853,0.02,0.18
2016.02.04 13:09:49.523,0.14821,0.14851,0.02,0.02
2016.02.04 13:09:49.837,0.14823,0.14853,0.02,0.06
2016.02.04 13:09:49.997,0.14825,0.14855,0.02,0.24
2016.02.04 13:09:50.295,0.14822,0.14852,0.02,0.02
2016.02.04 13:09:57.895,0.14819,0.14849,0.02,0.02
2016.02.04 13:09:58.466,0.14811,0.14841,0.05,0.15
2016.02.04 13:09:58.684,0.14811,0.14841,0.02,0.15
2016.02.04 13:09:59.895,0.14807,0.14841,0.19,0.15
2016.02.04 13:10:00.205,0.14809,0.14841,0.18,0.16
2016.02.04 13:10:00.379,0.1481,0.14843,0.01,0.23
2016.02.04 13:10:00.480,0.14809,0.14841,0.20,0.10
2016.02.04 13:10:00.877,0.14811,0.14843,0.19,0.24
2016.02.04 13:10:01.078,0.14812,0.14846,0.20,0.21
2016.02.04 13:10:03.066,0.14811,0.14843,0.05,0.20
2016.02.04 13:10:03.143,0.14809,0.14843,0.17,0.17
2016.02.04 13:10:03.345,0.14808,0.1484,0.21,0.16
2016.02.04 13:10:03.957,0.14809,0.14841,0.15,0.22
2016.02.04 13:10:04.141,0.14807,0.14841,0.20,0.16
2016.02.04 13:10:04.677,0.1481,0.14841,0.01,0.02
2016.02.04 13:10:04.993,0.14815,0.14845,0.02,0.16
2016.02.04 13:10:05.387,0.14814,0.14846,0.07,0.17
2016.02.04 13:10:05.617,0.14817,0.14847,0.02,0.14
2016.02.04 13:10:07.901,0.14819,0.14849,0.02,0.16
2016.02.04 13:10:08.306,0.14814,0.14844,0.02,0.02
2016.02.04 13:10:09.890,0.14815,0.14845,0.02,0.05
2016.02.04 13:10:10.041,0.14818,0.14848,0.02,0.02
2016.02.04 13:10:10.142,0.1482,0.1485,0.02,0.09
2016.02.04 13:10:10.193,0.14818,0.14848,0.21,0.02
2016.02.04 13:10:10.517,0.14815,0.14845,0.02,0.04
2016.02.04 13:10:13.822,0.14814,0.14844,0.02,0.02
2016.02.04 13:10:14.502,0.14815,0.14845,0.02,0.19
2016.02.04 13:10:17.365,0.1481,0.1484,0.02,0.02
2016.02.04 13:10:18.942,0.14809,0.14839,0.02,0.20
2016.02.04 13:10:19.251,0.14814,0.14844,0.02,0.22
2016.02.04 13:10:19.318,0.14813,0.14843,0.02,0.02
2016.02.04 13:10:20.525,0.14813,0.14843,0.04,0.02
2016.02.04 13:10:21.064,0.14811,0.14841,0.04,0.02
2016.02.04 13:10:24.953,0.14807,0.14837,0.02,0.02
2016.02.04 13:10:25.276,0.14812,0.14842,0.02,0.21
2016.02.04 13:10:33.759,0.14813,0.14843,0.02,0.25
2016.02.04 13:10:34.101,0.14817,0.14847,0.02,0.17
2016.02.04 13:10:37.386,0.14817,0.14847,0.02,0.02
2016.02.04 13:10:37.492,0.14814,0.14844,0.02,0.02
2016.02.04 13:10:39.996,0.14814,0.14844,0.02,0.02
2016.02.04 13:10:40.918,0.14815,0.14845,0.02,0.23
2016.02.04 13:10:41.455,0.14817,0.14847,0.21,0.02
2016.02.04 13:10:41.656,0.14818,0.14848,0.02,0.02
2016.02.04 13:10:44.507,0.14819,0.14849,0.04,0.02
2016.02.04 13:10:48.603,0.14821,0.14851,0.02,0.02
2016.02.04 13:10:48.954,0.14823,0.14853,0.02,0.02
2016.02.04 13:10:50.016,0.14825,0.14855,0.02,0.25
2016.02.04 13:10:50.327,0.14819,0.14849,0.02,0.02
2016.02.04 13:10:50.665,0.14824,0.14854,0.02,0.23
2016.02.04 13:10:53.197,0.1482,0.1485,0.22,0.02
2016.02.04 13:10:54.104,0.14822,0.14852,0.02,0.20
2016.02.04 13:10:56.071,0.14823,0.14853,0.02,0.21
2016.02.04 13:10:56.172,0.14824,0.14854,0.02,0.02
2016.02.04 13:10:56.725,0.14819,0.14849,0.17,0.02
2016.02.04 13:11:03.230,0.14818,0.14848,0.22,0.02
2016.02.04 13:11:04.966,0.14818,0.14848,0.22,0.02
2016.02.04 13:11:05.076,0.14816,0.14846,0.04,0.02
2016.02.04 13:11:07.937,0.14817,0.14847,0.02,0.02
2016.02.04 13:11:08.141,0.14821,0.14851,0.02,0.27
2016.02.04 13:11:08.196,0.14817,0.14847,0.02,0.02
2016.02.04 13:11:08.774,0.14816,0.14846,0.02,0.10
2016.02.04 13:11:08.898,0.14819,0.14849,0.02,0.22
2016.02.04 13:11:09.099,0.14817,0.14847,0.02,0.16
2016.02.04 13:11:09.301,0.14819,0.14849,0.02,0.02
2016.02.04 13:11:09.519,0.1482,0.1485,0.02,0.22
2016.02.04 13:11:09.913,0.14818,0.14848,0.02,0.02
2016.02.04 13:11:10.102,0.1482,0.1485,0.02,0.24
2016.02.04 13:11:10.825,0.14819,0.14849,0.02,0.02
2016.02.04 13:11:10.905,0.14817,0.14847,0.02,0.05
2016.02.04 13:11:11.507,0.14818,0.14848,0.02,0.14
2016.02.04 13:11:11.825,0.14824,0.14854,0.02,0.30
2016.02.04 13:11:12.449,0.14822,0.14852,0.02,0.02
2016.02.04 13:11:20.035,0.14822,0.14852,0.02,0.02
2016.02.04 13:11:20.272,0.14822,0.14852,0.02,0.02
2016.02.04 13:11:20.375,0.14818,0.14848,0.02,0.20
2016.02.04 13:11:20.434,0.1482,0.1485,0.02,0.21
2016.02.04 13:11:20.535,0.14817,0.14847,0.02,0.02
2016.02.04 13:11:22.395,0.14817,0.14847,0.02,0.02
2016.02.04 13:11:22.862,0.14815,0.14845,0.02,0.19
2016.02.04 13:11:24.518,0.14816,0.14846,0.02,0.02
2016.02.04 13:11:32.317,0.14816,0.14846,0.02,0.02
2016.02.04 13:11:32.518,0.14826,0.14856,0.02,0.30
2016.02.04 13:11:32.710,0.14822,0.14852,0.02,0.19
2016.02.04 13:11:33.520,0.14823,0.14853,0.02,0.21
2016.02.04 13:11:35.705,0.14819,0.14849,0.02,0.09
2016.02.04 13:11:35.865,0.14817,0.14847,0.02,0.07
2016.02.04 13:11:44.581,0.14821,0.14851,0.02,0.19
2016.02.04 13:11:45.722,0.14818,0.14848,0.02,0.13
2016.02.04 13:11:48.938,0.14817,0.14847,0.02,0.14
2016.02.04 13:11:49.482,0.14818,0.14848,0.02,0.11
2016.02.04 13:11:50.143,0.14818,0.14848,0.02,0.02
2016.02.04 13:11:50.697,0.14817,0.14847,0.02,0.19
2016.02.04 13:11:54.954,0.14817,0.14847,0.02,0.19
2016.02.04 13:11:55.469,0.14818,0.14848,0.02,0.07
2016.02.04 13:11:58.807,0.14818,0.14848,0.02,0.07
2016.02.04 13:11:59.009,0.14821,0.14851,0.02,0.14
2016.02.04 13:12:02.998,0.14821,0.14851,0.02,0.14
2016.02.04 13:12:03.254,0.14821,0.14851,0.02,0.06
2016.02.04 13:12:04.645,0.1482,0.1485,0.04,0.18
2016.02.04 13:12:08.260,0.14819,0.14849,0.04,0.21
2016.02.04 13:12:08.310,0.14819,0.14849,0.06,0.21
2016.02.04 13:12:08.361,0.14821,0.14851,0.02,0.01
2016.02.04 13:12:08.461,0.14819,0.14849,0.02,0.16
2016.02.04 13:12:10.467,0.14819,0.14849,0.02,0.18
2016.02.04 13:12:10.823,0.14816,0.14846,0.02,0.10
2016.02.04 13:12:11.354,0.14817,0.14847,0.02,0.23
2016.02.04 13:12:12.779,0.14816,0.14846,0.02,0.17
2016.02.04 13:12:13.054,0.14818,0.14848,0.02,0.21
2016.02.04 13:12:13.859,0.14816,0.14846,0.02,0.17
2016.02.04 13:12:15.768,0.14817,0.14847,0.02,0.15
2016.02.04 13:12:21.349,0.14815,0.14845,0.15,0.01
2016.02.04 13:12:21.400,0.14815,0.14845,0.15,0.01
2016.02.04 13:12:21.551,0.14813,0.14843,0.02,0.23
2016.02.04 13:12:21.842,0.14812,0.14842,0.04,0.03
2016.02.04 13:12:21.893,0.14809,0.14839,0.06,0.17
2016.02.04 13:12:22.094,0.14813,0.14843,0.02,0.02
2016.02.04 13:12:22.755,0.14811,0.14841,0.04,0.01
2016.02.04 13:12:22.806,0.14812,0.14842,0.04,0.03
2016.02.04 13:12:22.856,0.1481,0.1484,0.04,0.18
2016.02.04 13:12:22.998,0.14811,0.14841,0.04,0.02
2016.02.04 13:12:23.049,0.14812,0.14842,0.04,0.01
2016.02.04 13:12:23.653,0.14811,0.14841,0.04,0.01
2016.02.04 13:12:24.356,0.14812,0.14842,0.04,0.01
2016.02.04 13:12:25.407,0.14811,0.14841,0.04,0.01
2016.02.04 13:12:26.651,0.14812,0.14842,0.02,0.01
2016.02.04 13:12:27.478,0.14811,0.14841,0.04,0.01
2016.02.04 13:12:28.792,0.14812,0.14842,0.02,0.01
2016.02.04 13:12:29.138,0.1481,0.1484,0.04,0.01
2016.02.04 13:12:29.967,0.1481,0.1484,0.02,0.01
2016.02.04 13:12:30.449,0.14809,0.14839,0.06,0.21
2016.02.04 13:12:30.735,0.14808,0.14838,0.06,0.19
2016.02.04 13:12:36.481,0.14808,0.14838,0.02,0.19
2016.02.04 13:12:36.632,0.1481,0.1484,0.02,0.02
2016.02.04 13:12:36.733,0.14813,0.14843,0.02,0.21
2016.02.04 13:12:39.412,0.14812,0.14842,0.02,0.12
2016.02.04 13:12:39.840,0.1481,0.1484,0.04,0.07
2016.02.04 13:12:40.376,0.14811,0.14841,0.04,0.19
2016.02.04 13:12:40.915,0.1481,0.1484,0.04,0.18
2016.02.04 13:12:41.430,0.14811,0.14841,0.02,0.15
2016.02.04 13:12:42.737,0.14811,0.14841,0.02,0.15
2016.02.04 13:12:42.838,0.14809,0.14839,0.02,0.20
2016.02.04 13:12:43.457,0.14808,0.14838,0.02,0.07
2016.02.04 13:12:44.629,0.14807,0.14837,0.04,0.12
2016.02.04 13:12:44.859,0.14809,0.14839,0.02,0.24
2016.02.04 13:12:50.152,0.14808,0.14838,0.02,0.13
2016.02.04 13:12:53.423,0.14808,0.14838,0.04,0.13
2016.02.04 13:12:53.589,0.14814,0.14844,0.02,0.21
2016.02.04 13:12:53.640,0.14812,0.14842,0.02,0.19
2016.02.04 13:13:02.619,0.14809,0.14839,0.06,0.22
2016.02.04 13:13:02.670,0.14808,0.14838,0.06,0.02
2016.02.04 13:13:06.746,0.14809,0.14839,0.02,0.18
2016.02.04 13:13:07.131,0.14811,0.14841,0.02,0.02
2016.02.04 13:13:10.693,0.14812,0.14842,0.02,0.22
2016.02.04 13:13:12.023,0.14812,0.14842,0.02,0.20
2016.02.04 13:13:12.134,0.14812,0.14842,0.02,0.18
2016.02.04 13:13:13.577,0.14808,0.14838,0.08,0.20
2016.02.04 13:13:13.774,0.14805,0.14835,0.04,0.16
2016.02.04 13:13:14.230,0.14808,0.14838,0.04,0.02
2016.02.04 13:13:14.280,0.14808,0.14838,0.06,0.02
2016.02.04 13:13:14.644,0.14808,0.14838,0.06,0.02
2016.02.04 13:13:14.795,0.14806,0.14836,0.02,0.18
2016.02.04 13:13:16.824,0.14806,0.14836,0.02,0.18
2016.02.04 13:13:16.987,0.1481,0.1484,0.02,0.14
2016.02.04 13:13:17.088,0.14809,0.14839,0.02,0.08
2016.02.04 13:13:17.695,0.14808,0.14838,0.02,0.20
2016.02.04 13:13:18.592,0.14807,0.14837,0.04,0.20
2016.02.04 13:13:23.597,0.14808,0.14838,0.02,0.21
2016.02.04 13:13:24.650,0.14807,0.14837,0.02,0.19
2016.02.04 13:13:25.209,0.14808,0.14838,0.02,0.18
2016.02.04 13:13:39.940,0.14808,0.14838,0.02,0.18
2016.02.04 13:13:40.175,0.14811,0.14841,0.02,0.17
2016.02.04 13:13:43.306,0.1481,0.1484,0.02,0.03
2016.02.04 13:13:43.357,0.14809,0.14839,0.02,0.02
2016.02.04 13:13:43.487,0.14807,0.14837,0.02,0.05
2016.02.04 13:13:45.461,0.14807,0.14837,0.06,0.05
2016.02.04 13:13:45.511,0.1481,0.1484,0.02,0.20
2016.02.04 13:13:45.751,0.1481,0.1484,0.02,0.04
2016.02.04 13:13:46.009,0.14813,0.14843,0.02,0.23
2016.02.04 13:13:46.192,0.14811,0.14841,0.02,0.02
2016.02.04 13:13:47.666,0.14809,0.14839,0.02,0.18
2016.02.04 13:13:48.613,0.14812,0.14842,0.02,0.21
2016.02.04 13:13:48.764,0.14809,0.14839,0.02,0.02
2016.02.04 13:13:50.152,0.14807,0.14837,0.02,0.02
2016.02.04 13:13:50.593,0.14805,0.14835,0.02,0.16
2016.02.04 13:13:50.672,0.14809,0.14839,0.02,0.19
2016.02.04 13:13:51.392,0.14811,0.14841,0.02,0.19
2016.02.04 13:14:03.462,0.14809,0.14839,0.02,0.02
2016.02.04 13:14:04.967,0.14807,0.14837,0.02,0.02
2016.02.04 13:14:05.120,0.14806,0.14836,0.02,0.07
2016.02.04 13:14:05.271,0.1481,0.1484,0.02,0.02
2016.02.04 13:14:09.273,0.14807,0.14837,0.20,0.02
2016.02.04 13:14:09.978,0.14813,0.14843,0.02,0.19
2016.02.04 13:14:14.505,0.14809,0.14839,0.02,0.02
2016.02.04 13:14:16.882,0.1481,0.1484,0.02,0.08
2016.02.04 13:14:21.251,0.14809,0.14839,0.02,0.19
2016.02.04 13:14:21.302,0.1481,0.1484,0.02,0.21
2016.02.04 13:14:26.089,0.14807,0.14837,0.02,0.04
2016.02.04 13:14:38.631,0.14804,0.14834,0.02,0.20
2016.02.04 13:14:39.610,0.14806,0.14836,0.02,0.05
2016.02.04 13:14:41.521,0.14803,0.14833,0.04,0.02
2016.02.04 13:14:52.128,0.14802,0.14832,0.15,0.02
2016.02.04 13:14:52.321,0.14804,0.14834,0.02,0.19
2016.02.04 13:14:52.673,0.14804,0.14834,0.02,0.02
2016.02.04 13:14:55.836,0.14802,0.14832,0.02,0.02
2016.02.04 13:14:56.141,0.14804,0.14834,0.02,0.22
2016.02.04 13:14:56.450,0.14802,0.14832,0.02,0.10
2016.02.04 13:14:56.977,0.14803,0.14833,0.02,0.08
2016.02.04 13:14:57.766,0.14804,0.14834,0.02,0.02
2016.02.04 13:14:57.935,0.14803,0.14833,0.04,0.02
2016.02.04 13:14:58.469,0.14802,0.14832,0.04,0.02
2016.02.04 13:14:59.005,0.14803,0.14833,0.02,0.20
2016.02.04 13:14:59.168,0.14801,0.14831,0.02,0.17
2016.02.04 13:14:59.348,0.14803,0.14833,0.02,0.20
2016.02.04 13:14:59.399,0.14803,0.14833,0.02,0.20
2016.02.04 13:14:59.721,0.14803,0.14833,0.02,0.20
2016.02.04 13:15:00.268,0.14803,0.14833,0.02,0.02
2016.02.04 13:15:00.783,0.14804,0.14834,0.02,0.04
2016.02.04 13:15:01.155,0.14805,0.14835,0.02,0.04
2016.02.04 13:15:01.994,0.14807,0.14837,0.02,0.26
2016.02.04 13:15:02.218,0.14805,0.14835,0.02,0.02
2016.02.04 13:15:02.775,0.14803,0.14833,0.04,0.18
2016.02.04 13:15:02.889,0.14803,0.14833,0.04,0.20
2016.02.04 13:15:03.862,0.148,0.1483,0.02,0.02
2016.02.04 13:15:03.965,0.14804,0.14834,0.02,0.22
2016.02.04 13:15:06.283,0.14802,0.14832,0.02,0.02
2016.02.04 13:15:06.589,0.148,0.1483,0.02,0.22
2016.02.04 13:15:06.740,0.14804,0.14834,0.02,0.04
2016.02.04 13:15:07.931,0.14804,0.14834,0.02,0.02
2016.02.04 13:15:15.196,0.14807,0.14837,0.02,0.18
2016.02.04 13:15:20.280,0.14804,0.14834,0.02,0.02
2016.02.04 13:15:20.731,0.14804,0.14834,0.02,0.02
2016.02.04 13:15:21.809,0.14805,0.14835,0.02,0.21
2016.02.04 13:15:22.419,0.14803,0.14833,0.10,0.02
2016.02.04 13:15:24.994,0.14801,0.14831,0.06,0.02
2016.02.04 13:15:25.244,0.14802,0.14832,0.02,0.02
2016.02.04 13:15:28.161,0.14804,0.14834,0.02,0.17
2016.02.04 13:15:28.405,0.14803,0.14833,0.02,0.02
2016.02.04 13:15:28.742,0.14803,0.14833,0.02,0.16
2016.02.04 13:15:31.489,0.14803,0.14833,0.02,0.22
2016.02.04 13:15:31.722,0.14804,0.14834,0.02,0.24
2016.02.04 13:15:33.894,0.14804,0.14834,0.02,0.20
2016.02.04 13:15:34.231,0.14802,0.14832,0.02,0.23
2016.02.04 13:15:41.266,0.148,0.1483,0.02,0.02
2016.02.04 13:15:41.316,0.14803,0.14833,0.02,0.09
2016.02.04 13:15:45.661,0.14804,0.14834,0.02,0.02
2016.02.04 13:15:48.371,0.14803,0.14833,0.02,0.02
2016.02.04 13:15:48.486,0.14803,0.14833,0.02,0.02
2016.02.04 13:15:48.537,0.14801,0.14831,0.02,0.17
2016.02.04 13:15:48.631,0.14799,0.14829,0.04,0.02
2016.02.04 13:15:52.282,0.14801,0.14831,0.02,0.20
2016.02.04 13:15:52.333,0.14803,0.14833,0.02,0.10
2016.02.04 13:15:55.966,0.14804,0.14834,0.02,0.24
2016.02.04 13:15:56.667,0.14803,0.14833,0.02,0.02
2016.02.04 13:15:57.571,0.14805,0.14835,0.02,0.26
2016.02.04 13:15:59.303,0.14802,0.14832,0.02,0.02
2016.02.04 13:16:01.203,0.14803,0.14833,0.02,0.02
2016.02.04 13:16:01.952,0.148,0.1483,0.02,0.15
2016.02.04 13:16:02.931,0.148,0.1483,0.02,0.15
2016.02.04 13:16:03.139,0.14802,0.14832,0.02,0.02
2016.02.04 13:16:04.142,0.14803,0.14833,0.02,0.13
2016.02.04 13:16:04.469,0.14801,0.14831,0.02,0.21
2016.02.04 13:16:06.031,0.14801,0.14831,0.02,0.24
2016.02.04 13:16:13.088,0.14797,0.14827,0.02,0.02
2016.02.04 13:16:13.189,0.14798,0.14828,0.02,0.21
2016.02.04 13:16:15.497,0.14802,0.14832,0.02,0.29
2016.02.04 13:16:24.518,0.14804,0.14834,0.02,0.18
2016.02.04 13:16:24.820,0.14801,0.14831,0.04,0.06
2016.02.04 13:16:25.306,0.148,0.1483,0.02,0.25
2016.02.04 13:16:25.371,0.14799,0.14829,0.04,0.02
2016.02.04 13:16:25.472,0.14797,0.14827,0.06,0.06
2016.02.04 13:16:25.637,0.14799,0.14829,0.04,0.02
2016.02.04 13:16:33.950,0.14801,0.14831,0.02,0.20
2016.02.04 13:16:34.051,0.14803,0.14833,0.02,0.21
2016.02.04 13:16:34.263,0.14805,0.14835,0.02,0.11
2016.02.04 13:16:34.441,0.148,0.1483,0.04,0.17
2016.02.04 13:16:41.887,0.14803,0.14833,0.02,0.02
2016.02.04 13:16:42.687,0.14806,0.14836,0.02,0.02
2016.02.04 13:16:43.776,0.14803,0.14833,0.08,0.02
2016.02.04 13:16:44.078,0.14801,0.14831,0.02,0.12
2016.02.04 13:16:45.079,0.14803,0.14833,0.02,0.04
2016.02.04 13:16:48.909,0.14801,0.14831,0.02,0.20
2016.02.04 13:16:48.959,0.14799,0.14829,0.20,0.02
2016.02.04 13:17:12.781,0.14801,0.14831,0.02,0.25
2016.02.04 13:17:12.982,0.14806,0.14836,0.02,0.19
2016.02.04 13:17:30.380,0.14804,0.14834,0.02,0.02
2016.02.04 13:17:30.645,0.14809,0.14839,0.02,0.04
2016.02.04 13:17:31.395,0.14808,0.14838,0.04,0.02
2016.02.04 13:17:44.790,0.14812,0.14842,0.02,0.26
2016.02.04 13:17:48.929,0.14809,0.14839,0.02,0.02
2016.02.04 13:17:48.980,0.14808,0.14838,0.02,0.22
2016.02.04 13:17:55.719,0.14806,0.14836,0.02,0.09
2016.02.04 13:17:55.819,0.14807,0.14837,0.14,0.04
2016.02.04 13:17:57.515,0.14809,0.14839,0.02,0.16
2016.02.04 13:17:57.824,0.14812,0.14842,0.02,0.17
2016.02.04 13:18:10.975,0.14809,0.14839,0.04,0.02
2016.02.04 13:18:11.309,0.14815,0.14845,0.08,0.02
2016.02.04 13:18:11.410,0.14814,0.14844,0.02,0.02
2016.02.04 13:18:11.763,0.14814,0.14844,0.02,0.02
2016.02.04 13:18:12.646,0.14814,0.14844,0.02,0.02
2016.02.04 13:18:13.084,0.14813,0.14843,0.02,0.02
2016.02.04 13:18:18.168,0.14813,0.14843,0.24,0.02
2016.02.04 13:18:18.272,0.14816,0.14846,0.02,0.19
2016.02.04 13:18:22.958,0.14816,0.14846,0.02,0.02
2016.02.04 13:18:23.267,0.14816,0.14846,0.02,0.02
2016.02.04 13:18:39.121,0.14813,0.14843,0.02,0.06
2016.02.04 13:18:39.423,0.14815,0.14845,0.02,0.02
2016.02.04 13:18:40.011,0.14813,0.14843,0.04,0.02
2016.02.04 13:18:44.228,0.14815,0.14845,0.02,0.21
2016.02.04 13:18:44.619,0.14813,0.14843,0.20,0.02
2016.02.04 13:18:51.246,0.14815,0.14845,0.02,0.09
2016.02.04 13:18:51.466,0.14816,0.14846,0.02,0.18
2016.02.04 13:18:59.698,0.14814,0.14844,0.02,0.02
2016.02.04 13:19:00.265,0.14818,0.14848,0.02,0.23
2016.02.04 13:19:00.840,0.14819,0.14849,0.04,0.02
2016.02.04 13:19:02.597,0.14821,0.14851,0.02,0.23
2016.02.04 13:19:02.906,0.14822,0.14852,0.02,0.21
2016.02.04 13:19:03.534,0.14819,0.14849,0.23,0.02
2016.02.04 13:19:11.137,0.14821,0.14851,0.02,0.22
2016.02.04 13:19:11.837,0.14824,0.14854,0.02,0.21
2016.02.04 13:19:12.897,0.14823,0.14853,0.02,0.02
2016.02.04 13:19:14.109,0.14821,0.14851,0.04,0.17
2016.02.04 13:19:14.361,0.14824,0.14854,0.02,0.02
2016.02.04 13:19:15.033,0.14825,0.14855,0.02,0.20
2016.02.04 13:19:15.335,0.14824,0.14854,0.02,0.17
2016.02.04 13:19:15.436,0.14824,0.14854,0.02,0.17
2016.02.04 13:19:16.012,0.14827,0.14857,0.02,0.20
2016.02.04 13:19:16.788,0.14823,0.14853,0.06,0.02
2016.02.04 13:19:20.647,0.14827,0.14857,0.02,0.08
2016.02.04 13:19:22.293,0.14829,0.14859,0.04,0.04
2016.02.04 13:19:30.937,0.14829,0.14859,0.14,0.02
2016.02.04 13:19:31.267,0.14829,0.14859,0.02,0.04
2016.02.04 13:19:32.059,0.14828,0.14858,0.04,0.02
2016.02.04 13:19:35.556,0.14826,0.14856,0.02,0.02
2016.02.04 13:19:36.036,0.14824,0.14854,0.18,0.02
2016.02.04 13:19:37.396,0.14829,0.14859,0.02,0.11
2016.02.04 13:19:40.176,0.14829,0.14859,0.02,0.02
2016.02.04 13:19:44.687,0.14829,0.14859,0.02,0.02
2016.02.04 13:19:48.697,0.14829,0.14859,0.02,0.02
2016.02.04 13:19:49.230,0.1483,0.1486,0.02,0.13
2016.02.04 13:19:49.599,0.14828,0.14858,0.02,0.02
2016.02.04 13:19:50.216,0.14826,0.14856,0.02,0.16
2016.02.04 13:19:50.326,0.14828,0.14858,0.02,0.22
2016.02.04 13:19:51.102,0.14829,0.14859,0.02,0.02
2016.02.04 13:19:52.638,0.14828,0.14858,0.02,0.06
2016.02.04 13:19:55.314,0.14826,0.14856,0.02,0.23
2016.02.04 13:19:55.682,0.14828,0.14858,0.02,0.02
2016.02.04 13:19:56.347,0.14829,0.14859,0.02,0.02
2016.02.04 13:19:56.928,0.14828,0.14858,0.13,0.02
2016.02.04 13:19:57.148,0.14828,0.14858,0.04,0.16
2016.02.04 13:19:57.667,0.14831,0.14861,0.02,0.02
2016.02.04 13:19:57.970,0.14828,0.14858,0.04,0.16
2016.02.04 13:19:58.657,0.1483,0.1486,0.02,0.25
2016.02.04 13:19:59.171,0.14824,0.14854,0.02,0.02
2016.02.04 13:20:00.260,0.14825,0.14855,0.02,0.07
2016.02.04 13:20:00.311,0.14827,0.14857,0.02,0.14
2016.02.04 13:20:00.361,0.14827,0.14857,0.02,0.14
2016.02.04 13:20:00.515,0.14835,0.14865,0.02,0.15
2016.02.04 13:20:00.565,0.14835,0.14865,0.02,0.13
2016.02.04 13:20:00.616,0.14839,0.14869,0.02,0.04
2016.02.04 13:20:00.933,0.14841,0.14871,0.02,0.28
2016.02.04 13:20:01.185,0.1485,0.1488,0.02,0.23
2016.02.04 13:20:01.285,0.14847,0.14877,0.02,0.04
2016.02.04 13:20:01.386,0.14849,0.14879,0.02,0.02
2016.02.04 13:20:01.565,0.14847,0.14877,0.02,0.02
2016.02.04 13:20:01.874,0.14849,0.14879,0.02,0.21
2016.02.04 13:20:02.251,0.14848,0.14878,0.21,0.02
2016.02.04 13:20:02.301,0.14846,0.14876,0.02,0.18
2016.02.04 13:20:02.428,0.14843,0.14873,0.02,0.02
2016.02.04 13:20:02.733,0.14844,0.14874,0.02,0.04
2016.02.04 13:20:03.106,0.14843,0.14873,0.02,0.09
2016.02.04 13:20:04.657,0.14841,0.14871,0.02,0.20
2016.02.04 13:20:04.981,0.14835,0.14865,0.23,0.02
2016.02.04 13:20:05.311,0.14836,0.14866,0.02,0.18
2016.02.04 13:20:05.463,0.14841,0.14871,0.02,0.22
2016.02.04 13:20:05.761,0.14839,0.14869,0.02,0.02
2016.02.04 13:20:06.081,0.14834,0.14864,0.02,0.02
2016.02.04 13:20:12.551,0.14837,0.14867,0.02,0.19
2016.02.04 13:20:12.803,0.14839,0.14869,0.02,0.02
2016.02.04 13:20:13.014,0.14834,0.14864,0.02,0.02
2016.02.04 13:20:16.972,0.14837,0.14867,0.02,0.07
2016.02.04 13:20:17.107,0.14834,0.14864,0.10,0.02
2016.02.04 13:20:18.178,0.14833,0.14863,0.02,0.02
2016.02.04 13:20:18.379,0.14831,0.14861,0.02,0.14
2016.02.04 13:20:18.930,0.14834,0.14864,0.02,0.18
2016.02.04 13:20:19.168,0.14833,0.14863,0.04,0.02
2016.02.04 13:20:19.385,0.14834,0.14864,0.02,0.02
2016.02.04 13:20:19.486,0.14836,0.14866,0.02,0.19
2016.02.04 13:20:19.798,0.14834,0.14864,0.02,0.02
2016.02.04 13:20:22.004,0.14833,0.14863,0.02,0.22
2016.02.04 13:20:22.055,0.14833,0.14863,0.02,0.22
2016.02.04 13:20:22.155,0.14833,0.14863,0.02,0.21
2016.02.04 13:20:33.999,0.14829,0.14859,0.02,0.02
2016.02.04 13:20:34.268,0.14828,0.14858,0.02,0.09
2016.02.04 13:20:34.670,0.1483,0.1486,0.02,0.20
2016.02.04 13:20:34.992,0.14827,0.14857,0.02,0.21
2016.02.04 13:20:35.097,0.14826,0.14856,0.02,0.18
2016.02.04 13:20:35.587,0.14828,0.14858,0.02,0.02
2016.02.04 13:20:37.079,0.14827,0.14857,0.02,0.21
2016.02.04 13:20:37.230,0.14831,0.14861,0.02,0.14
2016.02.04 13:20:39.304,0.14829,0.14859,0.02,0.02
2016.02.04 13:20:43.802,0.14828,0.14858,0.02,0.02
2016.02.04 13:20:44.113,0.14827,0.14857,0.02,0.22
2016.02.04 13:20:44.557,0.14826,0.14856,0.02,0.02
2016.02.04 13:20:44.817,0.14831,0.14861,0.02,0.24
2016.02.04 13:20:45.484,0.1483,0.1486,0.02,0.23
2016.02.04 13:20:45.786,0.14832,0.14862,0.02,0.22
2016.02.04 13:20:46.233,0.14831,0.14861,0.02,0.18
2016.02.04 13:20:46.334,0.14833,0.14863,0.02,0.02
2016.02.04 13:20:46.760,0.14835,0.14865,0.02,0.17
2016.02.04 13:20:48.347,0.14836,0.14866,0.02,0.15
2016.02.04 13:20:48.625,0.14839,0.14869,0.02,0.02
2016.02.04 13:20:51.085,0.14839,0.14869,0.02,0.02
2016.02.04 13:20:52.179,0.14841,0.14871,0.02,0.02
2016.02.04 13:20:52.731,0.14842,0.14872,0.02,0.02
2016.02.04 13:20:53.734,0.14845,0.14875,0.02,0.23
2016.02.04 13:20:55.008,0.14843,0.14873,0.02,0.02
2016.02.04 13:20:55.580,0.14844,0.14874,0.02,0.02
2016.02.04 13:20:56.223,0.14847,0.14877,0.02,0.20
2016.02.04 13:20:56.525,0.14841,0.14871,0.02,0.06
2016.02.04 13:20:56.928,0.14843,0.14873,0.02,0.02
2016.02.04 13:20:57.147,0.14844,0.14874,0.02,0.02
2016.02.04 13:20:58.308,0.14843,0.14873,0.02,0.02
2016.02.04 13:20:59.187,0.14844,0.14874,0.02,0.02
2016.02.04 13:20:59.957,0.14845,0.14875,0.02,0.22
2016.02.04 13:21:00.351,0.14843,0.14873,0.02,0.02
2016.02.04 13:21:00.452,0.14845,0.14875,0.02,0.14
2016.02.04 13:21:00.683,0.1485,0.1488,0.02,0.21
2016.02.04 13:21:00.838,0.14848,0.14878,0.02,0.18
2016.02.04 13:21:01.210,0.14847,0.14877,0.02,0.02
2016.02.04 13:21:01.454,0.14845,0.14875,0.02,0.13
2016.02.04 13:21:01.956,0.14847,0.14877,0.02,0.23
2016.02.04 13:21:02.530,0.1485,0.1488,0.02,0.19
2016.02.04 13:21:03.038,0.14849,0.14879,0.02,0.17
2016.02.04 13:21:03.391,0.14847,0.14877,0.02,0.18
2016.02.04 13:21:05.062,0.14845,0.14875,0.02,0.13
2016.02.04 13:21:05.163,0.14846,0.14876,0.02,0.03
2016.02.04 13:21:05.724,0.14846,0.14876,0.02,0.03
2016.02.04 13:21:05.925,0.14847,0.14877,0.02,0.09
2016.02.04 13:21:06.026,0.14849,0.14879,0.02,0.02
2016.02.04 13:21:06.349,0.14847,0.14877,0.02,0.02
2016.02.04 13:21:07.027,0.14847,0.14877,0.02,0.02
2016.02.04 13:21:07.533,0.14844,0.14874,0.02,0.17
2016.02.04 13:21:08.079,0.14846,0.14876,0.02,0.02
2016.02.04 13:21:08.130,0.14848,0.14878,0.02,0.06
2016.02.04 13:21:09.894,0.14847,0.14877,0.02,0.02
2016.02.04 13:21:11.540,0.14848,0.14878,0.02,0.05
2016.02.04 13:21:12.154,0.14849,0.14879,0.02,0.24
2016.02.04 13:21:14.046,0.14848,0.14878,0.02,0.02
2016.02.04 13:21:16.787,0.14849,0.14879,0.02,0.02
2016.02.04 13:21:17.475,0.14848,0.14878,0.02,0.02
2016.02.04 13:21:18.106,0.1485,0.1488,0.02,0.02
2016.02.04 13:21:18.207,0.14848,0.14878,0.02,0.21
2016.02.04 13:21:18.293,0.1485,0.1488,0.02,0.03
2016.02.04 13:21:19.197,0.14849,0.14879,0.02,0.14
2016.02.04 13:21:19.786,0.1485,0.1488,0.02,0.03
2016.02.04 13:21:20.317,0.14848,0.14878,0.02,0.02
2016.02.04 13:21:22.968,0.14848,0.14878,0.08,0.02
2016.02.04 13:21:24.360,0.14842,0.14872,0.02,0.23
2016.02.04 13:21:25.062,0.14844,0.14874,0.02,0.02
2016.02.04 13:21:26.577,0.14845,0.14875,0.02,0.18
2016.02.04 13:21:26.930,0.14839,0.14869,0.02,0.02
2016.02.04 13:21:27.458,0.14838,0.14868,0.02,0.02
2016.02.04 13:21:29.518,0.14836,0.14866,0.02,0.11
2016.02.04 13:21:29.769,0.14838,0.14868,0.02,0.02
2016.02.04 13:21:30.455,0.14835,0.14865,0.02,0.03
2016.02.04 13:21:30.671,0.14838,0.14868,0.02,0.02
2016.02.04 13:21:36.793,0.14841,0.14871,0.02,0.27
2016.02.04 13:21:37.297,0.1484,0.1487,0.02,0.18
2016.02.04 13:21:37.878,0.14837,0.14867,0.02,0.23
2016.02.04 13:21:42.922,0.1484,0.1487,0.02,0.24
2016.02.04 13:21:42.979,0.14838,0.14868,0.02,0.24
2016.02.04 13:21:45.964,0.1484,0.1487,0.02,0.03
2016.02.04 13:21:47.256,0.14839,0.14869,0.07,0.02
2016.02.04 13:21:47.508,0.14844,0.14874,0.02,0.08
2016.02.04 13:21:47.608,0.14845,0.14875,0.02,0.07
2016.02.04 13:21:47.940,0.1484,0.1487,0.02,0.03
2016.02.04 13:21:48.269,0.14843,0.14873,0.02,0.20
2016.02.04 13:21:51.446,0.14842,0.14872,0.02,0.02
2016.02.04 13:21:51.549,0.1484,0.1487,0.02,0.03
2016.02.04 13:21:51.896,0.14835,0.14865,0.04,0.07
2016.02.04 13:21:52.095,0.14838,0.14868,0.02,0.02
2016.02.04 13:21:52.251,0.14835,0.14865,0.06,0.02
2016.02.04 13:21:52.311,0.14837,0.14867,0.02,0.07
2016.02.04 13:21:52.362,0.14835,0.14865,0.02,0.01
2016.02.04 13:21:53.196,0.14835,0.14865,0.02,0.01
2016.02.04 13:21:53.433,0.14833,0.14863,0.24,0.02
2016.02.04 13:21:54.297,0.14834,0.14864,0.02,0.16
2016.02.04 13:21:54.567,0.14837,0.14867,0.02,0.05
2016.02.04 13:21:54.668,0.14835,0.14865,0.02,0.03
2016.02.04 13:21:54.990,0.14833,0.14863,0.02,0.02
2016.02.04 13:21:57.057,0.14836,0.14866,0.02,0.14
2016.02.04 13:21:58.823,0.14834,0.14864,0.02,0.02
2016.02.04 13:22:02.778,0.14836,0.14866,0.02,0.01
2016.02.04 13:22:03.305,0.14836,0.14866,0.02,0.02
2016.02.04 13:22:03.965,0.14835,0.14865,0.02,0.16
2016.02.04 13:22:05.083,0.14837,0.14867,0.02,0.20
2016.02.04 13:22:05.189,0.14835,0.14865,0.02,0.23
2016.02.04 13:22:05.340,0.14837,0.14867,0.02,0.20
2016.02.04 13:22:05.646,0.14838,0.14868,0.02,0.23
2016.02.04 13:22:05.906,0.14837,0.14867,0.02,0.02
2016.02.04 13:22:11.125,0.14837,0.14867,0.02,0.02
2016.02.04 13:22:11.492,0.14836,0.14866,0.02,0.01
2016.02.04 13:22:11.593,0.14836,0.14866,0.02,0.03
2016.02.04 13:22:12.217,0.14835,0.14865,0.02,0.25
2016.02.04 13:22:15.290,0.14834,0.14864,0.02,0.02
2016.02.04 13:22:19.046,0.14834,0.14864,0.02,0.02
2016.02.04 13:22:19.208,0.14827,0.14857,0.06,0.18
2016.02.04 13:22:19.309,0.14828,0.14858,0.02,0.20
2016.02.04 13:22:20.305,0.14827,0.14857,0.02,0.02
2016.02.04 13:22:21.225,0.14828,0.14858,0.02,0.24
2016.02.04 13:22:21.826,0.14828,0.14858,0.02,0.24
2016.02.04 13:22:24.617,0.14827,0.14857,0.02,0.08
2016.02.04 13:22:25.126,0.14828,0.14858,0.02,0.21
2016.02.04 13:22:26.448,0.14829,0.14859,0.02,0.22
2016.02.04 13:22:29.275,0.14827,0.14857,0.02,0.09
2016.02.04 13:22:29.762,0.14829,0.14859,0.02,0.19
2016.02.04 13:22:29.863,0.14832,0.14862,0.02,0.22
2016.02.04 13:22:30.314,0.14831,0.14861,0.04,0.01
2016.02.04 13:22:30.465,0.14829,0.14859,0.02,0.04
2016.02.04 13:22:30.715,0.14831,0.14861,0.02,0.23
2016.02.04 13:22:30.866,0.14834,0.14864,0.02,0.19
2016.02.04 13:22:31.035,0.14836,0.14866,0.02,0.32
2016.02.04 13:22:31.694,0.14833,0.14863,0.02,0.02
2016.02.04 13:22:32.232,0.1483,0.1486,0.02,0.01
2016.02.04 13:22:35.663,0.1483,0.1486,0.02,0.16
2016.02.04 13:22:35.815,0.14827,0.14857,0.02,0.16
2016.02.04 13:22:38.543,0.14827,0.14857,0.02,0.16
2016.02.04 13:22:38.644,0.1483,0.1486,0.02,0.24
2016.02.04 13:22:39.676,0.14826,0.14856,0.21,0.01
2016.02.04 13:22:39.878,0.14825,0.14855,0.02,0.17
2016.02.04 13:22:39.979,0.14826,0.14856,0.22,0.01
2016.02.04 13:22:40.641,0.14827,0.14857,0.02,0.18
2016.02.04 13:22:41.181,0.14827,0.14857,0.02,0.18
2016.02.04 13:22:41.754,0.14828,0.14858,0.02,0.24
2016.02.04 13:22:42.293,0.14827,0.14857,0.02,0.09
2016.02.04 13:22:43.386,0.14827,0.14857,0.02,0.09
2016.02.04 13:22:43.893,0.14828,0.14858,0.02,0.08
2016.02.04 13:22:44.654,0.14829,0.14859,0.02,0.04
2016.02.04 13:22:46.161,0.14829,0.14859,0.02,0.02
2016.02.04 13:22:46.716,0.1483,0.1486,0.02,0.27
2016.02.04 13:22:50.174,0.14829,0.14859,0.02,0.02
2016.02.04 13:22:50.349,0.14827,0.14857,0.02,0.02
2016.02.04 13:22:50.959,0.14828,0.14858,0.02,0.04
2016.02.04 13:22:51.509,0.14828,0.14858,0.02,0.04
2016.02.04 13:22:51.710,0.1483,0.1486,0.02,0.01
2016.02.04 13:22:53.516,0.14829,0.14859,0.02,0.02
2016.02.04 13:22:53.566,0.14826,0.14856,0.22,0.01
2016.02.04 13:22:54.120,0.14827,0.14857,0.02,0.20
2016.02.04 13:22:54.467,0.14828,0.14858,0.06,0.20
2016.02.04 13:22:55.251,0.14829,0.14859,0.02,0.02
2016.02.04 13:22:57.924,0.14831,0.14861,0.02,0.01
2016.02.04 13:22:58.877,0.1483,0.1486,0.02,0.01
2016.02.04 13:23:00.083,0.14831,0.14861,0.02,0.11
2016.02.04 13:23:00.584,0.1483,0.1486,0.02,0.07
2016.02.04 13:23:01.834,0.1483,0.1486,0.02,0.23
2016.02.04 13:23:01.885,0.14828,0.14858,0.19,0.02
2016.02.04 13:23:03.740,0.14828,0.14858,0.02,0.02
2016.02.04 13:23:05.844,0.14829,0.14859,0.10,0.02
2016.02.04 13:23:09.524,0.14826,0.14856,0.23,0.01
2016.02.04 13:23:09.818,0.14828,0.14858,0.02,0.08
2016.02.04 13:23:10.528,0.14827,0.14857,0.02,0.02
2016.02.04 13:23:12.115,0.14827,0.14857,0.02,0.02
2016.02.04 13:23:13.044,0.14826,0.14856,0.02,0.01
2016.02.04 13:23:13.245,0.14826,0.14856,0.02,0.25
2016.02.04 13:23:13.557,0.14826,0.14856,0.02,0.18
2016.02.04 13:23:15.450,0.14825,0.14855,0.02,0.01
2016.02.04 13:23:16.875,0.14827,0.14857,0.02,0.02
2016.02.04 13:23:17.192,0.14827,0.14857,0.04,0.04
2016.02.04 13:23:21.584,0.14828,0.14858,0.04,0.21
2016.02.04 13:23:24.690,0.14827,0.14857,0.04,0.22
2016.02.04 13:23:29.806,0.14829,0.14859,0.02,0.27
2016.02.04 13:23:29.916,0.14828,0.14858,0.02,0.02
2016.02.04 13:23:30.754,0.14828,0.14858,0.13,0.02
2016.02.04 13:23:30.959,0.14828,0.14858,0.02,0.02
2016.02.04 13:23:31.500,0.14828,0.14858,0.02,0.02
2016.02.04 13:23:31.601,0.14828,0.14858,0.04,0.02
2016.02.04 13:23:31.811,0.14831,0.14861,0.19,0.01
2016.02.04 13:23:33.916,0.14831,0.14861,0.02,0.01
2016.02.04 13:23:34.483,0.1483,0.1486,0.02,0.01
2016.02.04 13:23:35.144,0.14831,0.14861,0.02,0.01
2016.02.04 13:23:35.764,0.1483,0.1486,0.02,0.02
2016.02.04 13:23:36.747,0.14826,0.14856,0.24,0.01
2016.02.04 13:23:36.899,0.14825,0.14855,0.02,0.02
2016.02.04 13:23:37.000,0.14823,0.14853,0.04,0.18
2016.02.04 13:23:37.852,0.14825,0.14855,0.02,0.02
2016.02.04 13:23:37.903,0.14825,0.14855,0.02,0.02
2016.02.04 13:23:37.953,0.1483,0.1486,0.02,0.02
2016.02.04 13:23:39.103,0.14828,0.14858,0.02,0.02
2016.02.04 13:23:39.408,0.14828,0.14858,0.02,0.16
2016.02.04 13:23:46.473,0.14828,0.14858,0.02,0.14
2016.02.04 13:23:46.524,0.14826,0.14856,0.02,0.01
2016.02.04 13:23:46.675,0.14829,0.14859,0.02,0.17
2016.02.04 13:23:47.204,0.14828,0.14858,0.02,0.22
2016.02.04 13:23:47.830,0.14827,0.14857,0.02,0.24
2016.02.04 13:23:48.387,0.14828,0.14858,0.02,0.22
2016.02.04 13:23:49.427,0.14828,0.14858,0.02,0.22
2016.02.04 13:23:49.478,0.1483,0.1486,0.02,0.02
2016.02.04 13:23:49.751,0.1483,0.1486,0.02,0.01
2016.02.04 13:23:49.901,0.14832,0.14862,0.02,0.14
2016.02.04 13:23:50.002,0.1483,0.1486,0.02,0.17
2016.02.04 13:23:50.505,0.14836,0.14866,0.02,0.02
2016.02.04 13:23:51.071,0.14841,0.14871,0.02,0.03
2016.02.04 13:23:51.282,0.14841,0.14871,0.02,0.05
2016.02.04 13:23:51.905,0.1484,0.1487,0.02,0.01
2016.02.04 13:23:51.956,0.1484,0.1487,0.02,0.01
2016.02.04 13:23:52.057,0.14842,0.14872,0.02,0.20
2016.02.04 13:23:52.163,0.14844,0.14874,0.02,0.02
2016.02.04 13:23:52.264,0.1484,0.1487,0.18,0.01
2016.02.04 13:23:52.678,0.14838,0.14868,0.04,0.19
2016.02.04 13:23:53.082,0.1484,0.1487,0.02,0.01
2016.02.04 13:23:53.198,0.14844,0.14874,0.02,0.24
2016.02.04 13:23:53.516,0.14845,0.14875,0.02,0.22
2016.02.04 13:23:54.161,0.14844,0.14874,0.02,0.02
2016.02.04 13:23:54.276,0.14844,0.14874,0.02,0.21
2016.02.04 13:23:57.094,0.14846,0.14876,0.02,0.22
2016.02.04 13:23:57.669,0.14845,0.14875,0.02,0.01
2016.02.04 13:23:58.289,0.14847,0.14877,0.02,0.01
2016.02.04 13:23:58.803,0.14843,0.14873,0.02,0.16
2016.02.04 13:23:59.015,0.14841,0.14871,0.02,0.20
2016.02.04 13:23:59.115,0.14838,0.14868,0.02,0.08
2016.02.04 13:24:00.098,0.14837,0.14867,0.02,0.11
2016.02.04 13:24:00.636,0.14836,0.14866,0.02,0.12
2016.02.04 13:24:02.632,0.14837,0.14867,0.02,0.01
2016.02.04 13:24:02.733,0.14837,0.14867,0.02,0.01
2016.02.04 13:24:03.423,0.14837,0.14867,0.02,0.03
2016.02.04 13:24:03.535,0.14834,0.14864,0.02,0.18
2016.02.04 13:24:03.607,0.14836,0.14866,0.02,0.18
2016.02.04 13:24:04.609,0.14835,0.14865,0.02,0.02
2016.02.04 13:24:08.005,0.14836,0.14866,0.02,0.11
2016.02.04 13:24:09.648,0.14835,0.14865,0.02,0.01
2016.02.04 13:24:10.235,0.14835,0.14865,0.02,0.03
2016.02.04 13:24:14.837,0.14837,0.14867,0.02,0.03
2016.02.04 13:24:15.639,0.14835,0.14865,0.02,0.01
2016.02.04 13:24:19.483,0.14837,0.14867,0.02,0.25
2016.02.04 13:24:21.081,0.14835,0.14865,0.02,0.01
2016.02.04 13:24:21.691,0.14837,0.14867,0.02,0.06
2016.02.04 13:24:22.471,0.14835,0.14865,0.02,0.01
2016.02.04 13:24:23.223,0.14832,0.14862,0.05,0.01
2016.02.04 13:24:23.400,0.14833,0.14863,0.02,0.02
2016.02.04 13:24:23.529,0.14835,0.14865,0.02,0.15
2016.02.04 13:24:27.572,0.14834,0.14864,0.02,0.02
2016.02.04 13:24:27.623,0.14832,0.14862,0.14,0.03
2016.02.04 13:24:27.971,0.14832,0.14862,0.02,0.02
2016.02.04 13:24:31.695,0.14835,0.14865,0.02,0.01
2016.02.04 13:24:33.530,0.14837,0.14867,0.02,0.19
2016.02.04 13:24:34.655,0.14836,0.14866,0.02,0.20
2016.02.04 13:24:34.870,0.14836,0.14866,0.22,0.03
2016.02.04 13:24:36.683,0.14835,0.14865,0.02,0.01
2016.02.04 13:24:37.360,0.14836,0.14866,0.02,0.03
2016.02.04 13:24:37.411,0.14836,0.14866,0.02,0.03
2016.02.04 13:24:37.547,0.14835,0.14865,0.02,0.01
2016.02.04 13:24:38.074,0.14836,0.14866,0.04,0.03
2016.02.04 13:24:38.293,0.14838,0.14868,0.02,0.02
2016.02.04 13:24:38.440,0.14835,0.14865,0.04,0.13
2016.02.04 13:24:38.491,0.14833,0.14863,0.02,0.13
2016.02.04 13:24:39.160,0.14832,0.14862,0.02,0.21
2016.02.04 13:24:49.237,0.14834,0.14864,0.02,0.19
2016.02.04 13:24:49.288,0.14834,0.14864,0.02,0.19
2016.02.04 13:24:49.338,0.14836,0.14866,0.02,0.22
2016.02.04 13:24:49.851,0.14837,0.14867,0.02,0.22
2016.02.04 13:24:51.056,0.14838,0.14868,0.02,0.21
2016.02.04 13:24:51.107,0.14841,0.14871,0.02,0.03
2016.02.04 13:24:51.157,0.14841,0.14871,0.02,0.23
2016.02.04 13:24:51.258,0.1484,0.1487,0.04,0.03
2016.02.04 13:24:51.442,0.14841,0.14871,0.02,0.12
2016.02.04 13:24:51.593,0.14841,0.14871,0.02,0.07
2016.02.04 13:24:53.874,0.1484,0.1487,0.02,0.03
2016.02.04 13:24:54.104,0.14841,0.14871,0.02,0.17
2016.02.04 13:24:54.759,0.14842,0.14872,0.02,0.20
2016.02.04 13:24:55.060,0.1484,0.1487,0.02,0.09
2016.02.04 13:24:55.228,0.14841,0.14871,0.02,0.05
2016.02.04 13:24:55.869,0.14841,0.14871,0.02,0.07
2016.02.04 13:24:56.916,0.1484,0.1487,0.02,0.22
2016.02.04 13:25:00.022,0.14839,0.14869,0.02,0.02
2016.02.04 13:25:00.123,0.14834,0.14864,0.02,0.03
2016.02.04 13:25:00.277,0.1483,0.1486,0.02,0.02
2016.02.04 13:25:00.327,0.14822,0.14852,0.02,0.16
2016.02.04 13:25:00.400,0.1482,0.14854,0.02,0.18
2016.02.04 13:25:00.450,0.1482,0.14851,0.06,0.01
2016.02.04 13:25:00.727,0.14821,0.14855,0.14,0.18
2016.02.04 13:25:00.851,0.14823,0.14855,0.02,0.01
2016.02.04 13:25:01.203,0.14823,0.14857,0.20,0.05
2016.02.04 13:25:01.354,0.14822,0.14855,0.16,0.01
2016.02.04 13:25:01.917,0.14822,0.14854,0.24,0.12
2016.02.04 13:25:02.105,0.14825,0.14859,0.02,0.14
2016.02.04 13:25:02.256,0.14824,0.14856,0.17,0.01
2016.02.04 13:25:02.407,0.1482,0.14854,0.02,0.17
2016.02.04 13:25:05.082,0.14821,0.14851,0.02,0.02
2016.02.04 13:25:07.960,0.14821,0.14851,0.02,0.02
2016.02.04 13:25:23.600,0.14821,0.14851,0.02,0.02
2016.02.04 13:25:29.401,0.1482,0.1485,0.23,0.02
2016.02.04 13:25:30.085,0.14821,0.14851,0.02,0.02
2016.02.04 13:25:30.550,0.14823,0.14853,0.02,0.02
2016.02.04 13:25:32.809,0.14825,0.14855,0.02,0.04
2016.02.04 13:25:33.181,0.14823,0.14853,0.02,0.04
2016.02.04 13:25:33.711,0.14823,0.14853,0.02,0.02
2016.02.04 13:25:33.761,0.14825,0.14855,0.02,0.29
2016.02.04 13:25:50.072,0.14827,0.14857,0.02,0.02
2016.02.04 13:25:50.292,0.14834,0.14864,0.02,0.24
2016.02.04 13:25:51.283,0.14834,0.14864,0.02,0.16
2016.02.04 13:25:51.334,0.14838,0.14868,0.02,0.22
2016.02.04 13:25:53.371,0.14835,0.14865,0.02,0.02
2016.02.04 13:25:55.473,0.14835,0.14869,0.08,0.19
2016.02.04 13:25:58.258,0.1484,0.1487,0.01,0.22
2016.02.04 13:25:58.359,0.1484,0.14874,0.20,0.06
2016.02.04 13:25:58.460,0.1484,0.14876,0.18,0.01
2016.02.04 13:25:58.562,0.14838,0.14876,0.02,0.01
2016.02.04 13:25:59.383,0.14838,0.14875,0.02,0.01
2016.02.04 13:26:00.043,0.14837,0.14875,0.04,0.01
2016.02.04 13:26:00.776,0.14839,0.14875,0.09,0.01
2016.02.04 13:26:01.386,0.14844,0.14874,0.02,0.02
2016.02.04 13:26:03.652,0.14843,0.14873,0.02,0.02
2016.02.04 13:26:05.835,0.14844,0.14874,0.23,0.02
2016.02.04 13:26:05.885,0.14846,0.14876,0.02,0.10
2016.02.04 13:26:06.392,0.14849,0.14879,0.02,0.17
2016.02.04 13:26:06.585,0.14847,0.14881,0.20,0.12
2016.02.04 13:26:07.237,0.14849,0.14882,0.02,0.02
2016.02.04 13:26:08.430,0.14848,0.14882,0.02,0.18
2016.02.04 13:26:09.230,0.14847,0.14879,0.18,0.17
2016.02.04 13:26:09.334,0.14845,0.14879,0.20,0.07
2016.02.04 13:26:09.971,0.14846,0.14878,0.08,0.20
2016.02.04 13:26:10.540,0.14846,0.1488,0.05,0.15
2016.02.04 13:26:10.688,0.14848,0.1488,0.20,0.08
2016.02.04 13:26:12.406,0.14847,0.14879,0.18,0.15
2016.02.04 13:26:13.026,0.14846,0.14878,0.05,0.19
2016.02.04 13:26:17.312,0.14844,0.14876,0.09,0.18
2016.02.04 13:26:17.637,0.14832,0.14863,0.02,0.18
2016.02.04 13:26:17.941,0.14829,0.14863,0.19,0.18
2016.02.04 13:26:17.992,0.14832,0.14864,0.06,0.23
2016.02.04 13:26:18.130,0.14827,0.14865,0.17,0.01
2016.02.04 13:26:18.925,0.14827,0.14864,0.02,0.01
2016.02.04 13:26:19.277,0.14828,0.14866,0.15,0.01
2016.02.04 13:26:19.427,0.1483,0.14866,0.23,0.01
2016.02.04 13:26:19.654,0.14834,0.14871,0.17,0.05
2016.02.04 13:26:22.039,0.14836,0.14871,0.20,0.01
2016.02.04 13:26:22.145,0.14835,0.14873,0.24,0.19
2016.02.04 13:26:22.196,0.14837,0.14873,0.20,0.01
2016.02.04 13:26:22.742,0.14837,0.14874,0.20,0.01
2016.02.04 13:26:23.275,0.14837,0.14873,0.20,0.01
2016.02.04 13:26:23.806,0.14833,0.14872,0.20,0.01
2016.02.04 13:26:25.553,0.14833,0.14873,0.19,0.13
2016.02.04 13:26:26.859,0.14833,0.1487,0.19,0.01
2016.02.04 13:26:27.633,0.14833,0.14871,0.14,0.24
2016.02.04 13:26:27.963,0.14835,0.14869,0.20,0.22
2016.02.04 13:26:29.757,0.14836,0.1487,0.23,0.15
2016.02.04 13:26:30.436,0.14836,0.14868,0.16,0.14
2016.02.04 13:26:30.705,0.1484,0.14874,0.16,0.18
2016.02.04 13:26:31.316,0.14839,0.14873,0.25,0.14
2016.02.04 13:26:34.008,0.14841,0.14873,0.16,0.19
2016.02.04 13:26:34.501,0.14837,0.1487,0.02,0.01
2016.02.04 13:26:34.824,0.14838,0.14872,0.20,0.22
2016.02.04 13:26:35.453,0.14837,0.14871,0.19,0.15
2016.02.04 13:26:35.993,0.14838,0.14872,0.20,0.07
2016.02.04 13:26:36.506,0.14839,0.14873,0.20,0.07
2016.02.04 13:26:36.566,0.14835,0.14867,0.17,0.08
2016.02.04 13:26:37.257,0.14836,0.14868,0.14,0.19
2016.02.04 13:26:38.370,0.14837,0.14869,0.18,0.21
2016.02.04 13:26:48.644,0.14834,0.14866,0.02,0.13
2016.02.04 13:26:48.744,0.14835,0.14868,0.08,0.01
2016.02.04 13:26:48.845,0.14836,0.1487,0.08,0.19
2016.02.04 13:26:50.937,0.14837,0.14869,0.19,0.12
2016.02.04 13:26:58.765,0.14836,0.1487,0.06,0.25
2016.02.04 13:26:58.865,0.1484,0.14874,0.02,0.16
2016.02.04 13:26:59.760,0.1484,0.14872,0.19,0.19
2016.02.04 13:26:59.944,0.14836,0.1487,0.02,0.20
2016.02.04 13:27:01.401,0.14836,0.14868,0.24,0.23
2016.02.04 13:27:13.792,0.14833,0.14865,0.19,0.21
2016.02.04 13:27:13.893,0.1483,0.14864,0.06,0.19
2016.02.04 13:27:14.179,0.14835,0.14869,0.02,0.05
2016.02.04 13:27:14.873,0.14836,0.14868,0.02,0.15
2016.02.04 13:27:17.247,0.14834,0.14865,0.02,0.02
2016.02.04 13:27:17.302,0.14831,0.14865,0.23,0.12
2016.02.04 13:27:24.404,0.14832,0.14866,0.16,0.17
2016.02.04 13:27:24.567,0.14832,0.14864,0.20,0.16
2016.02.04 13:27:28.580,0.14832,0.14866,0.23,0.13
2016.02.04 13:27:28.681,0.14837,0.14871,0.02,0.05
2016.02.04 13:27:29.057,0.14836,0.14868,0.19,0.22
2016.02.04 13:27:29.706,0.14838,0.1487,0.15,0.22
2016.02.04 13:27:30.044,0.14841,0.14871,0.02,0.02
2016.02.04 13:27:31.589,0.14839,0.14869,0.23,0.02
2016.02.04 13:27:31.896,0.14842,0.14872,0.02,0.20
2016.02.04 13:27:34.150,0.1484,0.1487,0.02,0.02
2016.02.04 13:27:36.876,0.14841,0.14871,0.02,0.02
2016.02.04 13:27:37.103,0.14839,0.14869,0.02,0.02
2016.02.04 13:27:37.655,0.14839,0.14869,0.02,0.02
2016.02.04 13:27:39.618,0.1484,0.1487,0.02,0.16
2016.02.04 13:27:44.241,0.14839,0.14869,0.06,0.04
2016.02.04 13:27:44.405,0.14844,0.14876,0.02,0.20
2016.02.04 13:27:44.506,0.14844,0.14878,0.18,0.22
2016.02.04 13:27:44.620,0.14844,0.14876,0.25,0.15
2016.02.04 13:27:44.807,0.14844,0.14878,0.13,0.22
2016.02.04 13:27:47.910,0.14842,0.14876,0.16,0.17
2016.02.04 13:27:48.263,0.14841,0.14873,0.18,0.20
2016.02.04 13:27:48.977,0.1484,0.14874,0.19,0.08
2016.02.04 13:27:52.691,0.14839,0.14873,0.09,0.24
2016.02.04 13:27:54.641,0.1484,0.14873,0.02,0.02
2016.02.04 13:28:02.481,0.1484,0.14872,0.22,0.20
2016.02.04 13:28:04.598,0.14839,0.14873,0.20,0.06
2016.02.04 13:28:05.675,0.14839,0.1487,0.20,0.01
2016.02.04 13:28:05.826,0.14837,0.14869,0.22,0.17
2016.02.04 13:28:06.101,0.14835,0.14867,0.17,0.17
2016.02.04 13:28:06.435,0.14835,0.14865,0.02,0.15
2016.02.04 13:28:06.650,0.14831,0.14865,0.16,0.15
2016.02.04 13:28:07.004,0.14831,0.14863,0.16,0.22
2016.02.04 13:28:14.811,0.14832,0.14866,0.25,0.06
2016.02.04 13:28:14.912,0.14836,0.14867,0.02,0.02
2016.02.04 13:28:14.991,0.14834,0.14866,0.20,0.05
2016.02.04 13:28:15.295,0.14832,0.14864,0.19,0.11
2016.02.04 13:28:15.419,0.1483,0.14864,0.22,0.19
2016.02.04 13:28:17.049,0.14833,0.14867,0.19,0.15
2016.02.04 13:28:17.969,0.14831,0.14865,0.18,0.11
2016.02.04 13:28:18.525,0.1483,0.14864,0.22,0.19
2016.02.04 13:28:19.804,0.14832,0.14866,0.22,0.21
2016.02.04 13:28:20.566,0.14833,0.14867,0.20,0.16
2016.02.04 13:28:24.577,0.14834,0.14866,0.02,0.18
2016.02.04 13:28:26.659,0.14832,0.14864,0.16,0.24
2016.02.04 13:28:28.868,0.14831,0.14863,0.18,0.17
2016.02.04 13:28:30.904,0.14833,0.14865,0.18,0.15
2016.02.04 13:28:31.955,0.1483,0.1486,0.20,0.01
2016.02.04 13:28:32.055,0.14833,0.14864,0.08,0.02
2016.02.04 13:28:32.106,0.1483,0.14861,0.02,0.02
2016.02.04 13:28:32.207,0.14831,0.14865,0.21,0.09
2016.02.04 13:28:32.260,0.14833,0.14865,0.02,0.01
2016.02.04 13:28:33.289,0.14832,0.14865,0.07,0.01
2016.02.04 13:28:34.205,0.14832,0.14866,0.07,0.19
2016.02.04 13:28:35.070,0.14832,0.14865,0.07,0.01
2016.02.04 13:28:35.799,0.14835,0.14866,0.11,0.01
2016.02.04 13:28:36.370,0.14836,0.14866,0.23,0.01
2016.02.04 13:28:36.521,0.14833,0.14865,0.21,0.18
2016.02.04 13:28:36.938,0.14834,0.14867,0.23,0.01
2016.02.04 13:28:37.198,0.14836,0.14868,0.04,0.20
2016.02.04 13:28:38.230,0.14837,0.14867,0.06,0.01
2016.02.04 13:28:38.339,0.14837,0.14869,0.06,0.01
2016.02.04 13:28:38.707,0.14836,0.14866,0.20,0.06
2016.02.04 13:28:38.908,0.14831,0.14865,0.20,0.07
2016.02.04 13:28:39.494,0.14832,0.14865,0.20,0.01
2016.02.04 13:28:41.805,0.14832,0.14866,0.20,0.22
2016.02.04 13:28:42.356,0.14832,0.14865,0.02,0.02
2016.02.04 13:28:43.155,0.14833,0.14865,0.21,0.11
2016.02.04 13:28:44.560,0.14832,0.14864,0.19,0.16
2016.02.04 13:28:44.665,0.14833,0.14866,0.07,0.01
2016.02.04 13:28:46.350,0.14834,0.14866,0.19,0.01
2016.02.04 13:28:46.670,0.14836,0.14868,0.18,0.16
2016.02.04 13:28:55.375,0.14835,0.14865,0.15,0.01
2016.02.04 13:28:55.534,0.14834,0.14865,0.02,0.03
2016.02.04 13:28:56.100,0.14833,0.14865,0.15,0.01
2016.02.04 13:28:56.601,0.14834,0.14866,0.07,0.21
2016.02.04 13:28:58.178,0.14834,0.14864,0.25,0.02
2016.02.04 13:28:58.412,0.14839,0.14869,0.02,0.01
2016.02.04 13:28:59.191,0.14839,0.1487,0.02,0.03
2016.02.04 13:28:59.732,0.14839,0.14869,0.02,0.01
2016.02.04 13:29:00.218,0.14837,0.14869,0.13,0.01
2016.02.04 13:29:01.309,0.14837,0.1487,0.13,0.01
2016.02.04 13:29:01.866,0.14837,0.14869,0.13,0.01
2016.02.04 13:29:02.372,0.14837,0.1487,0.13,0.01
2016.02.04 13:29:03.034,0.14837,0.14869,0.13,0.01
2016.02.04 13:29:03.634,0.14837,0.1487,0.13,0.01
2016.02.04 13:29:04.553,0.14836,0.1487,0.18,0.09
2016.02.04 13:29:04.662,0.14838,0.1487,0.19,0.23
2016.02.04 13:29:06.268,0.14836,0.14868,0.20,0.01
2016.02.04 13:29:07.004,0.14835,0.14867,0.22,0.11
2016.02.04 13:29:08.868,0.14835,0.14865,0.02,0.01
2016.02.04 13:29:08.919,0.14833,0.14865,0.08,0.01
2016.02.04 13:29:14.898,0.14832,0.14866,0.22,0.13
2016.02.04 13:29:15.019,0.14835,0.14867,0.12,0.20
2016.02.04 13:29:15.560,0.14834,0.14867,0.15,0.01
2016.02.04 13:29:16.382,0.14834,0.14868,0.15,0.22
2016.02.04 13:29:18.522,0.14834,0.14865,0.12,0.03
2016.02.04 13:29:19.098,0.14833,0.14865,0.08,0.21
2016.02.04 13:29:20.339,0.14834,0.14865,0.10,0.03
2016.02.04 13:29:20.448,0.14835,0.14867,0.07,0.26
2016.02.04 13:29:21.842,0.14835,0.14865,0.08,0.02
2016.02.04 13:29:22.157,0.14834,0.14864,0.22,0.02
2016.02.04 13:29:22.569,0.14834,0.14864,0.02,0.02
2016.02.04 13:29:26.228,0.14834,0.14864,0.02,0.02
2016.02.04 13:29:26.341,0.14838,0.14868,0.02,0.17
2016.02.04 13:29:29.979,0.14836,0.14868,0.06,0.19
2016.02.04 13:29:31.104,0.14834,0.14868,0.23,0.18
2016.02.04 13:29:32.832,0.14835,0.14869,0.02,0.22
2016.02.04 13:29:34.042,0.14834,0.14868,0.20,0.19
2016.02.04 13:29:34.712,0.14835,0.14869,0.06,0.21
2016.02.04 13:29:42.128,0.14837,0.14869,0.02,0.21
2016.02.04 13:29:42.232,0.1484,0.14873,0.02,0.02
2016.02.04 13:29:43.985,0.1484,0.14872,0.21,0.21
2016.02.04 13:29:44.530,0.14839,0.14873,0.21,0.18
2016.02.04 13:29:45.043,0.14838,0.14872,0.19,0.08
2016.02.04 13:29:45.537,0.14837,0.1487,0.04,0.02
2016.02.04 13:29:45.689,0.14834,0.14868,0.13,0.19
2016.02.04 13:29:45.939,0.14837,0.14869,0.17,0.18
2016.02.04 13:29:46.530,0.14839,0.1487,0.16,0.02
2016.02.04 13:29:46.857,0.14842,0.14872,0.16,0.02
2016.02.04 13:29:47.518,0.14842,0.14874,0.16,0.17
2016.02.04 13:29:48.226,0.14841,0.14873,0.22,0.10
2016.02.04 13:29:48.727,0.14841,0.14872,0.22,0.02
2016.02.04 13:29:48.778,0.14839,0.14872,0.17,0.02
2016.02.04 13:29:48.879,0.14838,0.1487,0.05,0.18
2016.02.04 13:29:50.240,0.14837,0.1487,0.19,0.02
2016.02.04 13:29:50.938,0.14837,0.14871,0.19,0.02
2016.02.04 13:29:51.567,0.14836,0.1487,0.04,0.18
2016.02.04 13:29:53.787,0.14836,0.14869,0.04,0.02
2016.02.04 13:29:53.838,0.14831,0.14865,0.21,0.19
2016.02.04 13:29:53.967,0.14832,0.14868,0.19,0.19
2016.02.04 13:29:54.123,0.14836,0.1487,0.08,0.22
2016.02.04 13:29:55.128,0.14826,0.14871,0.02,0.02
2016.02.04 13:29:56.278,0.14825,0.14879,0.20,0.04
2016.02.04 13:29:58.987,0.14823,0.14877,0.04,0.02
2016.02.04 13:29:59.087,0.14824,0.1488,0.18,0.04
2016.02.04 13:29:59.615,0.14823,0.14877,0.08,0.04
2016.02.04 13:30:00.937,0.14823,0.14874,0.07,0.02
2016.02.04 13:30:02.410,0.14824,0.14866,0.01,0.01
2016.02.04 13:30:03.031,0.14827,0.14865,0.02,0.03
2016.02.04 13:30:05.513,0.14827,0.14861,0.02,0.01
2016.02.04 13:30:05.564,0.14821,0.14859,0.02,0.02
2016.02.04 13:30:11.608,0.1482,0.14857,0.03,0.02
2016.02.04 13:30:11.938,0.14819,0.14853,0.04,0.05
2016.02.04 13:30:12.242,0.14822,0.14856,0.02,0.15
2016.02.04 13:30:12.543,0.14824,0.14857,0.18,0.02
2016.02.04 13:30:13.002,0.1482,0.14852,0.07,0.18
2016.02.04 13:30:13.292,0.14824,0.14857,0.17,0.02
2016.02.04 13:30:15.608,0.14823,0.14857,0.19,0.17
2016.02.04 13:30:15.713,0.14821,0.14855,0.15,0.20
2016.02.04 13:30:16.063,0.14823,0.14857,0.23,0.13
2016.02.04 13:30:16.583,0.14824,0.14856,0.07,0.17
2016.02.04 13:30:18.980,0.14824,0.14855,0.07,0.02
2016.02.04 13:30:19.031,0.14821,0.14855,0.17,0.23
2016.02.04 13:30:19.218,0.14823,0.14855,0.07,0.21
2016.02.04 13:30:19.553,0.14825,0.14856,0.02,0.02
2016.02.04 13:30:19.718,0.14824,0.14855,0.13,0.02
2016.02.04 13:30:21.004,0.14824,0.14858,0.13,0.20
2016.02.04 13:30:21.556,0.14825,0.14857,0.05,0.20
2016.02.04 13:30:21.937,0.14823,0.14857,0.19,0.04
2016.02.04 13:30:22.018,0.14825,0.14859,0.16,0.20
2016.02.04 13:30:22.547,0.14827,0.14859,0.16,0.20
2016.02.04 13:30:22.877,0.14824,0.14856,0.02,0.07
2016.02.04 13:30:23.218,0.14828,0.14858,0.02,0.20
2016.02.04 13:30:23.316,0.14829,0.1486,0.03,0.20
2016.02.04 13:30:23.375,0.14834,0.14868,0.02,0.04
2016.02.04 13:30:23.479,0.14834,0.14866,0.20,0.11
2016.02.04 13:30:23.657,0.14831,0.14865,0.19,0.07
2016.02.04 13:30:23.758,0.14828,0.1486,0.04,0.18
2016.02.04 13:30:24.196,0.1483,0.14862,0.21,0.22
2016.02.04 13:30:24.511,0.14832,0.14864,0.13,0.17
2016.02.04 13:30:24.561,0.14832,0.14866,0.05,0.19
2016.02.04 13:30:25.063,0.14833,0.14865,0.18,0.19
2016.02.04 13:30:25.368,0.14831,0.14865,0.19,0.08
2016.02.04 13:30:25.869,0.14833,0.14865,0.16,0.23
2016.02.04 13:30:28.677,0.14833,0.14867,0.10,0.17
2016.02.04 13:30:29.212,0.14831,0.14865,0.21,0.17
2016.02.04 13:30:29.569,0.14833,0.14865,0.18,0.18
2016.02.04 13:30:29.941,0.14834,0.14868,0.02,0.24
2016.02.04 13:30:30.219,0.14835,0.14865,0.02,0.02
2016.02.04 13:30:31.979,0.14838,0.14868,0.02,0.26
2016.02.04 13:30:32.248,0.14843,0.14873,0.02,0.24
2016.02.04 13:30:33.848,0.14842,0.14872,0.02,0.18
2016.02.04 13:30:34.071,0.14842,0.14873,0.01,0.04
2016.02.04 13:30:34.191,0.14845,0.14878,0.08,0.01
2016.02.04 13:30:34.729,0.14844,0.14878,0.16,0.21
2016.02.04 13:30:34.888,0.14845,0.14876,0.17,0.01
2016.02.04 13:30:35.011,0.1484,0.14874,0.13,0.11
2016.02.04 13:30:35.547,0.14839,0.14873,0.21,0.14
2016.02.04 13:30:36.258,0.14839,0.14871,0.14,0.15
2016.02.04 13:30:36.420,0.14834,0.14868,0.23,0.07
2016.02.04 13:30:36.521,0.14837,0.14869,0.19,0.19
2016.02.04 13:30:36.622,0.14837,0.14871,0.21,0.12
2016.02.04 13:30:37.166,0.14838,0.14868,0.02,0.21
2016.02.04 13:30:38.266,0.14838,0.14868,0.02,0.02
2016.02.04 13:30:38.326,0.1484,0.1487,0.02,0.15
2016.02.04 13:30:38.494,0.14842,0.14872,0.02,0.15
2016.02.04 13:30:39.315,0.14839,0.14869,0.02,0.15
2016.02.04 13:30:39.366,0.14841,0.14871,0.02,0.04
2016.02.04 13:30:41.427,0.1484,0.1487,0.23,0.02
2016.02.04 13:30:43.070,0.14841,0.14871,0.02,0.02
2016.02.04 13:30:43.288,0.14836,0.14866,0.02,0.02
2016.02.04 13:30:48.641,0.14838,0.14868,0.09,0.02
2016.02.04 13:30:48.871,0.14839,0.14869,0.02,0.22
2016.02.04 13:30:48.972,0.14838,0.14868,0.02,0.02
2016.02.04 13:30:50.067,0.14843,0.14873,0.02,0.23
2016.02.04 13:30:51.542,0.14846,0.14876,0.02,0.21
2016.02.04 13:30:51.893,0.14848,0.14878,0.02,0.02
2016.02.04 13:30:53.698,0.1485,0.1488,0.02,0.24
2016.02.04 13:30:55.966,0.14846,0.14878,0.16,0.20
2016.02.04 13:30:58.934,0.14843,0.14876,0.22,0.01
2016.02.04 13:30:59.037,0.14841,0.14874,0.02,0.02
2016.02.04 13:30:59.139,0.14839,0.14873,0.23,0.07
2016.02.04 13:30:59.240,0.14841,0.14873,0.14,0.14
2016.02.04 13:30:59.941,0.14842,0.14874,0.12,0.17
2016.02.04 13:31:00.042,0.14844,0.14878,0.21,0.19
2016.02.04 13:31:00.444,0.14843,0.14875,0.22,0.14
2016.02.04 13:31:00.710,0.1484,0.14874,0.27,0.13
2016.02.04 13:31:01.289,0.14841,0.14873,0.10,0.21
2016.02.04 13:31:01.402,0.14846,0.14876,0.23,0.03
2016.02.04 13:31:01.453,0.14846,0.14878,0.23,0.14
2016.02.04 13:31:02.123,0.14847,0.14879,0.15,0.14
2016.02.04 13:31:03.060,0.14849,0.14879,0.02,0.16
2016.02.04 13:31:03.267,0.14848,0.1488,0.08,0.01
2016.02.04 13:31:03.474,0.14845,0.14879,0.02,0.19
2016.02.04 13:31:06.899,0.14849,0.14879,0.02,0.14
2016.02.04 13:31:07.207,0.14854,0.14884,0.02,0.23
2016.02.04 13:31:07.308,0.14842,0.14875,0.04,0.03
2016.02.04 13:31:07.844,0.14843,0.14875,0.22,0.01
2016.02.04 13:31:07.947,0.14842,0.14873,0.02,0.07
2016.02.04 13:31:08.048,0.14843,0.14875,0.19,0.11
2016.02.04 13:31:08.149,0.14849,0.14879,0.02,0.17
2016.02.04 13:31:08.903,0.14846,0.14876,0.02,0.02
2016.02.04 13:31:09.219,0.14844,0.14874,0.02,0.04
2016.02.04 13:31:10.308,0.14844,0.14874,0.02,0.02
2016.02.04 13:31:10.359,0.14846,0.14876,0.02,0.04
2016.02.04 13:31:10.898,0.14846,0.14876,0.02,0.03
2016.02.04 13:31:11.259,0.14845,0.14875,0.02,0.02
2016.02.04 13:31:11.309,0.14846,0.14876,0.02,0.02
2016.02.04 13:31:11.521,0.14841,0.14871,0.27,0.02
2016.02.04 13:31:14.305,0.14843,0.14873,0.02,0.02
2016.02.04 13:31:14.823,0.14848,0.14878,0.02,0.17
2016.02.04 13:31:14.974,0.1485,0.1488,0.02,0.03
2016.02.04 13:31:20.681,0.14851,0.14881,0.02,0.16
2016.02.04 13:31:21.018,0.14853,0.14883,0.02,0.01
2016.02.04 13:31:22.643,0.14852,0.14882,0.12,0.01
2016.02.04 13:31:23.352,0.14853,0.14883,0.02,0.01
2016.02.04 13:31:24.578,0.14852,0.14882,0.04,0.01
2016.02.04 13:31:26.410,0.14854,0.14884,0.02,0.02
2016.02.04 13:31:26.994,0.14856,0.14886,0.02,0.20
2016.02.04 13:31:28.039,0.1485,0.1488,0.19,0.01
2016.02.04 13:31:28.344,0.14852,0.14882,0.25,0.01
2016.02.04 13:31:28.395,0.14852,0.14882,0.25,0.01
2016.02.04 13:31:28.552,0.14854,0.14884,0.08,0.01
2016.02.04 13:31:29.128,0.14853,0.14883,0.22,0.01
2016.02.04 13:31:29.450,0.14855,0.14885,0.02,0.03
2016.02.04 13:31:30.255,0.14855,0.14885,0.02,0.01
2016.02.04 13:31:30.457,0.14856,0.14886,0.06,0.03
2016.02.04 13:31:31.007,0.14855,0.14885,0.02,0.01
2016.02.04 13:31:31.109,0.14855,0.14885,0.06,0.01
2016.02.04 13:31:31.159,0.1486,0.1489,0.02,0.20
2016.02.04 13:31:31.210,0.14858,0.14888,0.24,0.02
2016.02.04 13:31:31.530,0.1486,0.1489,0.02,0.21
2016.02.04 13:31:31.896,0.1486,0.1489,0.02,0.21
2016.02.04 13:31:32.198,0.14857,0.14887,0.02,0.20
2016.02.04 13:31:32.299,0.1486,0.1489,0.02,0.23
2016.02.04 13:31:33.506,0.14861,0.14892,0.02,0.03
2016.02.04 13:31:34.022,0.1486,0.14891,0.02,0.20
2016.02.04 13:31:35.657,0.14861,0.14891,0.02,0.19
2016.02.04 13:31:36.198,0.1486,0.14891,0.02,0.20
2016.02.04 13:31:37.179,0.1486,0.1489,0.06,0.01
2016.02.04 13:31:37.516,0.14862,0.14892,0.02,0.01
2016.02.04 13:31:37.797,0.14864,0.14894,0.02,0.02
2016.02.04 13:31:38.270,0.14863,0.14893,0.02,0.19
2016.02.04 13:31:38.527,0.14865,0.14895,0.02,0.10
2016.02.04 13:31:38.866,0.1487,0.149,0.02,0.13
2016.02.04 13:31:39.403,0.14869,0.14899,0.02,0.08
2016.02.04 13:31:39.679,0.14869,0.14899,0.02,0.08
2016.02.04 13:31:39.881,0.14871,0.14901,0.06,0.01
2016.02.04 13:31:40.032,0.14871,0.14901,0.02,0.01
2016.02.04 13:31:40.586,0.14872,0.14902,0.02,0.01
2016.02.04 13:31:41.105,0.14873,0.14903,0.02,0.02
2016.02.04 13:31:41.879,0.14873,0.14903,0.02,0.02
2016.02.04 13:31:42.143,0.14878,0.14908,0.02,0.02
2016.02.04 13:31:42.193,0.14875,0.14905,0.22,0.01
2016.02.04 13:31:42.344,0.14873,0.14903,0.02,0.17
2016.02.04 13:31:42.469,0.14875,0.14905,0.02,0.19
2016.02.04 13:31:42.570,0.14875,0.14905,0.02,0.19
2016.02.04 13:31:42.671,0.14877,0.14907,0.02,0.02
2016.02.04 13:31:42.816,0.14876,0.14906,0.22,0.01
2016.02.04 13:31:42.866,0.14874,0.14904,0.02,0.17
2016.02.04 13:31:43.249,0.14874,0.14904,0.02,0.17
2016.02.04 13:31:43.420,0.14879,0.14909,0.02,0.02
2016.02.04 13:31:43.470,0.1488,0.1491,0.02,0.23
2016.02.04 13:31:43.992,0.14883,0.14913,0.02,0.02
2016.02.04 13:31:44.043,0.14884,0.14914,0.02,0.02
2016.02.04 13:31:44.253,0.14879,0.14909,0.02,0.20
2016.02.04 13:31:45.142,0.1488,0.1491,0.02,0.16
2016.02.04 13:31:45.532,0.14882,0.14912,0.02,0.01
2016.02.04 13:31:45.896,0.14885,0.14915,0.02,0.21
2016.02.04 13:31:46.111,0.14883,0.14913,0.02,0.02
2016.02.04 13:31:46.302,0.14881,0.14911,0.02,0.01
2016.02.04 13:31:46.453,0.1488,0.1491,0.22,0.01
2016.02.04 13:31:47.559,0.14875,0.14905,0.22,0.01
2016.02.04 13:31:49.209,0.14875,0.14905,0.02,0.01
2016.02.04 13:31:49.260,0.14878,0.14908,0.02,0.09
2016.02.04 13:31:49.361,0.1488,0.1491,0.02,0.01
2016.02.04 13:31:50.823,0.14878,0.1491,0.11,0.23
2016.02.04 13:31:51.030,0.14876,0.14908,0.20,0.04
2016.02.04 13:31:51.441,0.14878,0.14908,0.14,0.02
2016.02.04 13:31:51.933,0.1488,0.1491,0.02,0.02
2016.02.04 13:31:52.134,0.14876,0.1491,0.21,0.18
2016.02.04 13:31:52.235,0.14879,0.1491,0.10,0.06
2016.02.04 13:31:52.335,0.14877,0.1491,0.20,0.02
2016.02.04 13:31:52.560,0.1488,0.1491,0.02,0.02
2016.02.04 13:31:52.920,0.1488,0.1491,0.02,0.02
2016.02.04 13:31:53.071,0.14877,0.14907,0.02,0.02
2016.02.04 13:31:53.137,0.14877,0.14907,0.04,0.02
2016.02.04 13:31:53.188,0.14879,0.14909,0.21,0.02
2016.02.04 13:31:53.578,0.14882,0.14912,0.02,0.06
2016.02.04 13:31:54.134,0.14884,0.14914,0.02,0.02
2016.02.04 13:31:54.724,0.14882,0.14912,0.12,0.02
2016.02.04 13:31:54.923,0.14879,0.14909,0.02,0.02
2016.02.04 13:31:55.917,0.14877,0.14907,0.02,0.02
2016.02.04 13:31:56.249,0.14879,0.14909,0.02,0.02
2016.02.04 13:31:56.586,0.14877,0.14907,0.02,0.02
2016.02.04 13:31:56.807,0.14876,0.14906,0.02,0.15
2016.02.04 13:31:56.922,0.14875,0.14905,0.02,0.03
2016.02.04 13:31:57.694,0.14875,0.14905,0.02,0.01
2016.02.04 13:31:58.684,0.14878,0.14908,0.02,0.02
2016.02.04 13:31:58.785,0.14876,0.14906,0.24,0.01
2016.02.04 13:31:59.010,0.1488,0.1491,0.02,0.03
2016.02.04 13:31:59.116,0.14877,0.14907,0.02,0.02
2016.02.04 13:31:59.233,0.14875,0.14905,0.02,0.07
2016.02.04 13:31:59.555,0.14878,0.14908,0.13,0.02
2016.02.04 13:31:59.792,0.14881,0.14911,0.02,0.03
2016.02.04 13:31:59.996,0.14876,0.14906,0.26,0.01
2016.02.04 13:32:00.097,0.14876,0.14906,0.17,0.01
2016.02.04 13:32:00.198,0.14878,0.14908,0.02,0.02
2016.02.04 13:32:01.078,0.14878,0.14908,0.02,0.05
2016.02.04 13:32:01.129,0.1488,0.1491,0.02,0.05
2016.02.04 13:32:01.179,0.1488,0.1491,0.02,0.05
2016.02.04 13:32:01.391,0.14884,0.14914,0.02,0.09
2016.02.04 13:32:01.945,0.1488,0.1491,0.02,0.16
2016.02.04 13:32:02.096,0.14881,0.14911,0.02,0.03
2016.02.04 13:32:02.610,0.1488,0.1491,0.02,0.01
2016.02.04 13:32:02.746,0.1488,0.1491,0.02,0.03
2016.02.04 13:32:02.805,0.14876,0.14906,0.23,0.01
2016.02.04 13:32:02.956,0.14876,0.14906,0.02,0.02
2016.02.04 13:32:03.186,0.14877,0.14907,0.22,0.01
2016.02.04 13:32:03.407,0.1488,0.1491,0.02,0.02
2016.02.04 13:32:03.923,0.1488,0.1491,0.04,0.02
2016.02.04 13:32:03.974,0.14882,0.14912,0.02,0.22
2016.02.04 13:32:04.137,0.14882,0.14913,0.20,0.01
2016.02.04 13:32:04.411,0.14885,0.14915,0.02,0.24
2016.02.04 13:32:04.616,0.14885,0.14915,0.02,0.22
2016.02.04 13:32:05.157,0.14883,0.14913,0.18,0.02
2016.02.04 13:32:05.354,0.14885,0.14915,0.02,0.01
2016.02.04 13:32:05.826,0.1488,0.1491,0.25,0.01
2016.02.04 13:32:06.027,0.14884,0.14914,0.02,0.18
2016.02.04 13:32:06.128,0.1488,0.1491,0.25,0.01
2016.02.04 13:32:06.671,0.1488,0.1491,0.02,0.01
2016.02.04 13:32:07.256,0.14876,0.14906,0.22,0.01
2016.02.04 13:32:07.457,0.14877,0.14907,0.15,0.03
2016.02.04 13:32:07.776,0.14877,0.14907,0.02,0.01
2016.02.04 13:32:08.048,0.1488,0.1491,0.02,0.26
2016.02.04 13:32:09.329,0.14878,0.14908,0.02,0.02
2016.02.04 13:32:09.639,0.14876,0.14906,0.02,0.20
2016.02.04 13:32:09.840,0.14878,0.14908,0.02,0.05
2016.02.04 13:32:10.374,0.14879,0.14909,0.02,0.22
2016.02.04 13:32:10.898,0.14876,0.14906,0.02,0.01
2016.02.04 13:32:11.287,0.14876,0.14906,0.02,0.01
2016.02.04 13:32:11.776,0.14878,0.14908,0.04,0.02
2016.02.04 13:32:12.536,0.14876,0.14907,0.02,0.02
2016.02.04 13:32:13.145,0.14877,0.14907,0.02,0.02
2016.02.04 13:32:13.675,0.14875,0.14907,0.23,0.04
2016.02.04 13:32:14.495,0.14878,0.14908,0.02,0.21
2016.02.04 13:32:15.059,0.14875,0.14905,0.02,0.01
2016.02.04 13:32:15.461,0.1487,0.149,0.02,0.01
2016.02.04 13:32:15.712,0.1487,0.149,0.02,0.02
2016.02.04 13:32:16.606,0.1487,0.149,0.02,0.02
2016.02.04 13:32:16.716,0.14872,0.14902,0.02,0.03
2016.02.04 13:32:16.917,0.14869,0.14899,0.02,0.02
2016.02.04 13:32:18.137,0.1487,0.149,0.22,0.03
2016.02.04 13:32:18.439,0.14873,0.14903,0.19,0.02
2016.02.04 13:32:18.641,0.14869,0.14899,0.02,0.02
2016.02.04 13:32:20.198,0.14868,0.14898,0.02,0.02
2016.02.04 13:32:20.349,0.14864,0.14894,0.02,0.02
2016.02.04 13:32:22.837,0.14863,0.14893,0.02,0.02
2016.02.04 13:32:23.062,0.14859,0.14889,0.02,0.20
2016.02.04 13:32:23.967,0.14858,0.14888,0.21,0.02
2016.02.04 13:32:24.169,0.14853,0.14885,0.20,0.01
2016.02.04 13:32:24.370,0.14855,0.14886,0.24,0.01
2016.02.04 13:32:24.569,0.14857,0.1489,0.02,0.01
2016.02.04 13:32:25.165,0.14858,0.1489,0.11,0.20
2016.02.04 13:32:25.948,0.1486,0.1489,0.02,0.02
2016.02.04 13:32:26.158,0.14862,0.14895,0.02,0.01
2016.02.04 13:32:26.714,0.14861,0.14895,0.16,0.06
2016.02.04 13:32:26.839,0.14864,0.14895,0.19,0.01
2016.02.04 13:32:26.949,0.14862,0.14895,0.16,0.01
2016.02.04 13:32:27.475,0.14862,0.14896,0.16,0.16
2016.02.04 13:32:27.642,0.14861,0.14891,0.02,0.01
2016.02.04 13:32:27.692,0.14858,0.14891,0.02,0.03
2016.02.04 13:32:28.106,0.14856,0.1489,0.18,0.18
2016.02.04 13:32:30.092,0.14857,0.14889,0.06,0.21
2016.02.04 13:32:30.418,0.14853,0.14887,0.20,0.06
2016.02.04 13:32:30.468,0.14853,0.14885,0.18,0.01
2016.02.04 13:32:31.030,0.14852,0.14884,0.14,0.17
2016.02.04 13:32:31.432,0.14852,0.14886,0.07,0.23
2016.02.04 13:32:31.533,0.1485,0.14886,0.02,0.01
2016.02.04 13:32:32.179,0.14851,0.14886,0.21,0.01
2016.02.04 13:32:32.687,0.14852,0.14884,0.18,0.15
2016.02.04 13:32:33.240,0.14851,0.14885,0.09,0.18
2016.02.04 13:32:35.045,0.14853,0.14885,0.22,0.22
2016.02.04 13:32:35.480,0.14857,0.14889,0.17,0.18
2016.02.04 13:32:36.625,0.14856,0.14888,0.13,0.20
2016.02.04 13:32:36.956,0.14852,0.14883,0.02,0.02
2016.02.04 13:32:37.493,0.14852,0.14884,0.20,0.09
2016.02.04 13:32:38.254,0.14853,0.14885,0.02,0.03
2016.02.04 13:32:38.355,0.14857,0.14891,0.14,0.23
2016.02.04 13:32:38.999,0.14856,0.1489,0.23,0.15
2016.02.04 13:32:39.203,0.14857,0.14891,0.02,0.03
2016.02.04 13:32:39.576,0.14862,0.14895,0.02,0.03
2016.02.04 13:32:40.100,0.14861,0.14895,0.21,0.15
2016.02.04 13:32:40.622,0.14863,0.14895,0.22,0.14
2016.02.04 13:32:40.739,0.14867,0.149,0.13,0.01
2016.02.04 13:32:40.940,0.14863,0.149,0.02,0.01
2016.02.04 13:32:41.048,0.14865,0.149,0.02,0.01
2016.02.04 13:32:41.379,0.14869,0.14903,0.17,0.10
2016.02.04 13:32:41.756,0.14872,0.14904,0.19,0.19
2016.02.04 13:32:42.213,0.14873,0.14906,0.02,0.02
2016.02.04 13:32:42.335,0.14876,0.14908,0.18,0.04
2016.02.04 13:32:43.335,0.14874,0.14908,0.17,0.22
2016.02.04 13:32:43.393,0.14874,0.14908,0.17,0.24
2016.02.04 13:32:43.753,0.14871,0.14906,0.17,0.02
2016.02.04 13:32:44.918,0.1487,0.14902,0.24,0.19
2016.02.04 13:32:45.224,0.14872,0.14903,0.01,0.16
2016.02.04 13:32:45.275,0.14877,0.14909,0.05,0.15
2016.02.04 13:32:45.487,0.14875,0.14909,0.16,0.18
2016.02.04 13:32:47.594,0.14875,0.14907,0.20,0.14
2016.02.04 13:32:49.687,0.14874,0.14905,0.21,0.01
2016.02.04 13:32:49.788,0.14871,0.14903,0.05,0.18
2016.02.04 13:32:50.961,0.1487,0.14904,0.21,0.16
2016.02.04 13:32:51.685,0.14869,0.14899,0.20,0.01
2016.02.04 13:32:51.842,0.14866,0.149,0.22,0.06
2016.02.04 13:32:52.003,0.14866,0.14898,0.19,0.08
2016.02.04 13:32:52.192,0.14867,0.149,0.01,0.21
2016.02.04 13:32:52.295,0.14872,0.14904,0.02,0.16
2016.02.04 13:32:52.576,0.14867,0.14901,0.19,0.20
2016.02.04 13:32:52.687,0.14869,0.14901,0.06,0.17
2016.02.04 13:32:52.957,0.14871,0.14904,0.14,0.01
2016.02.04 13:32:53.563,0.1487,0.149,0.21,0.02
2016.02.04 13:32:53.714,0.14866,0.149,0.16,0.17
2016.02.04 13:32:54.112,0.14869,0.14901,0.10,0.14
2016.02.04 13:32:54.564,0.14867,0.14899,0.13,0.20
2016.02.04 13:32:54.815,0.14865,0.14899,0.02,0.18
2016.02.04 13:32:54.887,0.14864,0.14896,0.18,0.17
2016.02.04 13:32:55.300,0.14862,0.14894,0.05,0.18
2016.02.04 13:32:55.883,0.14874,0.14904,0.05,0.18
2016.02.04 13:32:55.934,0.14871,0.14901,0.02,0.20
2016.02.04 13:32:56.035,0.14876,0.14916,0.14,0.01
2016.02.04 13:32:56.236,0.14879,0.14913,0.09,0.21
2016.02.04 13:32:56.573,0.14874,0.14908,0.23,0.18
2016.02.04 13:32:57.025,0.14872,0.14904,0.15,0.14
2016.02.04 13:32:57.567,0.14871,0.14905,0.18,0.18
2016.02.04 13:32:58.403,0.14873,0.14905,0.23,0.23
2016.02.04 13:32:58.763,0.14877,0.14909,0.18,0.17
2016.02.04 13:32:59.015,0.14882,0.14916,0.04,0.24
2016.02.04 13:32:59.141,0.14885,0.14919,0.10,0.14
2016.02.04 13:32:59.696,0.14886,0.14918,0.21,0.10
2016.02.04 13:32:59.751,0.14886,0.1492,0.20,0.21
2016.02.04 13:33:00.286,0.14887,0.1492,0.16,0.01
2016.02.04 13:33:00.337,0.14889,0.14921,0.02,0.23
2016.02.04 13:33:00.549,0.14879,0.14913,0.19,0.15
2016.02.04 13:33:01.050,0.14883,0.14915,0.16,0.17
2016.02.04 13:33:01.151,0.14881,0.14915,0.02,0.24
2016.02.04 13:33:01.418,0.14883,0.14915,0.21,0.14
2016.02.04 13:33:01.622,0.14881,0.14914,0.02,0.02
2016.02.04 13:33:01.723,0.14884,0.14916,0.22,0.12
2016.02.04 13:33:02.055,0.14877,0.14909,0.11,0.21
2016.02.04 13:33:02.359,0.1488,0.14912,0.20,0.18
2016.02.04 13:33:02.708,0.14882,0.14914,0.17,0.21
2016.02.04 13:33:02.925,0.1488,0.14914,0.21,0.07
2016.02.04 13:33:04.164,0.14882,0.14914,0.23,0.21
2016.02.04 13:33:04.953,0.14881,0.14915,0.05,0.20
2016.02.04 13:33:05.472,0.14882,0.14914,0.19,0.12
2016.02.04 13:33:06.023,0.14881,0.14913,0.16,0.21
2016.02.04 13:33:06.605,0.14881,0.14914,0.02,0.02
2016.02.04 13:33:07.379,0.14882,0.14914,0.18,0.23
2016.02.04 13:33:07.530,0.14883,0.14917,0.05,0.20
2016.02.04 13:33:07.581,0.14885,0.14917,0.02,0.02
2016.02.04 13:33:07.681,0.14882,0.14914,0.24,0.19
2016.02.04 13:33:08.070,0.14882,0.14916,0.08,0.17
2016.02.04 13:33:08.183,0.14887,0.14919,0.20,0.13
2016.02.04 13:33:08.384,0.14883,0.14917,0.21,0.14
2016.02.04 13:33:09.095,0.14885,0.14919,0.02,0.18
2016.02.04 13:33:09.646,0.14886,0.1492,0.22,0.18
2016.02.04 13:33:09.984,0.14886,0.14918,0.21,0.12
2016.02.04 13:33:10.501,0.14888,0.1492,0.16,0.02
2016.02.04 13:33:11.053,0.14887,0.14919,0.16,0.18
2016.02.04 13:33:11.680,0.14886,0.14916,0.16,0.01
2016.02.04 13:33:11.731,0.14884,0.14916,0.17,0.01
2016.02.04 13:33:11.832,0.14881,0.14913,0.14,0.16
2016.02.04 13:33:12.409,0.14881,0.14914,0.02,0.02
2016.02.04 13:33:13.145,0.1488,0.14914,0.22,0.21
2016.02.04 13:33:14.232,0.14881,0.14915,0.11,0.20
2016.02.04 13:33:14.562,0.14887,0.14919,0.21,0.23
2016.02.04 13:33:14.613,0.14885,0.14919,0.22,0.05
2016.02.04 13:33:14.793,0.14887,0.14919,0.22,0.20
2016.02.04 13:33:15.095,0.14887,0.14921,0.17,0.17
2016.02.04 13:33:15.197,0.14887,0.14919,0.17,0.25
2016.02.04 13:33:15.625,0.1489,0.1492,0.24,0.01
2016.02.04 13:33:15.683,0.1489,0.14922,0.24,0.17
2016.02.04 13:33:15.920,0.14891,0.14924,0.02,0.02
2016.02.04 13:33:16.419,0.14891,0.14922,0.02,0.02
2016.02.04 13:33:16.617,0.1489,0.14924,0.21,0.07
2016.02.04 13:33:16.793,0.14897,0.1493,0.04,0.01
2016.02.04 13:33:17.181,0.14896,0.14928,0.17,0.17
2016.02.04 13:33:17.617,0.14895,0.14925,0.10,0.01
2016.02.04 13:33:17.740,0.14891,0.14923,0.19,0.16
2016.02.04 13:33:18.511,0.14892,0.14924,0.14,0.18
2016.02.04 13:33:19.064,0.14891,0.14923,0.20,0.16
2016.02.04 13:33:19.575,0.14892,0.14926,0.19,0.10
2016.02.04 13:33:19.676,0.14896,0.1493,0.16,0.19
2016.02.04 13:33:20.007,0.14891,0.14925,0.08,0.19
2016.02.04 13:33:20.334,0.14897,0.1493,0.12,0.01
2016.02.04 13:33:20.874,0.14898,0.1493,0.21,0.17
2016.02.04 13:33:20.975,0.14895,0.14929,0.19,0.13
2016.02.04 13:33:21.684,0.14893,0.14927,0.08,0.21
2016.02.04 13:33:21.985,0.14895,0.14927,0.17,0.24
2016.02.04 13:33:22.086,0.14896,0.1493,0.21,0.18
2016.02.04 13:33:22.780,0.14895,0.14929,0.23,0.06
2016.02.04 13:33:23.322,0.14896,0.14928,0.19,0.19
2016.02.04 13:33:23.372,0.14894,0.14926,0.07,0.15
2016.02.04 13:33:23.573,0.14895,0.14928,0.21,0.01
2016.02.04 13:33:24.158,0.14895,0.14927,0.22,0.04
2016.02.04 13:33:24.675,0.14895,0.14929,0.11,0.18
2016.02.04 13:33:24.892,0.14895,0.14927,0.16,0.20
2016.02.04 13:33:26.259,0.14899,0.14929,0.06,0.01
2016.02.04 13:33:26.376,0.14907,0.14939,0.19,0.17
2016.02.04 13:33:26.447,0.14905,0.14939,0.17,0.25
2016.02.04 13:33:27.587,0.14902,0.14934,0.19,0.11
2016.02.04 13:33:27.691,0.14899,0.14933,0.10,0.18
2016.02.04 13:33:27.894,0.14901,0.14933,0.02,0.02
2016.02.04 13:33:28.352,0.149,0.14932,0.14,0.19
2016.02.04 13:33:28.467,0.14895,0.14927,0.21,0.08
2016.02.04 13:33:28.980,0.14896,0.14928,0.24,0.23
2016.02.04 13:33:29.785,0.14895,0.14925,0.21,0.01
2016.02.04 13:33:29.886,0.14891,0.14922,0.02,0.02
2016.02.04 13:33:30.057,0.1489,0.14924,0.21,0.17
2016.02.04 13:33:30.559,0.14888,0.14922,0.18,0.22
2016.02.04 13:33:31.060,0.14889,0.14921,0.19,0.22
2016.02.04 13:33:31.362,0.14886,0.1492,0.20,0.15
2016.02.04 13:33:31.462,0.14886,0.14918,0.02,0.14
2016.02.04 13:33:31.561,0.14884,0.14918,0.17,0.12
2016.02.04 13:33:32.070,0.14883,0.14917,0.15,0.16
2016.02.04 13:33:32.171,0.14885,0.14917,0.11,0.18
2016.02.04 13:33:32.777,0.14887,0.14917,0.01,0.18
2016.02.04 13:33:32.878,0.1489,0.14922,0.02,0.23
2016.02.04 13:33:34.168,0.14888,0.14922,0.07,0.21
2016.02.04 13:33:34.328,0.14885,0.14919,0.17,0.14
2016.02.04 13:33:34.924,0.14886,0.14919,0.01,0.14
2016.02.04 13:33:35.134,0.1489,0.14924,0.08,0.17
2016.02.04 13:33:35.676,0.14889,0.14923,0.21,0.17
2016.02.04 13:33:35.726,0.14891,0.14923,0.01,0.17
2016.02.04 13:33:35.776,0.14891,0.14925,0.14,0.15
2016.02.04 13:33:35.877,0.14895,0.14928,0.02,0.02
2016.02.04 13:33:36.435,0.14894,0.14926,0.21,0.20
2016.02.04 13:33:36.838,0.14891,0.14921,0.01,0.02
2016.02.04 13:33:37.426,0.1489,0.14921,0.02,0.02
2016.02.04 13:33:37.695,0.14888,0.1492,0.17,0.05
2016.02.04 13:33:37.746,0.14886,0.14918,0.02,0.18
2016.02.04 13:33:37.947,0.14882,0.14916,0.25,0.12
2016.02.04 13:33:39.574,0.14882,0.14915,0.01,0.21
2016.02.04 13:33:39.674,0.14881,0.14913,0.08,0.18
2016.02.04 13:33:39.775,0.14878,0.14911,0.03,0.02
2016.02.04 13:33:40.313,0.1488,0.14912,0.25,0.09
2016.02.04 13:33:40.710,0.14884,0.14916,0.16,0.18
2016.02.04 13:33:44.015,0.14882,0.14916,0.16,0.20
2016.02.04 13:33:44.348,0.14884,0.14916,0.14,0.21
2016.02.04 13:33:44.449,0.14882,0.14916,0.11,0.15
2016.02.04 13:33:44.552,0.14881,0.14913,0.23,0.05
2016.02.04 13:33:44.622,0.14879,0.14912,0.02,0.17
2016.02.04 13:33:45.363,0.14878,0.14912,0.12,0.17
2016.02.04 13:33:47.456,0.14878,0.14911,0.02,0.02
2016.02.04 13:33:48.265,0.14879,0.14911,0.17,0.17
2016.02.04 13:33:48.986,0.14878,0.14912,0.05,0.22
2016.02.04 13:33:49.086,0.14878,0.1491,0.19,0.18
2016.02.04 13:33:49.247,0.14875,0.14908,0.02,0.02
2016.02.04 13:33:49.297,0.14874,0.14906,0.18,0.18
2016.02.04 13:33:50.665,0.14873,0.14905,0.13,0.19
2016.02.04 13:33:51.173,0.14874,0.14908,0.10,0.16
2016.02.04 13:33:51.398,0.14878,0.14912,0.19,0.13
2016.02.04 13:33:51.759,0.14881,0.14913,0.02,0.22
2016.02.04 13:33:51.909,0.14879,0.14913,0.20,0.18
2016.02.04 13:33:51.960,0.14879,0.1491,0.20,0.01
2016.02.04 13:33:52.010,0.14877,0.1491,0.18,0.01
2016.02.04 13:33:52.111,0.14873,0.14907,0.09,0.18
2016.02.04 13:33:52.636,0.14876,0.14908,0.08,0.23
2016.02.04 13:33:52.987,0.14874,0.14906,0.23,0.16
2016.02.04 13:33:53.488,0.14874,0.14908,0.22,0.15
2016.02.04 13:33:53.817,0.14876,0.14908,0.15,0.21
2016.02.04 13:33:54.154,0.14879,0.14911,0.12,0.20
2016.02.04 13:33:54.521,0.14877,0.14911,0.19,0.22
2016.02.04 13:33:54.677,0.14874,0.14908,0.02,0.21
2016.02.04 13:33:55.025,0.14876,0.1491,0.16,0.16
2016.02.04 13:33:55.355,0.14878,0.1491,0.24,0.17
2016.02.04 13:33:55.682,0.14875,0.14907,0.21,0.08
2016.02.04 13:33:56.578,0.14874,0.14906,0.20,0.16
2016.02.04 13:33:59.686,0.14872,0.14906,0.20,0.11
2016.02.04 13:33:59.852,0.14874,0.14906,0.17,0.20
2016.02.04 13:34:00.054,0.14872,0.14906,0.02,0.19
2016.02.04 13:34:00.155,0.14871,0.14903,0.14,0.19
2016.02.04 13:34:00.255,0.14869,0.14903,0.08,0.15
2016.02.04 13:34:01.859,0.14869,0.14901,0.18,0.19
2016.02.04 13:34:01.959,0.14867,0.14901,0.16,0.21
2016.02.04 13:34:02.562,0.14867,0.14898,0.02,0.02
2016.02.04 13:34:02.663,0.14864,0.14898,0.20,0.20
2016.02.04 13:34:02.964,0.14864,0.14896,0.18,0.12
2016.02.04 13:34:04.614,0.14863,0.14897,0.17,0.19
2016.02.04 13:34:05.271,0.14864,0.14896,0.18,0.06
2016.02.04 13:34:05.817,0.14865,0.14897,0.17,0.16
2016.02.04 13:34:06.164,0.14867,0.14898,0.02,0.02
2016.02.04 13:34:06.218,0.14869,0.14903,0.22,0.19
2016.02.04 13:34:06.519,0.14868,0.14899,0.02,0.02
2016.02.04 13:34:07.222,0.14867,0.14901,0.02,0.19
2016.02.04 13:34:08.744,0.1487,0.14902,0.12,0.20
2016.02.04 13:34:08.829,0.1487,0.14904,0.08,0.16
2016.02.04 13:34:09.231,0.14872,0.14906,0.11,0.19
2016.02.04 13:34:09.574,0.14872,0.14904,0.19,0.19
2016.02.04 13:34:09.624,0.1487,0.14904,0.18,0.22
2016.02.04 13:34:09.725,0.14866,0.149,0.24,0.05
2016.02.04 13:34:13.140,0.14867,0.149,0.02,0.02
2016.02.04 13:34:13.641,0.14867,0.14901,0.22,0.12
2016.02.04 13:34:15.446,0.14866,0.149,0.16,0.23
2016.02.04 13:34:15.748,0.14864,0.14896,0.11,0.21
2016.02.04 13:34:17.603,0.14862,0.14896,0.22,0.22
2016.02.04 13:34:17.716,0.14861,0.14893,0.20,0.19
2016.02.04 13:34:18.273,0.14862,0.14894,0.16,0.19
2016.02.04 13:34:19.244,0.14863,0.14894,0.02,0.02
2016.02.04 13:34:20.067,0.14862,0.14895,0.04,0.15
2016.02.04 13:34:20.645,0.14861,0.14895,0.25,0.11
2016.02.04 13:34:22.994,0.14862,0.14894,0.09,0.22
2016.02.04 13:34:23.094,0.14859,0.14893,0.15,0.17
2016.02.04 13:34:23.248,0.14861,0.14893,0.05,0.17
2016.02.04 13:34:23.891,0.14862,0.14894,0.18,0.16
2016.02.04 13:34:24.364,0.1486,0.14894,0.21,0.07
2016.02.04 13:34:24.415,0.1486,0.14891,0.02,0.02
2016.02.04 13:34:24.515,0.14857,0.14891,0.28,0.19
2016.02.04 13:34:24.734,0.14861,0.14891,0.02,0.21
2016.02.04 13:34:24.784,0.14861,0.14893,0.02,0.17
2016.02.04 13:34:24.905,0.14862,0.14895,0.02,0.02
2016.02.04 13:34:25.576,0.14861,0.14895,0.25,0.24
2016.02.04 13:34:25.677,0.14859,0.14891,0.02,0.16
2016.02.04 13:34:25.728,0.14857,0.14891,0.13,0.16
2016.02.04 13:34:28.366,0.14857,0.14889,0.24,0.22
2016.02.04 13:34:30.652,0.14856,0.14889,0.04,0.16
2016.02.04 13:34:30.803,0.14853,0.14887,0.17,0.21
2016.02.04 13:34:30.854,0.14851,0.14885,0.19,0.13
2016.02.04 13:34:31.680,0.1485,0.14884,0.15,0.21
2016.02.04 13:34:32.006,0.1485,0.14882,0.19,0.24
2016.02.04 13:34:32.056,0.14848,0.14882,0.19,0.19
2016.02.04 13:34:32.283,0.14854,0.14884,0.01,0.19
2016.02.04 13:34:32.459,0.14856,0.14888,0.21,0.17
2016.02.04 13:34:32.581,0.14854,0.14888,0.20,0.13
2016.02.04 13:34:34.220,0.14856,0.14888,0.21,0.16
2016.02.04 13:34:34.877,0.14855,0.14887,0.19,0.09
2016.02.04 13:34:35.181,0.14855,0.14889,0.14,0.18
2016.02.04 13:34:35.293,0.14855,0.14887,0.13,0.16
2016.02.04 13:34:37.014,0.14853,0.14887,0.21,0.20
2016.02.04 13:34:37.159,0.14852,0.14884,0.02,0.15
2016.02.04 13:34:37.211,0.1485,0.14884,0.09,0.15
2016.02.04 13:34:37.840,0.14849,0.14883,0.11,0.23
2016.02.04 13:34:39.007,0.1485,0.14882,0.05,0.23
2016.02.04 13:34:39.429,0.14847,0.14881,0.21,0.18
2016.02.04 13:34:39.545,0.14849,0.14881,0.06,0.21
2016.02.04 13:34:40.704,0.14848,0.1488,0.17,0.18
2016.02.04 13:34:43.226,0.14844,0.14876,0.02,0.11
2016.02.04 13:34:43.726,0.14846,0.14876,0.02,0.02
2016.02.04 13:34:43.891,0.14846,0.1488,0.29,0.20
2016.02.04 13:34:44.423,0.14847,0.14881,0.23,0.07
2016.02.04 13:34:45.844,0.14848,0.1488,0.02,0.02
2016.02.04 13:34:45.956,0.1485,0.14882,0.02,0.21
2016.02.04 13:34:46.081,0.1485,0.14884,0.19,0.13
2016.02.04 13:34:46.182,0.14855,0.14889,0.06,0.19
2016.02.04 13:34:46.686,0.14859,0.14891,0.08,0.21
2016.02.04 13:34:46.988,0.14855,0.14887,0.02,0.15
2016.02.04 13:34:47.459,0.14857,0.14889,0.02,0.08
2016.02.04 13:34:48.080,0.14857,0.14891,0.17,0.20
2016.02.04 13:34:48.864,0.14855,0.14889,0.22,0.10
2016.02.04 13:34:49.426,0.14856,0.1489,0.18,0.14
2016.02.04 13:34:50.435,0.14857,0.14889,0.08,0.22
2016.02.04 13:34:50.704,0.14855,0.14889,0.15,0.21
2016.02.04 13:34:50.805,0.14857,0.14889,0.19,0.16
2016.02.04 13:34:50.859,0.14857,0.14891,0.02,0.20
2016.02.04 13:34:52.312,0.14859,0.14891,0.20,0.14
2016.02.04 13:34:52.714,0.14859,0.14893,0.20,0.19
2016.02.04 13:34:53.313,0.1486,0.14894,0.02,0.24
2016.02.04 13:34:55.003,0.14862,0.14894,0.01,0.24
2016.02.04 13:34:55.388,0.14864,0.14896,0.19,0.22
2016.02.04 13:34:55.827,0.14864,0.14898,0.07,0.21
2016.02.04 13:34:56.664,0.14866,0.14898,0.04,0.17
2016.02.04 13:34:58.743,0.14867,0.14899,0.23,0.19
2016.02.04 13:34:59.044,0.14877,0.14911,0.07,0.24
2016.02.04 13:34:59.145,0.14879,0.14911,0.20,0.06
2016.02.04 13:34:59.646,0.14878,0.14912,0.16,0.07
2016.02.04 13:35:00.279,0.1488,0.14914,0.20,0.21
2016.02.04 13:35:00.380,0.14879,0.14917,0.01,0.10
2016.02.04 13:35:00.481,0.14879,0.14915,0.03,0.14
2016.02.04 13:35:00.838,0.14879,0.14913,0.01,0.22
2016.02.04 13:35:01.367,0.14878,0.14913,0.01,0.22
2016.02.04 13:35:03.831,0.14878,0.14915,0.01,0.15
2016.02.04 13:35:04.685,0.14878,0.14912,0.01,0.05
2016.02.04 13:35:04.736,0.14874,0.14911,0.19,0.01
2016.02.04 13:35:04.786,0.14871,0.14908,0.04,0.18
2016.02.04 13:35:06.613,0.14872,0.14908,0.04,0.14
2016.02.04 13:35:07.518,0.14871,0.14908,0.04,0.14
2016.02.04 13:35:08.522,0.14872,0.14908,0.04,0.14
2016.02.04 13:35:09.325,0.14871,0.14908,0.04,0.14
2016.02.04 13:35:09.628,0.14876,0.14911,0.05,0.13
2016.02.04 13:35:09.678,0.14876,0.14913,0.05,0.11
2016.02.04 13:35:12.472,0.14875,0.14913,0.04,0.11
2016.02.04 13:35:13.081,0.14876,0.14913,0.04,0.11
2016.02.04 13:35:13.193,0.14874,0.14912,0.01,0.09
2016.02.04 13:35:13.741,0.14875,0.14912,0.04,0.09
2016.02.04 13:35:14.249,0.14876,0.14912,0.05,0.09
2016.02.04 13:35:15.353,0.14879,0.14914,0.01,0.19
2016.02.04 13:35:15.669,0.14881,0.14915,0.21,0.19
2016.02.04 13:35:16.056,0.14879,0.14911,0.23,0.22
2016.02.04 13:35:17.500,0.14879,0.14913,0.11,0.18
2016.02.04 13:35:17.591,0.14882,0.14914,0.19,0.15
2016.02.04 13:35:18.093,0.14881,0.14915,0.27,0.16
2016.02.04 13:35:18.593,0.14881,0.14913,0.07,0.09
2016.02.04 13:35:18.769,0.14876,0.1491,0.23,0.20
2016.02.04 13:35:18.819,0.14878,0.1491,0.20,0.21
2016.02.04 13:35:19.388,0.14877,0.14909,0.23,0.05
2016.02.04 13:35:19.889,0.14878,0.1491,0.02,0.07
2016.02.04 13:35:19.940,0.14878,0.14912,0.23,0.22
2016.02.04 13:35:20.481,0.14877,0.14911,0.16,0.13
2016.02.04 13:35:23.003,0.14877,0.14909,0.20,0.22
2016.02.04 13:35:23.591,0.14876,0.14909,0.01,0.21
2016.02.04 13:35:23.803,0.14872,0.14906,0.22,0.15
2016.02.04 13:35:23.876,0.14874,0.14906,0.19,0.17
2016.02.04 13:35:24.176,0.14872,0.14906,0.19,0.12
2016.02.04 13:35:25.600,0.14871,0.14905,0.17,0.05
2016.02.04 13:35:26.149,0.1487,0.14904,0.19,0.15
2016.02.04 13:35:26.246,0.14869,0.14901,0.16,0.08
2016.02.04 13:35:28.859,0.14871,0.14903,0.01,0.02
2016.02.04 13:35:28.914,0.14872,0.14906,0.22,0.17
2016.02.04 13:35:29.265,0.14871,0.14903,0.18,0.07
2016.02.04 13:35:30.084,0.1487,0.14902,0.10,0.15
2016.02.04 13:35:31.228,0.14869,0.14901,0.20,0.19
2016.02.04 13:35:32.835,0.14867,0.14901,0.23,0.08
2016.02.04 13:35:33.131,0.14865,0.14897,0.17,0.14
2016.02.04 13:35:33.778,0.14865,0.14898,0.01,0.16
2016.02.04 13:35:34.488,0.14866,0.14898,0.07,0.19
2016.02.04 13:35:35.593,0.14865,0.14897,0.03,0.14
2016.02.04 13:35:35.703,0.14866,0.149,0.09,0.21
2016.02.04 13:35:36.359,0.14867,0.14901,0.23,0.16
2016.02.04 13:35:37.980,0.14868,0.149,0.05,0.23
2016.02.04 13:35:38.117,0.14866,0.149,0.22,0.25
2016.02.04 13:35:38.809,0.14867,0.14901,0.12,0.21
2016.02.04 13:35:42.523,0.14868,0.14902,0.21,0.16
2016.02.04 13:35:42.587,0.1487,0.14902,0.01,0.16
2016.02.04 13:35:42.638,0.1487,0.14904,0.13,0.16
2016.02.04 13:35:42.785,0.14872,0.14906,0.02,0.15
2016.02.04 13:35:43.445,0.14872,0.14905,0.02,0.02
2016.02.04 13:35:44.556,0.14873,0.14905,0.10,0.21
2016.02.04 13:35:44.883,0.14871,0.14905,0.23,0.22
2016.02.04 13:35:44.984,0.14868,0.14902,0.19,0.19
2016.02.04 13:35:45.360,0.1487,0.14901,0.02,0.02
2016.02.04 13:35:47.164,0.1487,0.14902,0.19,0.08
2016.02.04 13:35:47.572,0.14873,0.14905,0.18,0.14
2016.02.04 13:35:49.816,0.14872,0.14905,0.02,0.02
2016.02.04 13:35:50.460,0.14872,0.14906,0.02,0.14
2016.02.04 13:35:51.288,0.14873,0.14904,0.02,0.02
2016.02.04 13:35:51.794,0.14871,0.14905,0.20,0.08
2016.02.04 13:35:55.243,0.14873,0.14905,0.17,0.09
2016.02.04 13:35:55.753,0.14874,0.14906,0.18,0.15
2016.02.04 13:35:56.359,0.14873,0.14905,0.19,0.10
2016.02.04 13:35:58.164,0.14874,0.14906,0.02,0.16
2016.02.04 13:36:04.822,0.14873,0.14907,0.04,0.24
2016.02.04 13:36:05.861,0.14872,0.14906,0.16,0.19
2016.02.04 13:36:07.407,0.14872,0.14904,0.24,0.19
2016.02.04 13:36:08.208,0.14872,0.14906,0.18,0.20
2016.02.04 13:36:08.810,0.14871,0.14905,0.18,0.22
2016.02.04 13:36:08.952,0.14872,0.14903,0.02,0.02
2016.02.04 13:36:09.242,0.14869,0.14903,0.13,0.16
2016.02.04 13:36:10.921,0.14868,0.14902,0.02,0.14
2016.02.04 13:36:12.826,0.14868,0.14899,0.02,0.02
2016.02.04 13:36:12.927,0.14863,0.14897,0.16,0.04
2016.02.04 13:36:13.504,0.14864,0.14898,0.23,0.24
2016.02.04 13:36:16.220,0.14865,0.14896,0.02,0.02
2016.02.04 13:36:18.056,0.14864,0.14896,0.22,0.18
2016.02.04 13:36:20.174,0.14863,0.14895,0.17,0.16
2016.02.04 13:36:20.476,0.14858,0.14892,0.19,0.07
2016.02.04 13:36:20.990,0.14859,0.14893,0.21,0.15
2016.02.04 13:36:21.040,0.14859,0.14891,0.02,0.18
2016.02.04 13:36:21.651,0.14858,0.1489,0.19,0.05
2016.02.04 13:36:22.178,0.14859,0.14891,0.16,0.09
2016.02.04 13:36:24.167,0.1486,0.14892,0.12,0.20
2016.02.04 13:36:26.450,0.14861,0.14895,0.08,0.27
2016.02.04 13:36:26.531,0.14863,0.14895,0.21,0.12
2016.02.04 13:36:26.833,0.1486,0.14894,0.09,0.20
2016.02.04 13:36:27.935,0.1486,0.14892,0.07,0.17
2016.02.04 13:36:28.035,0.14857,0.14891,0.20,0.16
2016.02.04 13:36:30.450,0.14857,0.14889,0.21,0.07
2016.02.04 13:36:31.177,0.14855,0.14887,0.16,0.19
2016.02.04 13:36:31.268,0.14853,0.14887,0.21,0.24
2016.02.04 13:36:32.080,0.14856,0.14888,0.19,0.16
2016.02.04 13:36:32.202,0.14857,0.14891,0.16,0.21
2016.02.04 13:36:32.415,0.1486,0.14892,0.20,0.02
2016.02.04 13:36:33.283,0.14861,0.14892,0.09,0.02
2016.02.04 13:36:33.902,0.14861,0.14895,0.09,0.26
2016.02.04 13:36:37.546,0.14862,0.14894,0.18,0.08
2016.02.04 13:36:38.352,0.14863,0.14897,0.17,0.16
2016.02.04 13:36:38.425,0.14866,0.14898,0.02,0.02
2016.02.04 13:36:38.526,0.14866,0.149,0.02,0.22
2016.02.04 13:36:39.353,0.14869,0.14901,0.19,0.19
2016.02.04 13:36:39.714,0.14871,0.14902,0.17,0.02
2016.02.04 13:36:40.307,0.14871,0.14904,0.17,0.04
2016.02.04 13:36:40.927,0.14871,0.14905,0.17,0.16
2016.02.04 13:36:41.195,0.14871,0.14903,0.02,0.06
2016.02.04 13:36:42.677,0.1487,0.14904,0.12,0.24
2016.02.04 13:36:43.188,0.14867,0.14901,0.20,0.22
2016.02.04 13:36:43.848,0.14867,0.149,0.02,0.02
2016.02.04 13:36:44.558,0.14867,0.14901,0.18,0.22
2016.02.04 13:36:48.189,0.14869,0.149,0.02,0.02
2016.02.04 13:36:49.191,0.14867,0.14901,0.15,0.18
2016.02.04 13:36:50.171,0.14867,0.149,0.15,0.02
2016.02.04 13:36:50.781,0.14867,0.14901,0.15,0.20
2016.02.04 13:36:51.425,0.14867,0.149,0.15,0.02
2016.02.04 13:36:52.069,0.14867,0.14901,0.15,0.20
2016.02.04 13:36:55.402,0.14868,0.14902,0.20,0.23
2016.02.04 13:36:55.560,0.14871,0.14904,0.23,0.02
2016.02.04 13:36:59.421,0.14871,0.14905,0.23,0.13
2016.02.04 13:37:00.312,0.14871,0.14904,0.23,0.04
2016.02.04 13:37:03.027,0.14871,0.14905,0.23,0.13
2016.02.04 13:37:04.187,0.14875,0.14906,0.18,0.04
2016.02.04 13:37:04.442,0.14873,0.14905,0.18,0.19
2016.02.04 13:37:05.119,0.14872,0.14904,0.19,0.19
2016.02.04 13:37:10.459,0.14871,0.14903,0.16,0.21
2016.02.04 13:37:10.829,0.14869,0.149,0.02,0.02
2016.02.04 13:37:11.500,0.14869,0.14901,0.02,0.15
2016.02.04 13:37:13.400,0.14867,0.14901,0.20,0.06
2016.02.04 13:37:13.580,0.14864,0.14898,0.14,0.20
2016.02.04 13:37:13.894,0.14864,0.14896,0.21,0.23
2016.02.04 13:37:14.472,0.14865,0.14897,0.02,0.22
2016.02.04 13:37:15.199,0.14866,0.149,0.04,0.23
2016.02.04 13:37:15.793,0.14867,0.14899,0.18,0.11
2016.02.04 13:37:16.577,0.14868,0.149,0.23,0.05
2016.02.04 13:37:17.619,0.14865,0.14897,0.02,0.19
2016.02.04 13:37:18.212,0.14864,0.14896,0.25,0.17
2016.02.04 13:37:18.297,0.14864,0.14898,0.24,0.16
2016.02.04 13:37:19.094,0.14863,0.14897,0.02,0.21
2016.02.04 13:37:21.678,0.14862,0.14896,0.22,0.05
2016.02.04 13:37:23.339,0.14862,0.14894,0.08,0.23
2016.02.04 13:37:23.445,0.14857,0.14891,0.05,0.18
2016.02.04 13:37:23.971,0.14856,0.14887,0.02,0.19
2016.02.04 13:37:24.441,0.14853,0.14887,0.06,0.22
2016.02.04 13:37:24.642,0.14852,0.14884,0.21,0.06
2016.02.04 13:37:24.966,0.14849,0.14881,0.19,0.18
2016.02.04 13:37:26.402,0.14849,0.14883,0.21,0.10
2016.02.04 13:37:26.516,0.14853,0.14885,0.19,0.17
2016.02.04 13:37:26.617,0.14853,0.14887,0.23,0.14
2016.02.04 13:37:28.034,0.14853,0.14885,0.23,0.05
2016.02.04 13:37:28.641,0.14849,0.14883,0.21,0.19
2016.02.04 13:37:29.399,0.14848,0.14882,0.19,0.16
2016.02.04 13:37:29.518,0.1485,0.14882,0.19,0.19
2016.02.04 13:37:29.842,0.14853,0.14887,0.19,0.18
2016.02.04 13:37:31.928,0.14855,0.14887,0.22,0.18
2016.02.04 13:37:32.242,0.14858,0.14892,0.08,0.23
2016.02.04 13:37:32.443,0.14858,0.1489,0.15,0.19
2016.02.04 13:37:32.813,0.14856,0.14888,0.15,0.24
2016.02.04 13:37:33.649,0.14854,0.14888,0.11,0.19
2016.02.04 13:37:33.749,0.14852,0.14886,0.19,0.14
2016.02.04 13:37:34.288,0.14853,0.14887,0.24,0.19
2016.02.04 13:37:34.815,0.14854,0.14888,0.06,0.20
2016.02.04 13:37:35.631,0.14853,0.14887,0.19,0.17
2016.02.04 13:37:38.257,0.14853,0.14885,0.21,0.08
2016.02.04 13:37:38.772,0.14853,0.14884,0.02,0.02
2016.02.04 13:37:39.310,0.14853,0.14885,0.15,0.07
2016.02.04 13:37:41.169,0.14854,0.14886,0.18,0.18
2016.02.04 13:37:42.077,0.14855,0.14887,0.18,0.24
2016.02.04 13:37:50.408,0.14855,0.14888,0.02,0.02
2016.02.04 13:37:50.919,0.14856,0.14888,0.02,0.13
2016.02.04 13:37:51.155,0.14854,0.14888,0.02,0.17
2016.02.04 13:37:51.255,0.14854,0.14886,0.24,0.07
2016.02.04 13:37:51.571,0.14855,0.14888,0.05,0.21
2016.02.04 13:37:51.738,0.14858,0.14892,0.17,0.18
2016.02.04 13:37:53.130,0.14858,0.1489,0.19,0.23
2016.02.04 13:37:53.331,0.14855,0.14889,0.04,0.20
2016.02.04 13:37:53.705,0.14854,0.14886,0.17,0.04
2016.02.04 13:37:53.863,0.14858,0.14892,0.02,0.20
2016.02.04 13:37:57.239,0.14857,0.14891,0.18,0.25
2016.02.04 13:37:57.339,0.14855,0.14888,0.05,0.14
2016.02.04 13:37:57.843,0.14854,0.14886,0.18,0.08
2016.02.04 13:38:01.376,0.14855,0.14887,0.20,0.14
2016.02.04 13:38:01.581,0.14858,0.14892,0.19,0.19
2016.02.04 13:38:01.682,0.1486,0.14892,0.02,0.19
2016.02.04 13:38:02.283,0.1486,0.14893,0.02,0.02
2016.02.04 13:38:05.490,0.14859,0.14893,0.21,0.21
2016.02.04 13:38:05.899,0.14861,0.14893,0.11,0.21
2016.02.04 13:38:06.693,0.14859,0.14893,0.18,0.19
2016.02.04 13:38:06.888,0.14859,0.14891,0.23,0.18
2016.02.04 13:38:07.219,0.14855,0.14887,0.21,0.08
2016.02.04 13:38:07.775,0.14857,0.14889,0.18,0.12
2016.02.04 13:38:07.885,0.14855,0.14889,0.17,0.21
2016.02.04 13:38:10.971,0.14855,0.14887,0.23,0.12
2016.02.04 13:38:12.050,0.14853,0.14887,0.19,0.12
2016.02.04 13:38:12.842,0.14852,0.14886,0.21,0.13
2016.02.04 13:38:13.154,0.14854,0.14886,0.02,0.16
2016.02.04 13:38:13.903,0.14854,0.14887,0.02,0.02
2016.02.04 13:38:14.468,0.14854,0.14888,0.22,0.16
2016.02.04 13:38:15.978,0.14855,0.14887,0.06,0.18
2016.02.04 13:38:17.699,0.14857,0.14889,0.11,0.19
2016.02.04 13:38:17.768,0.14858,0.14892,0.02,0.02
2016.02.04 13:38:17.969,0.14857,0.14891,0.24,0.18
2016.02.04 13:38:18.070,0.14854,0.14888,0.20,0.17
2016.02.04 13:38:18.971,0.14854,0.14886,0.02,0.15
2016.02.04 13:38:19.072,0.14852,0.14886,0.19,0.12
2016.02.04 13:38:22.852,0.14852,0.14884,0.17,0.19
2016.02.04 13:38:23.054,0.14849,0.14882,0.02,0.24
2016.02.04 13:38:23.600,0.14848,0.14882,0.02,0.24
2016.02.04 13:38:24.282,0.14847,0.14881,0.14,0.24
2016.02.04 13:38:24.811,0.14848,0.1488,0.23,0.21
2016.02.04 13:38:26.102,0.14846,0.1488,0.16,0.21
2016.02.04 13:38:26.203,0.14845,0.14876,0.02,0.20
2016.02.04 13:38:26.253,0.14842,0.14876,0.02,0.20
2016.02.04 13:38:28.700,0.14841,0.14873,0.16,0.16
2016.02.04 13:38:29.044,0.14839,0.14871,0.23,0.14
2016.02.04 13:38:29.581,0.1484,0.14872,0.15,0.20
2016.02.04 13:38:30.132,0.14838,0.14872,0.20,0.14
2016.02.04 13:38:30.362,0.14841,0.14872,0.01,0.17
2016.02.04 13:38:30.463,0.14842,0.14876,0.19,0.18
2016.02.04 13:38:30.581,0.14844,0.14875,0.02,0.02
2016.02.04 13:38:30.634,0.14842,0.14876,0.13,0.18
2016.02.04 13:38:31.201,0.14843,0.14877,0.04,0.21
2016.02.04 13:38:36.071,0.14843,0.14876,0.02,0.02
2016.02.04 13:38:41.941,0.14843,0.14877,0.23,0.22
2016.02.04 13:38:43.553,0.14844,0.14878,0.16,0.15
2016.02.04 13:38:44.648,0.14845,0.14876,0.02,0.02
2016.02.04 13:38:44.848,0.14844,0.14878,0.21,0.20
2016.02.04 13:38:44.960,0.14851,0.14882,0.02,0.02
2016.02.04 13:38:47.170,0.14851,0.14884,0.01,0.14
2016.02.04 13:38:47.280,0.14853,0.14887,0.02,0.15
2016.02.04 13:38:47.336,0.14854,0.14886,0.02,0.02
2016.02.04 13:38:48.195,0.14853,0.14887,0.18,0.17
2016.02.04 13:38:48.346,0.14852,0.14885,0.16,0.01
2016.02.04 13:38:48.708,0.1485,0.14881,0.02,0.02
2016.02.04 13:38:50.622,0.14849,0.1488,0.02,0.02
2016.02.04 13:38:51.348,0.14849,0.14881,0.19,0.14
2016.02.04 13:38:54.126,0.14849,0.14883,0.18,0.18
2016.02.04 13:38:55.039,0.14849,0.14881,0.17,0.14
2016.02.04 13:38:55.632,0.14849,0.14883,0.19,0.24
2016.02.04 13:38:55.733,0.14854,0.14886,0.17,0.07
2016.02.04 13:38:56.285,0.14855,0.14887,0.15,0.14
2016.02.04 13:38:57.779,0.14853,0.14885,0.21,0.06
2016.02.04 13:38:57.879,0.14851,0.14885,0.16,0.18
2016.02.04 13:38:58.081,0.14851,0.14883,0.08,0.21
2016.02.04 13:38:59.753,0.14852,0.14886,0.14,0.13
2016.02.04 13:38:59.854,0.14854,0.14888,0.11,0.22
2016.02.04 13:39:01.387,0.14855,0.14887,0.18,0.06
2016.02.04 13:39:01.569,0.14858,0.14892,0.21,0.04
2016.02.04 13:39:01.670,0.1486,0.14892,0.18,0.08
2016.02.04 13:39:02.244,0.14859,0.14893,0.21,0.11
2016.02.04 13:39:03.078,0.1486,0.14894,0.19,0.22
2016.02.04 13:39:04.495,0.1486,0.14892,0.21,0.22
2016.02.04 13:39:04.596,0.14856,0.1489,0.19,0.09
2016.02.04 13:39:04.696,0.14856,0.14888,0.18,0.18
2016.02.04 13:39:06.973,0.14854,0.14888,0.18,0.23
2016.02.04 13:39:07.604,0.14855,0.14889,0.08,0.21
2016.02.04 13:39:08.243,0.14856,0.1489,0.02,0.22
2016.02.04 13:39:09.897,0.14855,0.14889,0.02,0.22
2016.02.04 13:39:10.099,0.14855,0.14887,0.14,0.21
2016.02.04 13:39:14.752,0.14854,0.14888,0.19,0.05
2016.02.04 13:39:15.195,0.14856,0.14888,0.20,0.08
2016.02.04 13:39:15.681,0.14856,0.1489,0.21,0.11
2016.02.04 13:39:16.657,0.14858,0.1489,0.21,0.21
2016.02.04 13:39:16.758,0.14855,0.14889,0.20,0.21
2016.02.04 13:39:18.702,0.14856,0.1489,0.17,0.16
2016.02.04 13:39:18.803,0.1486,0.14892,0.02,0.18
2016.02.04 13:39:19.368,0.1486,0.14894,0.05,0.24
2016.02.04 13:39:19.997,0.1486,0.14892,0.13,0.19
2016.02.04 13:39:24.722,0.14861,0.14893,0.19,0.16
2016.02.04 13:39:25.735,0.1486,0.14892,0.15,0.08
2016.02.04 13:39:29.639,0.14859,0.14893,0.02,0.22
2016.02.04 13:39:31.328,0.1486,0.14894,0.05,0.18
2016.02.04 13:39:31.855,0.14861,0.14893,0.20,0.16
2016.02.04 13:39:34.436,0.14861,0.14895,0.14,0.23
2016.02.04 13:39:34.536,0.14863,0.14897,0.14,0.26
2016.02.04 13:39:34.871,0.14861,0.14895,0.05,0.16
2016.02.04 13:39:37.232,0.14862,0.14894,0.21,0.09
2016.02.04 13:39:37.548,0.14865,0.14897,0.23,0.23
2016.02.04 13:39:37.699,0.14863,0.14897,0.15,0.15
2016.02.04 13:39:38.234,0.14864,0.14898,0.15,0.21
2016.02.04 13:39:44.021,0.14864,0.14896,0.15,0.01
2016.02.04 13:39:44.317,0.14858,0.14892,0.21,0.06
2016.02.04 13:39:45.106,0.14859,0.14891,0.02,0.15
2016.02.04 13:39:47.265,0.14861,0.14893,0.01,0.17
2016.02.04 13:39:47.480,0.14864,0.14898,0.17,0.21
2016.02.04 13:39:48.786,0.14863,0.14897,0.15,0.09
2016.02.04 13:39:49.338,0.14864,0.14898,0.22,0.21
2016.02.04 13:39:49.756,0.14863,0.14895,0.20,0.01
2016.02.04 13:39:50.091,0.14862,0.14892,0.02,0.22
2016.02.04 13:39:52.702,0.14861,0.14891,0.04,0.02
2016.02.04 13:39:52.904,0.14866,0.14896,0.02,0.02
2016.02.04 13:39:54.152,0.14867,0.14897,0.02,0.19
2016.02.04 13:39:54.315,0.14864,0.14898,0.18,0.18
2016.02.04 13:39:54.516,0.14864,0.14896,0.19,0.12
2016.02.04 13:39:55.091,0.14865,0.14897,0.24,0.18
2016.02.04 13:39:55.722,0.14864,0.14896,0.21,0.09
2016.02.04 13:39:56.132,0.14864,0.14898,0.20,0.20
2016.02.04 13:39:56.634,0.14865,0.14899,0.10,0.19
2016.02.04 13:39:56.889,0.14864,0.14896,0.20,0.19
2016.02.04 13:39:58.233,0.14864,0.14898,0.14,0.22
2016.02.04 13:39:58.334,0.14865,0.14896,0.02,0.02
2016.02.04 13:39:59.338,0.14865,0.14897,0.20,0.16
2016.02.04 13:39:59.398,0.14865,0.14899,0.10,0.23
2016.02.04 13:39:59.929,0.14865,0.14897,0.20,0.13
2016.02.04 13:40:00.845,0.14866,0.14898,0.16,0.22
2016.02.04 13:40:01.045,0.14864,0.14898,0.19,0.15
2016.02.04 13:40:01.296,0.14867,0.14899,0.02,0.17
2016.02.04 13:40:01.598,0.14869,0.14901,0.02,0.08
2016.02.04 13:40:01.749,0.14865,0.14899,0.15,0.19
2016.02.04 13:40:01.918,0.14865,0.14897,0.22,0.23
2016.02.04 13:40:02.161,0.14865,0.14899,0.12,0.17
2016.02.04 13:40:02.868,0.14865,0.14898,0.02,0.19
2016.02.04 13:40:03.336,0.14863,0.14897,0.02,0.20
2016.02.04 13:40:03.960,0.14864,0.14898,0.17,0.25
2016.02.04 13:40:04.507,0.14864,0.14898,0.02,0.02
2016.02.04 13:40:04.623,0.14866,0.149,0.21,0.13
2016.02.04 13:40:04.674,0.14869,0.14901,0.10,0.26
2016.02.04 13:40:05.011,0.14865,0.14897,0.19,0.05
2016.02.04 13:40:06.081,0.14865,0.14899,0.19,0.19
2016.02.04 13:40:06.321,0.14869,0.14899,0.02,0.19
2016.02.04 13:40:06.991,0.1487,0.149,0.02,0.02
2016.02.04 13:40:07.349,0.14868,0.14898,0.09,0.02
2016.02.04 13:40:07.859,0.14869,0.14899,0.02,0.22
2016.02.04 13:40:08.056,0.14872,0.14902,0.02,0.02
2016.02.04 13:40:08.107,0.14873,0.14903,0.02,0.24
2016.02.04 13:40:08.646,0.14873,0.14903,0.02,0.02
2016.02.04 13:40:10.261,0.14872,0.14902,0.02,0.02
2016.02.04 13:40:11.736,0.14874,0.14904,0.02,0.23
2016.02.04 13:40:12.043,0.14868,0.14898,0.02,0.02
2016.02.04 13:40:12.467,0.14876,0.14906,0.02,0.22
2016.02.04 13:40:15.381,0.14873,0.14903,0.02,0.02
2016.02.04 13:40:19.587,0.14872,0.14902,0.02,0.24
2016.02.04 13:40:19.890,0.14866,0.14896,0.02,0.08
2016.02.04 13:40:20.408,0.14866,0.14896,0.02,0.08
2016.02.04 13:40:20.510,0.14868,0.14898,0.02,0.18
2016.02.04 13:40:20.611,0.14872,0.14902,0.02,0.18
2016.02.04 13:40:21.174,0.14873,0.14903,0.02,0.02
2016.02.04 13:40:21.729,0.14872,0.14902,0.02,0.17
2016.02.04 13:40:22.431,0.14873,0.14903,0.02,0.02
2016.02.04 13:40:23.085,0.14872,0.14902,0.02,0.16
2016.02.04 13:40:23.587,0.14874,0.14904,0.02,0.21
2016.02.04 13:40:24.243,0.14872,0.14902,0.02,0.17
2016.02.04 13:40:24.781,0.14874,0.14904,0.02,0.05
2016.02.04 13:40:28.806,0.14872,0.14902,0.02,0.16
2016.02.04 13:40:31.210,0.14871,0.14901,0.02,0.02
2016.02.04 13:40:31.418,0.14868,0.14898,0.04,0.02
2016.02.04 13:40:32.369,0.14867,0.14897,0.02,0.20
2016.02.04 13:40:32.520,0.14867,0.14897,0.02,0.22
2016.02.04 13:40:33.154,0.14862,0.14892,0.02,0.21
2016.02.04 13:40:34.290,0.14863,0.14893,0.02,0.10
2016.02.04 13:40:34.432,0.14866,0.14896,0.02,0.17
2016.02.04 13:40:34.482,0.14866,0.14896,0.02,0.15
2016.02.04 13:40:37.364,0.14866,0.14896,0.02,0.07
2016.02.04 13:40:37.522,0.14862,0.14892,0.02,0.02
2016.02.04 13:40:38.108,0.14862,0.14892,0.02,0.02
2016.02.04 13:40:38.227,0.14864,0.14894,0.02,0.21
2016.02.04 13:40:38.292,0.14867,0.14897,0.02,0.25
2016.02.04 13:40:43.068,0.14867,0.14897,0.02,0.18
2016.02.04 13:40:43.220,0.14872,0.14902,0.02,0.19
2016.02.04 13:40:45.737,0.1487,0.149,0.02,0.02
2016.02.04 13:40:46.429,0.14871,0.14901,0.02,0.04
2016.02.04 13:40:46.480,0.14871,0.14901,0.02,0.06
2016.02.04 13:40:46.530,0.14869,0.14899,0.02,0.06
2016.02.04 13:40:46.631,0.14871,0.14901,0.02,0.06
2016.02.04 13:40:47.435,0.14869,0.14899,0.02,0.02
2016.02.04 13:40:47.749,0.14867,0.14897,0.02,0.20
2016.02.04 13:40:48.605,0.14866,0.14896,0.02,0.15
2016.02.04 13:40:48.808,0.14866,0.14896,0.02,0.11
2016.02.04 13:40:50.168,0.14867,0.14897,0.02,0.02
2016.02.04 13:40:54.531,0.14867,0.14897,0.02,0.08
2016.02.04 13:40:56.491,0.14868,0.14898,0.02,0.02
2016.02.04 13:40:57.829,0.14867,0.14897,0.02,0.02
2016.02.04 13:40:58.168,0.14867,0.14897,0.02,0.02
2016.02.04 13:40:58.369,0.14861,0.14891,0.02,0.12
2016.02.04 13:40:58.431,0.14863,0.14893,0.02,0.19
2016.02.04 13:40:58.734,0.14861,0.14891,0.02,0.09
2016.02.04 13:40:59.052,0.14863,0.14893,0.02,0.15
2016.02.04 13:40:59.253,0.14866,0.14896,0.02,0.02
2016.02.04 13:40:59.474,0.14862,0.14892,0.02,0.16
2016.02.04 13:40:59.938,0.1486,0.1489,0.02,0.11
2016.02.04 13:41:00.468,0.14861,0.14891,0.02,0.26
2016.02.04 13:41:00.698,0.1486,0.1489,0.02,0.02
2016.02.04 13:41:00.911,0.14859,0.14889,0.02,0.18
2016.02.04 13:41:02.427,0.14859,0.14889,0.02,0.16
2016.02.04 13:41:02.771,0.14861,0.14891,0.02,0.20
2016.02.04 13:41:03.387,0.1486,0.1489,0.02,0.13
2016.02.04 13:41:04.218,0.1486,0.1489,0.02,0.13
2016.02.04 13:41:04.336,0.14862,0.14892,0.02,0.22
2016.02.04 13:41:05.208,0.14861,0.14891,0.02,0.02
2016.02.04 13:41:05.730,0.14858,0.14888,0.02,0.24
2016.02.04 13:41:06.307,0.14856,0.14886,0.02,0.10
2016.02.04 13:41:06.840,0.14855,0.14885,0.02,0.08
2016.02.04 13:41:07.738,0.14855,0.14885,0.02,0.08
2016.02.04 13:41:07.895,0.14851,0.14881,0.02,0.23
2016.02.04 13:41:08.398,0.14855,0.14885,0.02,0.02
2016.02.04 13:41:09.058,0.14856,0.14886,0.02,0.10
2016.02.04 13:41:11.012,0.14857,0.14887,0.02,0.19
2016.02.04 13:41:11.556,0.14856,0.14886,0.02,0.02
2016.02.04 13:41:14.334,0.14857,0.14887,0.02,0.16
2016.02.04 13:41:15.023,0.14858,0.14888,0.02,0.16
2016.02.04 13:41:15.948,0.14856,0.14886,0.02,0.02
2016.02.04 13:41:20.938,0.14854,0.14884,0.02,0.20
2016.02.04 13:41:21.092,0.14857,0.14887,0.02,0.13
2016.02.04 13:41:23.578,0.14859,0.14889,0.02,0.16
2016.02.04 13:41:23.853,0.14863,0.14893,0.02,0.02
2016.02.04 13:41:25.102,0.14862,0.14892,0.02,0.14
2016.02.04 13:41:26.898,0.14865,0.14895,0.02,0.26
2016.02.04 13:41:29.288,0.14864,0.14894,0.02,0.02
2016.02.04 13:41:30.047,0.14863,0.14893,0.02,0.17
2016.02.04 13:41:31.226,0.14861,0.14891,0.02,0.08
2016.02.04 13:41:31.390,0.14858,0.14888,0.02,0.02
2016.02.04 13:41:31.541,0.1486,0.1489,0.02,0.02
2016.02.04 13:41:31.591,0.14858,0.14888,0.02,0.02
2016.02.04 13:41:32.096,0.1486,0.1489,0.02,0.20
2016.02.04 13:41:32.249,0.14862,0.14892,0.02,0.24
2016.02.04 13:41:32.768,0.14865,0.14895,0.02,0.20
2016.02.04 13:41:34.448,0.14863,0.14893,0.02,0.06
2016.02.04 13:41:35.008,0.14864,0.14894,0.02,0.02
2016.02.04 13:41:38.097,0.14864,0.14894,0.02,0.22
2016.02.04 13:41:38.248,0.14867,0.14897,0.02,0.02
2016.02.04 13:41:39.527,0.14868,0.14898,0.02,0.02
2016.02.04 13:41:40.139,0.14867,0.14897,0.02,0.14
2016.02.04 13:41:40.256,0.14871,0.14901,0.02,0.24
2016.02.04 13:41:41.367,0.14868,0.14898,0.02,0.10
2016.02.04 13:41:42.162,0.14867,0.14897,0.02,0.17
2016.02.04 13:41:42.639,0.14865,0.14895,0.02,0.04
2016.02.04 13:41:42.740,0.14867,0.14897,0.02,0.25
2016.02.04 13:41:44.917,0.14865,0.14895,0.02,0.02
2016.02.04 13:41:45.270,0.14867,0.14897,0.02,0.23
2016.02.04 13:41:45.779,0.14863,0.14893,0.02,0.20
2016.02.04 13:41:45.930,0.14865,0.14895,0.02,0.02
2016.02.04 13:41:46.025,0.14864,0.14894,0.02,0.02
2016.02.04 13:41:46.126,0.14865,0.14895,0.02,0.19
2016.02.04 13:41:46.227,0.14864,0.14894,0.02,0.12
2016.02.04 13:41:46.588,0.14865,0.14895,0.02,0.02
2016.02.04 13:41:50.067,0.14864,0.14894,0.02,0.02
2016.02.04 13:41:50.179,0.14865,0.14895,0.02,0.07
2016.02.04 13:41:51.499,0.14867,0.14897,0.02,0.22
2016.02.04 13:41:51.807,0.14865,0.14895,0.02,0.02
2016.02.04 13:41:53.089,0.14864,0.14894,0.02,0.02
2016.02.04 13:41:53.727,0.14865,0.14895,0.02,0.19
2016.02.04 13:41:54.057,0.14867,0.14897,0.02,0.13
2016.02.04 13:41:55.008,0.1487,0.149,0.02,0.23
2016.02.04 13:41:55.726,0.14866,0.14896,0.14,0.02
2016.02.04 13:41:56.400,0.14865,0.14895,0.04,0.02
2016.02.04 13:41:58.317,0.14867,0.14897,0.02,0.21
2016.02.04 13:41:58.619,0.14871,0.14901,0.02,0.02
2016.02.04 13:42:00.299,0.14869,0.14899,0.06,0.02
2016.02.04 13:42:00.520,0.14867,0.14897,0.02,0.24
2016.02.04 13:42:00.893,0.14865,0.14895,0.02,0.02
2016.02.04 13:42:02.277,0.14863,0.14893,0.02,0.02
2016.02.04 13:42:04.917,0.14866,0.14896,0.13,0.02
2016.02.04 13:42:14.068,0.14864,0.14894,0.02,0.02
2016.02.04 13:42:14.282,0.14861,0.14891,0.02,0.16
2016.02.04 13:42:26.606,0.14858,0.14888,0.02,0.02
2016.02.04 13:42:26.970,0.14853,0.14883,0.02,0.02
2016.02.04 13:42:28.033,0.14858,0.14888,0.02,0.19
2016.02.04 13:42:28.285,0.14861,0.14891,0.02,0.02
2016.02.04 13:42:35.082,0.14859,0.14889,0.02,0.02
2016.02.04 13:42:35.354,0.14861,0.14891,0.22,0.02
2016.02.04 13:42:52.126,0.1486,0.1489,0.02,0.04
2016.02.04 13:42:52.521,0.14866,0.14896,0.02,0.23
2016.02.04 13:42:54.550,0.14867,0.14897,0.02,0.20
2016.02.04 13:42:54.981,0.14869,0.14899,0.02,0.18
2016.02.04 13:42:55.297,0.14867,0.14897,0.11,0.02
2016.02.04 13:42:55.755,0.14869,0.14899,0.02,0.13
2016.02.04 13:42:55.855,0.14869,0.14899,0.02,0.22
2016.02.04 13:42:57.386,0.14869,0.14899,0.02,0.02
2016.02.04 13:43:01.677,0.1487,0.149,0.16,0.02
2016.02.04 13:43:02.201,0.14871,0.14901,0.02,0.02
2016.02.04 13:43:04.222,0.14871,0.14901,0.02,0.22
2016.02.04 13:43:10.302,0.14869,0.14899,0.02,0.02
2016.02.04 13:43:10.603,0.14866,0.14896,0.02,0.22
2016.02.04 13:43:13.249,0.14867,0.14897,0.02,0.02
2016.02.04 13:43:25.910,0.14868,0.14898,0.02,0.02
2016.02.04 13:43:26.129,0.14871,0.14901,0.02,0.02
2016.02.04 13:43:26.335,0.14868,0.14898,0.02,0.02
2016.02.04 13:43:27.162,0.14865,0.14895,0.22,0.02
2016.02.04 13:43:27.765,0.1487,0.149,0.02,0.02
2016.02.04 13:43:28.217,0.14867,0.14897,0.02,0.02
2016.02.04 13:43:28.852,0.14865,0.14895,0.02,0.02
2016.02.04 13:43:29.401,0.1487,0.149,0.02,0.02
2016.02.04 13:43:29.552,0.14867,0.14897,0.02,0.02
2016.02.04 13:43:32.385,0.14866,0.14896,0.02,0.02
2016.02.04 13:43:32.494,0.14866,0.14896,0.10,0.02
2016.02.04 13:43:34.675,0.14865,0.14895,0.02,0.02
2016.02.04 13:43:38.325,0.14863,0.14893,0.04,0.02
2016.02.04 13:43:38.677,0.14861,0.14891,0.02,0.02
2016.02.04 13:43:48.205,0.1486,0.1489,0.02,0.17
2016.02.04 13:43:48.596,0.14866,0.14896,0.02,0.09
2016.02.04 13:43:52.075,0.14864,0.14894,0.02,0.02
2016.02.04 13:43:52.152,0.14861,0.14891,0.02,0.12
2016.02.04 13:43:52.306,0.14861,0.14891,0.02,0.14
2016.02.04 13:43:53.080,0.14863,0.14893,0.02,0.02
2016.02.04 13:43:53.815,0.14861,0.14891,0.02,0.02
2016.02.04 13:43:54.307,0.14863,0.14893,0.02,0.21
2016.02.04 13:43:54.615,0.14858,0.14888,0.02,0.02
2016.02.04 13:43:56.675,0.14859,0.14889,0.02,0.02
2016.02.04 13:43:56.977,0.14857,0.14887,0.02,0.23
2016.02.04 13:43:58.326,0.14856,0.14886,0.02,0.02
2016.02.04 13:43:58.784,0.14861,0.14891,0.02,0.02
2016.02.04 13:44:12.196,0.14862,0.14892,0.02,0.02
2016.02.04 13:44:12.297,0.14865,0.14895,0.02,0.06
2016.02.04 13:44:12.544,0.14863,0.14893,0.23,0.02
2016.02.04 13:44:13.145,0.14864,0.14894,0.02,0.22
2016.02.04 13:44:14.056,0.14862,0.14892,0.19,0.02
2016.02.04 13:44:14.285,0.14865,0.14895,0.02,0.02
2016.02.04 13:44:14.436,0.1487,0.149,0.10,0.02
2016.02.04 13:44:14.589,0.1487,0.149,0.12,0.02
2016.02.04 13:44:16.254,0.14872,0.14902,0.02,0.20
2016.02.04 13:44:16.741,0.14872,0.14902,0.02,0.09
2016.02.04 13:44:17.041,0.14872,0.14902,0.22,0.02
2016.02.04 13:44:17.669,0.14869,0.14899,0.04,0.02
2016.02.04 13:44:19.585,0.14871,0.14901,0.02,0.02
2016.02.04 13:44:20.283,0.14869,0.14899,0.02,0.02
2016.02.04 13:44:20.785,0.14868,0.14898,0.02,0.02
2016.02.04 13:44:22.105,0.14863,0.14893,0.23,0.02
2016.02.04 13:44:22.746,0.14863,0.14893,0.22,0.02
2016.02.04 13:44:22.980,0.14861,0.14891,0.02,0.07
2016.02.04 13:44:23.424,0.14866,0.14896,0.02,0.20
2016.02.04 13:44:26.945,0.14865,0.14895,0.02,0.13
2016.02.04 13:44:27.340,0.14859,0.14889,0.02,0.02
2016.02.04 13:44:28.355,0.1486,0.1489,0.02,0.02
2016.02.04 13:44:28.760,0.14858,0.14888,0.02,0.21
2016.02.04 13:44:33.875,0.14853,0.14883,0.02,0.08
2016.02.04 13:44:33.984,0.14855,0.14885,0.02,0.19
2016.02.04 13:44:34.213,0.14849,0.14879,0.02,0.02
2016.02.04 13:44:35.965,0.14851,0.14881,0.02,0.16
2016.02.04 13:44:37.079,0.14849,0.14879,0.21,0.02
2016.02.04 13:44:37.485,0.14848,0.14878,0.02,0.19
2016.02.04 13:44:38.704,0.14847,0.14877,0.02,0.17
2016.02.04 13:44:39.235,0.14852,0.14882,0.02,0.23
2016.02.04 13:44:46.538,0.14854,0.14884,0.02,0.02
2016.02.04 13:44:46.774,0.14853,0.14883,0.02,0.02
2016.02.04 13:44:47.306,0.1485,0.1488,0.02,0.02
2016.02.04 13:44:49.280,0.14854,0.14884,0.02,0.18
2016.02.04 13:44:49.582,0.14853,0.14883,0.02,0.21
2016.02.04 13:44:51.815,0.14851,0.14881,0.02,0.02
2016.02.04 13:44:52.602,0.14853,0.14883,0.09,0.02
2016.02.04 13:44:52.803,0.14851,0.14881,0.02,0.18
2016.02.04 13:45:00.625,0.1485,0.1488,0.04,0.02
2016.02.04 13:45:00.811,0.14851,0.14881,0.02,0.21
2016.02.04 13:45:01.176,0.14854,0.14884,0.02,0.20
2016.02.04 13:45:01.481,0.14852,0.14882,0.02,0.02
2016.02.04 13:45:01.871,0.14856,0.14886,0.02,0.02
2016.02.04 13:45:08.739,0.14857,0.14887,0.02,0.02
2016.02.04 13:45:12.944,0.1486,0.1489,0.02,0.04
2016.02.04 13:45:13.175,0.14861,0.14891,0.02,0.02
2016.02.04 13:45:13.785,0.14865,0.14895,0.02,0.20
2016.02.04 13:45:15.596,0.14862,0.14892,0.02,0.11
2016.02.04 13:45:17.394,0.1486,0.1489,0.02,0.02
2016.02.04 13:45:17.444,0.14859,0.14889,0.02,0.09
2016.02.04 13:45:17.954,0.14858,0.14888,0.02,0.15
2016.02.04 13:45:19.556,0.14859,0.14889,0.02,0.02
2016.02.04 13:45:20.217,0.14858,0.14888,0.02,0.21
2016.02.04 13:45:21.405,0.14855,0.14885,0.02,0.02
2016.02.04 13:45:21.607,0.14856,0.14886,0.02,0.25
2016.02.04 13:45:22.929,0.14855,0.14885,0.02,0.02
2016.02.04 13:45:23.532,0.14855,0.14885,0.02,0.15
2016.02.04 13:45:23.583,0.14854,0.14884,0.02,0.02
2016.02.04 13:45:24.283,0.14854,0.14884,0.02,0.12
2016.02.04 13:45:24.826,0.14855,0.14885,0.02,0.17
2016.02.04 13:45:24.906,0.14858,0.14888,0.02,0.15
2016.02.04 13:45:27.897,0.14858,0.14888,0.02,0.02
2016.02.04 13:45:28.243,0.14861,0.14891,0.02,0.25
2016.02.04 13:45:29.345,0.14862,0.14892,0.02,0.20
2016.02.04 13:45:29.883,0.14863,0.14893,0.02,0.02
2016.02.04 13:45:30.414,0.14864,0.14894,0.02,0.16
2016.02.04 13:45:30.851,0.14866,0.14896,0.02,0.12
2016.02.04 13:45:31.566,0.14867,0.14897,0.02,0.17
2016.02.04 13:45:33.177,0.14866,0.14896,0.02,0.14
2016.02.04 13:45:33.379,0.14863,0.14893,0.02,0.02
2016.02.04 13:45:35.615,0.14863,0.14893,0.02,0.15
2016.02.04 13:45:35.715,0.14865,0.14895,0.02,0.25
2016.02.04 13:45:36.522,0.14868,0.14898,0.02,0.23
2016.02.04 13:45:37.547,0.14866,0.14896,0.02,0.21
2016.02.04 13:45:38.195,0.14867,0.14897,0.02,0.20
2016.02.04 13:45:38.245,0.14866,0.14896,0.02,0.02
2016.02.04 13:45:38.429,0.14865,0.14895,0.02,0.22
2016.02.04 13:45:39.202,0.14864,0.14894,0.02,0.21
2016.02.04 13:45:40.000,0.14865,0.14895,0.02,0.12
2016.02.04 13:45:40.588,0.14863,0.14893,0.02,0.02
2016.02.04 13:45:45.044,0.14864,0.14894,0.02,0.14
2016.02.04 13:45:45.578,0.14865,0.14895,0.02,0.02
2016.02.04 13:45:47.790,0.14866,0.14896,0.02,0.20
2016.02.04 13:45:47.995,0.14865,0.14895,0.02,0.19
2016.02.04 13:45:48.435,0.14864,0.14894,0.02,0.02
2016.02.04 13:45:48.577,0.14862,0.14892,0.02,0.16
2016.02.04 13:45:48.905,0.14864,0.14894,0.02,0.17
2016.02.04 13:45:51.407,0.14864,0.14894,0.02,0.17
2016.02.04 13:45:51.558,0.14867,0.14897,0.02,0.13
2016.02.04 13:45:54.991,0.14869,0.14899,0.02,0.18
2016.02.04 13:45:56.364,0.14867,0.14897,0.02,0.20
2016.02.04 13:45:57.901,0.14866,0.14896,0.02,0.02
2016.02.04 13:45:58.002,0.14863,0.14893,0.02,0.16
2016.02.04 13:45:58.103,0.14866,0.14896,0.02,0.19
2016.02.04 13:46:01.260,0.14867,0.14897,0.02,0.26
2016.02.04 13:46:02.204,0.14867,0.14897,0.02,0.17
2016.02.04 13:46:02.256,0.14869,0.14899,0.02,0.02
2016.02.04 13:46:02.307,0.1487,0.149,0.02,0.19
2016.02.04 13:46:03.058,0.14872,0.14902,0.02,0.16
2016.02.04 13:46:03.560,0.14871,0.14901,0.02,0.20
2016.02.04 13:46:04.164,0.1487,0.149,0.02,0.02
2016.02.04 13:46:04.636,0.14872,0.14902,0.02,0.27
2016.02.04 13:46:05.158,0.14866,0.14896,0.02,0.02
2016.02.04 13:46:06.213,0.14867,0.14897,0.02,0.23
2016.02.04 13:46:06.679,0.14864,0.14894,0.02,0.19
2016.02.04 13:46:06.729,0.14863,0.14893,0.02,0.02
2016.02.04 13:46:06.830,0.14863,0.14893,0.02,0.15
2016.02.04 13:46:07.057,0.14867,0.14897,0.02,0.20
2016.02.04 13:46:07.245,0.14865,0.14895,0.13,0.02
2016.02.04 13:46:07.710,0.14866,0.14896,0.02,0.08
2016.02.04 13:46:08.211,0.14867,0.14897,0.02,0.02
2016.02.04 13:46:09.917,0.14868,0.14898,0.02,0.06
2016.02.04 13:46:12.767,0.14868,0.14898,0.02,0.06
2016.02.04 13:46:12.969,0.14868,0.14898,0.02,0.08
2016.02.04 13:46:13.270,0.14866,0.14896,0.02,0.19
2016.02.04 13:46:14.065,0.14866,0.14896,0.02,0.19
2016.02.04 13:46:14.236,0.14871,0.14901,0.02,0.07
2016.02.04 13:46:14.287,0.14872,0.14902,0.02,0.02
2016.02.04 13:46:14.615,0.14872,0.14902,0.02,0.25
2016.02.04 13:46:19.684,0.14867,0.14897,0.02,0.12
2016.02.04 13:46:19.994,0.14865,0.14895,0.02,0.14
2016.02.04 13:46:20.295,0.14867,0.14897,0.02,0.02
2016.02.04 13:46:23.254,0.14869,0.14899,0.02,0.04
2016.02.04 13:46:25.114,0.14869,0.14899,0.02,0.15
2016.02.04 13:46:25.217,0.14871,0.14901,0.02,0.04
2016.02.04 13:46:27.503,0.14872,0.14902,0.02,0.20
2016.02.04 13:46:31.121,0.14875,0.14905,0.02,0.20
2016.02.04 13:46:31.272,0.14876,0.14906,0.02,0.23
2016.02.04 13:46:32.007,0.14879,0.14909,0.02,0.25
2016.02.04 13:46:33.473,0.14875,0.14905,0.02,0.05
2016.02.04 13:46:33.978,0.14877,0.14907,0.02,0.22
2016.02.04 13:46:34.693,0.14874,0.14904,0.04,0.02
2016.02.04 13:46:35.782,0.14873,0.14903,0.02,0.02
2016.02.04 13:46:35.883,0.14871,0.14901,0.02,0.02
2016.02.04 13:46:36.725,0.14872,0.14902,0.02,0.02
2016.02.04 13:46:37.186,0.14877,0.14907,0.02,0.04
2016.02.04 13:46:38.045,0.14875,0.14905,0.02,0.02
2016.02.04 13:46:38.274,0.14875,0.14905,0.02,0.02
2016.02.04 13:46:38.632,0.14875,0.14905,0.02,0.15
2016.02.04 13:46:39.191,0.14876,0.14906,0.02,0.02
2016.02.04 13:46:39.292,0.14875,0.14905,0.02,0.02
2016.02.04 13:46:39.611,0.14876,0.14906,0.02,0.20
2016.02.04 13:46:48.054,0.14874,0.14904,0.02,0.22
2016.02.04 13:46:48.184,0.14869,0.14899,0.02,0.08
2016.02.04 13:46:48.284,0.14871,0.14901,0.02,0.18
2016.02.04 13:46:48.854,0.14868,0.14898,0.02,0.16
2016.02.04 13:46:48.955,0.14867,0.14897,0.02,0.02
2016.02.04 13:46:53.114,0.14869,0.14899,0.02,0.24
2016.02.04 13:46:54.403,0.14865,0.14895,0.02,0.11
2016.02.04 13:46:55.203,0.14865,0.14895,0.02,0.11
2016.02.04 13:46:55.307,0.14867,0.14897,0.02,0.21
2016.02.04 13:46:57.863,0.14864,0.14894,0.02,0.02
2016.02.04 13:46:58.207,0.14866,0.14896,0.02,0.02
2016.02.04 13:46:59.837,0.14867,0.14897,0.02,0.02
2016.02.04 13:47:00.388,0.14867,0.14897,0.02,0.04
2016.02.04 13:47:04.003,0.14867,0.14897,0.02,0.02
2016.02.04 13:47:04.173,0.14869,0.14899,0.02,0.02
2016.02.04 13:47:04.274,0.14867,0.14897,0.02,0.02
2016.02.04 13:47:08.735,0.14869,0.14899,0.02,0.21
2016.02.04 13:47:09.203,0.14871,0.14901,0.02,0.02
2016.02.04 13:47:15.774,0.14872,0.14902,0.02,0.02
2016.02.04 13:47:16.094,0.14875,0.14905,0.02,0.10
2016.02.04 13:47:16.722,0.14876,0.14906,0.02,0.14
2016.02.04 13:47:18.666,0.14879,0.14909,0.02,0.28
2016.02.04 13:47:19.212,0.14876,0.14906,0.02,0.11
2016.02.04 13:47:19.846,0.14874,0.14904,0.16,0.02
2016.02.04 13:47:20.167,0.14876,0.14906,0.02,0.13
2016.02.04 13:47:20.305,0.14875,0.14905,0.02,0.02
2016.02.04 13:47:20.524,0.14876,0.14906,0.02,0.21
2016.02.04 13:47:23.183,0.14875,0.14905,0.02,0.16
2016.02.04 13:47:23.625,0.14877,0.14907,0.02,0.20
2016.02.04 13:47:23.824,0.14872,0.14902,0.02,0.02
2016.02.04 13:47:24.176,0.14875,0.14905,0.02,0.23
2016.02.04 13:47:24.734,0.14876,0.14906,0.02,0.11
2016.02.04 13:47:27.166,0.14874,0.14904,0.02,0.02
2016.02.04 13:47:27.267,0.14876,0.14906,0.02,0.18
2016.02.04 13:47:27.467,0.14874,0.14904,0.02,0.02
2016.02.04 13:47:27.822,0.14875,0.14905,0.02,0.20
2016.02.04 13:47:28.332,0.14872,0.14902,0.02,0.02
2016.02.04 13:47:32.753,0.14871,0.14901,0.02,0.02
2016.02.04 13:47:32.973,0.14875,0.14905,0.02,0.17
2016.02.04 13:47:34.837,0.14872,0.14902,0.02,0.02
2016.02.04 13:47:35.432,0.14871,0.14901,0.02,0.02
2016.02.04 13:47:47.597,0.14872,0.14902,0.02,0.02
2016.02.04 13:47:48.912,0.14874,0.14904,0.02,0.18
2016.02.04 13:47:50.344,0.14873,0.14903,0.02,0.02
2016.02.04 13:47:50.710,0.14876,0.14906,0.02,0.16
2016.02.04 13:47:51.583,0.14875,0.14905,0.02,0.20
2016.02.04 13:47:51.662,0.14877,0.14907,0.02,0.24
2016.02.04 13:47:52.337,0.14875,0.14905,0.02,0.22
2016.02.04 13:47:52.861,0.14874,0.14904,0.02,0.12
2016.02.04 13:47:53.522,0.14875,0.14905,0.02,0.22
2016.02.04 13:47:53.848,0.14876,0.14906,0.02,0.02
2016.02.04 13:47:54.182,0.14872,0.14902,0.02,0.02
2016.02.04 13:47:55.442,0.14874,0.14904,0.02,0.02
2016.02.04 13:47:55.623,0.14876,0.14906,0.02,0.02
2016.02.04 13:47:56.372,0.14877,0.14907,0.02,0.02
2016.02.04 13:48:00.243,0.14878,0.14908,0.02,0.18
2016.02.04 13:48:00.394,0.14882,0.14912,0.02,0.02
2016.02.04 13:48:02.101,0.14881,0.14911,0.02,0.02
2016.02.04 13:48:02.718,0.14884,0.14914,0.02,0.18
2016.02.04 13:48:05.413,0.14883,0.14913,0.02,0.17
2016.02.04 13:48:05.614,0.14887,0.14917,0.02,0.17
2016.02.04 13:48:05.715,0.14885,0.14915,0.02,0.02
2016.02.04 13:48:07.921,0.14886,0.14916,0.02,0.02
2016.02.04 13:48:09.251,0.14885,0.14915,0.02,0.24
2016.02.04 13:48:09.302,0.14885,0.14915,0.02,0.26
2016.02.04 13:48:09.352,0.14883,0.14913,0.02,0.20
2016.02.04 13:48:09.403,0.14885,0.14915,0.02,0.22
2016.02.04 13:48:09.702,0.14883,0.14913,0.02,0.20
2016.02.04 13:48:09.825,0.14885,0.14915,0.02,0.02
2016.02.04 13:48:10.031,0.14886,0.14916,0.02,0.19
2016.02.04 13:48:11.128,0.14884,0.14914,0.02,0.19
2016.02.04 13:48:11.179,0.14884,0.14914,0.02,0.19
2016.02.04 13:48:11.229,0.14882,0.14912,0.02,0.16
2016.02.04 13:48:11.397,0.14882,0.14912,0.02,0.16
2016.02.04 13:48:13.042,0.14883,0.14913,0.02,0.10
2016.02.04 13:48:13.694,0.14883,0.14913,0.02,0.08
2016.02.04 13:48:14.103,0.14884,0.14914,0.02,0.11
2016.02.04 13:48:14.211,0.14886,0.14916,0.02,0.23
2016.02.04 13:48:15.133,0.14887,0.14917,0.02,0.02
2016.02.04 13:48:15.254,0.14891,0.14921,0.02,0.07
2016.02.04 13:48:16.779,0.14892,0.14922,0.02,0.20
2016.02.04 13:48:16.930,0.14887,0.14917,0.02,0.08
2016.02.04 13:48:16.981,0.14887,0.14917,0.02,0.10
2016.02.04 13:48:17.728,0.14888,0.14918,0.02,0.17
2016.02.04 13:48:19.516,0.14887,0.14917,0.02,0.02
2016.02.04 13:48:20.851,0.14886,0.14916,0.02,0.19
2016.02.04 13:48:21.017,0.14883,0.14913,0.02,0.21
2016.02.04 13:48:21.068,0.14885,0.14915,0.02,0.23
2016.02.04 13:48:23.018,0.14881,0.14911,0.02,0.06
2016.02.04 13:48:24.586,0.14882,0.14912,0.02,0.14
2016.02.04 13:48:25.365,0.14884,0.14914,0.02,0.19
2016.02.04 13:48:26.328,0.14882,0.14912,0.02,0.10
2016.02.04 13:48:26.847,0.14885,0.14915,0.02,0.21
2016.02.04 13:48:29.506,0.14882,0.14912,0.02,0.22
2016.02.04 13:48:29.849,0.14881,0.14911,0.02,0.17
2016.02.04 13:48:30.202,0.14879,0.14909,0.02,0.21
2016.02.04 13:48:30.427,0.14881,0.14911,0.02,0.02
2016.02.04 13:48:34.851,0.14879,0.14909,0.02,0.02
2016.02.04 13:48:35.301,0.14877,0.14907,0.02,0.02
2016.02.04 13:48:38.448,0.14876,0.14906,0.02,0.11
2016.02.04 13:48:38.987,0.14878,0.14908,0.02,0.18
2016.02.04 13:48:39.290,0.14872,0.14902,0.02,0.09
2016.02.04 13:48:40.079,0.14874,0.14904,0.02,0.11
2016.02.04 13:48:40.230,0.14876,0.14906,0.02,0.02
2016.02.04 13:48:42.763,0.1488,0.1491,0.02,0.24
2016.02.04 13:48:44.017,0.14877,0.14907,0.02,0.17
2016.02.04 13:48:44.492,0.1488,0.1491,0.02,0.25
2016.02.04 13:48:45.042,0.14881,0.14911,0.02,0.16
2016.02.04 13:48:45.812,0.14881,0.14911,0.02,0.16
2016.02.04 13:48:46.141,0.14882,0.14912,0.02,0.23
2016.02.04 13:48:46.941,0.14879,0.14909,0.02,0.19
2016.02.04 13:48:49.113,0.14878,0.14908,0.02,0.19
2016.02.04 13:48:49.332,0.14883,0.14913,0.02,0.27
2016.02.04 13:48:50.451,0.14885,0.14915,0.02,0.21
2016.02.04 13:48:52.303,0.14887,0.14917,0.02,0.25
2016.02.04 13:48:52.658,0.14889,0.14919,0.02,0.21
2016.02.04 13:48:55.602,0.14887,0.14917,0.02,0.02
2016.02.04 13:48:55.962,0.14887,0.14917,0.02,0.21
2016.02.04 13:48:57.361,0.14889,0.14919,0.02,0.24
2016.02.04 13:48:57.753,0.14885,0.14915,0.02,0.02
2016.02.04 13:48:58.352,0.14885,0.14915,0.02,0.22
2016.02.04 13:49:00.021,0.14885,0.14915,0.02,0.02
2016.02.04 13:49:01.211,0.14886,0.14916,0.02,0.20
2016.02.04 13:49:03.554,0.14881,0.14911,0.02,0.02
2016.02.04 13:49:03.756,0.14881,0.14911,0.02,0.23
2016.02.04 13:49:04.574,0.1488,0.1491,0.02,0.20
2016.02.04 13:49:05.235,0.14881,0.14911,0.02,0.05
2016.02.04 13:49:07.494,0.14881,0.14911,0.02,0.04
2016.02.04 13:49:07.815,0.14879,0.14909,0.02,0.14
2016.02.04 13:49:08.149,0.14877,0.14907,0.21,0.02
2016.02.04 13:49:08.408,0.14884,0.14914,0.02,0.26
2016.02.04 13:49:10.455,0.14879,0.14909,0.02,0.02
2016.02.04 13:49:10.757,0.14881,0.14911,0.02,0.23
2016.02.04 13:49:11.708,0.14875,0.14905,0.02,0.13
2016.02.04 13:49:11.888,0.14876,0.14906,0.02,0.21
2016.02.04 13:49:12.071,0.1487,0.149,0.02,0.19
2016.02.04 13:49:12.828,0.14871,0.14901,0.02,0.18
2016.02.04 13:49:14.116,0.14873,0.14903,0.02,0.18
2016.02.04 13:49:14.217,0.14876,0.14906,0.02,0.02
2016.02.04 13:49:14.726,0.14875,0.14905,0.04,0.02
2016.02.04 13:49:14.878,0.14876,0.14906,0.02,0.19
2016.02.04 13:49:15.700,0.14874,0.14904,0.02,0.04
2016.02.04 13:49:15.903,0.14877,0.14907,0.02,0.02
2016.02.04 13:49:19.830,0.14874,0.14904,0.15,0.02
2016.02.04 13:49:20.282,0.14872,0.14902,0.02,0.02
2016.02.04 13:49:22.251,0.14871,0.14901,0.02,0.17
2016.02.04 13:49:22.789,0.14872,0.14902,0.02,0.02
2016.02.04 13:49:24.531,0.14874,0.14904,0.02,0.15
2016.02.04 13:49:26.424,0.14873,0.14903,0.02,0.02
2016.02.04 13:49:26.644,0.14874,0.14904,0.02,0.26
2016.02.04 13:49:27.945,0.14872,0.14902,0.02,0.19
2016.02.04 13:49:28.478,0.14873,0.14903,0.02,0.04
2016.02.04 13:49:31.602,0.14874,0.14904,0.02,0.18
2016.02.04 13:49:31.791,0.14873,0.14903,0.02,0.02
2016.02.04 13:49:34.028,0.1487,0.149,0.02,0.02
2016.02.04 13:49:34.129,0.14867,0.14897,0.22,0.02
2016.02.04 13:49:36.220,0.14866,0.14896,0.02,0.02
2016.02.04 13:49:37.535,0.14864,0.14894,0.02,0.20
2016.02.04 13:49:37.586,0.14866,0.14896,0.02,0.20
2016.02.04 13:49:40.224,0.14869,0.14899,0.02,0.20
2016.02.04 13:49:42.747,0.14864,0.14894,0.02,0.02
2016.02.04 13:49:43.010,0.14862,0.14892,0.02,0.02
2016.02.04 13:49:43.496,0.14864,0.14894,0.02,0.13
2016.02.04 13:49:43.670,0.14866,0.14896,0.02,0.15
2016.02.04 13:49:44.664,0.14863,0.14893,0.02,0.10
2016.02.04 13:49:44.915,0.14869,0.14899,0.02,0.24
2016.02.04 13:49:46.606,0.1487,0.149,0.02,0.14
2016.02.04 13:49:46.929,0.14872,0.14902,0.02,0.02
2016.02.04 13:49:49.976,0.14875,0.14905,0.02,0.10
2016.02.04 13:49:50.301,0.14877,0.14907,0.02,0.02
2016.02.04 13:49:52.737,0.1488,0.1491,0.02,0.25
2016.02.04 13:49:53.074,0.1488,0.1491,0.02,0.24
2016.02.04 13:49:53.437,0.1488,0.1491,0.02,0.02
2016.02.04 13:49:54.120,0.14884,0.14914,0.02,0.26
2016.02.04 13:49:54.608,0.1488,0.1491,0.02,0.02
2016.02.04 13:49:55.050,0.14881,0.14911,0.02,0.23
2016.02.04 13:50:01.931,0.14878,0.14908,0.02,0.19
2016.02.04 13:50:02.178,0.14881,0.14911,0.02,0.08
2016.02.04 13:50:02.409,0.14879,0.14909,0.02,0.02
2016.02.04 13:50:03.065,0.14882,0.14912,0.02,0.11
2016.02.04 13:50:03.282,0.14879,0.14909,0.02,0.02
2016.02.04 13:50:04.718,0.1488,0.1491,0.02,0.02
2016.02.04 13:50:04.769,0.14882,0.14912,0.02,0.15
2016.02.04 13:50:04.937,0.14882,0.14912,0.02,0.02
2016.02.04 13:50:05.329,0.14882,0.14912,0.02,0.02
2016.02.04 13:50:06.905,0.14882,0.14912,0.02,0.02
2016.02.04 13:50:08.024,0.14884,0.14914,0.02,0.22
2016.02.04 13:50:10.072,0.14881,0.14911,0.02,0.02
2016.02.04 13:50:10.402,0.14881,0.14911,0.02,0.18
2016.02.04 13:50:10.670,0.14876,0.14906,0.02,0.02
2016.02.04 13:50:13.043,0.14876,0.14906,0.02,0.02
2016.02.04 13:50:13.271,0.14875,0.14905,0.02,0.10
2016.02.04 13:50:13.482,0.14877,0.14907,0.02,0.02
2016.02.04 13:50:14.741,0.14877,0.14907,0.02,0.20
2016.02.04 13:50:15.174,0.14873,0.14903,0.02,0.02
2016.02.04 13:50:15.845,0.14872,0.14902,0.02,0.12
2016.02.04 13:50:16.687,0.14873,0.14903,0.02,0.02
2016.02.04 13:50:17.045,0.14874,0.14904,0.02,0.02
2016.02.04 13:50:17.551,0.14877,0.14907,0.02,0.13
2016.02.04 13:50:18.416,0.14874,0.14904,0.02,0.02
2016.02.04 13:50:18.762,0.14872,0.14902,0.02,0.02
2016.02.04 13:50:19.064,0.14877,0.14907,0.02,0.19
2016.02.04 13:50:19.409,0.14876,0.14906,0.02,0.02
2016.02.04 13:50:19.599,0.14875,0.14905,0.02,0.02
2016.02.04 13:50:19.970,0.14876,0.14906,0.02,0.23
2016.02.04 13:50:20.326,0.14874,0.14904,0.02,0.17
2016.02.04 13:50:20.537,0.14876,0.14906,0.02,0.02
2016.02.04 13:50:20.862,0.14878,0.14908,0.02,0.21
2016.02.04 13:50:21.167,0.14876,0.14906,0.02,0.02
2016.02.04 13:50:21.510,0.14878,0.14908,0.02,0.17
2016.02.04 13:50:21.836,0.14872,0.14902,0.02,0.02
2016.02.04 13:50:24.343,0.14871,0.14901,0.02,0.02
2016.02.04 13:50:24.867,0.14872,0.14902,0.02,0.02
2016.02.04 13:50:31.300,0.14873,0.14903,0.02,0.20
2016.02.04 13:50:31.705,0.14871,0.14901,0.02,0.02
2016.02.04 13:50:32.181,0.1487,0.149,0.04,0.02
2016.02.04 13:50:35.592,0.14868,0.14898,0.02,0.02
2016.02.04 13:50:35.746,0.14865,0.14895,0.02,0.02
2016.02.04 13:50:38.690,0.14861,0.14891,0.02,0.02
2016.02.04 13:50:40.118,0.14856,0.14886,0.02,0.07
2016.02.04 13:50:40.323,0.14853,0.14883,0.02,0.02
2016.02.04 13:50:41.678,0.14855,0.14885,0.02,0.02
2016.02.04 13:50:41.993,0.14855,0.14885,0.02,0.02
2016.02.04 13:50:42.295,0.14854,0.14884,0.02,0.02
2016.02.04 13:50:42.346,0.14857,0.14887,0.02,0.02
2016.02.04 13:50:43.631,0.14857,0.14887,0.02,0.02
2016.02.04 13:50:44.054,0.14855,0.14885,0.02,0.26
2016.02.04 13:50:44.355,0.14858,0.14888,0.02,0.22
2016.02.04 13:50:44.557,0.14856,0.14886,0.02,0.02
2016.02.04 13:50:45.185,0.14857,0.14887,0.02,0.02
2016.02.04 13:50:56.620,0.14857,0.14887,0.02,0.02
2016.02.04 13:50:57.114,0.14856,0.14886,0.02,0.02
2016.02.04 13:51:03.108,0.14857,0.14887,0.02,0.21
2016.02.04 13:51:03.209,0.14859,0.14889,0.02,0.16
2016.02.04 13:51:03.419,0.1486,0.1489,0.02,0.11
2016.02.04 13:51:04.244,0.14861,0.14891,0.02,0.02
2016.02.04 13:51:16.180,0.14865,0.14895,0.02,0.19
2016.02.04 13:51:16.431,0.14865,0.14895,0.02,0.02
2016.02.04 13:51:16.632,0.14864,0.14894,0.02,0.11
2016.02.04 13:51:17.070,0.14866,0.14896,0.02,0.02
2016.02.04 13:51:17.624,0.14865,0.14895,0.02,0.04
2016.02.04 13:51:17.724,0.14866,0.14896,0.02,0.02
2016.02.04 13:51:20.580,0.14865,0.14895,0.12,0.02
2016.02.04 13:51:21.108,0.14865,0.14895,0.02,0.02
2016.02.04 13:51:21.605,0.14865,0.14895,0.02,0.02
2016.02.04 13:51:21.909,0.14867,0.14897,0.02,0.20
2016.02.04 13:51:22.809,0.14862,0.14892,0.20,0.02
2016.02.04 13:51:30.489,0.14862,0.14892,0.02,0.02
2016.02.04 13:51:34.569,0.14863,0.14893,0.02,0.23
2016.02.04 13:51:34.883,0.14856,0.14886,0.02,0.14
2016.02.04 13:51:35.594,0.14857,0.14887,0.02,0.21
2016.02.04 13:51:43.436,0.14855,0.14885,0.02,0.14
2016.02.04 13:51:44.477,0.14855,0.14885,0.02,0.14
2016.02.04 13:51:55.379,0.14853,0.14883,0.02,0.02
2016.02.04 13:51:55.480,0.14851,0.14881,0.02,0.02
2016.02.04 13:51:55.645,0.14853,0.14883,0.02,0.13
2016.02.04 13:52:00.335,0.14852,0.14882,0.02,0.09
2016.02.04 13:52:00.843,0.14855,0.14885,0.02,0.24
2016.02.04 13:52:03.545,0.14852,0.14882,0.02,0.18
2016.02.04 13:52:04.367,0.14853,0.14883,0.02,0.19
2016.02.04 13:52:04.697,0.14845,0.14875,0.02,0.19
2016.02.04 13:52:05.262,0.14846,0.14876,0.02,0.19
2016.02.04 13:52:05.765,0.14849,0.14879,0.02,0.24
2016.02.04 13:52:07.075,0.14846,0.14876,0.02,0.17
2016.02.04 13:52:07.584,0.14847,0.14877,0.02,0.02
2016.02.04 13:52:08.579,0.14847,0.14877,0.02,0.02
2016.02.04 13:52:08.805,0.14842,0.14872,0.02,0.19
2016.02.04 13:52:09.531,0.14842,0.14872,0.02,0.19
2016.02.04 13:52:09.657,0.14844,0.14874,0.02,0.02
2016.02.04 13:52:09.757,0.14846,0.14876,0.02,0.02
2016.02.04 13:52:10.558,0.14845,0.14875,0.04,0.02
2016.02.04 13:52:10.740,0.14846,0.14876,0.02,0.02
2016.02.04 13:52:10.990,0.14843,0.14873,0.02,0.02
2016.02.04 13:52:11.415,0.14846,0.14876,0.02,0.24
2016.02.04 13:52:12.101,0.14846,0.14876,0.02,0.02
2016.02.04 13:52:16.570,0.14847,0.14877,0.02,0.24
2016.02.04 13:52:17.707,0.14848,0.14878,0.02,0.24
2016.02.04 13:52:18.030,0.14843,0.14873,0.02,0.02
2016.02.04 13:52:18.081,0.14841,0.14871,0.02,0.07
2016.02.04 13:52:18.181,0.14845,0.14875,0.02,0.22
2016.02.04 13:52:18.753,0.14844,0.14874,0.02,0.10
2016.02.04 13:52:18.905,0.14843,0.14873,0.02,0.02
2016.02.04 13:52:20.314,0.14841,0.14871,0.02,0.10
2016.02.04 13:52:20.854,0.14842,0.14872,0.02,0.17
2016.02.04 13:52:21.188,0.14842,0.14872,0.02,0.17
2016.02.04 13:52:21.339,0.14844,0.14874,0.02,0.22
2016.02.04 13:52:21.444,0.14842,0.14872,0.02,0.18
2016.02.04 13:52:21.545,0.14842,0.14872,0.02,0.20
2016.02.04 13:52:24.636,0.14841,0.14871,0.02,0.18
2016.02.04 13:52:24.748,0.14839,0.14869,0.18,0.02
2016.02.04 13:52:24.858,0.1484,0.1487,0.02,0.06
2016.02.04 13:52:25.162,0.14843,0.14873,0.02,0.21
2016.02.04 13:52:25.464,0.14837,0.14867,0.02,0.02
2016.02.04 13:52:25.792,0.14841,0.14871,0.02,0.02
2016.02.04 13:52:26.728,0.14841,0.14871,0.02,0.02
2016.02.04 13:52:28.020,0.14843,0.14873,0.02,0.02
2016.02.04 13:52:28.242,0.14846,0.14876,0.02,0.02
2016.02.04 13:52:28.543,0.14846,0.14876,0.02,0.04
2016.02.04 13:52:33.530,0.1484,0.1487,0.02,0.01
2016.02.04 13:52:33.974,0.14842,0.14872,0.02,0.02
2016.02.04 13:52:36.977,0.14843,0.14873,0.02,0.18
2016.02.04 13:52:37.503,0.14839,0.14869,0.02,0.15
2016.02.04 13:52:37.911,0.14841,0.14871,0.02,0.02
2016.02.04 13:52:38.012,0.14838,0.14868,0.02,0.14
2016.02.04 13:52:38.078,0.14837,0.14867,0.02,0.02
2016.02.04 13:52:38.581,0.14838,0.14868,0.02,0.02
2016.02.04 13:52:39.166,0.14839,0.14869,0.02,0.19
2016.02.04 13:52:39.267,0.14838,0.14868,0.02,0.02
2016.02.04 13:52:39.692,0.14839,0.14869,0.02,0.20
2016.02.04 13:52:40.028,0.14837,0.14867,0.02,0.08
2016.02.04 13:52:41.327,0.14837,0.14867,0.02,0.08
2016.02.04 13:52:41.428,0.14839,0.14869,0.02,0.20
2016.02.04 13:52:42.089,0.14841,0.14871,0.02,0.22
2016.02.04 13:52:42.625,0.14841,0.14871,0.02,0.02
2016.02.04 13:52:43.377,0.14843,0.14873,0.02,0.02
2016.02.04 13:52:45.432,0.14844,0.14874,0.02,0.20
2016.02.04 13:52:45.736,0.14843,0.14873,0.02,0.02
2016.02.04 13:52:48.357,0.14841,0.14871,0.02,0.02
2016.02.04 13:52:49.167,0.14839,0.14869,0.02,0.02
2016.02.04 13:52:49.268,0.14838,0.14868,0.02,0.02
2016.02.04 13:52:49.700,0.14837,0.14867,0.02,0.02
2016.02.04 13:52:49.751,0.14839,0.14869,0.02,0.15
2016.02.04 13:52:49.902,0.1484,0.1487,0.02,0.20
2016.02.04 13:52:50.053,0.14836,0.14866,0.02,0.11
2016.02.04 13:52:50.776,0.14837,0.14867,0.02,0.19
2016.02.04 13:52:51.257,0.14839,0.14869,0.02,0.21
2016.02.04 13:52:51.308,0.14841,0.14871,0.02,0.03
2016.02.04 13:52:51.848,0.14844,0.14874,0.02,0.16
2016.02.04 13:52:51.898,0.14842,0.14872,0.02,0.16
2016.02.04 13:52:52.211,0.14843,0.14873,0.02,0.04
2016.02.04 13:52:54.102,0.14845,0.14875,0.02,0.21
2016.02.04 13:52:55.616,0.14839,0.14869,0.02,0.02
2016.02.04 13:52:55.927,0.14837,0.14867,0.02,0.07
2016.02.04 13:52:57.297,0.14839,0.14869,0.02,0.20
2016.02.04 13:52:57.854,0.14839,0.14869,0.02,0.02
2016.02.04 13:52:58.612,0.1484,0.1487,0.02,0.19
2016.02.04 13:52:58.844,0.14841,0.14871,0.02,0.02
2016.02.04 13:52:59.615,0.14844,0.14874,0.02,0.21
2016.02.04 13:52:59.693,0.14843,0.14873,0.04,0.02
2016.02.04 13:52:59.953,0.14844,0.14874,0.02,0.21
2016.02.04 13:53:00.287,0.14848,0.14878,0.02,0.17
2016.02.04 13:53:00.388,0.14851,0.14881,0.02,0.04
2016.02.04 13:53:00.981,0.14852,0.14882,0.02,0.02
2016.02.04 13:53:02.467,0.1485,0.1488,0.02,0.02
2016.02.04 13:53:03.576,0.14846,0.14876,0.02,0.01
2016.02.04 13:53:03.677,0.14845,0.14875,0.04,0.02
2016.02.04 13:53:03.778,0.14844,0.14874,0.02,0.02
2016.02.04 13:53:04.390,0.14844,0.14874,0.02,0.20
2016.02.04 13:53:04.730,0.14842,0.14872,0.02,0.02
2016.02.04 13:53:04.903,0.14847,0.14877,0.02,0.23
2016.02.04 13:53:05.442,0.14845,0.14875,0.02,0.24
2016.02.04 13:53:05.616,0.14849,0.14879,0.02,0.19
2016.02.04 13:53:05.782,0.14848,0.14878,0.02,0.19
2016.02.04 13:53:05.883,0.14849,0.14879,0.02,0.23
2016.02.04 13:53:05.934,0.14845,0.14875,0.02,0.19
2016.02.04 13:53:05.987,0.14847,0.14877,0.02,0.09
2016.02.04 13:53:06.088,0.14848,0.14878,0.02,0.23
2016.02.04 13:53:06.488,0.14842,0.14872,0.02,0.21
2016.02.04 13:53:06.538,0.14842,0.14872,0.02,0.21
2016.02.04 13:53:06.589,0.14845,0.14875,0.02,0.04
2016.02.04 13:53:06.758,0.14845,0.14875,0.02,0.02
2016.02.04 13:53:07.368,0.14846,0.14876,0.02,0.02
2016.02.04 13:53:18.848,0.14845,0.14875,0.02,0.02
2016.02.04 13:53:19.054,0.14841,0.14871,0.02,0.13
2016.02.04 13:53:23.707,0.14841,0.14871,0.02,0.05
2016.02.04 13:53:24.229,0.14841,0.14871,0.02,0.19
2016.02.04 13:53:24.760,0.14842,0.14872,0.02,0.02
2016.02.04 13:53:25.649,0.14843,0.14873,0.02,0.14
2016.02.04 13:53:25.699,0.14845,0.14875,0.02,0.02
2016.02.04 13:53:25.868,0.14849,0.14879,0.02,0.20
2016.02.04 13:53:27.757,0.14845,0.14875,0.19,0.02
2016.02.04 13:53:28.091,0.14847,0.14877,0.02,0.18
2016.02.04 13:53:29.305,0.14845,0.14875,0.02,0.02
2016.02.04 13:53:32.162,0.14844,0.14874,0.02,0.10
2016.02.04 13:53:32.619,0.14845,0.14875,0.02,0.02
2016.02.04 13:53:34.810,0.14844,0.14874,0.02,0.02
2016.02.04 13:53:35.112,0.14846,0.14876,0.02,0.20
2016.02.04 13:53:35.997,0.14842,0.14872,0.02,0.02
2016.02.04 13:53:36.047,0.14834,0.14864,0.23,0.01
2016.02.04 13:53:36.098,0.14835,0.14865,0.02,0.04
2016.02.04 13:53:38.230,0.14832,0.14862,0.02,0.08
2016.02.04 13:53:38.848,0.14832,0.14863,0.02,0.02
2016.02.04 13:53:39.762,0.14832,0.14864,0.23,0.17
2016.02.04 13:53:39.817,0.14835,0.14869,0.20,0.22
2016.02.04 13:53:39.918,0.14834,0.14864,0.02,0.18
2016.02.04 13:53:39.969,0.14833,0.14863,0.02,0.02
2016.02.04 13:53:41.034,0.14832,0.14862,0.02,0.05
2016.02.04 13:53:42.407,0.1483,0.1486,0.02,0.02
2016.02.04 13:53:43.529,0.1483,0.14861,0.02,0.22
2016.02.04 13:53:46.085,0.14832,0.14862,0.02,0.16
2016.02.04 13:53:46.602,0.14833,0.14863,0.02,0.02
2016.02.04 13:53:47.326,0.14832,0.14862,0.04,0.02
2016.02.04 13:53:47.628,0.14834,0.14864,0.02,0.20
2016.02.04 13:53:49.577,0.14831,0.14861,0.02,0.20
2016.02.04 13:53:49.628,0.1483,0.1486,0.02,0.02
2016.02.04 13:53:49.890,0.14831,0.14861,0.02,0.02
2016.02.04 13:53:50.197,0.14829,0.14859,0.04,0.02
2016.02.04 13:53:50.550,0.14831,0.14861,0.02,0.02
2016.02.04 13:53:51.212,0.14828,0.14858,0.02,0.14
2016.02.04 13:53:51.414,0.14822,0.14852,0.02,0.02
2016.02.04 13:53:52.414,0.14827,0.14857,0.02,0.21
2016.02.04 13:53:52.515,0.14826,0.14856,0.02,0.02
2016.02.04 13:53:52.645,0.14828,0.14858,0.02,0.02
2016.02.04 13:53:56.659,0.14827,0.14857,0.02,0.22
2016.02.04 13:53:57.430,0.14826,0.14856,0.02,0.02
2016.02.04 13:53:57.567,0.14825,0.14855,0.02,0.02
2016.02.04 13:53:58.076,0.14822,0.14852,0.24,0.02
2016.02.04 13:53:58.127,0.14825,0.14855,0.02,0.02
2016.02.04 13:53:58.328,0.14824,0.14854,0.02,0.02
2016.02.04 13:53:58.670,0.14824,0.14854,0.02,0.02
2016.02.04 13:53:58.883,0.14825,0.14855,0.02,0.26
2016.02.04 13:54:00.787,0.14824,0.14854,0.02,0.02
2016.02.04 13:54:01.144,0.14822,0.14852,0.17,0.02
2016.02.04 13:54:01.484,0.14824,0.14854,0.02,0.02
2016.02.04 13:54:01.635,0.14827,0.14857,0.02,0.02
2016.02.04 13:54:07.476,0.14826,0.14856,0.02,0.05
2016.02.04 13:54:07.576,0.14822,0.14852,0.02,0.02
2016.02.04 13:54:09.560,0.14822,0.14852,0.02,0.02
2016.02.04 13:54:13.611,0.1482,0.1485,0.02,0.02
2016.02.04 13:54:14.071,0.14819,0.14849,0.02,0.19
2016.02.04 13:54:14.300,0.14816,0.14846,0.02,0.08
2016.02.04 13:54:14.817,0.14817,0.14847,0.02,0.16
2016.02.04 13:54:16.912,0.14816,0.14846,0.02,0.15
2016.02.04 13:54:19.846,0.14819,0.14849,0.02,0.21
2016.02.04 13:54:22.206,0.14816,0.14846,0.02,0.19
2016.02.04 13:54:25.188,0.14814,0.14844,0.20,0.02
2016.02.04 13:54:25.299,0.14816,0.14846,0.02,0.21
2016.02.04 13:54:25.556,0.14815,0.14845,0.02,0.02
2016.02.04 13:54:25.608,0.14816,0.14846,0.02,0.22
2016.02.04 13:54:26.430,0.14817,0.14847,0.02,0.02
2016.02.04 13:54:29.451,0.14816,0.14846,0.02,0.02
2016.02.04 13:54:31.349,0.14811,0.14841,0.02,0.02
2016.02.04 13:54:31.990,0.14815,0.14845,0.02,0.22
2016.02.04 13:54:32.659,0.14812,0.14842,0.02,0.02
2016.02.04 13:54:34.864,0.14809,0.14839,0.19,0.02
2016.02.04 13:54:35.234,0.14807,0.14837,0.02,0.02
2016.02.04 13:54:36.754,0.1481,0.1484,0.02,0.19
2016.02.04 13:54:39.055,0.14805,0.14835,0.02,0.02
2016.02.04 13:54:39.258,0.14804,0.14834,0.02,0.02
2016.02.04 13:54:39.926,0.14805,0.14835,0.02,0.12
2016.02.04 13:54:40.663,0.14806,0.14836,0.02,0.02
2016.02.04 13:54:45.273,0.14808,0.14838,0.02,0.02
2016.02.04 13:54:45.324,0.14812,0.14842,0.02,0.02
2016.02.04 13:54:46.212,0.14812,0.14842,0.02,0.02
2016.02.04 13:54:46.516,0.14815,0.14845,0.02,0.10
2016.02.04 13:54:47.076,0.14819,0.14849,0.02,0.26
2016.02.04 13:54:53.052,0.14819,0.14849,0.02,0.02
2016.02.04 13:54:54.853,0.14818,0.14848,0.02,0.18
2016.02.04 13:54:54.903,0.1482,0.1485,0.02,0.20
2016.02.04 13:54:54.954,0.14816,0.14846,0.02,0.13
2016.02.04 13:54:55.454,0.1482,0.1485,0.02,0.19
2016.02.04 13:54:59.604,0.14816,0.14846,0.02,0.23
2016.02.04 13:55:00.327,0.14817,0.14847,0.02,0.22
2016.02.04 13:55:00.851,0.14816,0.14846,0.02,0.02
2016.02.04 13:55:07.649,0.14815,0.14845,0.02,0.07
2016.02.04 13:55:07.746,0.14816,0.14846,0.02,0.21
2016.02.04 13:55:08.252,0.14811,0.14841,0.02,0.16
2016.02.04 13:55:08.837,0.1481,0.1484,0.02,0.07
2016.02.04 13:55:12.476,0.1481,0.1484,0.02,0.07
2016.02.04 13:55:21.969,0.1481,0.1484,0.02,0.02
2016.02.04 13:55:24.553,0.14811,0.14841,0.02,0.02
2016.02.04 13:55:26.360,0.14811,0.14841,0.04,0.02
2016.02.04 13:55:26.411,0.14813,0.14843,0.02,0.04
2016.02.04 13:55:26.462,0.14813,0.14843,0.02,0.04
2016.02.04 13:55:26.512,0.14815,0.14845,0.02,0.02
2016.02.04 13:55:27.261,0.14816,0.14846,0.02,0.02
2016.02.04 13:55:27.362,0.14818,0.14848,0.02,0.18
2016.02.04 13:55:27.654,0.14821,0.14851,0.02,0.02
2016.02.04 13:55:30.626,0.14822,0.14852,0.02,0.21
2016.02.04 13:55:30.935,0.14825,0.14855,0.02,0.14
2016.02.04 13:55:31.464,0.1483,0.1486,0.02,0.24
2016.02.04 13:55:31.986,0.14825,0.14856,0.02,0.22
2016.02.04 13:55:32.581,0.14826,0.14856,0.02,0.04
2016.02.04 13:55:32.749,0.14829,0.14859,0.02,0.02
2016.02.04 13:55:32.836,0.14831,0.14861,0.02,0.08
2016.02.04 13:55:33.939,0.1483,0.1486,0.02,0.02
2016.02.04 13:55:34.404,0.1483,0.1486,0.02,0.04
2016.02.04 13:55:34.573,0.14825,0.14855,0.02,0.05
2016.02.04 13:55:35.119,0.14826,0.14856,0.02,0.02
2016.02.04 13:55:36.789,0.1483,0.1486,0.02,0.25
2016.02.04 13:55:37.041,0.14831,0.14861,0.02,0.02
2016.02.04 13:55:37.611,0.14836,0.14866,0.02,0.02
2016.02.04 13:55:38.777,0.14836,0.14866,0.02,0.02
2016.02.04 13:55:42.078,0.14831,0.14861,0.02,0.07
2016.02.04 13:55:42.504,0.14827,0.14857,0.02,0.02
2016.02.04 13:55:43.854,0.14829,0.14859,0.02,0.13
2016.02.04 13:55:44.056,0.14834,0.14864,0.02,0.18
2016.02.04 13:55:53.847,0.14831,0.14861,0.02,0.22
2016.02.04 13:55:55.354,0.1483,0.1486,0.02,0.02
2016.02.04 13:55:55.711,0.14834,0.14864,0.02,0.16
2016.02.04 13:55:56.166,0.14835,0.14865,0.02,0.07
2016.02.04 13:56:03.559,0.14837,0.14867,0.02,0.15
2016.02.04 13:56:05.492,0.14835,0.14865,0.02,0.22
2016.02.04 13:56:05.543,0.14836,0.14866,0.02,0.24
2016.02.04 13:56:05.689,0.1483,0.1486,0.02,0.21
2016.02.04 13:56:07.834,0.14831,0.14861,0.02,0.17
2016.02.04 13:56:08.928,0.14829,0.14859,0.02,0.02
2016.02.04 13:56:09.299,0.14827,0.14857,0.02,0.20
2016.02.04 13:56:10.006,0.14825,0.14855,0.02,0.23
2016.02.04 13:56:11.998,0.14825,0.14855,0.02,0.06
2016.02.04 13:56:12.246,0.14821,0.14851,0.02,0.23
2016.02.04 13:56:12.497,0.14823,0.14853,0.02,0.02
2016.02.04 13:56:13.080,0.1482,0.1485,0.02,0.21
2016.02.04 13:56:13.383,0.14824,0.14854,0.02,0.02
2016.02.04 13:56:13.434,0.14825,0.14855,0.02,0.20
2016.02.04 13:56:13.585,0.1482,0.1485,0.02,0.19
2016.02.04 13:56:15.746,0.1482,0.1485,0.02,0.20
2016.02.04 13:56:16.475,0.14821,0.14851,0.02,0.16
2016.02.04 13:56:16.525,0.1482,0.1485,0.02,0.02
2016.02.04 13:56:16.951,0.1482,0.1485,0.02,0.20
2016.02.04 13:56:17.424,0.14819,0.14849,0.02,0.16
2016.02.04 13:56:17.626,0.1482,0.1485,0.02,0.20
2016.02.04 13:56:19.408,0.14816,0.14846,0.02,0.06
2016.02.04 13:56:22.553,0.14815,0.14845,0.02,0.05
2016.02.04 13:56:24.072,0.14814,0.14844,0.02,0.21
2016.02.04 13:56:24.122,0.14818,0.14848,0.02,0.23
2016.02.04 13:56:24.173,0.14811,0.14841,0.02,0.04
2016.02.04 13:56:24.278,0.14811,0.14841,0.02,0.18
2016.02.04 13:56:25.258,0.1481,0.1484,0.02,0.10
2016.02.04 13:56:25.786,0.14815,0.14845,0.02,0.21
2016.02.04 13:56:26.255,0.14815,0.14845,0.02,0.24
2016.02.04 13:56:26.885,0.14814,0.14844,0.02,0.21
2016.02.04 13:56:26.986,0.14815,0.14845,0.02,0.02
2016.02.04 13:56:27.187,0.1481,0.1484,0.02,0.13
2016.02.04 13:56:27.508,0.14814,0.14844,0.02,0.02
2016.02.04 13:56:30.180,0.14814,0.14844,0.02,0.23
2016.02.04 13:56:30.402,0.14811,0.14841,0.02,0.17
2016.02.04 13:56:31.117,0.14814,0.14844,0.02,0.27
2016.02.04 13:56:31.727,0.14811,0.14841,0.02,0.02
2016.02.04 13:56:31.834,0.14815,0.14845,0.02,0.22
2016.02.04 13:56:32.021,0.14815,0.14845,0.02,0.02
2016.02.04 13:56:34.421,0.1482,0.1485,0.02,0.24
2016.02.04 13:56:35.771,0.14816,0.14846,0.02,0.20
2016.02.04 13:56:35.878,0.14818,0.14848,0.02,0.16
2016.02.04 13:56:35.979,0.14819,0.14849,0.02,0.14
2016.02.04 13:56:36.509,0.1482,0.1485,0.02,0.11
2016.02.04 13:56:36.695,0.14824,0.14854,0.02,0.18
2016.02.04 13:56:38.199,0.14823,0.14853,0.02,0.19
2016.02.04 13:56:38.477,0.14822,0.14852,0.02,0.02
2016.02.04 13:56:52.225,0.14821,0.14851,0.02,0.11
2016.02.04 13:56:52.887,0.14826,0.14856,0.02,0.20
2016.02.04 13:56:55.121,0.14821,0.14851,0.02,0.14
2016.02.04 13:56:56.645,0.14821,0.14851,0.02,0.14
2016.02.04 13:56:56.746,0.14824,0.14854,0.02,0.18
2016.02.04 13:56:57.904,0.14824,0.14854,0.02,0.18
2016.02.04 13:56:58.119,0.14829,0.14859,0.02,0.22
2016.02.04 13:56:58.750,0.14827,0.14857,0.02,0.21
2016.02.04 13:56:59.547,0.14828,0.14858,0.02,0.16
2016.02.04 13:57:00.104,0.14826,0.14856,0.21,0.02
2016.02.04 13:57:00.856,0.14828,0.14858,0.02,0.02
2016.02.04 13:57:02.059,0.14829,0.14859,0.02,0.04
2016.02.04 13:57:02.405,0.1483,0.1486,0.02,0.06
2016.02.04 13:57:03.026,0.14835,0.14865,0.02,0.20
2016.02.04 13:57:04.365,0.1483,0.1486,0.02,0.12
2016.02.04 13:57:08.447,0.14835,0.14865,0.02,0.17
2016.02.04 13:57:13.016,0.1483,0.1486,0.02,0.17
2016.02.04 13:57:14.684,0.14832,0.14862,0.02,0.23
2016.02.04 13:57:17.727,0.1483,0.1486,0.02,0.06
2016.02.04 13:57:18.245,0.14832,0.14862,0.02,0.09
2016.02.04 13:57:18.839,0.14834,0.14864,0.02,0.02
2016.02.04 13:57:20.550,0.14834,0.14864,0.02,0.10
2016.02.04 13:57:20.651,0.14837,0.14867,0.02,0.11
2016.02.04 13:57:22.231,0.14838,0.14868,0.02,0.21
2016.02.04 13:57:23.089,0.14836,0.14866,0.02,0.02
2016.02.04 13:57:24.390,0.14834,0.14864,0.02,0.02
2016.02.04 13:57:24.643,0.14835,0.14865,0.02,0.23
2016.02.04 13:57:24.845,0.14831,0.14861,0.02,0.16
2016.02.04 13:57:25.133,0.14834,0.14864,0.02,0.15
2016.02.04 13:57:28.175,0.14836,0.14866,0.02,0.02
2016.02.04 13:57:30.787,0.14839,0.14869,0.02,0.14
2016.02.04 13:57:30.989,0.1484,0.1487,0.02,0.20
2016.02.04 13:57:31.089,0.1484,0.1487,0.02,0.23
2016.02.04 13:57:31.190,0.14836,0.14866,0.06,0.15
2016.02.04 13:57:31.692,0.14837,0.14867,0.02,0.10
2016.02.04 13:57:32.737,0.14837,0.14867,0.02,0.10
2016.02.04 13:57:32.787,0.14839,0.14869,0.02,0.04
2016.02.04 13:57:32.838,0.14837,0.14867,0.02,0.02
2016.02.04 13:57:35.144,0.14838,0.14868,0.02,0.16
2016.02.04 13:57:35.364,0.1484,0.1487,0.02,0.22
2016.02.04 13:57:35.516,0.14836,0.14866,0.02,0.02
2016.02.04 13:57:35.841,0.14838,0.14868,0.02,0.19
2016.02.04 13:57:36.165,0.1484,0.1487,0.02,0.20
2016.02.04 13:57:36.700,0.14841,0.14871,0.02,0.02
2016.02.04 13:57:44.630,0.1484,0.1487,0.02,0.17
2016.02.04 13:57:47.777,0.14842,0.14872,0.02,0.13
2016.02.04 13:57:53.101,0.14842,0.14872,0.02,0.02
2016.02.04 13:58:00.252,0.14843,0.14873,0.02,0.19
2016.02.04 13:58:00.699,0.14843,0.14873,0.02,0.19
2016.02.04 13:58:01.418,0.14841,0.14871,0.02,0.07
2016.02.04 13:58:04.543,0.14842,0.14872,0.02,0.21
2016.02.04 13:58:07.061,0.14843,0.14873,0.02,0.16
2016.02.04 13:58:07.569,0.14842,0.14872,0.02,0.02
2016.02.04 13:58:08.063,0.14845,0.14875,0.02,0.22
2016.02.04 13:58:09.051,0.14844,0.14874,0.02,0.10
2016.02.04 13:58:10.151,0.14842,0.14872,0.02,0.02
2016.02.04 13:58:12.203,0.14844,0.14874,0.02,0.24
2016.02.04 13:58:12.877,0.14843,0.14873,0.02,0.02
2016.02.04 13:58:12.982,0.14845,0.14875,0.02,0.16
2016.02.04 13:58:13.932,0.14846,0.14876,0.02,0.02
2016.02.04 13:58:14.835,0.14845,0.14877,0.02,0.21
2016.02.04 13:58:16.689,0.14846,0.14876,0.02,0.20
2016.02.04 13:58:18.389,0.14845,0.14875,0.02,0.22
2016.02.04 13:58:20.478,0.14846,0.14877,0.02,0.22
2016.02.04 13:58:21.453,0.14845,0.14875,0.02,0.11
2016.02.04 13:58:22.405,0.14846,0.14876,0.02,0.19
2016.02.04 13:58:24.362,0.14846,0.14877,0.02,0.02
2016.02.04 13:58:24.874,0.14845,0.14877,0.07,0.23
2016.02.04 13:58:26.101,0.14845,0.14878,0.02,0.11
2016.02.04 13:58:26.152,0.14848,0.14878,0.02,0.10
2016.02.04 13:58:26.711,0.14847,0.14877,0.02,0.02
2016.02.04 13:58:27.493,0.14849,0.14879,0.02,0.24
2016.02.04 13:58:28.080,0.14851,0.14881,0.02,0.23
2016.02.04 13:58:28.383,0.14846,0.14876,0.02,0.02
2016.02.04 13:58:28.584,0.14849,0.14879,0.02,0.16
2016.02.04 13:58:28.785,0.14851,0.14881,0.02,0.24
2016.02.04 13:58:29.163,0.14849,0.14879,0.02,0.02
2016.02.04 13:58:29.465,0.14851,0.14881,0.02,0.24
2016.02.04 13:58:31.526,0.14855,0.14885,0.02,0.21
2016.02.04 13:58:32.283,0.14854,0.14884,0.02,0.17
2016.02.04 13:58:32.591,0.14851,0.14881,0.02,0.16
2016.02.04 13:58:34.705,0.14852,0.14882,0.02,0.02
2016.02.04 13:58:37.139,0.14854,0.14884,0.02,0.10
2016.02.04 13:58:37.487,0.14852,0.14882,0.02,0.02
2016.02.04 13:58:41.853,0.14852,0.14882,0.02,0.02
2016.02.04 13:58:49.705,0.14853,0.14883,0.02,0.13
2016.02.04 13:58:51.243,0.14852,0.14882,0.02,0.17
2016.02.04 13:58:53.451,0.1485,0.1488,0.02,0.01
2016.02.04 13:58:54.264,0.14846,0.14876,0.02,0.10
2016.02.04 13:58:55.235,0.14845,0.14875,0.02,0.21
2016.02.04 13:58:55.286,0.14844,0.14874,0.02,0.02
2016.02.04 13:58:55.437,0.14842,0.14872,0.02,0.19
2016.02.04 13:58:55.538,0.14841,0.14871,0.02,0.17
2016.02.04 13:58:57.133,0.14842,0.14872,0.02,0.02
2016.02.04 13:58:57.299,0.14844,0.14874,0.02,0.14
2016.02.04 13:58:57.509,0.14842,0.14872,0.02,0.02
2016.02.04 13:58:59.940,0.14842,0.14872,0.02,0.18
2016.02.04 13:59:00.047,0.14844,0.14874,0.02,0.19
2016.02.04 13:59:00.147,0.14845,0.14875,0.02,0.25
2016.02.04 13:59:00.446,0.14843,0.14873,0.02,0.18
2016.02.04 13:59:00.802,0.14842,0.14872,0.02,0.02
2016.02.04 13:59:00.930,0.14843,0.14873,0.02,0.18
2016.02.04 13:59:01.132,0.14842,0.14872,0.02,0.02
2016.02.04 13:59:02.152,0.14841,0.14871,0.02,0.10
2016.02.04 13:59:02.683,0.14842,0.14872,0.02,0.02
2016.02.04 13:59:03.161,0.14844,0.14874,0.02,0.21
2016.02.04 13:59:03.634,0.14843,0.14873,0.02,0.02
2016.02.04 13:59:03.852,0.14846,0.14876,0.02,0.15
2016.02.04 13:59:05.933,0.14845,0.14875,0.02,0.16
2016.02.04 13:59:06.235,0.14842,0.14872,0.02,0.19
2016.02.04 13:59:06.285,0.14841,0.14871,0.02,0.17
2016.02.04 13:59:07.087,0.14842,0.14872,0.02,0.21
2016.02.04 13:59:07.697,0.14843,0.14873,0.02,0.07
2016.02.04 13:59:07.748,0.14843,0.14873,0.02,0.05
2016.02.04 13:59:07.872,0.14842,0.14872,0.02,0.12
2016.02.04 13:59:08.294,0.14841,0.14871,0.02,0.21
2016.02.04 13:59:08.345,0.14844,0.14874,0.02,0.07
2016.02.04 13:59:08.600,0.14842,0.14872,0.02,0.02
2016.02.04 13:59:09.130,0.14841,0.14871,0.02,0.02
2016.02.04 13:59:09.688,0.14842,0.14872,0.02,0.13
2016.02.04 13:59:10.205,0.14841,0.14871,0.02,0.13
2016.02.04 13:59:10.701,0.14843,0.14873,0.02,0.20
2016.02.04 13:59:10.859,0.14848,0.14878,0.02,0.21
2016.02.04 13:59:11.011,0.14844,0.14874,0.02,0.02
2016.02.04 13:59:12.220,0.14848,0.14878,0.02,0.20
2016.02.04 13:59:12.421,0.14841,0.14871,0.02,0.12
2016.02.04 13:59:12.472,0.14841,0.14871,0.02,0.12
2016.02.04 13:59:13.143,0.14846,0.14876,0.02,0.20
2016.02.04 13:59:13.705,0.14842,0.14872,0.02,0.05
2016.02.04 13:59:14.530,0.14842,0.14872,0.02,0.02
2016.02.04 13:59:16.407,0.14842,0.14872,0.02,0.23
2016.02.04 13:59:16.613,0.14842,0.14872,0.02,0.02
2016.02.04 13:59:17.171,0.14841,0.14871,0.02,0.12
2016.02.04 13:59:17.581,0.14838,0.14868,0.02,0.02
2016.02.04 13:59:17.631,0.14837,0.14867,0.02,0.02
2016.02.04 13:59:17.871,0.14841,0.14871,0.02,0.24
2016.02.04 13:59:18.711,0.14841,0.14871,0.02,0.20
2016.02.04 13:59:19.338,0.14842,0.14872,0.02,0.21
2016.02.04 13:59:20.192,0.14841,0.14871,0.02,0.07
2016.02.04 13:59:21.932,0.1484,0.1487,0.02,0.21
2016.02.04 13:59:21.983,0.14838,0.14868,0.02,0.02
2016.02.04 13:59:22.033,0.14838,0.14868,0.02,0.04
2016.02.04 13:59:22.084,0.14836,0.14866,0.02,0.18
2016.02.04 13:59:22.781,0.14837,0.14867,0.02,0.22
2016.02.04 13:59:24.527,0.1484,0.1487,0.02,0.20
2016.02.04 13:59:25.530,0.14837,0.14867,0.02,0.10
2016.02.04 13:59:26.055,0.1484,0.1487,0.02,0.26
2016.02.04 13:59:26.451,0.14839,0.14869,0.02,0.10
2016.02.04 13:59:26.755,0.1484,0.1487,0.02,0.20
2016.02.04 13:59:27.001,0.14838,0.14868,0.02,0.02
2016.02.04 13:59:27.052,0.14836,0.14866,0.02,0.02
2016.02.04 13:59:29.588,0.1484,0.1487,0.02,0.22
2016.02.04 13:59:29.672,0.14836,0.14866,0.02,0.17
2016.02.04 13:59:32.037,0.1484,0.1487,0.02,0.22
2016.02.04 13:59:33.993,0.14838,0.14868,0.02,0.20
2016.02.04 13:59:34.144,0.1484,0.1487,0.02,0.18
2016.02.04 13:59:34.243,0.14842,0.14872,0.02,0.16
2016.02.04 13:59:36.549,0.1484,0.1487,0.02,0.13
2016.02.04 13:59:36.963,0.14839,0.14869,0.02,0.02
2016.02.04 13:59:37.101,0.14841,0.14871,0.02,0.20
2016.02.04 13:59:37.454,0.14839,0.14869,0.02,0.02
2016.02.04 13:59:37.984,0.1484,0.1487,0.02,0.18
2016.02.04 13:59:38.205,0.1484,0.1487,0.02,0.09
2016.02.04 13:59:38.410,0.14839,0.14869,0.02,0.02
2016.02.04 13:59:38.534,0.14841,0.14871,0.02,0.21
2016.02.04 13:59:39.058,0.14841,0.14871,0.02,0.16
2016.02.04 13:59:39.743,0.14843,0.14873,0.02,0.14
2016.02.04 13:59:39.944,0.14842,0.14872,0.02,0.02
2016.02.04 13:59:40.507,0.14841,0.14871,0.02,0.08
2016.02.04 13:59:41.558,0.14845,0.14875,0.02,0.19
2016.02.04 13:59:44.057,0.14842,0.14872,0.02,0.19
2016.02.04 13:59:47.665,0.14841,0.14871,0.02,0.16
2016.02.04 13:59:49.941,0.14842,0.14872,0.02,0.19
2016.02.04 13:59:50.041,0.14838,0.14868,0.02,0.16
2016.02.04 13:59:50.092,0.1484,0.1487,0.02,0.18
2016.02.04 13:59:50.662,0.14837,0.14867,0.02,0.15
2016.02.04 13:59:51.811,0.14837,0.14867,0.02,0.26
2016.02.04 13:59:51.968,0.14837,0.14867,0.16,0.02
2016.02.04 13:59:54.120,0.14837,0.14867,0.02,0.18
2016.02.04 13:59:54.221,0.14839,0.14869,0.02,0.23
2016.02.04 13:59:54.722,0.14839,0.14869,0.02,0.02
2016.02.04 13:59:54.891,0.14839,0.14869,0.02,0.02
2016.02.04 13:59:55.841,0.14842,0.14872,0.02,0.21
2016.02.04 13:59:55.941,0.14841,0.14871,0.02,0.02
2016.02.04 13:59:56.096,0.14838,0.14868,0.02,0.08
2016.02.04 13:59:56.988,0.14838,0.14868,0.02,0.10
2016.02.04 13:59:58.081,0.14839,0.14869,0.02,0.02
2016.02.04 13:59:58.637,0.14839,0.14869,0.02,0.08
