2016.05.16 01:00:00.159,0.171,0.1713,0.08,0.16
2016.05.16 01:00:00.210,0.17096,0.17126,0.18,0.23
2016.05.16 01:00:00.621,0.17094,0.17125,0.02,0.18
2016.05.16 01:00:01.051,0.17096,0.17126,0.24,0.19
2016.05.16 01:00:01.112,0.17098,0.17128,0.19,0.22
2016.05.16 01:00:01.630,0.171,0.1713,0.21,0.22
2016.05.16 01:00:01.731,0.17099,0.17129,0.02,0.22
2016.05.16 01:00:02.094,0.17101,0.17131,0.02,0.21
2016.05.16 01:00:02.748,0.171,0.1713,0.08,0.19
2016.05.16 01:00:03.156,0.17096,0.17126,0.01,0.16
2016.05.16 01:00:03.637,0.17094,0.17125,0.02,0.22
2016.05.16 01:00:03.973,0.17096,0.17126,0.19,0.19
2016.05.16 01:00:04.024,0.17098,0.17129,0.03,0.24
2016.05.16 01:00:04.440,0.17096,0.17126,0.22,0.19
2016.05.16 01:00:04.758,0.17097,0.17127,0.01,0.24
2016.05.16 01:00:05.008,0.17095,0.17125,0.02,0.22
2016.05.16 01:00:05.291,0.17093,0.17123,0.01,0.25
2016.05.16 01:00:05.425,0.17095,0.17125,0.20,0.26
2016.05.16 01:00:05.526,0.17091,0.17121,0.23,0.18
2016.05.16 01:00:06.078,0.17094,0.17124,0.14,0.17
2016.05.16 01:00:06.853,0.1709,0.1712,0.26,0.16
2016.05.16 01:00:07.399,0.17093,0.17123,0.18,0.20
2016.05.16 01:00:07.732,0.17097,0.17127,0.24,0.15
2016.05.16 01:00:08.374,0.17098,0.17128,0.15,0.17
2016.05.16 01:00:08.865,0.17096,0.17126,0.22,0.18
2016.05.16 01:00:09.695,0.17095,0.17125,0.23,0.09
2016.05.16 01:00:10.569,0.17099,0.17129,0.02,0.22
2016.05.16 01:00:11.140,0.17096,0.17126,0.21,0.17
2016.05.16 01:00:13.868,0.171,0.1713,0.16,0.21
2016.05.16 01:00:14.326,0.17095,0.17125,0.23,0.06
2016.05.16 01:00:16.177,0.17099,0.17129,0.16,0.22
2016.05.16 01:00:17.151,0.171,0.1713,0.25,0.23
2016.05.16 01:00:17.881,0.17101,0.17131,0.14,0.21
2016.05.16 01:00:18.624,0.171,0.1713,0.18,0.16
2016.05.16 01:00:19.261,0.17101,0.17131,0.14,0.20
2016.05.16 01:00:19.361,0.17103,0.17133,0.17,0.18
2016.05.16 01:00:19.672,0.17102,0.17132,0.01,0.21
2016.05.16 01:00:20.738,0.171,0.1713,0.20,0.21
2016.05.16 01:00:22.168,0.17103,0.17133,0.02,0.22
2016.05.16 01:00:22.392,0.17104,0.17134,0.19,0.19
2016.05.16 01:00:22.893,0.17105,0.17135,0.22,0.19
2016.05.16 01:00:28.081,0.17101,0.17131,0.28,0.06
2016.05.16 01:00:28.436,0.17105,0.17135,0.24,0.14
2016.05.16 01:00:33.832,0.17101,0.17131,0.32,0.12
2016.05.16 01:00:34.135,0.17105,0.17135,0.15,0.19
2016.05.16 01:00:35.515,0.17101,0.17131,0.23,0.16
2016.05.16 01:00:36.280,0.171,0.1713,0.20,0.16
2016.05.16 01:00:36.794,0.17101,0.17131,0.13,0.23
2016.05.16 01:00:36.988,0.17098,0.17128,0.19,0.04
2016.05.16 01:00:37.049,0.17095,0.17125,0.23,0.18
2016.05.16 01:00:37.643,0.17097,0.17127,0.21,0.24
2016.05.16 01:00:38.325,0.17096,0.17126,0.17,0.20
2016.05.16 01:00:38.877,0.17097,0.17127,0.01,0.21
2016.05.16 01:00:39.781,0.17095,0.17125,0.20,0.25
2016.05.16 01:00:39.832,0.17091,0.17121,0.22,0.15
2016.05.16 01:00:40.283,0.17095,0.17125,0.21,0.19
2016.05.16 01:00:40.687,0.17097,0.17127,0.22,0.16
2016.05.16 01:00:41.014,0.17099,0.17129,0.19,0.16
2016.05.16 01:00:42.312,0.17098,0.17128,0.02,0.21
2016.05.16 01:00:43.329,0.17099,0.17129,0.24,0.20
2016.05.16 01:00:43.655,0.17101,0.17131,0.12,0.19
2016.05.16 01:00:45.708,0.17102,0.17132,0.08,0.19
2016.05.16 01:00:46.296,0.17103,0.17133,0.24,0.21
2016.05.16 01:00:52.768,0.17104,0.17134,0.21,0.14
2016.05.16 01:00:53.110,0.17103,0.17134,0.16,0.21
2016.05.16 01:00:53.654,0.17104,0.17134,0.02,0.14
2016.05.16 01:00:54.764,0.17105,0.17135,0.10,0.18
2016.05.16 01:00:55.065,0.17104,0.17134,0.02,0.24
2016.05.16 01:00:57.356,0.17105,0.17135,0.23,0.16
2016.05.16 01:00:58.572,0.17104,0.17134,0.02,0.20
2016.05.16 01:00:58.974,0.17105,0.17136,0.02,0.22
2016.05.16 01:01:00.344,0.17105,0.17135,0.14,0.18
2016.05.16 01:01:02.542,0.17101,0.17131,0.22,0.05
2016.05.16 01:01:03.266,0.17104,0.17134,0.25,0.24
2016.05.16 01:01:04.045,0.17106,0.17136,0.05,0.23
2016.05.16 01:01:14.162,0.17105,0.17135,0.19,0.16
2016.05.16 01:01:14.662,0.17101,0.17131,0.24,0.07
2016.05.16 01:01:15.263,0.17104,0.17134,0.22,0.24
2016.05.16 01:01:15.605,0.17106,0.17136,0.07,0.25
2016.05.16 01:01:19.878,0.17103,0.17134,0.22,0.19
2016.05.16 01:01:20.428,0.17103,0.17133,0.20,0.08
2016.05.16 01:01:20.933,0.17103,0.17133,0.08,0.22
2016.05.16 01:01:23.510,0.171,0.1713,0.23,0.19
2016.05.16 01:01:24.122,0.17101,0.17131,0.16,0.23
2016.05.16 01:01:29.708,0.17099,0.17129,0.02,0.20
2016.05.16 01:01:30.286,0.17099,0.17129,0.20,0.19
2016.05.16 01:01:30.937,0.17096,0.17126,0.21,0.20
2016.05.16 01:01:34.341,0.17095,0.17125,0.18,0.17
2016.05.16 01:01:34.644,0.17095,0.17125,0.17,0.21
2016.05.16 01:01:35.901,0.17094,0.17124,0.06,0.15
2016.05.16 01:01:36.483,0.17093,0.17123,0.26,0.21
2016.05.16 01:01:36.962,0.17089,0.17119,0.21,0.04
2016.05.16 01:01:37.012,0.17089,0.17119,0.02,0.20
2016.05.16 01:01:37.525,0.17088,0.17118,0.03,0.21
2016.05.16 01:01:38.300,0.1709,0.1712,0.21,0.24
2016.05.16 01:01:38.616,0.17086,0.17116,0.15,0.13
2016.05.16 01:01:39.001,0.17091,0.17121,0.22,0.22
2016.05.16 01:01:39.509,0.1709,0.1712,0.22,0.17
2016.05.16 01:01:40.303,0.17091,0.17121,0.05,0.21
2016.05.16 01:01:41.817,0.17089,0.17119,0.10,0.17
2016.05.16 01:01:45.230,0.17091,0.17121,0.05,0.24
2016.05.16 01:01:52.428,0.17089,0.17119,0.02,0.21
2016.05.16 01:01:53.343,0.17091,0.17121,0.06,0.23
2016.05.16 01:01:53.661,0.17089,0.17119,0.09,0.22
2016.05.16 01:01:54.331,0.17091,0.17121,0.08,0.23
2016.05.16 01:01:56.835,0.17089,0.17119,0.10,0.18
2016.05.16 01:01:58.338,0.17091,0.17121,0.08,0.18
2016.05.16 01:01:58.685,0.17089,0.17119,0.24,0.23
2016.05.16 01:01:59.044,0.17091,0.17121,0.18,0.22
2016.05.16 01:01:59.661,0.1709,0.1712,0.18,0.22
2016.05.16 01:02:00.394,0.17089,0.17119,0.14,0.24
2016.05.16 01:02:05.398,0.1709,0.1712,0.09,0.28
2016.05.16 01:02:05.852,0.17088,0.17118,0.16,0.21
2016.05.16 01:02:06.389,0.17085,0.17115,0.19,0.21
2016.05.16 01:02:07.900,0.17084,0.17114,0.02,0.19
2016.05.16 01:02:08.477,0.17083,0.17113,0.02,0.25
2016.05.16 01:02:09.275,0.17081,0.17111,0.29,0.05
2016.05.16 01:02:09.695,0.17086,0.17116,0.20,0.21
2016.05.16 01:02:10.460,0.17085,0.17115,0.19,0.18
2016.05.16 01:02:15.369,0.17086,0.17116,0.21,0.19
2016.05.16 01:02:16.279,0.17085,0.17115,0.18,0.16
2016.05.16 01:02:20.182,0.17086,0.17116,0.18,0.17
2016.05.16 01:02:22.423,0.17085,0.17115,0.24,0.18
2016.05.16 01:02:25.313,0.17086,0.17116,0.20,0.19
2016.05.16 01:02:30.805,0.17088,0.17118,0.19,0.28
2016.05.16 01:02:31.155,0.17091,0.17121,0.16,0.22
2016.05.16 01:02:31.619,0.17094,0.17124,0.18,0.20
2016.05.16 01:02:32.922,0.17096,0.17126,0.09,0.19
2016.05.16 01:02:33.246,0.17094,0.17124,0.18,0.23
2016.05.16 01:02:34.322,0.17096,0.17126,0.11,0.20
2016.05.16 01:02:35.323,0.17094,0.17124,0.17,0.22
2016.05.16 01:02:36.556,0.17096,0.17126,0.12,0.20
2016.05.16 01:02:36.916,0.17094,0.17124,0.21,0.21
2016.05.16 01:02:39.841,0.17096,0.17126,0.13,0.22
2016.05.16 01:02:40.292,0.17094,0.17124,0.18,0.24
2016.05.16 01:02:40.895,0.17094,0.17125,0.02,0.21
2016.05.16 01:02:41.829,0.17093,0.17123,0.18,0.26
2016.05.16 01:02:41.967,0.1709,0.1712,0.02,0.21
2016.05.16 01:02:44.225,0.17091,0.17121,0.23,0.23
2016.05.16 01:02:54.342,0.17092,0.17122,0.23,0.18
2016.05.16 01:02:54.443,0.17097,0.17127,0.06,0.19
2016.05.16 01:02:54.773,0.17097,0.17129,0.18,0.20
2016.05.16 01:02:54.875,0.17099,0.17129,0.08,0.19
2016.05.16 01:02:56.886,0.17099,0.17129,0.02,0.21
2016.05.16 01:02:57.411,0.171,0.1713,0.02,0.21
2016.05.16 01:03:00.248,0.171,0.1713,0.02,0.25
2016.05.16 01:03:01.300,0.17099,0.17129,0.23,0.19
2016.05.16 01:03:01.480,0.17097,0.17127,0.21,0.20
2016.05.16 01:03:03.613,0.17095,0.17125,0.18,0.19
2016.05.16 01:03:04.155,0.17094,0.17124,0.20,0.23
2016.05.16 01:03:04.896,0.17096,0.17126,0.22,0.24
2016.05.16 01:03:05.862,0.17095,0.17125,0.13,0.22
2016.05.16 01:03:06.249,0.17093,0.17123,0.01,0.27
2016.05.16 01:03:07.863,0.17093,0.17124,0.01,0.27
2016.05.16 01:03:08.064,0.17096,0.17126,0.19,0.20
2016.05.16 01:03:09.502,0.17094,0.17124,0.23,0.14
2016.05.16 01:03:09.908,0.17096,0.17126,0.19,0.17
2016.05.16 01:03:12.292,0.17094,0.17124,0.20,0.13
2016.05.16 01:03:12.851,0.17095,0.17125,0.07,0.23
2016.05.16 01:03:13.776,0.17096,0.17126,0.05,0.25
2016.05.16 01:03:13.877,0.17091,0.17121,0.21,0.20
2016.05.16 01:03:14.477,0.1709,0.1712,0.25,0.05
2016.05.16 01:03:15.004,0.17091,0.17121,0.13,0.20
2016.05.16 01:03:15.908,0.1709,0.1712,0.21,0.13
2016.05.16 01:03:16.570,0.17093,0.17123,0.23,0.20
2016.05.16 01:03:20.687,0.1709,0.1712,0.23,0.08
2016.05.16 01:03:29.927,0.17091,0.17121,0.12,0.23
2016.05.16 01:03:32.705,0.17093,0.17123,0.21,0.20
2016.05.16 01:03:39.863,0.17092,0.17122,0.18,0.18
2016.05.16 01:03:40.248,0.1709,0.1712,0.19,0.22
2016.05.16 01:03:40.879,0.17091,0.17121,0.10,0.21
2016.05.16 01:03:41.476,0.17092,0.17122,0.18,0.26
2016.05.16 01:03:41.852,0.17089,0.17119,0.17,0.19
2016.05.16 01:03:43.530,0.1709,0.1712,0.07,0.26
2016.05.16 01:03:50.433,0.17089,0.17119,0.17,0.24
2016.05.16 01:03:51.477,0.1709,0.1712,0.08,0.24
2016.05.16 01:03:53.786,0.17089,0.17119,0.19,0.18
2016.05.16 01:03:54.337,0.17088,0.17118,0.09,0.20
2016.05.16 01:03:54.905,0.17089,0.17119,0.13,0.15
2016.05.16 01:03:55.652,0.17085,0.17115,0.24,0.18
2016.05.16 01:04:03.374,0.17085,0.17115,0.21,0.21
2016.05.16 01:04:04.302,0.17084,0.17114,0.18,0.16
2016.05.16 01:04:04.662,0.17086,0.17116,0.07,0.23
2016.05.16 01:04:05.604,0.17084,0.17114,0.26,0.18
2016.05.16 01:04:06.140,0.17083,0.17113,0.16,0.23
2016.05.16 01:04:07.382,0.17082,0.17112,0.05,0.21
2016.05.16 01:04:09.286,0.17083,0.17113,0.14,0.23
2016.05.16 01:04:09.637,0.17086,0.17116,0.02,0.19
2016.05.16 01:04:09.788,0.17087,0.17117,0.19,0.22
2016.05.16 01:04:10.338,0.17086,0.17116,0.06,0.25
2016.05.16 01:04:10.862,0.17087,0.17117,0.05,0.22
2016.05.16 01:04:12.802,0.17089,0.17119,0.22,0.18
2016.05.16 01:04:13.129,0.17084,0.17114,0.19,0.17
2016.05.16 01:04:13.796,0.17085,0.17115,0.07,0.20
2016.05.16 01:04:14.394,0.17084,0.17114,0.21,0.14
2016.05.16 01:04:14.899,0.17086,0.17116,0.14,0.25
2016.05.16 01:04:15.403,0.17087,0.17117,0.22,0.26
2016.05.16 01:04:18.806,0.17088,0.17118,0.21,0.22
2016.05.16 01:04:19.169,0.17092,0.17122,0.05,0.23
2016.05.16 01:04:19.810,0.17091,0.17121,0.08,0.23
2016.05.16 01:04:20.426,0.17092,0.17122,0.06,0.23
2016.05.16 01:04:23.840,0.17093,0.17123,0.19,0.26
2016.05.16 01:04:24.624,0.17094,0.17124,0.02,0.22
2016.05.16 01:04:24.925,0.17096,0.17126,0.04,0.21
2016.05.16 01:04:25.345,0.17094,0.17124,0.08,0.24
2016.05.16 01:04:26.122,0.17093,0.17123,0.09,0.17
2016.05.16 01:04:26.732,0.17092,0.17122,0.21,0.16
2016.05.16 01:04:27.108,0.1709,0.1712,0.02,0.14
2016.05.16 01:04:27.735,0.17091,0.17121,0.14,0.21
2016.05.16 01:04:28.303,0.17092,0.17122,0.16,0.19
2016.05.16 01:04:28.941,0.17088,0.17118,0.08,0.21
2016.05.16 01:04:29.347,0.17092,0.17122,0.02,0.22
2016.05.16 01:04:37.732,0.17092,0.17123,0.02,0.17
2016.05.16 01:04:37.844,0.17094,0.17124,0.02,0.20
2016.05.16 01:04:37.971,0.17095,0.17126,0.02,0.23
2016.05.16 01:04:39.286,0.17095,0.17125,0.02,0.21
2016.05.16 01:04:39.838,0.17094,0.17124,0.02,0.19
2016.05.16 01:04:40.167,0.17092,0.17122,0.02,0.19
2016.05.16 01:04:43.359,0.1709,0.1712,0.02,0.16
2016.05.16 01:04:43.902,0.17089,0.17119,0.02,0.21
2016.05.16 01:04:45.761,0.17091,0.17121,0.02,0.19
2016.05.16 01:04:46.311,0.1709,0.1712,0.18,0.18
2016.05.16 01:04:49.371,0.17089,0.17119,0.23,0.19
2016.05.16 01:04:50.773,0.1709,0.1712,0.02,0.22
2016.05.16 01:04:51.461,0.17091,0.17121,0.13,0.17
2016.05.16 01:04:52.115,0.1709,0.1712,0.24,0.20
2016.05.16 01:05:00.696,0.1709,0.1712,0.18,0.04
2016.05.16 01:05:01.023,0.17087,0.17117,0.02,0.19
2016.05.16 01:05:01.739,0.17087,0.17117,0.02,0.23
2016.05.16 01:05:07.829,0.17087,0.17117,0.02,0.24
2016.05.16 01:05:07.930,0.17084,0.17114,0.02,0.21
2016.05.16 01:05:09.306,0.17086,0.17116,0.22,0.22
2016.05.16 01:05:10.029,0.17085,0.17115,0.26,0.18
2016.05.16 01:05:10.581,0.17084,0.17114,0.21,0.17
2016.05.16 01:05:12.738,0.17082,0.17112,0.21,0.14
2016.05.16 01:05:13.042,0.1708,0.1711,0.04,0.24
2016.05.16 01:05:14.683,0.17077,0.17107,0.19,0.01
2016.05.16 01:05:14.834,0.17077,0.17107,0.22,0.26
2016.05.16 01:05:17.216,0.17078,0.17108,0.02,0.21
2016.05.16 01:05:17.733,0.17079,0.17109,0.02,0.19
2016.05.16 01:05:18.043,0.17077,0.17107,0.02,0.21
2016.05.16 01:05:18.621,0.17077,0.17107,0.18,0.25
2016.05.16 01:05:27.150,0.17079,0.17109,0.02,0.23
2016.05.16 01:05:27.914,0.17078,0.17108,0.22,0.16
2016.05.16 01:05:28.574,0.17079,0.17109,0.02,0.22
2016.05.16 01:05:33.730,0.1708,0.1711,0.18,0.21
2016.05.16 01:05:34.237,0.1708,0.1711,0.02,0.23
2016.05.16 01:05:34.341,0.17081,0.17111,0.08,0.18
2016.05.16 01:05:34.846,0.17082,0.17112,0.16,0.16
2016.05.16 01:05:38.444,0.17081,0.17111,0.26,0.20
2016.05.16 01:05:38.545,0.17082,0.17112,0.28,0.15
2016.05.16 01:05:38.659,0.17087,0.17117,0.18,0.19
2016.05.16 01:05:38.768,0.17086,0.17116,0.02,0.20
2016.05.16 01:05:38.869,0.17087,0.17117,0.02,0.17
2016.05.16 01:05:39.372,0.17084,0.17114,0.17,0.20
2016.05.16 01:05:40.374,0.17085,0.17115,0.19,0.16
2016.05.16 01:05:40.863,0.17087,0.17117,0.02,0.20
2016.05.16 01:05:41.477,0.17085,0.17115,0.02,0.21
2016.05.16 01:05:41.778,0.17087,0.17117,0.02,0.23
2016.05.16 01:05:45.370,0.17083,0.17113,0.26,0.18
2016.05.16 01:05:49.776,0.17084,0.17114,0.20,0.21
2016.05.16 01:05:50.443,0.17085,0.17115,0.17,0.19
2016.05.16 01:05:53.080,0.17087,0.17117,0.27,0.21
2016.05.16 01:05:53.581,0.17085,0.17115,0.02,0.19
2016.05.16 01:06:00.595,0.17086,0.17116,0.02,0.21
2016.05.16 01:06:01.172,0.17087,0.17117,0.20,0.19
2016.05.16 01:06:02.836,0.17085,0.17115,0.21,0.18
2016.05.16 01:06:04.402,0.17084,0.17114,0.20,0.20
2016.05.16 01:06:05.031,0.17085,0.17115,0.17,0.14
2016.05.16 01:06:08.342,0.17085,0.17115,0.15,0.04
2016.05.16 01:06:08.672,0.17085,0.17115,0.02,0.26
2016.05.16 01:06:10.311,0.17084,0.17114,0.11,0.23
2016.05.16 01:06:10.708,0.1708,0.1711,0.26,0.15
2016.05.16 01:06:15.354,0.1708,0.1711,0.20,0.19
2016.05.16 01:06:15.867,0.17081,0.17111,0.19,0.23
2016.05.16 01:06:16.368,0.17081,0.17111,0.02,0.24
2016.05.16 01:06:16.419,0.17079,0.17109,0.17,0.17
2016.05.16 01:06:16.850,0.17081,0.17111,0.02,0.27
2016.05.16 01:06:25.317,0.1708,0.1711,0.11,0.23
2016.05.16 01:06:25.629,0.17082,0.17112,0.15,0.23
2016.05.16 01:06:27.055,0.1708,0.1711,0.21,0.20
2016.05.16 01:06:27.713,0.17079,0.17109,0.15,0.19
2016.05.16 01:06:28.282,0.17078,0.17108,0.21,0.23
2016.05.16 01:06:28.642,0.17075,0.17105,0.25,0.17
2016.05.16 01:06:30.367,0.17074,0.17104,0.19,0.24
2016.05.16 01:06:30.669,0.17077,0.17107,0.02,0.26
2016.05.16 01:06:33.393,0.17077,0.17107,0.02,0.22
2016.05.16 01:06:33.452,0.17075,0.17105,0.02,0.21
2016.05.16 01:06:33.987,0.17074,0.17104,0.02,0.24
2016.05.16 01:06:34.154,0.17076,0.17106,0.18,0.19
2016.05.16 01:06:34.693,0.17075,0.17105,0.21,0.26
2016.05.16 01:06:37.870,0.17077,0.17107,0.21,0.21
2016.05.16 01:06:40.365,0.17075,0.17105,0.22,0.22
2016.05.16 01:06:43.274,0.17077,0.17107,0.26,0.23
2016.05.16 01:06:43.815,0.17075,0.17105,0.16,0.15
2016.05.16 01:06:44.877,0.17076,0.17106,0.20,0.21
2016.05.16 01:06:45.480,0.17075,0.17105,0.12,0.19
2016.05.16 01:06:45.879,0.17077,0.17107,0.21,0.27
2016.05.16 01:06:56.298,0.17082,0.17112,0.18,0.18
2016.05.16 01:07:07.916,0.17077,0.17107,0.25,0.01
2016.05.16 01:07:08.067,0.17078,0.17108,0.02,0.22
2016.05.16 01:07:08.635,0.17077,0.17107,0.21,0.17
2016.05.16 01:07:11.505,0.17078,0.17108,0.01,0.16
2016.05.16 01:07:11.606,0.1708,0.1711,0.02,0.17
2016.05.16 01:07:11.657,0.17082,0.17112,0.19,0.23
2016.05.16 01:07:14.846,0.17077,0.17107,0.23,0.19
2016.05.16 01:07:15.458,0.17079,0.17109,0.17,0.19
2016.05.16 01:07:18.277,0.1708,0.1711,0.09,0.19
2016.05.16 01:07:18.635,0.17082,0.17112,0.13,0.22
2016.05.16 01:07:20.067,0.17082,0.17112,0.08,0.20
2016.05.16 01:07:20.168,0.17078,0.17108,0.23,0.19
2016.05.16 01:07:20.481,0.17077,0.17107,0.02,0.15
2016.05.16 01:07:20.582,0.17075,0.17105,0.14,0.14
2016.05.16 01:07:21.103,0.17074,0.17104,0.23,0.17
2016.05.16 01:07:21.884,0.17075,0.17105,0.05,0.24
2016.05.16 01:07:23.465,0.17076,0.17106,0.05,0.19
2016.05.16 01:07:24.043,0.17075,0.17105,0.14,0.25
2016.05.16 01:07:24.671,0.17074,0.17104,0.16,0.19
2016.05.16 01:07:25.148,0.1707,0.171,0.26,0.20
2016.05.16 01:07:25.856,0.17069,0.17099,0.19,0.21
2016.05.16 01:07:26.199,0.17071,0.17101,0.12,0.23
2016.05.16 01:07:26.751,0.17072,0.17102,0.02,0.21
2016.05.16 01:07:27.343,0.17072,0.17102,0.02,0.20
2016.05.16 01:07:28.002,0.17072,0.17102,0.02,0.27
2016.05.16 01:07:28.053,0.1707,0.171,0.18,0.20
2016.05.16 01:07:28.648,0.17069,0.17099,0.23,0.22
2016.05.16 01:07:28.854,0.17071,0.17101,0.02,0.17
2016.05.16 01:07:29.971,0.17072,0.17102,0.07,0.20
2016.05.16 01:07:35.212,0.17073,0.17103,0.18,0.20
2016.05.16 01:07:35.746,0.17076,0.17106,0.02,0.14
2016.05.16 01:07:36.065,0.17074,0.17104,0.08,0.22
2016.05.16 01:07:38.018,0.17075,0.17105,0.17,0.24
2016.05.16 01:07:40.973,0.17076,0.17106,0.10,0.22
2016.05.16 01:07:41.097,0.17074,0.17104,0.08,0.12
2016.05.16 01:07:45.790,0.17072,0.17102,0.18,0.26
2016.05.16 01:07:52.939,0.17075,0.17105,0.02,0.19
2016.05.16 01:07:53.040,0.17077,0.17107,0.21,0.23
2016.05.16 01:07:55.931,0.17078,0.17108,0.03,0.18
2016.05.16 01:07:55.997,0.17081,0.17111,0.10,0.21
2016.05.16 01:07:56.585,0.17082,0.17112,0.02,0.21
2016.05.16 01:07:57.625,0.17082,0.17112,0.02,0.27
2016.05.16 01:08:00.325,0.17082,0.17112,0.02,0.28
2016.05.16 01:08:00.683,0.1708,0.1711,0.20,0.26
2016.05.16 01:08:07.057,0.17079,0.17109,0.25,0.23
2016.05.16 01:08:07.448,0.17075,0.17105,0.21,0.24
2016.05.16 01:08:08.175,0.17074,0.17104,0.21,0.18
2016.05.16 01:08:10.181,0.17075,0.17105,0.02,0.24
2016.05.16 01:08:15.856,0.17076,0.17106,0.02,0.25
2016.05.16 01:08:15.957,0.17077,0.17107,0.19,0.18
2016.05.16 01:08:18.468,0.17075,0.17105,0.02,0.21
2016.05.16 01:08:19.000,0.17074,0.17104,0.25,0.23
2016.05.16 01:08:20.323,0.17075,0.17105,0.02,0.23
2016.05.16 01:08:20.474,0.17077,0.17107,0.18,0.22
2016.05.16 01:08:23.329,0.17078,0.17108,0.02,0.20
2016.05.16 01:08:23.430,0.1708,0.1711,0.02,0.16
2016.05.16 01:08:23.481,0.17082,0.17112,0.17,0.26
2016.05.16 01:08:26.262,0.17083,0.17113,0.21,0.21
2016.05.16 01:08:26.929,0.17084,0.17114,0.17,0.21
2016.05.16 01:08:27.438,0.17085,0.17115,0.19,0.24
2016.05.16 01:08:29.670,0.17084,0.17114,0.05,0.16
2016.05.16 01:08:30.857,0.17083,0.17113,0.04,0.19
2016.05.16 01:08:30.957,0.17081,0.17111,0.01,0.21
2016.05.16 01:08:38.287,0.17081,0.17111,0.08,0.16
2016.05.16 01:08:38.633,0.17079,0.17109,0.18,0.18
2016.05.16 01:08:39.372,0.1708,0.1711,0.02,0.25
2016.05.16 01:08:40.305,0.17079,0.17109,0.20,0.19
2016.05.16 01:08:41.308,0.1708,0.1711,0.05,0.20
2016.05.16 01:08:44.894,0.17079,0.17109,0.18,0.22
2016.05.16 01:08:47.417,0.17081,0.17111,0.02,0.19
2016.05.16 01:08:47.928,0.17082,0.17112,0.02,0.20
2016.05.16 01:08:53.595,0.17081,0.17111,0.16,0.20
2016.05.16 01:08:54.456,0.1708,0.1711,0.22,0.19
2016.05.16 01:08:55.103,0.17081,0.17111,0.13,0.16
2016.05.16 01:08:56.409,0.17079,0.17109,0.18,0.17
2016.05.16 01:08:58.332,0.1708,0.1711,0.12,0.22
2016.05.16 01:08:58.812,0.17082,0.17112,0.20,0.21
2016.05.16 01:09:04.345,0.1708,0.1711,0.19,0.22
2016.05.16 01:09:08.062,0.17082,0.17112,0.02,0.20
2016.05.16 01:09:08.550,0.1708,0.1711,0.24,0.26
2016.05.16 01:09:12.729,0.17079,0.17109,0.20,0.22
2016.05.16 01:09:14.445,0.1708,0.1711,0.05,0.22
2016.05.16 01:09:18.174,0.17081,0.17111,0.08,0.14
2016.05.16 01:09:18.687,0.1708,0.1711,0.16,0.20
2016.05.16 01:09:19.017,0.17082,0.17112,0.02,0.27
2016.05.16 01:09:24.375,0.17086,0.17116,0.20,0.21
2016.05.16 01:09:24.911,0.17087,0.17117,0.18,0.17
2016.05.16 01:09:25.382,0.17092,0.17122,0.02,0.19
2016.05.16 01:09:25.684,0.1709,0.1712,0.15,0.17
2016.05.16 01:09:26.187,0.17091,0.17121,0.13,0.16
2016.05.16 01:09:32.696,0.1709,0.1712,0.21,0.23
2016.05.16 01:09:36.634,0.17089,0.17119,0.18,0.22
2016.05.16 01:09:38.335,0.17088,0.17118,0.15,0.27
2016.05.16 01:09:38.696,0.17084,0.17114,0.24,0.17
2016.05.16 01:09:39.348,0.17086,0.17116,0.02,0.21
2016.05.16 01:09:39.799,0.17084,0.17114,0.20,0.14
2016.05.16 01:09:40.544,0.17085,0.17115,0.05,0.23
2016.05.16 01:10:00.248,0.17084,0.17114,0.21,0.17
2016.05.16 01:10:12.784,0.17086,0.17116,0.05,0.23
2016.05.16 01:10:13.397,0.17084,0.17114,0.19,0.18
2016.05.16 01:10:20.892,0.17085,0.17115,0.07,0.24
2016.05.16 01:10:27.738,0.17082,0.17112,0.22,0.01
2016.05.16 01:10:27.891,0.1708,0.1711,0.17,0.19
2016.05.16 01:10:33.048,0.17079,0.17109,0.20,0.17
2016.05.16 01:10:33.399,0.17081,0.17111,0.08,0.27
2016.05.16 01:10:35.325,0.17079,0.17109,0.19,0.16
2016.05.16 01:10:53.316,0.1708,0.1711,0.02,0.17
2016.05.16 01:10:53.366,0.17081,0.17111,0.21,0.18
2016.05.16 01:10:53.868,0.1708,0.1711,0.14,0.23
2016.05.16 01:10:59.135,0.17081,0.17111,0.23,0.22
2016.05.16 01:10:59.700,0.17082,0.17112,0.22,0.21
2016.05.16 01:10:59.975,0.1708,0.1711,0.20,0.22
2016.05.16 01:11:02.771,0.17079,0.17109,0.20,0.19
2016.05.16 01:11:04.751,0.17078,0.17108,0.18,0.22
2016.05.16 01:11:13.766,0.17075,0.17105,0.20,0.07
2016.05.16 01:11:16.258,0.17073,0.17103,0.28,0.25
2016.05.16 01:11:16.309,0.17072,0.17102,0.20,0.01
2016.05.16 01:11:16.360,0.17073,0.17103,0.02,0.18
2016.05.16 01:11:16.918,0.17072,0.17102,0.20,0.20
2016.05.16 01:11:20.270,0.17073,0.17103,0.12,0.18
2016.05.16 01:11:23.673,0.17074,0.17104,0.20,0.14
2016.05.16 01:11:24.045,0.17076,0.17106,0.08,0.20
2016.05.16 01:11:25.278,0.17075,0.17105,0.22,0.18
2016.05.16 01:11:25.797,0.17072,0.17102,0.19,0.21
2016.05.16 01:11:26.873,0.17073,0.17103,0.14,0.24
2016.05.16 01:11:27.025,0.17076,0.17106,0.05,0.17
2016.05.16 01:11:27.538,0.17075,0.17105,0.17,0.24
2016.05.16 01:11:28.102,0.17074,0.17104,0.09,0.17
2016.05.16 01:11:31.238,0.17072,0.17102,0.16,0.19
2016.05.16 01:11:31.570,0.1707,0.171,0.21,0.20
2016.05.16 01:11:32.898,0.17069,0.17099,0.04,0.20
2016.05.16 01:11:33.284,0.17067,0.17097,0.16,0.22
2016.05.16 01:11:34.827,0.17063,0.17093,0.29,0.01
2016.05.16 01:11:34.927,0.17063,0.17093,0.04,0.01
2016.05.16 01:11:34.986,0.17063,0.17093,0.19,0.19
2016.05.16 01:11:35.531,0.17064,0.17094,0.24,0.22
2016.05.16 01:11:36.910,0.17069,0.17099,0.02,0.21
2016.05.16 01:11:37.522,0.17067,0.17097,0.18,0.21
2016.05.16 01:11:41.914,0.17067,0.17097,0.16,0.20
2016.05.16 01:11:50.115,0.17066,0.17096,0.02,0.18
2016.05.16 01:12:03.804,0.17067,0.17097,0.01,0.18
2016.05.16 01:12:03.927,0.17069,0.17099,0.18,0.19
2016.05.16 01:12:05.770,0.17071,0.17101,0.11,0.15
2016.05.16 01:12:06.338,0.1707,0.171,0.25,0.20
2016.05.16 01:12:07.374,0.17071,0.17101,0.16,0.14
2016.05.16 01:12:10.542,0.17072,0.17102,0.16,0.20
2016.05.16 01:12:16.250,0.17071,0.17101,0.28,0.17
2016.05.16 01:12:16.351,0.17077,0.17107,0.14,0.22
2016.05.16 01:12:19.284,0.17076,0.17106,0.02,0.21
2016.05.16 01:12:20.252,0.17077,0.17107,0.04,0.17
2016.05.16 01:12:20.794,0.17079,0.17109,0.08,0.17
2016.05.16 01:12:27.802,0.17078,0.17108,0.16,0.19
2016.05.16 01:12:28.513,0.17077,0.17107,0.17,0.22
2016.05.16 01:12:33.771,0.17076,0.17106,0.19,0.20
2016.05.16 01:12:36.312,0.17077,0.17107,0.17,0.19
2016.05.16 01:12:41.521,0.17078,0.17108,0.19,0.26
2016.05.16 01:12:42.522,0.17077,0.17107,0.02,0.03
2016.05.16 01:12:42.583,0.17075,0.17105,0.21,0.19
2016.05.16 01:12:42.684,0.17077,0.17107,0.02,0.20
2016.05.16 01:12:43.301,0.17077,0.17107,0.20,0.26
2016.05.16 01:13:00.426,0.17075,0.17105,0.17,0.15
2016.05.16 01:13:01.132,0.17074,0.17104,0.16,0.23
2016.05.16 01:13:06.879,0.1707,0.171,0.16,0.02
2016.05.16 01:13:06.930,0.17069,0.17099,0.21,0.20
2016.05.16 01:13:07.603,0.1707,0.171,0.08,0.24
2016.05.16 01:13:20.268,0.17069,0.17099,0.21,0.16
2016.05.16 01:13:21.368,0.17068,0.17098,0.08,0.22
2016.05.16 01:13:21.468,0.17066,0.17096,0.16,0.22
2016.05.16 01:13:51.585,0.17064,0.17094,0.21,0.25
2016.05.16 01:13:51.636,0.17064,0.17094,0.23,0.25
2016.05.16 01:13:53.826,0.17066,0.17096,0.19,0.26
2016.05.16 01:13:55.124,0.17067,0.17097,0.17,0.17
2016.05.16 01:13:55.617,0.17067,0.17097,0.19,0.01
2016.05.16 01:13:59.118,0.17065,0.17095,0.16,0.21
2016.05.16 01:13:59.168,0.17064,0.17094,0.15,0.14
2016.05.16 01:14:04.819,0.17065,0.17095,0.12,0.25
2016.05.16 01:14:05.528,0.17066,0.17096,0.08,0.26
2016.05.16 01:14:09.871,0.17067,0.17097,0.02,0.25
2016.05.16 01:14:10.481,0.17067,0.17097,0.09,0.19
2016.05.16 01:14:14.450,0.17065,0.17095,0.16,0.25
2016.05.16 01:14:20.763,0.17062,0.17092,0.24,0.21
2016.05.16 01:14:21.372,0.17063,0.17093,0.24,0.23
2016.05.16 01:14:29.951,0.17064,0.17094,0.22,0.20
2016.05.16 01:14:30.774,0.17065,0.17095,0.19,0.25
2016.05.16 01:14:37.323,0.17065,0.17095,0.19,0.24
2016.05.16 01:14:41.794,0.17064,0.17094,0.15,0.17
2016.05.16 01:14:42.365,0.17063,0.17093,0.19,0.20
2016.05.16 01:14:46.372,0.17064,0.17094,0.07,0.22
2016.05.16 01:14:50.309,0.17063,0.17093,0.06,0.24
2016.05.16 01:15:00.307,0.1706,0.1709,0.27,0.11
2016.05.16 01:15:08.659,0.17062,0.17092,0.22,0.23
2016.05.16 01:15:10.309,0.1706,0.1709,0.23,0.22
2016.05.16 01:15:12.751,0.1706,0.1709,0.23,0.22
2016.05.16 01:15:16.566,0.17062,0.17092,0.12,0.26
2016.05.16 01:15:16.945,0.17063,0.17093,0.16,0.21
2016.05.16 01:15:35.781,0.17062,0.17092,0.21,0.08
2016.05.16 01:15:36.232,0.1706,0.1709,0.11,0.23
2016.05.16 01:15:36.867,0.17061,0.17091,0.13,0.20
2016.05.16 01:15:37.210,0.17063,0.17093,0.23,0.21
2016.05.16 01:15:39.842,0.17064,0.17094,0.02,0.21
2016.05.16 01:15:42.367,0.1706,0.1709,0.19,0.04
2016.05.16 01:15:42.418,0.1706,0.1709,0.18,0.19
2016.05.16 01:15:48.881,0.17061,0.17091,0.12,0.18
2016.05.16 01:15:48.982,0.17063,0.17093,0.22,0.19
2016.05.16 01:15:52.953,0.17064,0.17094,0.02,0.23
2016.05.16 01:15:59.337,0.17061,0.17091,0.18,0.20
2016.05.16 01:15:59.470,0.17061,0.17091,0.02,0.24
2016.05.16 01:15:59.839,0.17062,0.17092,0.07,0.23
2016.05.16 01:16:01.440,0.17063,0.17093,0.21,0.21
2016.05.16 01:16:01.540,0.17061,0.17091,0.23,0.14
2016.05.16 01:16:04.216,0.17062,0.17092,0.22,0.20
2016.05.16 01:16:04.788,0.17063,0.17093,0.22,0.28
2016.05.16 01:16:05.329,0.17064,0.17094,0.02,0.22
2016.05.16 01:16:05.922,0.17064,0.17094,0.10,0.18
2016.05.16 01:16:06.439,0.17065,0.17095,0.02,0.23
2016.05.16 01:16:07.764,0.17065,0.17095,0.18,0.20
2016.05.16 01:16:24.183,0.17064,0.17094,0.17,0.31
2016.05.16 01:16:24.778,0.17062,0.17092,0.05,0.21
2016.05.16 01:16:27.762,0.17063,0.17093,0.23,0.30
2016.05.16 01:16:30.472,0.17064,0.17094,0.02,0.19
2016.05.16 01:16:30.790,0.17068,0.17098,0.19,0.22
2016.05.16 01:16:35.373,0.17066,0.17096,0.20,0.18
2016.05.16 01:16:39.982,0.17067,0.17097,0.24,0.22
2016.05.16 01:16:40.740,0.17068,0.17098,0.16,0.20
2016.05.16 01:16:56.556,0.17065,0.17095,0.22,0.04
2016.05.16 01:16:56.609,0.17065,0.17095,0.16,0.24
2016.05.16 01:16:57.349,0.17066,0.17096,0.21,0.21
2016.05.16 01:16:57.948,0.17068,0.17098,0.20,0.28
2016.05.16 01:16:58.508,0.17067,0.17097,0.06,0.19
2016.05.16 01:17:00.355,0.17066,0.17096,0.16,0.19
2016.05.16 01:17:01.016,0.17067,0.17097,0.05,0.25
2016.05.16 01:17:08.764,0.17068,0.17098,0.19,0.22
2016.05.16 01:17:20.454,0.17069,0.17099,0.17,0.16
2016.05.16 01:17:21.051,0.17068,0.17098,0.18,0.25
2016.05.16 01:17:21.651,0.17069,0.17099,0.05,0.24
2016.05.16 01:17:24.156,0.1707,0.171,0.02,0.24
2016.05.16 01:17:24.712,0.17072,0.17102,0.02,0.23
2016.05.16 01:17:40.287,0.17071,0.17101,0.23,0.19
2016.05.16 01:17:47.801,0.1707,0.171,0.12,0.25
2016.05.16 01:17:49.634,0.17068,0.17098,0.17,0.24
2016.05.16 01:17:49.750,0.17064,0.17094,0.16,0.23
2016.05.16 01:17:50.635,0.17063,0.17093,0.21,0.25
2016.05.16 01:17:50.707,0.17067,0.17097,0.18,0.19
2016.05.16 01:17:51.083,0.17069,0.17099,0.02,0.21
2016.05.16 01:17:56.006,0.17067,0.17097,0.20,0.01
2016.05.16 01:18:04.341,0.17066,0.17096,0.17,0.21
2016.05.16 01:18:05.072,0.17067,0.17097,0.14,0.24
2016.05.16 01:18:05.668,0.17067,0.17097,0.20,0.09
2016.05.16 01:18:13.221,0.17071,0.17101,0.02,0.24
2016.05.16 01:18:13.447,0.17072,0.17102,0.05,0.19
2016.05.16 01:18:14.448,0.17071,0.17101,0.19,0.23
2016.05.16 01:18:14.957,0.1707,0.171,0.10,0.19
2016.05.16 01:18:17.325,0.1707,0.171,0.17,0.27
2016.05.16 01:18:18.006,0.17067,0.17097,0.25,0.01
2016.05.16 01:18:18.666,0.17068,0.17098,0.21,0.19
2016.05.16 01:18:24.693,0.17069,0.17099,0.15,0.20
2016.05.16 01:18:26.102,0.17068,0.17098,0.22,0.21
2016.05.16 01:18:47.733,0.17069,0.17099,0.23,0.20
2016.05.16 01:18:48.274,0.17071,0.17101,0.02,0.20
2016.05.16 01:18:48.475,0.17072,0.17102,0.08,0.22
2016.05.16 01:18:48.727,0.1707,0.171,0.18,0.27
2016.05.16 01:18:49.471,0.17071,0.17101,0.15,0.19
2016.05.16 01:18:52.379,0.17074,0.17104,0.02,0.27
2016.05.16 01:18:52.702,0.17071,0.17101,0.22,0.16
2016.05.16 01:18:54.534,0.17073,0.17103,0.14,0.19
2016.05.16 01:19:11.307,0.17072,0.17102,0.18,0.03
2016.05.16 01:19:11.358,0.17071,0.17101,0.24,0.19
2016.05.16 01:19:11.859,0.17072,0.17102,0.06,0.21
2016.05.16 01:19:12.226,0.1707,0.171,0.18,0.20
2016.05.16 01:19:14.361,0.17071,0.17101,0.04,0.22
2016.05.16 01:19:14.675,0.17073,0.17103,0.02,0.22
2016.05.16 01:19:15.398,0.17074,0.17104,0.02,0.21
2016.05.16 01:19:33.359,0.17075,0.17105,0.02,0.14
2016.05.16 01:19:33.611,0.17078,0.17108,0.19,0.22
2016.05.16 01:19:34.004,0.1708,0.1711,0.21,0.24
2016.05.16 01:19:34.512,0.17079,0.17109,0.02,0.15
2016.05.16 01:19:38.719,0.17079,0.17109,0.19,0.16
2016.05.16 01:19:41.825,0.1708,0.1711,0.18,0.25
2016.05.16 01:19:42.656,0.17081,0.17111,0.19,0.21
2016.05.16 01:19:52.935,0.1708,0.1711,0.09,0.22
2016.05.16 01:20:00.773,0.17081,0.17111,0.02,0.22
2016.05.16 01:20:00.887,0.17082,0.17112,0.10,0.26
2016.05.16 01:20:01.172,0.1708,0.1711,0.19,0.24
2016.05.16 01:20:01.772,0.17081,0.17111,0.21,0.17
2016.05.16 01:20:08.881,0.1708,0.1711,0.12,0.25
2016.05.16 01:20:09.878,0.1708,0.1711,0.12,0.25
2016.05.16 01:20:14.109,0.17079,0.17109,0.21,0.20
2016.05.16 01:20:14.721,0.17076,0.17106,0.18,0.17
2016.05.16 01:20:15.866,0.17075,0.17105,0.21,0.26
2016.05.16 01:20:16.378,0.17077,0.17107,0.10,0.23
2016.05.16 01:20:17.089,0.17075,0.17105,0.20,0.18
2016.05.16 01:20:18.545,0.17075,0.17105,0.20,0.22
2016.05.16 01:20:20.308,0.17076,0.17106,0.02,0.22
2016.05.16 01:20:20.873,0.17077,0.17107,0.02,0.26
2016.05.16 01:20:25.478,0.17075,0.17105,0.18,0.19
2016.05.16 01:20:25.978,0.17077,0.17107,0.15,0.23
2016.05.16 01:20:26.304,0.17075,0.17105,0.23,0.16
2016.05.16 01:20:26.702,0.17075,0.17105,0.23,0.19
2016.05.16 01:20:36.192,0.17076,0.17106,0.16,0.27
2016.05.16 01:20:36.293,0.17078,0.17108,0.21,0.17
2016.05.16 01:20:41.265,0.17078,0.17108,0.02,0.23
2016.05.16 01:20:47.433,0.17075,0.17105,0.10,0.19
2016.05.16 01:20:47.853,0.17072,0.17102,0.22,0.01
2016.05.16 01:20:52.823,0.17071,0.17101,0.21,0.21
2016.05.16 01:20:53.368,0.17072,0.17102,0.19,0.01
2016.05.16 01:21:10.366,0.17074,0.17104,0.02,0.19
2016.05.16 01:21:11.147,0.17073,0.17103,0.22,0.21
2016.05.16 01:21:11.782,0.17071,0.17101,0.17,0.14
2016.05.16 01:21:12.166,0.17072,0.17102,0.22,0.01
2016.05.16 01:21:21.487,0.17074,0.17104,0.20,0.15
2016.05.16 01:21:21.982,0.17077,0.17107,0.06,0.23
2016.05.16 01:21:22.575,0.17076,0.17106,0.19,0.22
2016.05.16 01:21:26.917,0.17077,0.17107,0.02,0.26
2016.05.16 01:21:35.550,0.17076,0.17106,0.19,0.22
2016.05.16 01:21:35.937,0.17073,0.17103,0.02,0.18
2016.05.16 01:22:00.264,0.17074,0.17104,0.09,0.19
2016.05.16 01:22:32.961,0.17073,0.17103,0.23,0.23
2016.05.16 01:22:33.843,0.17072,0.17102,0.23,0.01
2016.05.16 01:22:34.345,0.1707,0.171,0.22,0.25
2016.05.16 01:22:35.765,0.17071,0.17101,0.10,0.25
2016.05.16 01:22:40.270,0.1707,0.171,0.17,0.21
2016.05.16 01:22:43.775,0.17071,0.17101,0.16,0.23
2016.05.16 01:22:44.509,0.17072,0.17102,0.20,0.20
2016.05.16 01:22:45.113,0.17071,0.17101,0.24,0.16
2016.05.16 01:22:45.897,0.1707,0.171,0.16,0.22
2016.05.16 01:22:47.090,0.17072,0.17102,0.06,0.26
2016.05.16 01:22:57.520,0.1707,0.171,0.21,0.22
2016.05.16 01:23:10.410,0.17069,0.17099,0.22,0.19
2016.05.16 01:23:19.626,0.1707,0.171,0.20,0.24
2016.05.16 01:23:23.859,0.17069,0.17099,0.21,0.27
2016.05.16 01:23:32.847,0.1707,0.171,0.22,0.27
2016.05.16 01:23:43.002,0.17069,0.17099,0.20,0.16
2016.05.16 01:23:51.777,0.1707,0.171,0.20,0.25
2016.05.16 01:23:52.710,0.17069,0.17099,0.22,0.23
2016.05.16 01:23:53.271,0.17068,0.17098,0.17,0.18
2016.05.16 01:23:53.771,0.17062,0.17092,0.24,0.01
2016.05.16 01:23:54.592,0.17063,0.17093,0.21,0.23
2016.05.16 01:23:57.812,0.17064,0.17094,0.02,0.23
2016.05.16 01:24:06.305,0.17062,0.17092,0.19,0.01
2016.05.16 01:24:06.406,0.17061,0.17091,0.16,0.25
2016.05.16 01:24:10.366,0.17062,0.17092,0.02,0.21
2016.05.16 01:24:10.899,0.17061,0.17091,0.17,0.17
2016.05.16 01:24:14.526,0.17063,0.17093,0.24,0.29
2016.05.16 01:24:15.437,0.17064,0.17094,0.02,0.25
2016.05.16 01:24:17.100,0.1706,0.1709,0.28,0.04
2016.05.16 01:24:17.302,0.1706,0.1709,0.15,0.25
2016.05.16 01:24:17.892,0.1706,0.1709,0.02,0.04
2016.05.16 01:24:18.375,0.17063,0.17093,0.18,0.24
2016.05.16 01:24:19.196,0.17064,0.17094,0.02,0.22
2016.05.16 01:24:20.446,0.17061,0.17091,0.18,0.19
2016.05.16 01:24:20.988,0.17062,0.17092,0.20,0.25
2016.05.16 01:24:21.649,0.17063,0.17093,0.23,0.24
2016.05.16 01:24:23.090,0.17061,0.17091,0.19,0.18
2016.05.16 01:24:23.200,0.17061,0.17091,0.19,0.18
2016.05.16 01:24:24.874,0.17063,0.17093,0.02,0.24
2016.05.16 01:24:27.304,0.17064,0.17094,0.02,0.24
2016.05.16 01:24:31.865,0.17065,0.17095,0.05,0.20
2016.05.16 01:24:44.419,0.17067,0.17097,0.02,0.29
2016.05.16 01:24:44.621,0.17067,0.17097,0.16,0.22
2016.05.16 01:24:45.217,0.17068,0.17098,0.06,0.23
2016.05.16 01:24:48.102,0.17069,0.17099,0.19,0.19
2016.05.16 01:24:48.904,0.1707,0.171,0.02,0.17
2016.05.16 01:24:49.030,0.17071,0.17102,0.02,0.25
2016.05.16 01:24:49.640,0.17071,0.17101,0.16,0.18
2016.05.16 01:24:51.745,0.1707,0.171,0.10,0.18
2016.05.16 01:24:53.814,0.17069,0.17099,0.15,0.17
2016.05.16 01:24:54.655,0.17068,0.17098,0.18,0.16
2016.05.16 01:25:06.270,0.17067,0.17097,0.18,0.01
2016.05.16 01:25:06.733,0.17066,0.17096,0.18,0.21
2016.05.16 01:25:07.405,0.17067,0.17097,0.02,0.22
2016.05.16 01:25:08.362,0.17066,0.17096,0.21,0.23
2016.05.16 01:25:09.340,0.17065,0.17095,0.22,0.27
2016.05.16 01:25:09.841,0.17066,0.17096,0.07,0.27
2016.05.16 01:25:10.375,0.17065,0.17095,0.09,0.29
2016.05.16 01:25:11.989,0.17064,0.17094,0.16,0.19
2016.05.16 01:25:15.854,0.17065,0.17095,0.20,0.21
2016.05.16 01:25:17.280,0.17067,0.17097,0.02,0.21
2016.05.16 01:25:20.402,0.17066,0.17096,0.24,0.21
2016.05.16 01:25:22.004,0.17067,0.17097,0.12,0.21
2016.05.16 01:25:26.066,0.17066,0.17096,0.22,0.24
2016.05.16 01:25:26.604,0.17065,0.17095,0.04,0.17
2016.05.16 01:25:33.294,0.17064,0.17094,0.23,0.19
2016.05.16 01:25:33.634,0.17061,0.17091,0.19,0.18
2016.05.16 01:25:34.262,0.17062,0.17092,0.13,0.26
2016.05.16 01:25:34.954,0.17061,0.17091,0.21,0.21
2016.05.16 01:25:36.426,0.17063,0.17093,0.22,0.21
2016.05.16 01:25:45.936,0.17065,0.17095,0.02,0.19
2016.05.16 01:25:46.037,0.17065,0.17095,0.09,0.19
2016.05.16 01:25:46.144,0.17068,0.17098,0.17,0.28
2016.05.16 01:25:46.896,0.17069,0.17099,0.17,0.21
2016.05.16 01:25:47.597,0.1707,0.171,0.15,0.25
2016.05.16 01:25:48.338,0.17071,0.17101,0.05,0.18
2016.05.16 01:25:48.940,0.17072,0.17102,0.04,0.21
2016.05.16 01:25:53.647,0.17073,0.17103,0.08,0.20
2016.05.16 01:25:59.414,0.17072,0.17102,0.07,0.20
2016.05.16 01:26:01.928,0.17073,0.17103,0.10,0.19
2016.05.16 01:26:03.897,0.17072,0.17102,0.16,0.20
2016.05.16 01:26:05.458,0.17073,0.17103,0.09,0.16
2016.05.16 01:26:13.175,0.17074,0.17104,0.02,0.16
2016.05.16 01:26:17.365,0.17073,0.17103,0.06,0.24
2016.05.16 01:26:17.889,0.17071,0.17101,0.22,0.24
2016.05.16 01:26:18.456,0.17072,0.17102,0.06,0.25
2016.05.16 01:26:18.793,0.1707,0.171,0.14,0.20
2016.05.16 01:26:19.361,0.17069,0.17099,0.17,0.22
2016.05.16 01:26:19.778,0.17066,0.17096,0.18,0.22
2016.05.16 01:26:20.971,0.17067,0.17097,0.17,0.23
2016.05.16 01:26:23.691,0.17068,0.17098,0.14,0.23
2016.05.16 01:26:25.957,0.17067,0.17097,0.26,0.23
2016.05.16 01:26:26.659,0.17068,0.17098,0.24,0.20
2016.05.16 01:26:27.183,0.17067,0.17097,0.17,0.24
2016.05.16 01:26:29.799,0.17068,0.17098,0.19,0.22
2016.05.16 01:26:30.700,0.17071,0.17101,0.17,0.20
2016.05.16 01:26:31.001,0.17069,0.17099,0.18,0.18
2016.05.16 01:26:33.130,0.17071,0.17101,0.14,0.20
2016.05.16 01:26:35.883,0.1707,0.171,0.02,0.21
2016.05.16 01:26:37.776,0.17069,0.17099,0.02,0.23
2016.05.16 01:26:38.339,0.17068,0.17098,0.06,0.22
2016.05.16 01:26:43.584,0.17069,0.17099,0.18,0.19
2016.05.16 01:26:43.952,0.17071,0.17101,0.15,0.21
2016.05.16 01:26:44.465,0.17072,0.17102,0.15,0.25
2016.05.16 01:26:45.221,0.17071,0.17101,0.16,0.16
2016.05.16 01:26:49.227,0.17072,0.17102,0.20,0.23
2016.05.16 01:26:49.541,0.1707,0.171,0.19,0.23
2016.05.16 01:26:49.878,0.17072,0.17102,0.15,0.23
2016.05.16 01:26:55.421,0.17071,0.17101,0.22,0.14
2016.05.16 01:26:56.024,0.17072,0.17102,0.07,0.22
2016.05.16 01:26:57.746,0.17073,0.17103,0.21,0.19
2016.05.16 01:27:53.315,0.17074,0.17104,0.02,0.24
2016.05.16 01:28:06.951,0.17071,0.17101,0.15,0.20
2016.05.16 01:28:07.311,0.17069,0.17099,0.14,0.22
2016.05.16 01:28:07.921,0.1707,0.171,0.24,0.24
2016.05.16 01:28:10.943,0.1707,0.171,0.12,0.27
2016.05.16 01:28:11.276,0.1707,0.171,0.22,0.22
2016.05.16 01:28:11.578,0.1707,0.171,0.02,0.26
2016.05.16 01:28:12.190,0.1707,0.171,0.24,0.22
2016.05.16 01:28:27.142,0.17072,0.17102,0.07,0.20
2016.05.16 01:28:27.719,0.17071,0.17101,0.19,0.21
2016.05.16 01:28:30.044,0.1707,0.171,0.11,0.17
2016.05.16 01:28:31.176,0.1707,0.171,0.11,0.17
2016.05.16 01:28:31.976,0.17071,0.17101,0.08,0.21
2016.05.16 01:28:32.327,0.17073,0.17103,0.16,0.25
2016.05.16 01:28:33.156,0.17074,0.17104,0.02,0.23
2016.05.16 01:28:36.500,0.17071,0.17101,0.24,0.17
2016.05.16 01:28:37.274,0.17071,0.17101,0.24,0.17
2016.05.16 01:28:41.420,0.1707,0.171,0.22,0.19
2016.05.16 01:28:41.558,0.17072,0.17102,0.14,0.18
2016.05.16 01:28:57.320,0.17071,0.17101,0.21,0.21
2016.05.16 01:28:57.878,0.1707,0.171,0.18,0.25
2016.05.16 01:28:59.730,0.17071,0.17101,0.14,0.20
2016.05.16 01:29:00.091,0.17072,0.17102,0.23,0.10
2016.05.16 01:29:26.630,0.17071,0.17101,0.23,0.26
2016.05.16 01:29:40.275,0.1707,0.171,0.16,0.22
2016.05.16 01:29:44.799,0.17067,0.17097,0.16,0.22
2016.05.16 01:29:44.900,0.17066,0.17096,0.04,0.15
2016.05.16 01:29:45.014,0.17067,0.17097,0.16,0.25
2016.05.16 01:29:45.763,0.17066,0.17096,0.14,0.20
2016.05.16 01:29:46.602,0.17067,0.17097,0.21,0.18
2016.05.16 01:29:47.197,0.17068,0.17098,0.20,0.25
2016.05.16 01:29:49.055,0.17069,0.17099,0.02,0.22
2016.05.16 01:29:56.982,0.17069,0.17099,0.04,0.20
2016.05.16 01:29:57.467,0.17071,0.17101,0.02,0.19
2016.05.16 01:29:58.023,0.17071,0.17101,0.04,0.19
2016.05.16 01:30:00.280,0.17071,0.17102,0.04,0.24
2016.05.16 01:30:05.325,0.1707,0.171,0.22,0.21
2016.05.16 01:30:06.004,0.1707,0.171,0.22,0.25
2016.05.16 01:30:08.810,0.17068,0.17098,0.17,0.26
2016.05.16 01:30:09.349,0.17069,0.17099,0.04,0.17
2016.05.16 01:30:09.966,0.1707,0.171,0.07,0.21
2016.05.16 01:30:21.320,0.17069,0.17099,0.17,0.23
2016.05.16 01:30:25.636,0.1707,0.171,0.14,0.27
2016.05.16 01:30:33.504,0.17071,0.17101,0.02,0.27
2016.05.16 01:30:33.555,0.17072,0.17102,0.05,0.23
2016.05.16 01:30:34.066,0.17071,0.17101,0.20,0.18
2016.05.16 01:30:34.639,0.17072,0.17102,0.06,0.27
2016.05.16 01:30:38.245,0.17071,0.17101,0.24,0.14
2016.05.16 01:30:38.761,0.1707,0.171,0.15,0.19
2016.05.16 01:30:39.447,0.17071,0.17102,0.02,0.24
2016.05.16 01:30:39.873,0.1707,0.171,0.09,0.19
2016.05.16 01:30:44.458,0.17071,0.17101,0.02,0.21
2016.05.16 01:30:57.395,0.17072,0.17102,0.02,0.01
2016.05.16 01:30:57.576,0.17073,0.17103,0.21,0.21
2016.05.16 01:31:50.367,0.17071,0.17101,0.22,0.18
2016.05.16 01:31:50.548,0.17071,0.17101,0.22,0.18
2016.05.16 01:31:51.870,0.17073,0.17103,0.02,0.28
2016.05.16 01:31:54.551,0.17074,0.17104,0.02,0.28
2016.05.16 01:32:39.741,0.17075,0.17105,0.02,0.16
2016.05.16 01:32:39.932,0.17078,0.17108,0.22,0.22
2016.05.16 01:32:40.433,0.1708,0.1711,0.21,0.20
2016.05.16 01:32:46.245,0.17079,0.17109,0.25,0.21
2016.05.16 01:32:46.985,0.17078,0.17108,0.18,0.13
2016.05.16 01:32:48.148,0.17079,0.17109,0.16,0.21
2016.05.16 01:32:49.959,0.1708,0.1711,0.02,0.23
2016.05.16 01:32:50.909,0.17077,0.17107,0.26,0.21
2016.05.16 01:32:51.010,0.17075,0.17105,0.17,0.04
2016.05.16 01:32:54.065,0.17075,0.17105,0.10,0.25
2016.05.16 01:32:54.816,0.17072,0.17102,0.21,0.24
2016.05.16 01:32:55.359,0.17073,0.17103,0.18,0.27
2016.05.16 01:32:55.875,0.17072,0.17102,0.18,0.19
2016.05.16 01:32:58.109,0.17073,0.17103,0.11,0.18
2016.05.16 01:32:58.221,0.17071,0.17101,0.20,0.18
2016.05.16 01:32:59.420,0.17073,0.17103,0.02,0.30
2016.05.16 01:33:02.035,0.17074,0.17104,0.02,0.22
2016.05.16 01:33:07.930,0.17074,0.17104,0.23,0.17
2016.05.16 01:33:08.259,0.17077,0.17107,0.04,0.25
2016.05.16 01:33:11.415,0.17076,0.17106,0.20,0.23
2016.05.16 01:33:12.358,0.17077,0.17107,0.06,0.24
2016.05.16 01:33:12.919,0.17076,0.17106,0.16,0.21
2016.05.16 01:33:13.435,0.17078,0.17108,0.02,0.26
2016.05.16 01:33:14.336,0.17076,0.17106,0.22,0.21
2016.05.16 01:33:15.082,0.17077,0.17107,0.11,0.18
2016.05.16 01:33:16.317,0.17077,0.17107,0.13,0.18
2016.05.16 01:33:18.268,0.17075,0.17105,0.22,0.25
2016.05.16 01:33:18.769,0.17077,0.17107,0.24,0.26
2016.05.16 01:33:19.372,0.17076,0.17106,0.20,0.24
2016.05.16 01:33:20.443,0.17074,0.17104,0.20,0.18
2016.05.16 01:33:21.023,0.17075,0.17105,0.02,0.22
2016.05.16 01:33:21.778,0.17075,0.17105,0.20,0.21
2016.05.16 01:33:43.219,0.17073,0.17103,0.22,0.09
2016.05.16 01:33:44.041,0.17073,0.17103,0.20,0.22
2016.05.16 01:34:01.115,0.17074,0.17104,0.18,0.16
2016.05.16 01:34:05.952,0.17073,0.17103,0.18,0.18
2016.05.16 01:34:09.934,0.17074,0.17104,0.04,0.17
2016.05.16 01:34:15.845,0.17073,0.17103,0.23,0.19
2016.05.16 01:34:20.514,0.17073,0.17103,0.22,0.17
2016.05.16 01:34:25.093,0.17071,0.17101,0.22,0.23
2016.05.16 01:34:27.090,0.17072,0.17102,0.02,0.23
2016.05.16 01:34:27.695,0.17071,0.17101,0.21,0.16
2016.05.16 01:34:29.002,0.17073,0.17103,0.02,0.21
2016.05.16 01:34:29.462,0.17071,0.17101,0.19,0.19
2016.05.16 01:34:33.100,0.17071,0.17101,0.19,0.19
2016.05.16 01:34:34.498,0.17072,0.17102,0.02,0.18
2016.05.16 01:34:35.110,0.17072,0.17102,0.02,0.12
2016.05.16 01:34:37.233,0.17074,0.17104,0.02,0.20
2016.05.16 01:34:44.311,0.17072,0.17102,0.16,0.01
2016.05.16 01:34:44.412,0.17071,0.17101,0.17,0.17
2016.05.16 01:34:44.721,0.17073,0.17103,0.19,0.23
2016.05.16 01:34:48.314,0.17074,0.17104,0.02,0.20
2016.05.16 01:34:48.632,0.17071,0.17101,0.26,0.19
2016.05.16 01:34:49.402,0.17072,0.17102,0.05,0.24
2016.05.16 01:34:50.938,0.17073,0.17103,0.23,0.26
2016.05.16 01:34:58.542,0.17072,0.17102,0.23,0.07
2016.05.16 01:34:59.157,0.17071,0.17101,0.23,0.20
2016.05.16 01:35:08.481,0.1707,0.171,0.23,0.14
2016.05.16 01:35:09.065,0.17071,0.17101,0.21,0.21
2016.05.16 01:35:09.571,0.17072,0.17102,0.02,0.17
2016.05.16 01:35:10.234,0.17071,0.17101,0.18,0.16
2016.05.16 01:35:14.863,0.17072,0.17102,0.02,0.10
2016.05.16 01:35:15.364,0.17071,0.17101,0.20,0.15
2016.05.16 01:35:17.089,0.17072,0.17102,0.02,0.10
2016.05.16 01:35:19.168,0.17071,0.17101,0.28,0.14
2016.05.16 01:35:20.283,0.17072,0.17102,0.13,0.27
2016.05.16 01:35:21.056,0.17072,0.17102,0.13,0.27
2016.05.16 01:35:22.383,0.17072,0.17102,0.23,0.13
2016.05.16 01:35:25.068,0.17074,0.17104,0.02,0.18
2016.05.16 01:36:00.350,0.17073,0.17103,0.18,0.17
2016.05.16 01:36:00.400,0.17077,0.17107,0.02,0.18
2016.05.16 01:36:00.551,0.17077,0.17107,0.20,0.23
2016.05.16 01:36:11.873,0.17076,0.17106,0.23,0.22
2016.05.16 01:36:39.080,0.17077,0.17107,0.08,0.26
2016.05.16 01:36:39.966,0.17076,0.17106,0.12,0.20
2016.05.16 01:36:50.835,0.17079,0.17109,0.02,0.24
2016.05.16 01:36:51.087,0.17078,0.17108,0.23,0.21
2016.05.16 01:36:55.537,0.17077,0.17107,0.20,0.01
2016.05.16 01:36:55.590,0.17076,0.17106,0.26,0.21
2016.05.16 01:36:58.494,0.17077,0.17107,0.13,0.25
2016.05.16 01:37:00.340,0.17076,0.17106,0.13,0.20
2016.05.16 01:37:23.004,0.17076,0.17106,0.20,0.20
2016.05.16 01:37:23.673,0.17075,0.17105,0.21,0.18
2016.05.16 01:38:00.280,0.17076,0.17106,0.13,0.17
2016.05.16 01:38:11.795,0.17075,0.17105,0.19,0.22
2016.05.16 01:38:12.940,0.17075,0.17105,0.14,0.04
2016.05.16 01:38:16.003,0.17075,0.17105,0.18,0.21
2016.05.16 01:38:17.505,0.17076,0.17106,0.07,0.22
2016.05.16 01:38:17.842,0.17078,0.17108,0.18,0.19
2016.05.16 01:38:19.667,0.17077,0.17107,0.23,0.01
2016.05.16 01:38:20.118,0.17076,0.17106,0.23,0.17
2016.05.16 01:38:20.812,0.17077,0.17107,0.12,0.28
2016.05.16 01:38:24.422,0.17078,0.17108,0.21,0.23
2016.05.16 01:38:24.986,0.17076,0.17106,0.23,0.18
2016.05.16 01:38:27.138,0.17077,0.17107,0.11,0.20
2016.05.16 01:38:27.743,0.17078,0.17108,0.21,0.21
2016.05.16 01:38:28.325,0.17079,0.17109,0.02,0.21
2016.05.16 01:38:32.573,0.1708,0.1711,0.07,0.21
2016.05.16 01:38:34.335,0.1708,0.1711,0.21,0.16
2016.05.16 01:38:34.647,0.17082,0.17112,0.06,0.25
2016.05.16 01:38:36.940,0.17081,0.17111,0.21,0.17
2016.05.16 01:38:41.355,0.17079,0.17109,0.17,0.22
2016.05.16 01:38:50.161,0.1708,0.1711,0.02,0.20
2016.05.16 01:38:50.868,0.17078,0.17108,0.25,0.19
2016.05.16 01:39:17.527,0.17079,0.17109,0.14,0.24
2016.05.16 01:39:19.426,0.17078,0.17108,0.20,0.18
2016.05.16 01:39:41.347,0.17078,0.17108,0.23,0.20
2016.05.16 01:39:47.262,0.17076,0.17106,0.02,0.21
2016.05.16 01:39:50.964,0.17075,0.17105,0.21,0.23
2016.05.16 01:39:51.610,0.17074,0.17104,0.22,0.26
2016.05.16 01:39:51.919,0.17077,0.17107,0.20,0.03
2016.05.16 01:39:52.468,0.17076,0.17106,0.17,0.22
2016.05.16 01:39:52.970,0.17075,0.17105,0.18,0.22
2016.05.16 01:39:53.825,0.17075,0.17105,0.18,0.22
2016.05.16 01:39:58.121,0.17077,0.17107,0.13,0.20
2016.05.16 01:39:58.724,0.17077,0.17107,0.20,0.12
2016.05.16 01:40:02.118,0.17079,0.17109,0.02,0.23
2016.05.16 01:40:18.853,0.17077,0.17107,0.02,0.20
2016.05.16 01:40:19.474,0.17077,0.17107,0.13,0.25
2016.05.16 01:40:20.227,0.17076,0.17106,0.18,0.19
2016.05.16 01:40:22.331,0.17075,0.17105,0.16,0.21
2016.05.16 01:40:22.962,0.17075,0.17105,0.16,0.25
2016.05.16 01:40:30.291,0.17074,0.17104,0.20,0.19
2016.05.16 01:40:30.794,0.17071,0.17101,0.22,0.17
2016.05.16 01:40:35.668,0.17073,0.17103,0.18,0.22
2016.05.16 01:40:45.292,0.17074,0.17104,0.21,0.19
2016.05.16 01:40:47.707,0.17073,0.17103,0.21,0.18
2016.05.16 01:41:00.313,0.17074,0.17104,0.02,0.19
2016.05.16 01:41:00.414,0.17077,0.17107,0.17,0.23
2016.05.16 01:41:02.327,0.17079,0.17109,0.09,0.21
2016.05.16 01:41:02.899,0.1708,0.1711,0.07,0.19
2016.05.16 01:41:06.249,0.17077,0.17107,0.19,0.01
2016.05.16 01:41:06.860,0.17077,0.17107,0.21,0.20
2016.05.16 01:41:10.326,0.17076,0.17106,0.18,0.17
2016.05.16 01:41:14.387,0.17077,0.17107,0.24,0.22
2016.05.16 01:41:15.645,0.17081,0.17111,0.19,0.22
2016.05.16 01:41:19.995,0.17078,0.17108,0.23,0.01
2016.05.16 01:41:20.374,0.17075,0.17105,0.23,0.10
2016.05.16 01:41:24.756,0.17078,0.17108,0.12,0.22
2016.05.16 01:42:04.316,0.17075,0.17105,0.27,0.15
2016.05.16 01:42:04.394,0.17077,0.17107,0.23,0.21
2016.05.16 01:42:08.849,0.17076,0.17106,0.18,0.22
2016.05.16 01:42:08.957,0.17074,0.17104,0.04,0.20
2016.05.16 01:42:09.638,0.17073,0.17103,0.02,0.25
2016.05.16 01:42:10.836,0.17073,0.17103,0.19,0.20
2016.05.16 01:42:18.738,0.17071,0.17101,0.25,0.18
2016.05.16 01:42:18.789,0.17071,0.17101,0.25,0.18
2016.05.16 01:42:18.940,0.17073,0.17103,0.10,0.22
2016.05.16 01:42:22.891,0.17074,0.17104,0.02,0.25
2016.05.16 01:42:23.469,0.17071,0.17101,0.15,0.20
2016.05.16 01:42:23.978,0.17072,0.17102,0.08,0.22
2016.05.16 01:42:24.647,0.17071,0.17101,0.22,0.15
2016.05.16 01:42:25.448,0.17072,0.17102,0.04,0.22
2016.05.16 01:42:26.141,0.17072,0.17102,0.23,0.13
2016.05.16 01:42:58.238,0.1707,0.171,0.20,0.04
2016.05.16 01:42:58.289,0.1707,0.171,0.18,0.04
2016.05.16 01:42:59.020,0.1707,0.171,0.19,0.27
2016.05.16 01:42:59.797,0.17069,0.17099,0.22,0.24
2016.05.16 01:43:00.325,0.17067,0.17097,0.18,0.01
2016.05.16 01:43:20.129,0.17069,0.17099,0.14,0.24
2016.05.16 01:43:22.368,0.1707,0.171,0.02,0.24
2016.05.16 01:43:22.533,0.17073,0.17103,0.23,0.27
2016.05.16 01:43:22.733,0.17071,0.17101,0.19,0.23
2016.05.16 01:43:23.095,0.17073,0.17103,0.12,0.22
2016.05.16 01:43:23.612,0.17072,0.17102,0.07,0.24
2016.05.16 01:43:28.901,0.1707,0.171,0.18,0.21
2016.05.16 01:43:29.358,0.17072,0.17102,0.08,0.22
2016.05.16 01:43:33.489,0.17073,0.17103,0.18,0.23
2016.05.16 01:43:34.979,0.17071,0.17101,0.19,0.18
2016.05.16 01:43:40.298,0.17072,0.17102,0.05,0.23
2016.05.16 01:43:41.872,0.17073,0.17103,0.20,0.23
2016.05.16 01:43:42.562,0.17074,0.17104,0.02,0.23
2016.05.16 01:43:43.008,0.17071,0.17101,0.21,0.18
2016.05.16 01:43:45.933,0.17071,0.17101,0.21,0.18
2016.05.16 01:44:11.834,0.1707,0.171,0.20,0.21
2016.05.16 01:44:12.370,0.17071,0.17101,0.02,0.26
2016.05.16 01:44:13.136,0.1707,0.171,0.14,0.23
2016.05.16 01:44:13.649,0.17069,0.17099,0.04,0.15
2016.05.16 01:44:14.258,0.17068,0.17098,0.18,0.20
2016.05.16 01:44:15.931,0.17069,0.17099,0.10,0.23
2016.05.16 01:44:20.240,0.17068,0.17098,0.21,0.21
2016.05.16 01:45:12.011,0.17067,0.17097,0.23,0.01
2016.05.16 01:45:18.768,0.17069,0.17099,0.23,0.24
2016.05.16 01:45:20.369,0.17068,0.17098,0.22,0.21
2016.05.16 01:45:29.181,0.17069,0.17099,0.07,0.20
2016.05.16 01:45:31.456,0.1707,0.171,0.05,0.22
2016.05.16 01:45:31.984,0.17071,0.17101,0.06,0.19
2016.05.16 01:45:32.087,0.17073,0.17103,0.15,0.22
2016.05.16 01:45:35.932,0.17074,0.17104,0.02,0.23
2016.05.16 01:45:38.326,0.17071,0.17101,0.20,0.20
2016.05.16 01:45:38.427,0.17073,0.17103,0.08,0.23
2016.05.16 01:45:45.618,0.17071,0.17101,0.18,0.18
2016.05.16 01:45:48.223,0.17072,0.17102,0.17,0.24
2016.05.16 01:45:49.002,0.17071,0.17101,0.26,0.19
2016.05.16 01:45:50.623,0.1707,0.171,0.21,0.22
2016.05.16 01:45:58.730,0.17071,0.17101,0.16,0.19
2016.05.16 01:46:34.916,0.1707,0.171,0.20,0.25
2016.05.16 01:46:41.104,0.17069,0.17099,0.22,0.18
2016.05.16 01:46:41.813,0.17068,0.17098,0.02,0.18
2016.05.16 01:46:47.715,0.17069,0.17099,0.06,0.25
2016.05.16 01:46:48.232,0.1707,0.171,0.24,0.25
2016.05.16 01:46:51.276,0.17071,0.17101,0.02,0.19
2016.05.16 01:46:51.327,0.17072,0.17102,0.05,0.21
2016.05.16 01:47:00.239,0.17071,0.17101,0.21,0.22
2016.05.16 01:47:10.672,0.17074,0.17104,0.02,0.28
2016.05.16 01:47:11.192,0.17072,0.17102,0.05,0.25
2016.05.16 01:47:14.799,0.17072,0.17102,0.05,0.25
2016.05.16 01:47:15.641,0.17073,0.17103,0.02,0.25
2016.05.16 01:47:18.793,0.17074,0.17104,0.02,0.25
2016.05.16 01:47:19.985,0.17071,0.17101,0.23,0.16
2016.05.16 01:47:22.800,0.17073,0.17103,0.02,0.26
2016.05.16 01:47:42.718,0.17072,0.17102,0.18,0.10
2016.05.16 01:47:42.826,0.17071,0.17101,0.17,0.19
2016.05.16 01:47:57.394,0.17072,0.17102,0.25,0.20
2016.05.16 01:47:57.974,0.17071,0.17101,0.24,0.18
2016.05.16 01:48:06.664,0.1707,0.171,0.23,0.20
2016.05.16 01:48:07.259,0.17071,0.17101,0.19,0.20
2016.05.16 01:48:07.822,0.1707,0.171,0.23,0.25
2016.05.16 01:48:08.210,0.17072,0.17102,0.11,0.21
2016.05.16 01:48:11.117,0.17071,0.17101,0.13,0.21
2016.05.16 01:48:17.828,0.1707,0.171,0.20,0.26
2016.05.16 01:48:20.143,0.1707,0.171,0.20,0.26
2016.05.16 01:48:31.705,0.17069,0.17099,0.18,0.19
2016.05.16 01:48:33.808,0.17069,0.17099,0.04,0.25
2016.05.16 01:48:34.810,0.17069,0.17099,0.23,0.22
2016.05.16 01:48:35.474,0.1707,0.171,0.19,0.21
2016.05.16 01:48:37.214,0.17069,0.17099,0.17,0.19
2016.05.16 01:48:39.475,0.1707,0.171,0.21,0.21
2016.05.16 01:48:51.370,0.17072,0.17102,0.06,0.20
2016.05.16 01:48:51.779,0.1707,0.171,0.14,0.25
2016.05.16 01:48:51.913,0.17072,0.17102,0.14,0.26
2016.05.16 01:48:51.964,0.17071,0.17101,0.04,0.17
2016.05.16 01:48:52.512,0.17072,0.17102,0.02,0.25
2016.05.16 01:48:54.383,0.1707,0.171,0.09,0.24
2016.05.16 01:48:55.335,0.1707,0.171,0.09,0.24
2016.05.16 01:48:58.394,0.17072,0.17102,0.07,0.19
2016.05.16 01:48:59.198,0.17071,0.17101,0.19,0.19
2016.05.16 01:49:00.377,0.17072,0.17102,0.02,0.18
2016.05.16 01:49:04.159,0.1707,0.171,0.23,0.26
2016.05.16 01:49:04.252,0.17068,0.17098,0.02,0.20
2016.05.16 01:49:04.812,0.17069,0.17099,0.13,0.17
2016.05.16 01:49:14.969,0.17068,0.17098,0.14,0.20
2016.05.16 01:49:40.336,0.17069,0.17099,0.16,0.22
2016.05.16 01:49:48.667,0.17068,0.17098,0.19,0.20
2016.05.16 01:49:51.078,0.17069,0.17099,0.09,0.19
2016.05.16 01:50:21.495,0.17068,0.17098,0.19,0.18
2016.05.16 01:50:29.299,0.17069,0.17099,0.22,0.20
2016.05.16 01:50:29.605,0.17072,0.17102,0.15,0.28
2016.05.16 01:50:32.905,0.17071,0.17101,0.21,0.21
2016.05.16 01:50:33.449,0.1707,0.171,0.20,0.21
2016.05.16 01:50:34.109,0.17071,0.17101,0.09,0.23
2016.05.16 01:50:40.310,0.1707,0.171,0.23,0.19
2016.05.16 01:50:54.837,0.17074,0.17104,0.02,0.21
2016.05.16 01:50:55.039,0.17073,0.17103,0.25,0.22
2016.05.16 01:50:57.232,0.17071,0.17101,0.26,0.15
2016.05.16 01:50:58.635,0.17073,0.17103,0.18,0.19
2016.05.16 01:51:19.112,0.17071,0.17101,0.23,0.20
2016.05.16 01:51:19.264,0.17071,0.17101,0.23,0.20
2016.05.16 01:51:19.775,0.17072,0.17102,0.11,0.23
2016.05.16 01:51:20.380,0.17071,0.17101,0.23,0.16
2016.05.16 01:51:21.574,0.17072,0.17102,0.23,0.25
2016.05.16 01:51:22.074,0.1707,0.171,0.16,0.21
2016.05.16 01:51:23.224,0.1707,0.171,0.16,0.21
2016.05.16 01:51:29.469,0.17071,0.17101,0.02,0.17
2016.05.16 01:51:29.620,0.17072,0.17102,0.12,0.22
2016.05.16 01:51:31.788,0.17071,0.17101,0.28,0.20
2016.05.16 01:51:32.597,0.17072,0.17102,0.20,0.27
2016.05.16 01:51:32.698,0.1707,0.171,0.14,0.18
2016.05.16 01:51:33.401,0.17071,0.17101,0.25,0.16
2016.05.16 01:51:34.334,0.17072,0.17102,0.19,0.24
2016.05.16 01:51:34.721,0.1707,0.171,0.20,0.25
2016.05.16 01:51:47.134,0.17071,0.17101,0.13,0.22
2016.05.16 01:51:48.114,0.1707,0.171,0.19,0.20
2016.05.16 01:51:48.827,0.17071,0.17101,0.14,0.21
2016.05.16 01:51:50.432,0.1707,0.171,0.18,0.26
2016.05.16 01:51:52.833,0.17069,0.17099,0.04,0.23
2016.05.16 01:51:53.354,0.17069,0.17099,0.02,0.25
2016.05.16 01:52:00.470,0.17069,0.17099,0.11,0.19
2016.05.16 01:52:01.175,0.17068,0.17098,0.02,0.24
2016.05.16 01:52:01.677,0.17067,0.17097,0.04,0.01
2016.05.16 01:52:02.010,0.17066,0.17096,0.02,0.21
2016.05.16 01:52:03.081,0.17065,0.17095,0.21,0.20
2016.05.16 01:52:05.770,0.17065,0.17095,0.21,0.20
2016.05.16 01:52:14.270,0.17066,0.17096,0.17,0.23
2016.05.16 01:52:14.771,0.17065,0.17095,0.02,0.21
2016.05.16 01:52:18.285,0.17065,0.17095,0.02,0.21
2016.05.16 01:52:22.430,0.17067,0.17097,0.02,0.23
2016.05.16 01:52:22.931,0.17065,0.17095,0.02,0.04
2016.05.16 01:52:23.723,0.17065,0.17095,0.02,0.21
2016.05.16 01:52:26.495,0.17065,0.17095,0.02,0.21
2016.05.16 01:52:30.299,0.17064,0.17094,0.04,0.19
2016.05.16 01:52:30.980,0.17062,0.17092,0.21,0.01
2016.05.16 01:52:31.412,0.17061,0.17091,0.24,0.19
2016.05.16 01:52:34.555,0.17062,0.17092,0.11,0.31
2016.05.16 01:52:34.706,0.1706,0.1709,0.19,0.22
2016.05.16 01:52:35.264,0.1706,0.1709,0.18,0.04
2016.05.16 01:52:36.393,0.1706,0.1709,0.19,0.24
2016.05.16 01:52:36.905,0.17059,0.17089,0.23,0.17
2016.05.16 01:52:37.579,0.1706,0.1709,0.19,0.27
2016.05.16 01:52:38.083,0.17059,0.17089,0.20,0.17
2016.05.16 01:52:38.903,0.17059,0.17089,0.04,0.25
2016.05.16 01:52:49.032,0.17059,0.17089,0.19,0.18
2016.05.16 01:52:52.983,0.17058,0.17088,0.23,0.22
2016.05.16 01:53:03.362,0.17057,0.17087,0.25,0.01
2016.05.16 01:53:03.914,0.17056,0.17086,0.09,0.18
2016.05.16 01:53:04.492,0.17058,0.17088,0.16,0.19
2016.05.16 01:53:07.436,0.17059,0.17089,0.02,0.19
2016.05.16 01:53:14.991,0.17057,0.17087,0.18,0.03
2016.05.16 01:53:15.594,0.17056,0.17086,0.08,0.15
2016.05.16 01:53:16.106,0.17057,0.17087,0.22,0.01
2016.05.16 01:53:19.025,0.17059,0.17089,0.02,0.26
2016.05.16 01:53:27.356,0.17059,0.17089,0.24,0.24
2016.05.16 01:53:39.071,0.17061,0.17091,0.02,0.19
2016.05.16 01:53:39.172,0.17062,0.17092,0.04,0.23
2016.05.16 01:53:39.459,0.1706,0.1709,0.02,0.25
2016.05.16 01:53:39.935,0.17058,0.17088,0.04,0.22
2016.05.16 01:53:41.438,0.17059,0.17089,0.02,0.22
2016.05.16 01:53:42.030,0.1706,0.1709,0.21,0.28
2016.05.16 01:53:43.074,0.1706,0.1709,0.21,0.28
2016.05.16 01:53:50.672,0.17059,0.17089,0.15,0.20
2016.05.16 01:53:51.499,0.17061,0.17091,0.02,0.22
2016.05.16 01:53:51.600,0.17062,0.17092,0.05,0.28
2016.05.16 01:53:55.486,0.17064,0.17094,0.02,0.31
2016.05.16 01:53:59.590,0.17062,0.17092,0.02,0.24
2016.05.16 01:54:00.310,0.17061,0.17091,0.21,0.18
2016.05.16 01:54:02.800,0.1706,0.1709,0.21,0.22
2016.05.16 01:54:03.594,0.1706,0.1709,0.21,0.26
2016.05.16 01:54:03.908,0.17062,0.17092,0.14,0.19
2016.05.16 01:54:13.322,0.17064,0.17094,0.02,0.26
2016.05.16 01:54:15.309,0.17061,0.17091,0.25,0.16
2016.05.16 01:54:15.838,0.17063,0.17093,0.20,0.21
2016.05.16 01:54:32.820,0.17063,0.17093,0.17,0.24
2016.05.16 01:54:32.871,0.17067,0.17097,0.02,0.22
2016.05.16 01:54:32.922,0.17067,0.17097,0.20,0.21
2016.05.16 01:54:33.022,0.17069,0.17099,0.05,0.20
2016.05.16 01:54:34.815,0.1707,0.171,0.02,0.21
2016.05.16 01:54:42.838,0.17069,0.17099,0.22,0.22
2016.05.16 01:54:43.448,0.17068,0.17098,0.23,0.20
2016.05.16 01:54:44.440,0.17067,0.17097,0.02,0.17
2016.05.16 01:54:44.985,0.17065,0.17095,0.15,0.25
2016.05.16 01:54:46.957,0.17062,0.17092,0.02,0.11
2016.05.16 01:54:47.234,0.17061,0.17091,0.25,0.18
2016.05.16 01:54:47.957,0.17063,0.17093,0.26,0.25
2016.05.16 01:54:50.946,0.17064,0.17094,0.02,0.21
2016.05.16 01:54:58.353,0.17064,0.17094,0.18,0.21
2016.05.16 01:54:58.805,0.17067,0.17097,0.08,0.19
2016.05.16 01:55:00.259,0.17066,0.17096,0.16,0.18
2016.05.16 01:55:05.972,0.17067,0.17097,0.15,0.19
2016.05.16 01:55:09.956,0.17067,0.17097,0.06,0.21
2016.05.16 01:55:10.773,0.17066,0.17096,0.16,0.20
2016.05.16 01:55:11.523,0.17065,0.17095,0.08,0.20
2016.05.16 01:55:12.136,0.17064,0.17094,0.11,0.20
2016.05.16 01:55:14.099,0.17064,0.17094,0.13,0.20
2016.05.16 01:55:22.137,0.17065,0.17095,0.20,0.25
2016.05.16 01:55:22.797,0.17067,0.17097,0.08,0.26
2016.05.16 01:55:25.701,0.17066,0.17096,0.21,0.17
2016.05.16 01:55:28.912,0.17065,0.17095,0.10,0.25
2016.05.16 01:55:33.158,0.17064,0.17094,0.16,0.20
2016.05.16 01:55:42.737,0.17064,0.17094,0.04,0.16
2016.05.16 01:55:44.642,0.17062,0.17092,0.24,0.03
2016.05.16 01:55:44.743,0.17061,0.17091,0.16,0.20
2016.05.16 01:55:45.096,0.17063,0.17093,0.12,0.21
2016.05.16 01:55:48.595,0.17064,0.17094,0.02,0.21
2016.05.16 01:55:54.311,0.17062,0.17092,0.20,0.03
2016.05.16 01:55:54.613,0.1706,0.1709,0.13,0.25
2016.05.16 01:55:54.947,0.17058,0.17088,0.24,0.25
2016.05.16 01:55:55.548,0.17059,0.17089,0.07,0.19
2016.05.16 01:55:56.650,0.17058,0.17088,0.20,0.21
2016.05.16 01:55:57.892,0.17057,0.17087,0.20,0.23
2016.05.16 01:55:58.306,0.17057,0.17087,0.19,0.23
2016.05.16 01:56:19.452,0.17061,0.17091,0.02,0.22
2016.05.16 01:56:19.502,0.17062,0.17092,0.13,0.22
2016.05.16 01:56:20.010,0.17063,0.17093,0.07,0.23
2016.05.16 01:56:22.442,0.17061,0.17091,0.17,0.21
2016.05.16 01:56:22.981,0.17063,0.17093,0.13,0.21
2016.05.16 01:56:23.535,0.17064,0.17094,0.02,0.21
2016.05.16 01:56:28.727,0.17065,0.17095,0.02,0.27
2016.05.16 01:56:29.254,0.17065,0.17095,0.09,0.25
2016.05.16 01:56:30.549,0.17061,0.17091,0.22,0.20
2016.05.16 01:56:30.873,0.17059,0.17089,0.17,0.18
2016.05.16 01:56:33.222,0.17059,0.17089,0.02,0.19
2016.05.16 01:56:34.589,0.17058,0.17088,0.21,0.01
2016.05.16 01:56:52.332,0.17059,0.17089,0.15,0.22
2016.05.16 01:56:53.155,0.17058,0.17088,0.13,0.19
2016.05.16 01:56:59.864,0.17057,0.17087,0.08,0.24
2016.05.16 01:56:59.964,0.17055,0.17087,0.14,0.26
2016.05.16 01:57:00.257,0.17057,0.17087,0.14,0.24
2016.05.16 01:57:01.053,0.17058,0.17088,0.12,0.26
2016.05.16 01:57:01.768,0.17059,0.17089,0.02,0.24
2016.05.16 01:57:07.622,0.17057,0.17087,0.08,0.27
2016.05.16 01:57:07.673,0.17055,0.17085,0.21,0.21
2016.05.16 01:57:07.774,0.17058,0.17088,0.11,0.20
2016.05.16 01:57:08.559,0.17056,0.17086,0.25,0.22
2016.05.16 01:57:09.261,0.17056,0.17086,0.13,0.21
2016.05.16 01:57:15.682,0.17059,0.17089,0.02,0.27
2016.05.16 01:57:16.224,0.17057,0.17087,0.20,0.03
2016.05.16 01:57:16.612,0.17056,0.17086,0.23,0.20
2016.05.16 01:57:19.621,0.17055,0.17087,0.25,0.25
2016.05.16 01:57:20.180,0.17056,0.17086,0.05,0.17
2016.05.16 01:57:28.993,0.17055,0.17085,0.12,0.25
2016.05.16 01:57:33.864,0.17053,0.17083,0.19,0.22
2016.05.16 01:57:34.000,0.17053,0.17083,0.19,0.16
2016.05.16 01:57:35.928,0.17054,0.17084,0.16,0.17
2016.05.16 01:57:39.014,0.17053,0.17083,0.21,0.20
2016.05.16 01:57:42.618,0.17054,0.17084,0.18,0.16
2016.05.16 01:57:48.186,0.17055,0.17085,0.02,0.15
2016.05.16 01:57:48.362,0.17058,0.17088,0.02,0.18
2016.05.16 01:57:53.118,0.17055,0.17085,0.02,0.04
2016.05.16 01:57:53.269,0.17055,0.17085,0.11,0.19
2016.05.16 01:57:54.660,0.17057,0.17087,0.02,0.24
2016.05.16 01:57:55.308,0.17056,0.17086,0.21,0.21
2016.05.16 01:58:09.870,0.17057,0.17087,0.02,0.26
2016.05.16 01:58:09.992,0.17058,0.17088,0.19,0.26
2016.05.16 01:58:10.063,0.17057,0.17087,0.02,0.22
2016.05.16 01:58:10.385,0.17058,0.17088,0.14,0.20
2016.05.16 01:58:11.999,0.17056,0.17086,0.02,0.21
2016.05.16 01:58:19.336,0.17057,0.17087,0.16,0.16
2016.05.16 01:58:19.957,0.17058,0.17088,0.18,0.23
2016.05.16 01:58:28.949,0.17056,0.17086,0.02,0.20
2016.05.16 01:58:31.915,0.17058,0.17088,0.19,0.24
2016.05.16 01:58:33.453,0.17056,0.17086,0.19,0.18
2016.05.16 01:58:33.898,0.17058,0.17088,0.10,0.24
2016.05.16 01:58:42.863,0.17056,0.17086,0.24,0.18
2016.05.16 01:58:43.325,0.17057,0.17087,0.15,0.01
2016.05.16 01:58:43.852,0.17056,0.17086,0.26,0.12
2016.05.16 01:58:50.558,0.17057,0.17087,0.08,0.23
2016.05.16 01:58:50.886,0.1706,0.1709,0.20,0.21
2016.05.16 01:58:51.396,0.1706,0.1709,0.02,0.24
2016.05.16 01:58:52.361,0.17061,0.17091,0.02,0.23
2016.05.16 01:58:52.462,0.17063,0.17093,0.18,0.19
2016.05.16 01:58:53.011,0.17062,0.17092,0.24,0.20
2016.05.16 01:58:54.264,0.17063,0.17093,0.17,0.21
2016.05.16 01:58:54.770,0.17064,0.17094,0.21,0.23
2016.05.16 01:58:54.871,0.17065,0.17095,0.21,0.04
2016.05.16 01:58:55.525,0.17065,0.17095,0.23,0.23
2016.05.16 01:58:57.438,0.17066,0.17096,0.08,0.25
2016.05.16 01:58:57.999,0.17065,0.17095,0.17,0.22
2016.05.16 01:59:00.908,0.17063,0.17093,0.18,0.01
2016.05.16 01:59:01.473,0.17064,0.17094,0.02,0.22
2016.05.16 01:59:20.301,0.17063,0.17093,0.26,0.17
2016.05.16 01:59:21.210,0.17064,0.17094,0.21,0.20
2016.05.16 01:59:21.833,0.17065,0.17095,0.21,0.23
2016.05.16 01:59:24.243,0.17067,0.17097,0.19,0.17
2016.05.16 01:59:24.766,0.17065,0.17095,0.21,0.04
2016.05.16 01:59:25.310,0.17065,0.17095,0.15,0.25
2016.05.16 01:59:32.039,0.17066,0.17096,0.02,0.25
2016.05.16 01:59:32.223,0.17067,0.17097,0.18,0.20
2016.05.16 01:59:32.868,0.17066,0.17096,0.20,0.19
2016.05.16 01:59:33.477,0.17065,0.17095,0.14,0.22
2016.05.16 01:59:40.972,0.17067,0.17097,0.18,0.21
2016.05.16 01:59:41.450,0.17065,0.17095,0.02,0.27
2016.05.16 01:59:42.142,0.17067,0.17097,0.16,0.19
2016.05.16 01:59:42.581,0.17065,0.17095,0.02,0.22
2016.05.16 01:59:43.277,0.17067,0.17097,0.24,0.22
2016.05.16 01:59:43.579,0.17066,0.17096,0.02,0.24
2016.05.16 01:59:46.379,0.17067,0.17097,0.04,0.23
2016.05.16 01:59:46.910,0.17067,0.17097,0.22,0.08
2016.05.16 01:59:49.185,0.17068,0.17098,0.02,0.18
2016.05.16 01:59:49.452,0.17066,0.17096,0.18,0.19
2016.05.16 01:59:49.966,0.17067,0.17097,0.02,0.22
2016.05.16 01:59:50.067,0.17068,0.17098,0.17,0.24
