2011.07.01 15:00:00.450,0.3375,0.3379,0.05,0.02
2011.07.01 15:00:01.138,0.33744,0.33784,0.05,0.02
2011.07.01 15:00:02.714,0.33752,0.33784,0.04,0.02
2011.07.01 15:00:02.819,0.33752,0.33789,0.05,0.06
2011.07.01 15:00:03.038,0.33752,0.33789,0.05,0.04
2011.07.01 15:00:03.451,0.33749,0.33793,0.05,0.02
2011.07.01 15:00:04.100,0.33752,0.3379,0.05,0.03
2011.07.01 15:00:05.489,0.33744,0.33786,0.06,0.02
2011.07.01 15:00:05.709,0.33744,0.33784,0.05,0.02
2011.07.01 15:00:07.584,0.33742,0.33782,0.05,0.02
2011.07.01 15:00:07.923,0.33743,0.33784,0.05,0.02
2011.07.01 15:00:11.798,0.33743,0.33787,0.05,0.03
2011.07.01 15:00:14.158,0.33748,0.33786,0.05,0.03
2011.07.01 15:00:14.489,0.33747,0.33786,0.05,0.03
2011.07.01 15:00:16.350,0.33749,0.33789,0.05,0.02
2011.07.01 15:00:16.838,0.33752,0.33793,0.05,0.03
2011.07.01 15:00:19.819,0.33751,0.3379,0.05,0.03
2011.07.01 15:00:20.039,0.33749,0.33787,0.05,0.04
2011.07.01 15:00:20.999,0.33749,0.33785,0.05,0.02
2011.07.01 15:00:21.220,0.33742,0.33783,0.05,0.02
2011.07.01 15:00:22.150,0.33744,0.33784,0.05,0.02
2011.07.01 15:00:22.930,0.33742,0.33782,0.05,0.02
2011.07.01 15:00:23.379,0.33742,0.33784,0.05,0.02
2011.07.01 15:00:24.139,0.33743,0.33783,0.05,0.02
2011.07.01 15:00:24.360,0.3374,0.3378,0.08,0.02
2011.07.01 15:00:24.580,0.33742,0.33783,0.05,0.02
2011.07.01 15:00:27.179,0.33732,0.33772,0.05,0.02
2011.07.01 15:00:31.160,0.33738,0.33772,0.04,0.02
2011.07.01 15:00:31.379,0.33738,0.33777,0.05,0.03
2011.07.01 15:00:37.539,0.33735,0.33775,0.05,0.02
2011.07.01 15:00:38.309,0.33733,0.33773,0.05,0.02
2011.07.01 15:00:38.530,0.33729,0.3377,0.05,0.02
2011.07.01 15:00:39.713,0.33729,0.33768,0.05,0.02
2011.07.01 15:00:39.920,0.33725,0.33765,0.05,0.02
2011.07.01 15:00:40.250,0.33725,0.33768,0.05,0.02
2011.07.01 15:00:43.140,0.33729,0.33769,0.05,0.03
2011.07.01 15:00:47.130,0.3373,0.33772,0.05,0.03
2011.07.01 15:00:47.503,0.33727,0.33769,0.05,0.02
2011.07.01 15:00:48.832,0.33727,0.33768,0.05,0.02
2011.07.01 15:00:49.719,0.33726,0.33766,0.05,0.02
2011.07.01 15:00:49.939,0.33728,0.33768,0.05,0.02
2011.07.01 15:00:55.340,0.33729,0.3377,0.05,0.03
2011.07.01 15:00:55.883,0.33733,0.3377,0.02,0.03
2011.07.01 15:00:55.989,0.33734,0.33773,0.05,0.02
2011.07.01 15:00:56.209,0.33738,0.33777,0.05,0.03
2011.07.01 15:00:56.909,0.33738,0.33775,0.05,0.02
2011.07.01 15:00:57.129,0.33738,0.33777,0.05,0.03
2011.07.01 15:00:57.459,0.33735,0.33775,0.05,0.02
2011.07.01 15:01:01.098,0.33732,0.33773,0.05,0.02
2011.07.01 15:01:03.839,0.33732,0.33774,0.05,0.02
2011.07.01 15:01:04.061,0.33733,0.33777,0.03,0.02
2011.07.01 15:01:04.609,0.33742,0.33783,0.05,0.03
2011.07.01 15:01:04.939,0.33741,0.33781,0.05,0.03
2011.07.01 15:01:05.379,0.33737,0.33778,0.05,0.03
2011.07.01 15:01:05.938,0.33739,0.33777,0.05,0.02
2011.07.01 15:01:12.669,0.33739,0.33776,0.05,0.03
2011.07.01 15:01:12.888,0.3374,0.33778,0.05,0.02
2011.07.01 15:01:14.689,0.33735,0.33779,0.05,0.06
2011.07.01 15:01:15.359,0.33743,0.33785,0.05,0.02
2011.07.01 15:01:15.860,0.33743,0.33788,0.05,0.03
2011.07.01 15:01:18.099,0.33741,0.33783,0.05,0.02
2011.07.01 15:01:18.878,0.33741,0.3378,0.05,0.02
2011.07.01 15:01:19.428,0.33735,0.33776,0.05,0.02
2011.07.01 15:01:21.779,0.33735,0.33776,0.05,0.02
2011.07.01 15:01:22.182,0.33735,0.33776,0.05,0.04
2011.07.01 15:01:23.658,0.33738,0.33777,0.05,0.03
2011.07.01 15:01:24.098,0.33743,0.3378,0.02,0.03
2011.07.01 15:01:26.078,0.33743,0.33782,0.03,0.03
2011.07.01 15:01:28.258,0.33741,0.33777,0.05,0.02
2011.07.01 15:01:28.769,0.33741,0.3378,0.05,0.02
2011.07.01 15:01:28.988,0.33743,0.33782,0.05,0.02
2011.07.01 15:01:29.209,0.33741,0.3378,0.05,0.03
2011.07.01 15:01:29.428,0.33738,0.33778,0.05,0.02
2011.07.01 15:01:31.129,0.33738,0.3378,0.05,0.03
2011.07.01 15:01:32.191,0.33738,0.33777,0.05,0.02
2011.07.01 15:01:33.898,0.33744,0.33777,0.06,0.03
2011.07.01 15:01:34.009,0.33744,0.33788,0.06,0.06
2011.07.01 15:01:34.998,0.33749,0.33789,0.05,0.02
2011.07.01 15:01:35.220,0.33753,0.33792,0.03,0.02
2011.07.01 15:01:35.550,0.33751,0.33786,0.05,0.02
2011.07.01 15:01:35.770,0.33747,0.33786,0.05,0.04
2011.07.01 15:01:36.329,0.33738,0.33782,0.05,0.06
2011.07.01 15:01:36.550,0.33738,0.33778,0.05,0.02
2011.07.01 15:01:38.730,0.33739,0.33783,0.05,0.03
2011.07.01 15:01:39.509,0.33745,0.3378,0.05,0.02
2011.07.01 15:01:39.729,0.33744,0.33786,0.05,0.03
2011.07.01 15:01:39.948,0.33747,0.33788,0.05,0.03
2011.07.01 15:01:40.489,0.33747,0.33786,0.05,0.02
2011.07.01 15:01:41.529,0.33754,0.33786,0.02,0.02
2011.07.01 15:01:41.858,0.33744,0.33786,0.05,0.04
2011.07.01 15:01:42.078,0.3375,0.33786,0.05,0.02
2011.07.01 15:01:42.648,0.33748,0.33786,0.05,0.02
2011.07.01 15:01:42.999,0.33744,0.3378,0.03,0.05
2011.07.01 15:01:43.219,0.33738,0.33776,0.05,0.02
2011.07.01 15:01:43.783,0.33734,0.33776,0.06,0.02
2011.07.01 15:01:44.278,0.3373,0.33767,0.05,0.03
2011.07.01 15:01:44.498,0.33728,0.33767,0.05,0.04
2011.07.01 15:01:44.719,0.33728,0.3377,0.05,0.02
2011.07.01 15:01:45.048,0.33734,0.3377,0.02,0.02
2011.07.01 15:01:45.159,0.33739,0.33779,0.05,0.05
2011.07.01 15:01:45.291,0.33743,0.33779,0.04,0.05
2011.07.01 15:01:45.728,0.33745,0.33785,0.04,0.03
2011.07.01 15:01:46.260,0.33743,0.33784,0.05,0.03
2011.07.01 15:01:46.479,0.33759,0.33799,0.05,0.05
2011.07.01 15:01:46.588,0.33759,0.33799,0.05,0.05
2011.07.01 15:01:46.699,0.33763,0.33799,0.04,0.05
2011.07.01 15:01:46.808,0.33763,0.33799,0.05,0.05
2011.07.01 15:01:46.919,0.33768,0.33799,0.04,0.05
2011.07.01 15:01:47.250,0.33754,0.33786,0.02,0.03
2011.07.01 15:01:47.718,0.33761,0.33792,0.04,0.03
2011.07.01 15:01:48.049,0.33749,0.33789,0.08,0.03
2011.07.01 15:01:48.269,0.33744,0.33788,0.05,0.03
2011.07.01 15:01:48.599,0.3374,0.33776,0.08,0.02
2011.07.01 15:01:48.929,0.33736,0.33776,0.08,0.03
2011.07.01 15:01:49.268,0.33744,0.3378,0.03,0.05
2011.07.01 15:01:49.378,0.33753,0.33783,0.04,0.04
2011.07.01 15:01:49.488,0.33753,0.33784,0.04,0.05
2011.07.01 15:01:50.058,0.33753,0.33787,0.06,0.05
2011.07.01 15:01:50.279,0.33754,0.33795,0.05,0.03
2011.07.01 15:01:50.498,0.33749,0.33786,0.05,0.04
2011.07.01 15:01:51.069,0.33753,0.3379,0.05,0.02
2011.07.01 15:01:51.289,0.33758,0.3379,0.05,0.04
2011.07.01 15:01:51.509,0.33759,0.33799,0.05,0.05
2011.07.01 15:01:51.978,0.33755,0.3379,0.05,0.04
2011.07.01 15:01:52.418,0.3375,0.33787,0.05,0.02
2011.07.01 15:01:52.748,0.3375,0.33786,0.05,0.02
2011.07.01 15:01:53.195,0.3376,0.33792,0.05,0.03
2011.07.01 15:01:53.740,0.33755,0.33795,0.05,0.02
2011.07.01 15:01:55.768,0.33763,0.33796,0.03,0.02
2011.07.01 15:01:55.989,0.33765,0.33803,0.05,0.02
2011.07.01 15:01:56.318,0.33768,0.33803,0.04,0.02
2011.07.01 15:01:56.428,0.33768,0.33806,0.05,0.03
2011.07.01 15:01:57.389,0.33762,0.33801,0.03,0.02
2011.07.01 15:01:58.949,0.33763,0.33797,0.03,0.02
2011.07.01 15:01:59.929,0.33759,0.33797,0.05,0.02
2011.07.01 15:02:00.259,0.33769,0.338,0.04,0.02
2011.07.01 15:02:00.369,0.3378,0.33811,0.04,0.05
2011.07.01 15:02:00.590,0.33777,0.33817,0.05,0.05
2011.07.01 15:02:00.808,0.33777,0.33812,0.05,0.05
2011.07.01 15:02:00.918,0.33783,0.33814,0.04,0.05
2011.07.01 15:02:01.391,0.33784,0.33826,0.05,0.03
2011.07.01 15:02:01.499,0.33784,0.33826,0.05,0.03
2011.07.01 15:02:01.939,0.33787,0.33826,0.05,0.03
2011.07.01 15:02:02.541,0.33779,0.33822,0.05,0.03
2011.07.01 15:02:02.648,0.33777,0.3382,0.05,0.03
2011.07.01 15:02:03.220,0.33777,0.33817,0.05,0.03
2011.07.01 15:02:03.739,0.33779,0.33819,0.04,0.03
2011.07.01 15:02:03.958,0.33779,0.33822,0.05,0.02
2011.07.01 15:02:04.348,0.33779,0.3382,0.05,0.02
2011.07.01 15:02:05.498,0.33777,0.33817,0.05,0.02
2011.07.01 15:02:06.095,0.33775,0.33815,0.05,0.02
2011.07.01 15:02:06.489,0.33772,0.33813,0.05,0.02
2011.07.01 15:02:06.591,0.33774,0.33814,0.05,0.02
2011.07.01 15:02:06.929,0.33777,0.33817,0.05,0.02
2011.07.01 15:02:07.820,0.33779,0.33819,0.05,0.02
2011.07.01 15:02:09.668,0.3378,0.33822,0.05,0.03
2011.07.01 15:02:10.175,0.3378,0.3382,0.05,0.02
2011.07.01 15:02:10.290,0.33774,0.33819,0.06,0.02
2011.07.01 15:02:10.399,0.33774,0.33815,0.06,0.02
2011.07.01 15:02:11.730,0.33772,0.33813,0.05,0.02
2011.07.01 15:02:12.259,0.33771,0.33807,0.05,0.02
2011.07.01 15:02:12.742,0.33775,0.33808,0.05,0.03
2011.07.01 15:02:12.959,0.33775,0.33815,0.05,0.02
2011.07.01 15:02:13.179,0.33772,0.33811,0.05,0.02
2011.07.01 15:02:13.508,0.33778,0.33814,0.05,0.02
2011.07.01 15:02:13.618,0.33778,0.33816,0.05,0.03
2011.07.01 15:02:14.046,0.33778,0.33816,0.05,0.03
2011.07.01 15:02:14.599,0.3378,0.33816,0.03,0.02
2011.07.01 15:02:14.709,0.33775,0.33816,0.05,0.02
2011.07.01 15:02:14.818,0.33778,0.33816,0.05,0.04
2011.07.01 15:02:15.698,0.33774,0.33806,0.03,0.02
2011.07.01 15:02:16.248,0.33773,0.33811,0.03,0.02
2011.07.01 15:02:16.579,0.33778,0.33817,0.05,0.02
2011.07.01 15:02:17.018,0.33778,0.33816,0.05,0.04
2011.07.01 15:02:18.219,0.33774,0.33817,0.05,0.02
2011.07.01 15:02:18.549,0.33784,0.33816,0.02,0.02
2011.07.01 15:02:18.898,0.33779,0.33817,0.05,0.02
2011.07.01 15:02:19.010,0.33775,0.33816,0.05,0.02
2011.07.01 15:02:22.409,0.3377,0.33807,0.05,0.03
2011.07.01 15:02:22.629,0.33767,0.33806,0.05,0.02
2011.07.01 15:02:22.960,0.33764,0.33796,0.05,0.02
2011.07.01 15:02:23.434,0.33762,0.33799,0.05,0.02
2011.07.01 15:02:23.541,0.33759,0.33799,0.05,0.02
2011.07.01 15:02:24.169,0.33759,0.33799,0.05,0.02
2011.07.01 15:02:24.388,0.33763,0.33802,0.05,0.02
2011.07.01 15:02:26.089,0.33761,0.338,0.05,0.02
2011.07.01 15:02:29.089,0.33763,0.33803,0.05,0.03
2011.07.01 15:02:34.640,0.33763,0.33804,0.03,0.02
2011.07.01 15:02:36.209,0.33771,0.3381,0.05,0.02
2011.07.01 15:02:37.208,0.33773,0.33812,0.05,0.02
2011.07.01 15:02:38.090,0.33775,0.33815,0.05,0.03
2011.07.01 15:02:39.389,0.33778,0.33815,0.04,0.02
2011.07.01 15:02:39.718,0.33782,0.33822,0.05,0.03
2011.07.01 15:02:40.359,0.33784,0.33825,0.05,0.03
2011.07.01 15:02:41.140,0.33783,0.33822,0.05,0.02
2011.07.01 15:02:42.488,0.33781,0.33821,0.05,0.02
2011.07.01 15:02:45.780,0.33784,0.33821,0.03,0.02
2011.07.01 15:02:46.418,0.33784,0.33823,0.06,0.02
2011.07.01 15:02:47.088,0.33784,0.33822,0.03,0.02
2011.07.01 15:02:48.469,0.33784,0.33824,0.06,0.02
2011.07.01 15:02:49.639,0.33787,0.33826,0.05,0.03
2011.07.01 15:02:50.868,0.33783,0.33823,0.05,0.02
2011.07.01 15:02:51.429,0.33782,0.3382,0.05,0.02
2011.07.01 15:02:51.649,0.33784,0.33822,0.03,0.02
2011.07.01 15:02:51.869,0.33787,0.33826,0.05,0.03
2011.07.01 15:02:57.238,0.33785,0.33826,0.05,0.05
2011.07.01 15:03:00.695,0.33785,0.33827,0.05,0.05
2011.07.01 15:03:05.079,0.3379,0.3383,0.05,0.03
2011.07.01 15:03:05.868,0.33793,0.33832,0.05,0.03
2011.07.01 15:03:09.879,0.3379,0.3383,0.08,0.02
2011.07.01 15:03:10.430,0.33792,0.33832,0.05,0.02
2011.07.01 15:03:11.912,0.33791,0.33831,0.05,0.02
2011.07.01 15:03:12.024,0.33791,0.33833,0.05,0.02
2011.07.01 15:03:13.448,0.33793,0.33834,0.05,0.03
2011.07.01 15:03:17.649,0.338,0.33838,0.05,0.03
2011.07.01 15:03:17.759,0.33802,0.33838,0.04,0.02
2011.07.01 15:03:18.088,0.33802,0.3384,0.05,0.04
2011.07.01 15:03:21.008,0.33801,0.33841,0.05,0.03
2011.07.01 15:03:22.289,0.33797,0.33838,0.05,0.02
2011.07.01 15:03:23.219,0.33797,0.33839,0.05,0.02
2011.07.01 15:03:23.639,0.33797,0.33837,0.05,0.02
2011.07.01 15:03:31.569,0.33795,0.33836,0.05,0.05
2011.07.01 15:03:32.050,0.33791,0.33826,0.05,0.02
2011.07.01 15:03:32.379,0.33789,0.33826,0.05,0.02
2011.07.01 15:03:36.988,0.33785,0.33822,0.05,0.02
2011.07.01 15:03:39.329,0.33781,0.33821,0.04,0.03
2011.07.01 15:03:39.549,0.33781,0.33817,0.05,0.02
2011.07.01 15:03:40.649,0.33773,0.33816,0.05,0.02
2011.07.01 15:03:40.868,0.33773,0.33812,0.05,0.02
2011.07.01 15:03:41.310,0.33777,0.33815,0.05,0.02
2011.07.01 15:03:41.529,0.33777,0.33818,0.05,0.02
2011.07.01 15:03:43.408,0.33778,0.3382,0.05,0.02
2011.07.01 15:03:43.628,0.33779,0.3382,0.05,0.02
2011.07.01 15:03:44.719,0.3378,0.33818,0.05,0.02
2011.07.01 15:03:45.299,0.33776,0.33818,0.05,0.03
2011.07.01 15:03:45.519,0.33777,0.33817,0.05,0.02
2011.07.01 15:03:47.540,0.33773,0.33816,0.05,0.03
2011.07.01 15:03:48.043,0.33767,0.33806,0.05,0.02
2011.07.01 15:03:48.259,0.33764,0.33806,0.05,0.02
2011.07.01 15:03:49.720,0.33767,0.33808,0.05,0.02
2011.07.01 15:03:50.056,0.33767,0.33808,0.05,0.02
2011.07.01 15:03:51.648,0.33763,0.33806,0.05,0.02
2011.07.01 15:03:52.829,0.33762,0.33803,0.05,0.02
2011.07.01 15:04:01.279,0.3376,0.33797,0.05,0.02
2011.07.01 15:04:02.850,0.33754,0.33796,0.05,0.02
2011.07.01 15:04:03.310,0.33752,0.33792,0.05,0.02
2011.07.01 15:04:03.961,0.33749,0.33786,0.05,0.02
2011.07.01 15:04:05.178,0.33745,0.33787,0.05,0.04
2011.07.01 15:04:06.290,0.33744,0.33786,0.05,0.03
2011.07.01 15:04:06.509,0.33742,0.33783,0.05,0.02
2011.07.01 15:04:08.190,0.33744,0.33784,0.05,0.02
2011.07.01 15:04:09.037,0.33743,0.33782,0.05,0.02
2011.07.01 15:04:09.478,0.33737,0.33777,0.05,0.02
2011.07.01 15:04:10.809,0.33742,0.3378,0.05,0.02
2011.07.01 15:04:11.029,0.33748,0.33787,0.05,0.03
2011.07.01 15:04:12.777,0.33748,0.33786,0.05,0.05
2011.07.01 15:04:12.880,0.3374,0.33778,0.05,0.02
2011.07.01 15:04:13.559,0.33738,0.3378,0.05,0.03
2011.07.01 15:04:13.780,0.33743,0.33777,0.04,0.02
2011.07.01 15:04:14.000,0.33743,0.33783,0.05,0.03
2011.07.01 15:04:14.230,0.3374,0.33781,0.05,0.03
2011.07.01 15:04:15.829,0.33741,0.33784,0.02,0.05
2011.07.01 15:04:16.768,0.33753,0.33787,0.04,0.02
2011.07.01 15:04:16.879,0.33753,0.33795,0.05,0.02
2011.07.01 15:04:18.291,0.33751,0.33789,0.05,0.05
2011.07.01 15:04:18.510,0.33744,0.33783,0.05,0.02
2011.07.01 15:04:19.310,0.33743,0.33783,0.05,0.02
2011.07.01 15:04:21.299,0.33743,0.3378,0.05,0.02
2011.07.01 15:04:22.300,0.33735,0.33775,0.05,0.02
2011.07.01 15:04:22.780,0.33738,0.33778,0.05,0.02
2011.07.01 15:04:23.110,0.33733,0.33776,0.05,0.02
2011.07.01 15:04:23.329,0.33733,0.33772,0.05,0.02
2011.07.01 15:04:24.919,0.33732,0.33771,0.05,0.02
2011.07.01 15:04:25.449,0.33732,0.33772,0.05,0.02
2011.07.01 15:04:27.318,0.33733,0.3377,0.05,0.02
2011.07.01 15:04:27.680,0.33733,0.33772,0.05,0.03
2011.07.01 15:04:29.480,0.33728,0.33767,0.05,0.02
2011.07.01 15:04:31.419,0.33729,0.33769,0.05,0.02
2011.07.01 15:04:31.639,0.33728,0.33768,0.05,0.03
2011.07.01 15:04:31.748,0.3373,0.33768,0.04,0.02
2011.07.01 15:04:32.062,0.3373,0.33769,0.05,0.02
2011.07.01 15:04:33.668,0.3373,0.33766,0.05,0.02
2011.07.01 15:04:34.469,0.33734,0.33778,0.03,0.05
2011.07.01 15:04:34.798,0.33745,0.33784,0.05,0.02
2011.07.01 15:04:35.389,0.33749,0.33784,0.04,0.02
2011.07.01 15:04:35.719,0.33749,0.33789,0.05,0.02
2011.07.01 15:04:36.389,0.33745,0.33785,0.05,0.02
2011.07.01 15:04:36.609,0.33745,0.33787,0.05,0.02
2011.07.01 15:04:36.829,0.33744,0.33785,0.05,0.02
2011.07.01 15:04:37.424,0.33748,0.33787,0.05,0.04
2011.07.01 15:04:38.560,0.33748,0.33785,0.05,0.02
2011.07.01 15:04:38.780,0.33748,0.33787,0.05,0.02
2011.07.01 15:04:39.000,0.33738,0.33776,0.05,0.02
2011.07.01 15:04:39.558,0.33735,0.33776,0.05,0.02
2011.07.01 15:04:41.119,0.33745,0.33778,0.05,0.03
2011.07.01 15:04:41.339,0.33745,0.3378,0.05,0.04
2011.07.01 15:04:42.109,0.33743,0.33783,0.05,0.02
2011.07.01 15:04:42.688,0.33743,0.33776,0.05,0.02
2011.07.01 15:04:43.179,0.33744,0.33783,0.05,0.02
2011.07.01 15:04:43.508,0.33751,0.3379,0.05,0.02
2011.07.01 15:04:43.618,0.33757,0.33796,0.05,0.03
2011.07.01 15:04:43.838,0.33754,0.33795,0.05,0.02
2011.07.01 15:04:44.359,0.33753,0.33792,0.05,0.02
2011.07.01 15:04:44.920,0.33754,0.33794,0.05,0.02
2011.07.01 15:04:45.140,0.3375,0.33787,0.05,0.02
2011.07.01 15:04:45.361,0.33748,0.33785,0.05,0.02
2011.07.01 15:04:45.800,0.33742,0.33776,0.03,0.02
2011.07.01 15:04:46.358,0.33744,0.33785,0.03,0.06
2011.07.01 15:04:46.580,0.3375,0.33789,0.05,0.04
2011.07.01 15:04:46.799,0.3375,0.33789,0.05,0.04
2011.07.01 15:04:49.322,0.33754,0.33791,0.02,0.03
2011.07.01 15:04:49.649,0.33754,0.33794,0.06,0.02
2011.07.01 15:04:50.089,0.3376,0.33798,0.05,0.03
2011.07.01 15:04:50.638,0.33757,0.33797,0.05,0.02
2011.07.01 15:04:52.129,0.33754,0.33787,0.05,0.03
2011.07.01 15:04:52.238,0.3375,0.33786,0.08,0.03
2011.07.01 15:04:52.349,0.3375,0.33786,0.08,0.02
2011.07.01 15:04:53.070,0.33759,0.33799,0.05,0.04
2011.07.01 15:04:53.179,0.33763,0.33799,0.05,0.04
2011.07.01 15:04:53.549,0.3376,0.33798,0.05,0.02
2011.07.01 15:04:54.060,0.33757,0.33797,0.05,0.02
2011.07.01 15:04:54.280,0.33754,0.33795,0.05,0.02
2011.07.01 15:04:54.960,0.3376,0.33799,0.05,0.04
2011.07.01 15:04:55.540,0.33763,0.33801,0.03,0.02
2011.07.01 15:04:57.889,0.3376,0.33795,0.05,0.02
2011.07.01 15:04:58.472,0.33759,0.33797,0.05,0.02
2011.07.01 15:04:59.481,0.33763,0.33802,0.05,0.02
2011.07.01 15:04:59.918,0.33764,0.33805,0.05,0.03
2011.07.01 15:05:00.409,0.33763,0.33803,0.05,0.02
2011.07.01 15:05:01.009,0.3376,0.33801,0.05,0.02
2011.07.01 15:05:01.339,0.3376,0.33798,0.05,0.02
2011.07.01 15:05:01.978,0.33755,0.33796,0.05,0.04
2011.07.01 15:05:03.149,0.33751,0.33791,0.05,0.02
2011.07.01 15:05:03.709,0.33753,0.33792,0.05,0.02
2011.07.01 15:05:04.039,0.33754,0.33795,0.03,0.03
2011.07.01 15:05:04.259,0.33758,0.33798,0.05,0.03
2011.07.01 15:05:05.119,0.3376,0.338,0.05,0.03
2011.07.01 15:05:06.078,0.33758,0.33797,0.05,0.02
2011.07.01 15:05:07.140,0.33754,0.33796,0.06,0.04
2011.07.01 15:05:07.689,0.33754,0.33793,0.05,0.02
2011.07.01 15:05:08.019,0.3375,0.33786,0.05,0.02
2011.07.01 15:05:08.129,0.3375,0.3379,0.05,0.02
2011.07.01 15:05:08.318,0.3375,0.33793,0.05,0.02
2011.07.01 15:05:08.668,0.33755,0.33794,0.05,0.02
2011.07.01 15:05:09.749,0.33753,0.33793,0.05,0.02
2011.07.01 15:05:11.259,0.33755,0.33794,0.05,0.03
2011.07.01 15:05:11.689,0.33757,0.33797,0.05,0.03
2011.07.01 15:05:12.349,0.33748,0.33788,0.05,0.02
2011.07.01 15:05:14.480,0.33742,0.33783,0.05,0.03
2011.07.01 15:05:14.589,0.33741,0.33783,0.05,0.03
2011.07.01 15:05:14.700,0.33742,0.33782,0.05,0.02
2011.07.01 15:05:15.155,0.33742,0.3378,0.05,0.02
2011.07.01 15:05:15.708,0.33742,0.33782,0.05,0.02
2011.07.01 15:05:16.369,0.33742,0.33781,0.05,0.02
2011.07.01 15:05:16.589,0.33743,0.33782,0.05,0.02
2011.07.01 15:05:17.613,0.33743,0.33784,0.05,0.02
2011.07.01 15:05:19.358,0.33748,0.33788,0.05,0.02
2011.07.01 15:05:19.578,0.33749,0.33789,0.05,0.02
2011.07.01 15:05:20.148,0.33747,0.33787,0.05,0.02
2011.07.01 15:05:21.039,0.33747,0.3379,0.05,0.03
2011.07.01 15:05:27.659,0.33752,0.33791,0.05,0.02
2011.07.01 15:05:27.769,0.33752,0.33793,0.05,0.03
2011.07.01 15:05:29.859,0.33752,0.33794,0.05,0.03
2011.07.01 15:05:30.188,0.33757,0.338,0.05,0.05
2011.07.01 15:05:31.440,0.33762,0.33807,0.05,0.03
2011.07.01 15:05:32.879,0.33764,0.33805,0.05,0.03
2011.07.01 15:05:33.210,0.33762,0.33802,0.05,0.02
2011.07.01 15:05:34.338,0.33757,0.33801,0.05,0.02
2011.07.01 15:05:34.559,0.33754,0.33796,0.05,0.02
2011.07.01 15:05:35.123,0.33757,0.33797,0.05,0.02
2011.07.01 15:05:35.739,0.33752,0.33796,0.05,0.04
2011.07.01 15:05:35.958,0.33754,0.33794,0.05,0.02
2011.07.01 15:05:36.399,0.3375,0.33792,0.05,0.02
2011.07.01 15:05:36.618,0.33747,0.33788,0.05,0.02
2011.07.01 15:05:37.900,0.33753,0.33789,0.05,0.02
2011.07.01 15:05:38.119,0.33754,0.33795,0.05,0.02
2011.07.01 15:05:41.155,0.33754,0.33798,0.05,0.03
2011.07.01 15:05:41.370,0.33753,0.33795,0.05,0.02
2011.07.01 15:05:41.589,0.33753,0.33793,0.05,0.02
2011.07.01 15:05:42.309,0.3375,0.33786,0.05,0.02
2011.07.01 15:05:48.940,0.33745,0.33786,0.05,0.05
2011.07.01 15:05:51.906,0.33742,0.33782,0.05,0.02
2011.07.01 15:05:53.200,0.3374,0.33777,0.05,0.04
2011.07.01 15:05:58.989,0.33738,0.33776,0.05,0.03
2011.07.01 15:06:00.659,0.33737,0.33777,0.05,0.04
2011.07.01 15:06:14.249,0.33733,0.33775,0.05,0.02
2011.07.01 15:06:14.468,0.33731,0.33767,0.05,0.02
2011.07.01 15:06:15.928,0.33724,0.33766,0.06,0.04
2011.07.01 15:06:16.159,0.33727,0.33768,0.05,0.02
2011.07.01 15:06:21.279,0.33728,0.33766,0.05,0.03
2011.07.01 15:06:21.610,0.33719,0.33762,0.05,0.02
2011.07.01 15:06:21.719,0.33717,0.3376,0.04,0.02
2011.07.01 15:06:22.209,0.33717,0.33759,0.05,0.03
2011.07.01 15:06:22.850,0.33714,0.33757,0.05,0.04
2011.07.01 15:06:23.446,0.33714,0.33757,0.05,0.02
2011.07.01 15:06:23.649,0.33723,0.33759,0.05,0.05
2011.07.01 15:06:23.961,0.33728,0.33759,0.04,0.04
2011.07.01 15:06:24.069,0.33725,0.33759,0.05,0.05
2011.07.01 15:06:24.288,0.33728,0.33759,0.04,0.05
2011.07.01 15:06:26.057,0.33728,0.33767,0.05,0.04
2011.07.01 15:06:26.388,0.33725,0.33762,0.05,0.02
2011.07.01 15:06:26.499,0.33726,0.33765,0.05,0.02
2011.07.01 15:06:27.079,0.33724,0.33767,0.06,0.03
2011.07.01 15:06:28.739,0.33727,0.3377,0.05,0.03
2011.07.01 15:06:28.960,0.33732,0.33772,0.05,0.03
2011.07.01 15:06:30.160,0.33732,0.33774,0.05,0.03
2011.07.01 15:06:30.710,0.33733,0.33773,0.05,0.02
2011.07.01 15:06:34.459,0.33733,0.3377,0.05,0.03
2011.07.01 15:06:34.679,0.33732,0.33772,0.05,0.03
2011.07.01 15:06:35.099,0.3373,0.33768,0.05,0.02
2011.07.01 15:06:36.659,0.33727,0.33766,0.05,0.02
2011.07.01 15:06:37.309,0.33723,0.33762,0.05,0.02
2011.07.01 15:06:37.580,0.33728,0.33765,0.04,0.03
2011.07.01 15:06:37.717,0.33728,0.33767,0.05,0.03
2011.07.01 15:06:40.279,0.33725,0.33765,0.05,0.03
2011.07.01 15:06:41.229,0.33727,0.33767,0.05,0.03
2011.07.01 15:06:43.251,0.33727,0.33767,0.05,0.03
2011.07.01 15:06:43.580,0.33732,0.33772,0.05,0.03
2011.07.01 15:06:44.809,0.3373,0.3377,0.05,0.03
2011.07.01 15:06:45.580,0.33732,0.33773,0.05,0.02
2011.07.01 15:06:53.099,0.3373,0.3377,0.05,0.02
2011.07.01 15:06:53.761,0.33727,0.33767,0.05,0.02
2011.07.01 15:06:55.449,0.33728,0.33769,0.05,0.02
2011.07.01 15:06:55.670,0.33728,0.33768,0.05,0.02
2011.07.01 15:06:59.006,0.33725,0.33765,0.05,0.02
2011.07.01 15:06:59.340,0.33724,0.33762,0.03,0.02
2011.07.01 15:06:59.919,0.33724,0.3376,0.03,0.02
2011.07.01 15:07:00.370,0.33723,0.33765,0.05,0.03
2011.07.01 15:07:00.972,0.33725,0.33765,0.05,0.03
2011.07.01 15:07:01.360,0.33728,0.33767,0.05,0.03
2011.07.01 15:07:02.150,0.33728,0.33768,0.05,0.03
2011.07.01 15:07:08.165,0.33728,0.33769,0.05,0.02
2011.07.01 15:07:09.059,0.33729,0.33769,0.05,0.02
2011.07.01 15:07:09.279,0.33734,0.33775,0.05,0.03
2011.07.01 15:07:09.610,0.33733,0.33772,0.05,0.02
2011.07.01 15:07:09.939,0.3373,0.3377,0.08,0.02
2011.07.01 15:07:11.161,0.33737,0.33776,0.05,0.02
2011.07.01 15:07:11.843,0.33734,0.33776,0.06,0.02
2011.07.01 15:07:13.420,0.3374,0.33776,0.05,0.02
2011.07.01 15:07:13.749,0.33743,0.33779,0.05,0.02
2011.07.01 15:07:13.859,0.33743,0.33783,0.05,0.02
2011.07.01 15:07:14.190,0.33747,0.33783,0.04,0.02
2011.07.01 15:07:14.564,0.33747,0.33787,0.05,0.03
2011.07.01 15:07:15.488,0.33747,0.3379,0.05,0.03
2011.07.01 15:07:16.109,0.33747,0.33787,0.05,0.02
2011.07.01 15:07:16.909,0.33749,0.3379,0.05,0.03
2011.07.01 15:07:19.199,0.33748,0.33788,0.05,0.02
2011.07.01 15:07:19.529,0.33745,0.33785,0.05,0.02
2011.07.01 15:07:23.081,0.33748,0.33787,0.05,0.03
2011.07.01 15:07:24.110,0.33752,0.33787,0.04,0.02
2011.07.01 15:07:24.330,0.33754,0.33793,0.05,0.02
2011.07.01 15:07:25.011,0.33751,0.3379,0.05,0.02
2011.07.01 15:07:27.079,0.33752,0.33792,0.05,0.03
2011.07.01 15:07:27.810,0.33755,0.33794,0.05,0.02
2011.07.01 15:07:28.597,0.33755,0.33793,0.05,0.02
2011.07.01 15:07:28.700,0.33747,0.33788,0.05,0.02
2011.07.01 15:07:33.379,0.33742,0.33782,0.05,0.02
2011.07.01 15:07:33.880,0.33742,0.3378,0.05,0.02
2011.07.01 15:07:35.810,0.3374,0.33781,0.05,0.02
2011.07.01 15:07:36.140,0.33744,0.33784,0.05,0.02
2011.07.01 15:07:38.230,0.33741,0.33784,0.05,0.04
2011.07.01 15:07:38.689,0.33747,0.33787,0.05,0.02
2011.07.01 15:07:41.740,0.33745,0.33786,0.04,0.04
2011.07.01 15:07:41.848,0.33741,0.33786,0.05,0.08
2011.07.01 15:07:41.959,0.33741,0.33781,0.05,0.02
2011.07.01 15:07:42.710,0.33742,0.33783,0.05,0.02
2011.07.01 15:07:50.169,0.33743,0.33782,0.05,0.02
2011.07.01 15:07:51.909,0.3374,0.33777,0.05,0.02
2011.07.01 15:07:52.480,0.33735,0.33776,0.05,0.02
2011.07.01 15:07:53.740,0.33733,0.33772,0.05,0.02
2011.07.01 15:07:54.070,0.33733,0.33775,0.05,0.02
2011.07.01 15:07:54.508,0.33734,0.33777,0.06,0.02
2011.07.01 15:07:54.938,0.33734,0.33775,0.06,0.02
2011.07.01 15:07:56.000,0.33738,0.33776,0.05,0.03
2011.07.01 15:07:57.540,0.33735,0.33776,0.05,0.02
2011.07.01 15:07:58.014,0.33735,0.33775,0.05,0.02
2011.07.01 15:07:58.339,0.33739,0.33778,0.05,0.02
2011.07.01 15:07:58.559,0.33739,0.33779,0.05,0.04
2011.07.01 15:07:59.624,0.33739,0.33778,0.05,0.02
2011.07.01 15:07:59.731,0.33749,0.3379,0.05,0.06
2011.07.01 15:08:00.071,0.33755,0.33792,0.05,0.02
2011.07.01 15:08:00.200,0.33755,0.33794,0.05,0.02
2011.07.01 15:08:00.420,0.33753,0.33792,0.05,0.02
2011.07.01 15:08:00.803,0.33755,0.33794,0.05,0.02
2011.07.01 15:08:01.879,0.33757,0.33796,0.05,0.02
2011.07.01 15:08:02.481,0.33759,0.33796,0.05,0.02
2011.07.01 15:08:03.059,0.33763,0.33797,0.02,0.02
2011.07.01 15:08:03.946,0.33764,0.338,0.02,0.03
2011.07.01 15:08:04.280,0.33764,0.33804,0.06,0.02
2011.07.01 15:08:04.720,0.33763,0.33803,0.05,0.03
2011.07.01 15:08:05.890,0.33761,0.33795,0.05,0.04
2011.07.01 15:08:06.373,0.33754,0.33791,0.05,0.02
2011.07.01 15:08:07.120,0.33753,0.33791,0.03,0.02
2011.07.01 15:08:07.570,0.33747,0.33787,0.05,0.02
2011.07.01 15:08:08.129,0.33745,0.33786,0.05,0.02
2011.07.01 15:08:08.460,0.33739,0.33777,0.05,0.02
2011.07.01 15:08:08.791,0.33737,0.33777,0.05,0.02
2011.07.01 15:08:09.120,0.33752,0.33789,0.05,0.06
2011.07.01 15:08:09.248,0.33755,0.33789,0.04,0.05
2011.07.01 15:08:10.069,0.33755,0.33789,0.05,0.05
2011.07.01 15:08:11.491,0.33764,0.33806,0.02,0.03
2011.07.01 15:08:11.987,0.33764,0.33805,0.02,0.03
2011.07.01 15:08:12.319,0.33764,0.33799,0.03,0.04
2011.07.01 15:08:12.652,0.33758,0.33795,0.05,0.02
2011.07.01 15:08:13.269,0.33755,0.33795,0.05,0.02
2011.07.01 15:08:13.490,0.33755,0.33797,0.05,0.02
2011.07.01 15:08:13.710,0.33755,0.33796,0.05,0.02
2011.07.01 15:08:14.210,0.33753,0.33792,0.05,0.02
2011.07.01 15:08:15.130,0.33755,0.33795,0.05,0.03
2011.07.01 15:08:15.588,0.33755,0.33796,0.05,0.03
2011.07.01 15:08:15.920,0.33764,0.33796,0.02,0.02
2011.07.01 15:08:16.469,0.33762,0.33796,0.03,0.02
2011.07.01 15:08:16.890,0.33754,0.33796,0.06,0.04
2011.07.01 15:08:17.452,0.33754,0.33796,0.06,0.06
2011.07.01 15:08:19.716,0.33754,0.33792,0.03,0.02
2011.07.01 15:08:20.151,0.33754,0.33794,0.03,0.02
2011.07.01 15:08:21.712,0.33754,0.33796,0.03,0.02
2011.07.01 15:08:21.929,0.33754,0.33793,0.03,0.02
2011.07.01 15:08:22.271,0.33754,0.3379,0.03,0.02
2011.07.01 15:08:22.381,0.33754,0.33793,0.03,0.02
2011.07.01 15:08:22.600,0.33758,0.33796,0.05,0.02
2011.07.01 15:08:24.272,0.33749,0.33786,0.05,0.02
2011.07.01 15:08:24.850,0.33735,0.33776,0.05,0.02
2011.07.01 15:08:26.960,0.33745,0.33777,0.04,0.02
2011.07.01 15:08:27.069,0.33741,0.3378,0.05,0.06
2011.07.01 15:08:27.289,0.33745,0.33785,0.05,0.03
2011.07.01 15:08:29.840,0.33745,0.33785,0.05,0.02
2011.07.01 15:08:30.059,0.3375,0.33787,0.05,0.02
2011.07.01 15:08:31.130,0.33744,0.33786,0.05,0.02
2011.07.01 15:08:31.350,0.33743,0.33783,0.05,0.02
2011.07.01 15:08:44.501,0.33739,0.3378,0.05,0.03
2011.07.01 15:08:44.972,0.33742,0.33784,0.05,0.02
2011.07.01 15:08:49.101,0.33743,0.33782,0.05,0.02
2011.07.01 15:08:50.778,0.33743,0.33781,0.05,0.02
2011.07.01 15:08:51.661,0.33738,0.33778,0.05,0.02
2011.07.01 15:08:55.030,0.33738,0.33775,0.05,0.02
2011.07.01 15:08:55.251,0.33731,0.33771,0.05,0.02
2011.07.01 15:08:56.989,0.33732,0.33772,0.05,0.02
2011.07.01 15:08:59.049,0.33732,0.33775,0.05,0.03
2011.07.01 15:09:05.412,0.33733,0.33772,0.05,0.02
2011.07.01 15:09:05.759,0.33729,0.3377,0.05,0.02
2011.07.01 15:09:10.322,0.33728,0.33767,0.05,0.02
2011.07.01 15:09:12.529,0.33729,0.3377,0.05,0.02
2011.07.01 15:09:14.419,0.33733,0.3377,0.04,0.02
2011.07.01 15:09:14.639,0.33733,0.33773,0.05,0.03
2011.07.01 15:09:17.812,0.33737,0.33779,0.05,0.02
2011.07.01 15:09:20.689,0.33739,0.33777,0.05,0.02
2011.07.01 15:09:23.109,0.3373,0.33769,0.05,0.05
2011.07.01 15:09:23.380,0.33732,0.33772,0.05,0.02
2011.07.01 15:09:24.320,0.33728,0.3377,0.05,0.02
2011.07.01 15:09:24.540,0.33728,0.33768,0.05,0.02
2011.07.01 15:09:25.539,0.33724,0.33766,0.06,0.03
2011.07.01 15:09:25.760,0.33725,0.33765,0.05,0.02
2011.07.01 15:09:27.089,0.33728,0.33768,0.05,0.02
2011.07.01 15:09:27.312,0.33729,0.33769,0.05,0.02
2011.07.01 15:09:33.950,0.33737,0.33779,0.05,0.06
2011.07.01 15:09:45.019,0.33738,0.33777,0.05,0.02
2011.07.01 15:09:45.240,0.33732,0.33766,0.05,0.02
2011.07.01 15:09:45.459,0.33731,0.3377,0.05,0.02
2011.07.01 15:09:49.219,0.3373,0.33767,0.05,0.02
2011.07.01 15:09:49.439,0.3373,0.3377,0.05,0.02
2011.07.01 15:09:57.280,0.33732,0.33773,0.05,0.03
2011.07.01 15:09:58.280,0.3373,0.3377,0.08,0.02
2011.07.01 15:09:58.809,0.33725,0.33766,0.05,0.02
2011.07.01 15:09:59.361,0.33728,0.33769,0.05,0.06
2011.07.01 15:10:02.706,0.33729,0.33769,0.05,0.02
2011.07.01 15:10:02.930,0.33728,0.33768,0.05,0.02
2011.07.01 15:10:08.750,0.33729,0.33768,0.05,0.02
2011.07.01 15:10:08.969,0.33729,0.3377,0.05,0.03
2011.07.01 15:10:12.090,0.33743,0.33774,0.02,0.03
2011.07.01 15:10:12.200,0.33743,0.33775,0.02,0.02
2011.07.01 15:10:12.420,0.33743,0.3378,0.03,0.04
2011.07.01 15:10:24.331,0.33744,0.33784,0.05,0.03
2011.07.01 15:10:24.661,0.33742,0.33782,0.05,0.02
2011.07.01 15:10:31.482,0.33742,0.33785,0.05,0.03
2011.07.01 15:10:31.700,0.33747,0.33787,0.05,0.02
2011.07.01 15:10:32.251,0.33747,0.33788,0.05,0.02
2011.07.01 15:10:33.240,0.33748,0.33789,0.05,0.02
2011.07.01 15:10:33.462,0.33748,0.33787,0.05,0.02
2011.07.01 15:10:43.811,0.33748,0.33789,0.05,0.02
2011.07.01 15:10:44.140,0.33753,0.33793,0.03,0.03
2011.07.01 15:10:45.119,0.33757,0.33797,0.05,0.05
2011.07.01 15:10:45.661,0.33758,0.33796,0.05,0.03
2011.07.01 15:10:45.880,0.33758,0.338,0.05,0.03
2011.07.01 15:10:46.209,0.33757,0.33796,0.05,0.02
2011.07.01 15:10:47.161,0.33758,0.33801,0.05,0.03
2011.07.01 15:10:47.380,0.33758,0.338,0.05,0.02
2011.07.01 15:10:48.771,0.33758,0.33796,0.05,0.02
2011.07.01 15:10:51.650,0.33754,0.33796,0.03,0.04
2011.07.01 15:10:51.775,0.33754,0.33793,0.03,0.02
2011.07.01 15:10:55.291,0.33748,0.33791,0.05,0.03
2011.07.01 15:10:55.509,0.33748,0.33788,0.05,0.02
2011.07.01 15:10:57.165,0.33748,0.33789,0.05,0.02
2011.07.01 15:10:57.271,0.33753,0.33792,0.05,0.03
2011.07.01 15:10:57.971,0.33753,0.33795,0.05,0.03
2011.07.01 15:10:58.190,0.33754,0.33793,0.05,0.03
2011.07.01 15:11:01.318,0.33751,0.33791,0.04,0.03
2011.07.01 15:11:01.431,0.33751,0.33786,0.04,0.03
2011.07.01 15:11:01.540,0.33751,0.33787,0.05,0.04
2011.07.01 15:11:01.760,0.33742,0.33783,0.05,0.02
2011.07.01 15:11:02.911,0.33747,0.33782,0.04,0.02
2011.07.01 15:11:03.020,0.33747,0.33787,0.05,0.03
2011.07.01 15:11:04.941,0.33749,0.3379,0.05,0.03
2011.07.01 15:11:07.080,0.33742,0.33785,0.05,0.02
2011.07.01 15:11:07.199,0.33742,0.33783,0.05,0.02
2011.07.01 15:11:07.421,0.33742,0.33786,0.05,0.04
2011.07.01 15:11:07.749,0.33745,0.33782,0.05,0.02
2011.07.01 15:11:10.010,0.3375,0.33782,0.04,0.02
2011.07.01 15:11:10.340,0.33764,0.33795,0.04,0.03
2011.07.01 15:11:10.921,0.33763,0.33807,0.05,0.06
2011.07.01 15:11:11.720,0.33765,0.33807,0.05,0.03
2011.07.01 15:11:13.000,0.33763,0.33804,0.05,0.02
2011.07.01 15:11:13.700,0.3376,0.33803,0.05,0.02
2011.07.01 15:11:13.920,0.33757,0.338,0.05,0.02
2011.07.01 15:11:14.327,0.33757,0.33803,0.05,0.06
2011.07.01 15:11:15.650,0.33763,0.33807,0.05,0.02
2011.07.01 15:11:16.324,0.33764,0.33806,0.05,0.02
2011.07.01 15:11:17.331,0.3376,0.33797,0.05,0.02
2011.07.01 15:11:17.552,0.33757,0.33799,0.05,0.02
2011.07.01 15:11:18.100,0.33755,0.33797,0.05,0.02
2011.07.01 15:11:18.440,0.33759,0.33799,0.05,0.02
2011.07.01 15:11:20.190,0.33759,0.33802,0.05,0.03
2011.07.01 15:11:20.840,0.33767,0.33812,0.05,0.03
2011.07.01 15:11:21.550,0.33769,0.33811,0.05,0.03
2011.07.01 15:11:23.117,0.33769,0.33813,0.05,0.03
2011.07.01 15:11:23.460,0.33768,0.33808,0.05,0.02
2011.07.01 15:11:29.219,0.33769,0.33809,0.05,0.03
2011.07.01 15:11:32.790,0.33764,0.33806,0.04,0.03
2011.07.01 15:11:32.899,0.3376,0.33806,0.08,0.06
2011.07.01 15:11:33.010,0.3376,0.338,0.08,0.02
2011.07.01 15:11:34.210,0.33758,0.33797,0.05,0.02
2011.07.01 15:11:41.889,0.33754,0.33795,0.05,0.03
2011.07.01 15:11:42.110,0.33758,0.33798,0.05,0.03
2011.07.01 15:11:43.181,0.33753,0.33792,0.05,0.02
2011.07.01 15:11:44.211,0.33759,0.33794,0.05,0.02
2011.07.01 15:11:44.430,0.33759,0.338,0.05,0.04
2011.07.01 15:11:47.040,0.33758,0.33798,0.05,0.02
2011.07.01 15:11:50.271,0.33765,0.33799,0.04,0.02
2011.07.01 15:11:50.381,0.3376,0.33799,0.05,0.02
2011.07.01 15:11:51.427,0.33757,0.338,0.05,0.02
2011.07.01 15:11:53.160,0.33757,0.33798,0.05,0.02
2011.07.01 15:11:53.326,0.33757,0.338,0.05,0.02
2011.07.01 15:11:55.581,0.33757,0.33797,0.05,0.02
2011.07.01 15:11:57.221,0.33755,0.33795,0.05,0.02
2011.07.01 15:11:57.832,0.3375,0.3379,0.05,0.02
2011.07.01 15:11:58.211,0.33747,0.33787,0.05,0.02
2011.07.01 15:11:59.516,0.33747,0.33785,0.05,0.02
2011.07.01 15:11:59.741,0.33748,0.33787,0.05,0.02
2011.07.01 15:12:01.841,0.33753,0.33787,0.04,0.02
2011.07.01 15:12:01.950,0.33753,0.33792,0.05,0.03
2011.07.01 15:12:05.250,0.33745,0.33782,0.05,0.02
2011.07.01 15:12:05.512,0.33742,0.33782,0.05,0.02
2011.07.01 15:12:06.991,0.33743,0.33784,0.05,0.02
2011.07.01 15:12:07.211,0.33748,0.33788,0.05,0.02
2011.07.01 15:12:10.861,0.33744,0.33785,0.05,0.02
2011.07.01 15:12:11.314,0.33742,0.33783,0.05,0.02
2011.07.01 15:12:12.840,0.33742,0.33781,0.05,0.02
2011.07.01 15:12:12.987,0.33742,0.33783,0.05,0.02
2011.07.01 15:12:16.152,0.33742,0.33785,0.05,0.02
2011.07.01 15:12:16.480,0.33753,0.3379,0.05,0.05
2011.07.01 15:12:24.271,0.33753,0.33793,0.05,0.03
2011.07.01 15:12:25.400,0.33752,0.33795,0.05,0.03
2011.07.01 15:12:26.840,0.33753,0.33792,0.05,0.02
2011.07.01 15:12:27.980,0.33753,0.33795,0.05,0.03
2011.07.01 15:12:28.360,0.33753,0.33792,0.05,0.02
2011.07.01 15:12:28.580,0.33753,0.33791,0.05,0.03
2011.07.01 15:12:28.800,0.33753,0.33793,0.05,0.03
2011.07.01 15:12:51.862,0.33759,0.33793,0.04,0.03
2011.07.01 15:12:52.080,0.33762,0.33803,0.05,0.03
2011.07.01 15:13:06.882,0.33764,0.33805,0.05,0.02
2011.07.01 15:13:07.640,0.33762,0.33802,0.05,0.02
2011.07.01 15:13:19.241,0.33764,0.33804,0.05,0.03
2011.07.01 15:13:19.460,0.33763,0.33803,0.05,0.02
2011.07.01 15:13:25.079,0.33761,0.33797,0.05,0.02
2011.07.01 15:13:25.300,0.33754,0.33793,0.05,0.02
2011.07.01 15:13:25.781,0.33752,0.33793,0.05,0.02
2011.07.01 15:13:26.511,0.33755,0.33795,0.05,0.02
2011.07.01 15:13:28.841,0.33752,0.33792,0.05,0.02
2011.07.01 15:13:30.631,0.33752,0.33791,0.05,0.02
2011.07.01 15:13:30.850,0.33752,0.33792,0.05,0.03
2011.07.01 15:13:31.661,0.33755,0.33795,0.05,0.02
2011.07.01 15:13:39.310,0.33758,0.33797,0.05,0.03
2011.07.01 15:13:44.651,0.33758,0.33799,0.05,0.03
2011.07.01 15:13:45.430,0.3376,0.33798,0.05,0.02
2011.07.01 15:13:46.004,0.3376,0.33799,0.05,0.02
2011.07.01 15:13:49.071,0.33762,0.33803,0.05,0.03
2011.07.01 15:13:51.451,0.33764,0.33805,0.05,0.03
2011.07.01 15:13:54.271,0.33767,0.33808,0.05,0.02
2011.07.01 15:13:54.490,0.33773,0.33814,0.05,0.02
2011.07.01 15:13:54.627,0.33773,0.33812,0.05,0.02
2011.07.01 15:13:57.740,0.33774,0.33815,0.06,0.03
2011.07.01 15:13:58.221,0.33774,0.33816,0.06,0.02
2011.07.01 15:14:01.990,0.33787,0.33822,0.05,0.02
2011.07.01 15:14:02.210,0.33787,0.33827,0.05,0.02
2011.07.01 15:14:05.170,0.33788,0.33827,0.05,0.02
2011.07.01 15:14:05.390,0.33788,0.33829,0.05,0.02
2011.07.01 15:14:05.738,0.33789,0.33828,0.05,0.02
2011.07.01 15:14:06.648,0.33792,0.33833,0.05,0.03
2011.07.01 15:14:08.400,0.33795,0.33834,0.05,0.02
2011.07.01 15:14:09.100,0.33793,0.33832,0.05,0.02
2011.07.01 15:14:09.320,0.33793,0.33833,0.05,0.02
2011.07.01 15:14:11.183,0.33794,0.33835,0.06,0.02
2011.07.01 15:14:11.400,0.33797,0.33838,0.05,0.02
2011.07.01 15:14:17.161,0.33804,0.33838,0.04,0.02
2011.07.01 15:14:17.269,0.33802,0.3384,0.05,0.03
2011.07.01 15:14:17.490,0.33802,0.33843,0.05,0.02
2011.07.01 15:14:18.270,0.33805,0.33844,0.05,0.02
2011.07.01 15:14:18.600,0.33808,0.33846,0.05,0.03
2011.07.01 15:14:18.710,0.33801,0.33841,0.05,0.02
2011.07.01 15:14:19.701,0.33797,0.33838,0.05,0.02
2011.07.01 15:14:20.030,0.33797,0.33838,0.05,0.02
2011.07.01 15:14:20.851,0.33797,0.33835,0.05,0.02
2011.07.01 15:14:20.960,0.33798,0.33837,0.05,0.02
2011.07.01 15:14:22.170,0.33799,0.3384,0.05,0.02
2011.07.01 15:14:22.390,0.33804,0.33844,0.05,0.02
2011.07.01 15:14:22.742,0.33804,0.33842,0.06,0.02
2011.07.01 15:14:22.960,0.33807,0.33846,0.05,0.02
2011.07.01 15:14:25.170,0.33809,0.33849,0.05,0.02
2011.07.01 15:14:25.565,0.33809,0.33852,0.05,0.02
2011.07.01 15:14:27.290,0.33809,0.3385,0.05,0.02
2011.07.01 15:14:27.880,0.33809,0.33852,0.05,0.02
2011.07.01 15:14:30.872,0.33813,0.33852,0.05,0.02
2011.07.01 15:14:35.071,0.33815,0.33853,0.05,0.02
2011.07.01 15:14:36.241,0.3381,0.33853,0.05,0.02
2011.07.01 15:14:36.350,0.3381,0.33851,0.05,0.02
2011.07.01 15:14:36.710,0.3381,0.33848,0.05,0.02
2011.07.01 15:14:40.025,0.33808,0.33851,0.05,0.02
2011.07.01 15:14:40.350,0.33814,0.33855,0.05,0.02
2011.07.01 15:14:44.852,0.33814,0.33855,0.07,0.02
2011.07.01 15:14:47.510,0.33827,0.33868,0.02,0.03
2011.07.01 15:14:47.731,0.33827,0.33867,0.03,0.03
2011.07.01 15:14:48.413,0.33826,0.33866,0.03,0.04
2011.07.01 15:14:49.370,0.33826,0.33857,0.02,0.02
2011.07.01 15:14:51.280,0.33819,0.33859,0.03,0.04
2011.07.01 15:14:51.390,0.33819,0.33852,0.02,0.04
2011.07.01 15:14:51.501,0.33808,0.33848,0.05,0.02
2011.07.01 15:14:55.630,0.3381,0.33849,0.05,0.02
2011.07.01 15:14:55.850,0.33815,0.33855,0.05,0.02
2011.07.01 15:14:58.032,0.33817,0.33856,0.05,0.02
2011.07.01 15:14:58.391,0.33819,0.33857,0.05,0.02
2011.07.01 15:14:58.930,0.33824,0.33859,0.02,0.02
2011.07.01 15:14:59.041,0.33824,0.33865,0.06,0.02
2011.07.01 15:15:00.980,0.33824,0.33866,0.07,0.04
2011.07.01 15:15:01.200,0.33829,0.33866,0.05,0.02
2011.07.01 15:15:01.893,0.33828,0.33867,0.05,0.04
2011.07.01 15:15:02.330,0.33825,0.33866,0.05,0.04
2011.07.01 15:15:03.121,0.33825,0.33867,0.05,0.02
2011.07.01 15:15:03.450,0.33825,0.33866,0.05,0.04
2011.07.01 15:15:03.781,0.33827,0.33866,0.05,0.02
2011.07.01 15:15:04.745,0.33828,0.33865,0.05,0.02
2011.07.01 15:15:06.160,0.33822,0.33862,0.04,0.03
2011.07.01 15:15:06.277,0.33825,0.33865,0.05,0.02
2011.07.01 15:15:07.414,0.33829,0.33865,0.04,0.02
2011.07.01 15:15:08.031,0.33829,0.33866,0.05,0.04
2011.07.01 15:15:08.132,0.33829,0.33866,0.05,0.02
2011.07.01 15:15:09.170,0.33838,0.33876,0.02,0.02
2011.07.01 15:15:09.287,0.33829,0.33869,0.05,0.02
2011.07.01 15:15:11.820,0.33834,0.33866,0.05,0.02
2011.07.01 15:15:12.525,0.33833,0.33873,0.03,0.02
2011.07.01 15:15:12.855,0.33831,0.33871,0.05,0.02
2011.07.01 15:15:13.511,0.33839,0.33871,0.04,0.02
2011.07.01 15:15:13.621,0.33839,0.33876,0.05,0.02
2011.07.01 15:15:16.320,0.33844,0.33881,0.04,0.02
2011.07.01 15:15:16.850,0.33844,0.33885,0.05,0.02
2011.07.01 15:15:17.621,0.33842,0.33882,0.05,0.02
2011.07.01 15:15:18.170,0.33845,0.33885,0.05,0.02
2011.07.01 15:15:19.691,0.33849,0.33887,0.05,0.02
2011.07.01 15:15:20.381,0.33848,0.33887,0.05,0.02
2011.07.01 15:15:20.713,0.33848,0.33887,0.05,0.04
2011.07.01 15:15:23.301,0.33844,0.33886,0.05,0.02
2011.07.01 15:15:24.121,0.33848,0.33887,0.05,0.04
2011.07.01 15:15:24.672,0.33848,0.33887,0.05,0.04
2011.07.01 15:15:25.408,0.33848,0.33887,0.05,0.04
2011.07.01 15:15:26.920,0.33847,0.33887,0.05,0.02
2011.07.01 15:15:27.541,0.33848,0.33887,0.05,0.02
2011.07.01 15:15:28.080,0.33849,0.33887,0.05,0.04
2011.07.01 15:15:29.290,0.33845,0.33886,0.05,0.02
2011.07.01 15:15:29.400,0.33848,0.33886,0.05,0.02
2011.07.01 15:15:29.510,0.3385,0.33887,0.05,0.02
2011.07.01 15:15:29.839,0.33848,0.33887,0.05,0.04
2011.07.01 15:15:32.010,0.33845,0.33886,0.05,0.02
2011.07.01 15:15:32.594,0.33845,0.33886,0.05,0.02
2011.07.01 15:15:33.185,0.33845,0.33887,0.04,0.05
2011.07.01 15:15:34.781,0.33848,0.33887,0.05,0.04
2011.07.01 15:15:41.955,0.33848,0.33887,0.05,0.02
2011.07.01 15:15:42.910,0.33845,0.33886,0.05,0.02
2011.07.01 15:15:43.630,0.33845,0.33887,0.05,0.04
2011.07.01 15:15:44.346,0.33848,0.33887,0.05,0.04
2011.07.01 15:15:44.869,0.33844,0.33887,0.05,0.04
2011.07.01 15:15:44.992,0.33844,0.33883,0.05,0.02
2011.07.01 15:15:45.881,0.33839,0.3387,0.05,0.04
2011.07.01 15:15:46.211,0.33806,0.33836,0.04,0.02
2011.07.01 15:15:46.542,0.33791,0.33826,0.08,0.03
2011.07.01 15:15:46.651,0.33785,0.33826,0.05,0.03
2011.07.01 15:15:46.762,0.33794,0.33824,0.02,0.02
2011.07.01 15:15:46.981,0.33797,0.33836,0.05,0.05
2011.07.01 15:15:47.512,0.33793,0.33829,0.05,0.05
2011.07.01 15:15:47.621,0.33793,0.33837,0.05,0.05
2011.07.01 15:15:48.069,0.33797,0.33841,0.05,0.03
2011.07.01 15:15:49.470,0.33797,0.33836,0.05,0.03
2011.07.01 15:15:50.330,0.33794,0.33835,0.05,0.02
2011.07.01 15:15:50.660,0.33792,0.3383,0.05,0.02
2011.07.01 15:15:50.771,0.33792,0.33832,0.05,0.02
2011.07.01 15:15:51.352,0.33787,0.33828,0.05,0.02
2011.07.01 15:15:51.914,0.33787,0.33827,0.05,0.02
2011.07.01 15:15:53.961,0.33784,0.33825,0.03,0.02
2011.07.01 15:15:54.181,0.3378,0.33815,0.05,0.05
2011.07.01 15:15:54.600,0.33773,0.3381,0.05,0.02
2011.07.01 15:15:54.712,0.33769,0.33809,0.05,0.02
2011.07.01 15:15:55.170,0.33768,0.3381,0.05,0.03
2011.07.01 15:15:55.391,0.33768,0.33807,0.05,0.02
2011.07.01 15:15:55.850,0.3377,0.3381,0.05,0.02
2011.07.01 15:15:56.070,0.33772,0.33813,0.05,0.02
2011.07.01 15:15:56.632,0.33775,0.33816,0.05,0.02
2011.07.01 15:15:57.596,0.33778,0.33816,0.05,0.02
2011.07.01 15:15:58.541,0.33773,0.33816,0.05,0.05
2011.07.01 15:15:59.054,0.33773,0.33813,0.05,0.02
2011.07.01 15:16:00.790,0.33773,0.33812,0.05,0.02
2011.07.01 15:16:01.009,0.33773,0.33812,0.05,0.02
2011.07.01 15:16:01.230,0.33774,0.33817,0.05,0.02
2011.07.01 15:16:03.181,0.33777,0.33816,0.05,0.02
2011.07.01 15:16:06.100,0.33772,0.33813,0.05,0.02
2011.07.01 15:16:08.707,0.33772,0.33814,0.05,0.02
2011.07.01 15:16:09.390,0.33778,0.33816,0.05,0.02
2011.07.01 15:16:10.080,0.33777,0.33817,0.05,0.02
2011.07.01 15:16:11.491,0.33777,0.33817,0.05,0.04
2011.07.01 15:16:12.050,0.33779,0.33817,0.05,0.02
2011.07.01 15:16:12.963,0.33782,0.33823,0.05,0.02
2011.07.01 15:16:20.391,0.3378,0.33818,0.05,0.02
2011.07.01 15:16:21.132,0.33777,0.33818,0.05,0.02
2011.07.01 15:16:21.864,0.33778,0.33817,0.05,0.02
2011.07.01 15:16:22.880,0.33775,0.33816,0.05,0.04
2011.07.01 15:16:28.091,0.33772,0.33813,0.05,0.02
2011.07.01 15:16:28.421,0.33768,0.33805,0.05,0.02
2011.07.01 15:16:28.642,0.33771,0.33807,0.05,0.02
2011.07.01 15:16:28.861,0.33769,0.33807,0.05,0.02
2011.07.01 15:16:29.373,0.33768,0.33806,0.05,0.02
2011.07.01 15:16:29.898,0.33768,0.33806,0.05,0.02
2011.07.01 15:16:30.280,0.33794,0.33829,0.05,0.08
2011.07.01 15:16:30.751,0.33785,0.33819,0.05,0.04
2011.07.01 15:16:30.877,0.33785,0.33821,0.05,0.04
2011.07.01 15:16:32.701,0.33792,0.33829,0.05,0.02
2011.07.01 15:16:32.923,0.33794,0.33836,0.06,0.02
2011.07.01 15:16:33.388,0.33802,0.33836,0.05,0.02
2011.07.01 15:16:33.942,0.33804,0.33842,0.05,0.02
2011.07.01 15:16:34.441,0.338,0.33841,0.05,0.02
2011.07.01 15:16:34.660,0.338,0.33837,0.05,0.02
2011.07.01 15:16:35.242,0.33802,0.33837,0.04,0.02
2011.07.01 15:16:35.825,0.33802,0.33843,0.05,0.02
2011.07.01 15:16:36.031,0.338,0.33841,0.05,0.02
2011.07.01 15:16:38.231,0.33802,0.33841,0.05,0.02
2011.07.01 15:16:38.841,0.33804,0.33843,0.05,0.02
2011.07.01 15:16:39.942,0.33807,0.33846,0.05,0.02
2011.07.01 15:16:40.271,0.33813,0.33849,0.05,0.04
2011.07.01 15:16:40.901,0.33811,0.33851,0.05,0.02
2011.07.01 15:16:41.474,0.33809,0.33846,0.05,0.02
2011.07.01 15:16:42.004,0.33805,0.33847,0.05,0.02
2011.07.01 15:16:42.592,0.33812,0.33847,0.04,0.02
2011.07.01 15:16:42.702,0.33813,0.33855,0.03,0.02
2011.07.01 15:16:42.922,0.33817,0.33857,0.05,0.04
2011.07.01 15:16:45.330,0.3382,0.3386,0.05,0.02
2011.07.01 15:16:46.177,0.3382,0.33862,0.05,0.02
2011.07.01 15:16:48.041,0.33821,0.33861,0.05,0.02
2011.07.01 15:16:48.260,0.33821,0.33862,0.05,0.02
2011.07.01 15:16:48.750,0.33822,0.33865,0.05,0.02
2011.07.01 15:16:49.160,0.33823,0.33862,0.06,0.02
2011.07.01 15:16:49.963,0.33822,0.3386,0.05,0.02
2011.07.01 15:16:50.071,0.33822,0.33862,0.05,0.02
2011.07.01 15:16:51.392,0.33824,0.33864,0.05,0.02
2011.07.01 15:16:53.771,0.33827,0.33867,0.05,0.02
2011.07.01 15:16:56.320,0.33825,0.33865,0.05,0.02
2011.07.01 15:16:57.330,0.33825,0.33866,0.05,0.02
2011.07.01 15:16:58.121,0.33828,0.33866,0.05,0.02
2011.07.01 15:17:01.021,0.33825,0.33866,0.05,0.03
2011.07.01 15:17:01.240,0.33827,0.33866,0.05,0.02
2011.07.01 15:17:02.231,0.33829,0.33866,0.05,0.02
2011.07.01 15:17:04.120,0.33827,0.33866,0.05,0.02
2011.07.01 15:17:06.252,0.33833,0.3387,0.03,0.02
2011.07.01 15:17:06.470,0.33838,0.33877,0.05,0.02
2011.07.01 15:17:06.690,0.33844,0.33876,0.02,0.02
2011.07.01 15:17:07.261,0.33842,0.33876,0.03,0.02
2011.07.01 15:17:08.481,0.33844,0.33882,0.03,0.02
2011.07.01 15:17:08.700,0.33844,0.33884,0.03,0.02
2011.07.01 15:17:09.320,0.33847,0.33887,0.05,0.02
2011.07.01 15:17:10.123,0.33847,0.33887,0.06,0.02
2011.07.01 15:17:10.235,0.33855,0.33894,0.05,0.02
2011.07.01 15:17:10.721,0.33857,0.33896,0.05,0.02
2011.07.01 15:17:12.912,0.33863,0.33897,0.05,0.02
2011.07.01 15:17:13.131,0.33855,0.33895,0.05,0.02
2011.07.01 15:17:14.151,0.33853,0.33889,0.05,0.02
2011.07.01 15:17:14.479,0.33853,0.33892,0.05,0.02
2011.07.01 15:17:15.057,0.33853,0.33894,0.05,0.02
2011.07.01 15:17:17.521,0.3385,0.33894,0.05,0.02
2011.07.01 15:17:18.083,0.33852,0.33893,0.05,0.02
2011.07.01 15:17:21.241,0.33851,0.33893,0.05,0.03
2011.07.01 15:17:21.460,0.33849,0.3389,0.05,0.02
2011.07.01 15:17:22.160,0.33848,0.33887,0.05,0.02
2011.07.01 15:17:23.070,0.33849,0.33889,0.05,0.02
2011.07.01 15:17:25.570,0.33849,0.33891,0.05,0.02
2011.07.01 15:17:25.790,0.33844,0.33886,0.05,0.02
2011.07.01 15:17:27.681,0.33853,0.33889,0.03,0.02
2011.07.01 15:17:28.645,0.33853,0.33892,0.03,0.02
2011.07.01 15:17:29.190,0.33852,0.33891,0.03,0.02
2011.07.01 15:17:29.771,0.33854,0.33892,0.03,0.02
2011.07.01 15:17:30.381,0.33855,0.33897,0.05,0.04
2011.07.01 15:17:35.453,0.33854,0.33891,0.02,0.02
2011.07.01 15:17:35.561,0.33854,0.33893,0.03,0.02
2011.07.01 15:17:36.912,0.33853,0.33891,0.06,0.02
2011.07.01 15:17:37.684,0.33853,0.33892,0.06,0.02
2011.07.01 15:17:39.225,0.33858,0.33897,0.05,0.02
2011.07.01 15:17:46.095,0.33858,0.33895,0.05,0.02
2011.07.01 15:17:51.210,0.33853,0.33893,0.03,0.02
2011.07.01 15:17:58.670,0.33854,0.33894,0.06,0.02
2011.07.01 15:17:59.274,0.33854,0.33896,0.06,0.02
2011.07.01 15:17:59.584,0.33854,0.33892,0.03,0.02
2011.07.01 15:18:01.350,0.3386,0.33896,0.05,0.02
2011.07.01 15:18:01.679,0.33862,0.33902,0.05,0.02
2011.07.01 15:18:03.650,0.33863,0.339,0.03,0.02
2011.07.01 15:18:07.151,0.33865,0.33904,0.05,0.02
2011.07.01 15:18:08.952,0.33863,0.33902,0.06,0.02
2011.07.01 15:18:13.770,0.33869,0.33907,0.05,0.02
2011.07.01 15:18:14.101,0.33873,0.33912,0.05,0.02
2011.07.01 15:18:18.301,0.33875,0.33916,0.05,0.02
2011.07.01 15:18:18.631,0.33879,0.33917,0.05,0.02
2011.07.01 15:18:18.740,0.33878,0.33917,0.05,0.02
2011.07.01 15:18:20.781,0.33873,0.33913,0.05,0.02
2011.07.01 15:18:21.230,0.3387,0.33909,0.05,0.02
2011.07.01 15:18:21.561,0.33872,0.33912,0.05,0.02
2011.07.01 15:18:21.890,0.33862,0.33902,0.05,0.02
2011.07.01 15:18:22.441,0.33859,0.33901,0.05,0.02
2011.07.01 15:18:22.661,0.33858,0.33898,0.05,0.02
2011.07.01 15:18:22.991,0.33854,0.33895,0.05,0.02
2011.07.01 15:18:23.431,0.33853,0.33892,0.05,0.02
2011.07.01 15:18:24.570,0.33848,0.33892,0.05,0.05
2011.07.01 15:18:24.790,0.33848,0.33887,0.05,0.02
2011.07.01 15:18:25.601,0.33845,0.33885,0.05,0.02
2011.07.01 15:18:25.820,0.3384,0.33877,0.05,0.02
2011.07.01 15:18:26.394,0.33837,0.33876,0.05,0.02
2011.07.01 15:18:26.729,0.33835,0.33876,0.05,0.02
2011.07.01 15:18:27.924,0.33835,0.33878,0.05,0.02
2011.07.01 15:18:28.221,0.33843,0.33884,0.05,0.02
2011.07.01 15:18:29.471,0.33842,0.33883,0.05,0.02
2011.07.01 15:18:31.099,0.33837,0.3388,0.05,0.02
2011.07.01 15:18:31.678,0.33836,0.33877,0.05,0.04
2011.07.01 15:18:33.971,0.33832,0.33877,0.05,0.04
2011.07.01 15:18:34.191,0.33832,0.33872,0.05,0.02
2011.07.01 15:18:41.834,0.33838,0.33876,0.05,0.02
2011.07.01 15:18:49.180,0.33834,0.33876,0.05,0.02
2011.07.01 15:18:49.730,0.33834,0.33873,0.05,0.02
2011.07.01 15:18:53.880,0.33833,0.33871,0.03,0.02
2011.07.01 15:18:54.210,0.33839,0.33875,0.04,0.02
2011.07.01 15:18:54.553,0.33843,0.3388,0.05,0.04
2011.07.01 15:18:54.964,0.33843,0.3388,0.05,0.04
2011.07.01 15:18:56.970,0.33848,0.33885,0.04,0.02
2011.07.01 15:18:57.081,0.33848,0.33887,0.05,0.04
2011.07.01 15:18:58.191,0.33843,0.33883,0.05,0.02
2011.07.01 15:19:05.781,0.3385,0.33887,0.05,0.02
2011.07.01 15:19:06.671,0.33841,0.33877,0.05,0.02
2011.07.01 15:19:07.221,0.33841,0.33877,0.05,0.02
2011.07.01 15:19:07.550,0.33841,0.33879,0.05,0.02
2011.07.01 15:19:07.770,0.3384,0.33879,0.05,0.04
2011.07.01 15:19:10.721,0.33834,0.33877,0.05,0.02
2011.07.01 15:19:11.124,0.33833,0.33873,0.06,0.02
2011.07.01 15:19:13.880,0.33832,0.33875,0.05,0.02
2011.07.01 15:19:14.209,0.33833,0.33872,0.05,0.02
2011.07.01 15:19:14.561,0.33833,0.33874,0.05,0.02
2011.07.01 15:19:14.779,0.33832,0.33872,0.05,0.02
2011.07.01 15:19:15.937,0.33822,0.33863,0.05,0.02
2011.07.01 15:19:16.621,0.33823,0.3386,0.05,0.02
2011.07.01 15:19:16.840,0.33823,0.33863,0.05,0.02
2011.07.01 15:19:18.806,0.33823,0.3386,0.05,0.02
2011.07.01 15:19:19.951,0.33819,0.33862,0.05,0.02
2011.07.01 15:19:28.610,0.3382,0.3386,0.05,0.02
2011.07.01 15:19:33.800,0.3382,0.33857,0.05,0.02
2011.07.01 15:19:36.365,0.33817,0.33856,0.05,0.04
2011.07.01 15:19:36.471,0.33817,0.33857,0.05,0.02
2011.07.01 15:19:37.920,0.33818,0.33858,0.05,0.02
2011.07.01 15:19:42.810,0.33817,0.3386,0.05,0.03
2011.07.01 15:19:42.937,0.33817,0.33857,0.05,0.02
2011.07.01 15:19:51.151,0.33819,0.33857,0.05,0.02
2011.07.01 15:19:51.370,0.33823,0.33862,0.05,0.02
2011.07.01 15:19:51.591,0.33825,0.33862,0.05,0.02
2011.07.01 15:19:52.181,0.33825,0.33864,0.05,0.02
2011.07.01 15:19:52.782,0.33822,0.33863,0.05,0.02
2011.07.01 15:19:55.200,0.33822,0.33862,0.05,0.02
2011.07.01 15:19:57.320,0.3382,0.33858,0.05,0.02
2011.07.01 15:19:57.873,0.33817,0.33857,0.05,0.02
2011.07.01 15:19:59.871,0.33812,0.33855,0.05,0.02
2011.07.01 15:20:00.090,0.33812,0.33853,0.05,0.02
2011.07.01 15:20:00.421,0.33812,0.3385,0.05,0.02
2011.07.01 15:20:00.750,0.33812,0.33852,0.05,0.02
2011.07.01 15:20:05.791,0.33812,0.33847,0.04,0.02
2011.07.01 15:20:06.120,0.33801,0.33843,0.05,0.02
2011.07.01 15:20:06.450,0.33803,0.33845,0.05,0.02
2011.07.01 15:20:08.241,0.33803,0.33843,0.05,0.02
2011.07.01 15:20:17.360,0.33804,0.33845,0.05,0.02
2011.07.01 15:20:22.140,0.33803,0.33843,0.05,0.02
2011.07.01 15:20:22.507,0.33804,0.33844,0.05,0.02
2011.07.01 15:20:33.830,0.33807,0.33846,0.05,0.02
2011.07.01 15:20:39.000,0.33801,0.33845,0.09,0.06
2011.07.01 15:20:39.220,0.33801,0.33843,0.09,0.02
2011.07.01 15:20:48.300,0.33802,0.3384,0.05,0.02
2011.07.01 15:20:48.517,0.33802,0.33843,0.05,0.02
2011.07.01 15:20:50.271,0.33795,0.33838,0.05,0.02
2011.07.01 15:20:50.910,0.33795,0.33835,0.05,0.02
2011.07.01 15:20:54.013,0.33795,0.33837,0.05,0.04
2011.07.01 15:21:01.511,0.33805,0.33837,0.04,0.02
2011.07.01 15:21:01.621,0.33805,0.33846,0.05,0.02
2011.07.01 15:21:06.770,0.33804,0.33846,0.05,0.04
2011.07.01 15:21:14.551,0.33808,0.33846,0.05,0.02
2011.07.01 15:21:14.880,0.33803,0.33846,0.05,0.04
2011.07.01 15:21:45.472,0.33802,0.33842,0.05,0.02
2011.07.01 15:22:07.120,0.33809,0.33844,0.05,0.02
2011.07.01 15:22:07.341,0.33811,0.3385,0.03,0.02
2011.07.01 15:22:07.560,0.33813,0.33853,0.03,0.02
2011.07.01 15:22:07.780,0.33818,0.33858,0.05,0.02
2011.07.01 15:22:08.221,0.33815,0.33859,0.05,0.08
2011.07.01 15:22:08.550,0.33817,0.33857,0.05,0.04
2011.07.01 15:22:22.987,0.33819,0.33859,0.05,0.02
2011.07.01 15:22:28.303,0.33819,0.33856,0.05,0.02
2011.07.01 15:22:32.034,0.33818,0.33855,0.05,0.02
2011.07.01 15:22:32.141,0.33818,0.33856,0.05,0.02
2011.07.01 15:22:36.173,0.33823,0.33863,0.05,0.02
2011.07.01 15:22:44.552,0.33824,0.33865,0.05,0.02
2011.07.01 15:22:44.883,0.33829,0.33868,0.05,0.02
2011.07.01 15:22:44.992,0.33829,0.3387,0.05,0.02
2011.07.01 15:22:45.432,0.33829,0.33873,0.05,0.06
2011.07.01 15:22:52.302,0.33832,0.33875,0.05,0.02
2011.07.01 15:22:52.632,0.33838,0.33877,0.05,0.02
2011.07.01 15:22:56.573,0.33835,0.33875,0.05,0.02
2011.07.01 15:22:56.901,0.33833,0.33872,0.05,0.02
2011.07.01 15:22:59.322,0.33834,0.33874,0.05,0.02
2011.07.01 15:23:02.135,0.33834,0.33877,0.05,0.03
2011.07.01 15:23:06.551,0.33834,0.33874,0.05,0.02
2011.07.01 15:23:07.241,0.3384,0.33878,0.05,0.02
2011.07.01 15:23:07.653,0.33832,0.33873,0.05,0.02
2011.07.01 15:23:07.763,0.33832,0.33873,0.05,0.02
2011.07.01 15:23:08.287,0.33832,0.33874,0.05,0.02
2011.07.01 15:23:13.482,0.33838,0.33877,0.05,0.02
2011.07.01 15:23:14.309,0.33838,0.33878,0.05,0.02
2011.07.01 15:23:15.002,0.3384,0.33879,0.05,0.02
2011.07.01 15:23:17.451,0.3384,0.33877,0.05,0.02
2011.07.01 15:23:23.301,0.33835,0.33875,0.05,0.02
2011.07.01 15:23:23.631,0.33833,0.33872,0.05,0.02
2011.07.01 15:23:28.121,0.33832,0.3387,0.05,0.02
2011.07.01 15:23:28.308,0.33832,0.33873,0.05,0.02
2011.07.01 15:23:40.297,0.33833,0.33876,0.02,0.02
2011.07.01 15:23:41.841,0.33834,0.33875,0.05,0.02
2011.07.01 15:23:47.050,0.33839,0.3388,0.05,0.06
2011.07.01 15:24:07.501,0.33844,0.3388,0.02,0.02
2011.07.01 15:24:07.721,0.33845,0.33885,0.05,0.02
2011.07.01 15:24:09.352,0.33849,0.33888,0.05,0.02
2011.07.01 15:24:10.232,0.33849,0.33886,0.05,0.02
2011.07.01 15:24:16.981,0.33849,0.33893,0.05,0.02
2011.07.01 15:24:17.735,0.33853,0.33892,0.05,0.02
2011.07.01 15:24:17.851,0.33853,0.3389,0.05,0.02
2011.07.01 15:24:18.151,0.33853,0.3389,0.05,0.02
2011.07.01 15:24:18.347,0.33853,0.33892,0.05,0.02
2011.07.01 15:24:19.482,0.33854,0.33894,0.05,0.02
2011.07.01 15:24:21.032,0.33857,0.33895,0.05,0.02
2011.07.01 15:24:21.252,0.33857,0.33897,0.05,0.04
2011.07.01 15:24:21.991,0.33854,0.33897,0.05,0.02
2011.07.01 15:24:25.201,0.33855,0.33895,0.05,0.02
2011.07.01 15:24:25.592,0.33852,0.33892,0.05,0.02
2011.07.01 15:24:27.158,0.33852,0.33894,0.05,0.02
2011.07.01 15:24:27.264,0.33858,0.33897,0.05,0.02
2011.07.01 15:24:27.372,0.33852,0.33892,0.05,0.02
2011.07.01 15:24:30.153,0.33855,0.33893,0.05,0.02
2011.07.01 15:24:30.514,0.33855,0.33897,0.05,0.04
2011.07.01 15:24:32.941,0.33853,0.33895,0.05,0.02
2011.07.01 15:24:33.161,0.33858,0.33897,0.05,0.04
2011.07.01 15:24:39.281,0.33853,0.33895,0.05,0.02
2011.07.01 15:24:39.502,0.33853,0.33892,0.05,0.02
2011.07.01 15:24:52.791,0.33848,0.3389,0.05,0.02
2011.07.01 15:24:53.011,0.33848,0.33889,0.05,0.02
2011.07.01 15:24:53.765,0.33848,0.33888,0.05,0.02
2011.07.01 15:24:56.953,0.33848,0.3389,0.05,0.02
2011.07.01 15:24:57.280,0.33848,0.33888,0.05,0.02
2011.07.01 15:25:01.171,0.33847,0.33887,0.05,0.02
2011.07.01 15:25:14.212,0.33845,0.33886,0.05,0.04
2011.07.01 15:25:14.660,0.33845,0.33886,0.05,0.04
2011.07.01 15:25:14.880,0.33844,0.33886,0.06,0.04
2011.07.01 15:25:15.491,0.33848,0.33886,0.05,0.02
2011.07.01 15:25:20.943,0.3384,0.33877,0.05,0.02
2011.07.01 15:25:21.272,0.33832,0.33873,0.05,0.02
2011.07.01 15:25:27.061,0.33832,0.33875,0.05,0.02
2011.07.01 15:25:28.485,0.33832,0.33872,0.05,0.02
2011.07.01 15:25:37.331,0.3385,0.33881,0.04,0.03
2011.07.01 15:25:37.441,0.33847,0.33879,0.05,0.04
2011.07.01 15:25:38.012,0.33853,0.33893,0.06,0.02
2011.07.01 15:25:38.361,0.33853,0.33891,0.03,0.02
2011.07.01 15:25:41.161,0.33853,0.33892,0.03,0.02
2011.07.01 15:25:46.861,0.33855,0.33892,0.05,0.02
2011.07.01 15:25:47.081,0.33853,0.33894,0.05,0.02
2011.07.01 15:25:47.238,0.33853,0.33893,0.05,0.02
2011.07.01 15:25:52.481,0.33854,0.3389,0.03,0.02
2011.07.01 15:25:53.390,0.33854,0.33893,0.03,0.02
2011.07.01 15:26:00.944,0.33854,0.33896,0.03,0.04
2011.07.01 15:26:01.270,0.33865,0.33905,0.05,0.02
2011.07.01 15:26:03.751,0.33862,0.33903,0.05,0.02
2011.07.01 15:26:04.091,0.33865,0.33905,0.05,0.02
2011.07.01 15:26:07.831,0.33865,0.33903,0.05,0.02
2011.07.01 15:26:08.052,0.33865,0.33905,0.05,0.02
2011.07.01 15:26:08.722,0.3387,0.33907,0.05,0.02
2011.07.01 15:26:08.941,0.3387,0.33909,0.05,0.02
2011.07.01 15:26:10.631,0.33873,0.33915,0.05,0.03
2011.07.01 15:26:10.741,0.33873,0.33912,0.05,0.02
2011.07.01 15:26:12.661,0.33877,0.33915,0.05,0.02
2011.07.01 15:26:12.881,0.33877,0.33916,0.05,0.02
2011.07.01 15:26:13.102,0.33875,0.33915,0.05,0.02
2011.07.01 15:26:13.601,0.33872,0.33912,0.05,0.02
2011.07.01 15:26:18.041,0.33873,0.33915,0.03,0.06
2011.07.01 15:26:18.261,0.33873,0.3391,0.03,0.02
2011.07.01 15:26:19.052,0.33873,0.33913,0.03,0.02
2011.07.01 15:26:22.741,0.33873,0.3391,0.03,0.02
2011.07.01 15:26:23.300,0.33873,0.33913,0.03,0.02
2011.07.01 15:26:23.633,0.33878,0.33913,0.04,0.02
2011.07.01 15:26:23.741,0.33878,0.33916,0.05,0.02
2011.07.01 15:26:25.122,0.33879,0.33919,0.05,0.02
2011.07.01 15:26:27.931,0.33882,0.33923,0.05,0.02
2011.07.01 15:26:28.371,0.3388,0.3392,0.05,0.02
2011.07.01 15:26:32.083,0.33883,0.33924,0.03,0.04
2011.07.01 15:26:32.303,0.33889,0.33928,0.05,0.02
2011.07.01 15:26:33.971,0.33888,0.3393,0.05,0.02
2011.07.01 15:26:34.191,0.33888,0.33928,0.05,0.02
2011.07.01 15:26:34.961,0.33885,0.33929,0.05,0.06
2011.07.01 15:26:35.292,0.33895,0.33929,0.04,0.02
2011.07.01 15:26:35.521,0.33895,0.33935,0.05,0.02
2011.07.01 15:26:37.102,0.33895,0.33933,0.05,0.02
2011.07.01 15:26:37.435,0.33895,0.33935,0.05,0.02
2011.07.01 15:26:37.762,0.33891,0.3393,0.05,0.02
2011.07.01 15:26:38.952,0.33887,0.33927,0.05,0.02
2011.07.01 15:26:39.322,0.33885,0.33925,0.05,0.02
2011.07.01 15:26:41.972,0.33888,0.33927,0.05,0.02
2011.07.01 15:26:44.271,0.33893,0.33927,0.02,0.02
2011.07.01 15:26:44.381,0.33893,0.33929,0.03,0.02
2011.07.01 15:26:46.032,0.33893,0.33932,0.03,0.02
2011.07.01 15:26:46.361,0.33893,0.33934,0.03,0.02
2011.07.01 15:26:46.581,0.33893,0.33932,0.03,0.02
2011.07.01 15:26:47.603,0.33893,0.33935,0.03,0.03
2011.07.01 15:26:47.931,0.33893,0.33932,0.03,0.02
2011.07.01 15:26:49.982,0.33893,0.33935,0.03,0.02
2011.07.01 15:26:50.209,0.33893,0.33933,0.03,0.02
2011.07.01 15:26:55.581,0.33891,0.33926,0.04,0.03
2011.07.01 15:26:55.801,0.33889,0.33926,0.05,0.02
2011.07.01 15:26:56.386,0.33887,0.33926,0.05,0.02
2011.07.01 15:26:57.270,0.33883,0.33922,0.05,0.02
2011.07.01 15:26:57.628,0.33904,0.33939,0.05,0.04
2011.07.01 15:26:58.131,0.33904,0.33946,0.06,0.03
2011.07.01 15:26:58.351,0.33907,0.33946,0.05,0.06
2011.07.01 15:26:59.471,0.33904,0.33947,0.06,0.02
2011.07.01 15:27:02.312,0.33907,0.33947,0.05,0.02
2011.07.01 15:27:02.642,0.33918,0.33952,0.04,0.02
2011.07.01 15:27:02.752,0.33913,0.33952,0.05,0.02
2011.07.01 15:27:03.051,0.33913,0.3395,0.05,0.02
2011.07.01 15:27:03.272,0.3391,0.33953,0.08,0.02
2011.07.01 15:27:04.146,0.33908,0.33952,0.05,0.04
2011.07.01 15:27:04.362,0.33908,0.33948,0.05,0.02
2011.07.01 15:27:04.945,0.33917,0.33957,0.03,0.02
2011.07.01 15:27:06.252,0.33921,0.33957,0.02,0.04
2011.07.01 15:27:06.369,0.33921,0.33961,0.02,0.02
2011.07.01 15:27:07.333,0.33921,0.33963,0.02,0.07
2011.07.01 15:27:07.552,0.33924,0.33964,0.03,0.02
2011.07.01 15:27:08.153,0.33926,0.33966,0.03,0.04
2011.07.01 15:27:08.668,0.33926,0.33967,0.03,0.04
2011.07.01 15:27:09.572,0.33922,0.33962,0.02,0.02
2011.07.01 15:27:09.791,0.33913,0.33953,0.05,0.02
2011.07.01 15:27:13.703,0.3391,0.33951,0.05,0.02
2011.07.01 15:27:14.092,0.33912,0.33952,0.05,0.02
2011.07.01 15:27:16.463,0.33915,0.33954,0.05,0.02
2011.07.01 15:27:17.223,0.33912,0.33953,0.05,0.02
2011.07.01 15:27:18.945,0.33909,0.33948,0.05,0.02
2011.07.01 15:27:19.163,0.33909,0.33948,0.05,0.02
2011.07.01 15:27:20.283,0.33907,0.33946,0.05,0.04
2011.07.01 15:27:24.232,0.33908,0.33947,0.05,0.04
2011.07.01 15:27:25.162,0.33923,0.33953,0.02,0.02
2011.07.01 15:27:25.382,0.33923,0.33961,0.03,0.04
2011.07.01 15:27:25.491,0.33925,0.33961,0.05,0.04
2011.07.01 15:27:26.901,0.33925,0.33966,0.05,0.02
2011.07.01 15:27:27.342,0.33921,0.33959,0.05,0.02
2011.07.01 15:27:27.561,0.33921,0.33961,0.05,0.02
2011.07.01 15:27:28.223,0.33923,0.33963,0.03,0.02
2011.07.01 15:27:28.551,0.3393,0.3397,0.05,0.06
2011.07.01 15:27:29.013,0.33927,0.33966,0.05,0.02
2011.07.01 15:27:30.201,0.33922,0.33965,0.05,0.02
2011.07.01 15:27:30.422,0.33924,0.33963,0.05,0.02
2011.07.01 15:27:30.642,0.3393,0.33967,0.05,0.02
2011.07.01 15:27:30.861,0.33928,0.33967,0.05,0.04
2011.07.01 15:27:33.832,0.33928,0.33965,0.05,0.02
2011.07.01 15:27:34.922,0.33924,0.33963,0.03,0.02
2011.07.01 15:27:35.032,0.33928,0.33963,0.04,0.02
2011.07.01 15:27:35.142,0.33928,0.33966,0.05,0.02
2011.07.01 15:27:35.361,0.33929,0.33966,0.05,0.02
2011.07.01 15:27:36.311,0.33927,0.33966,0.05,0.02
2011.07.01 15:27:37.422,0.33927,0.33965,0.05,0.02
2011.07.01 15:27:37.753,0.33925,0.33963,0.05,0.02
2011.07.01 15:27:40.202,0.3392,0.33961,0.05,0.02
2011.07.01 15:27:41.172,0.33918,0.33957,0.05,0.02
2011.07.01 15:27:42.293,0.33919,0.33959,0.05,0.02
2011.07.01 15:27:42.512,0.33918,0.33961,0.05,0.02
2011.07.01 15:27:43.151,0.33923,0.33962,0.05,0.02
2011.07.01 15:27:43.602,0.33913,0.33953,0.03,0.02
2011.07.01 15:27:46.312,0.33912,0.33955,0.05,0.02
2011.07.01 15:27:46.641,0.33923,0.3396,0.05,0.04
2011.07.01 15:27:48.072,0.33914,0.33953,0.05,0.02
2011.07.01 15:27:48.393,0.33911,0.33951,0.09,0.02
2011.07.01 15:27:48.722,0.33909,0.33948,0.05,0.02
2011.07.01 15:27:48.831,0.33908,0.33948,0.05,0.02
2011.07.01 15:27:50.143,0.33908,0.3395,0.05,0.03
2011.07.01 15:27:50.472,0.33903,0.33942,0.05,0.02
2011.07.01 15:27:55.083,0.33905,0.33943,0.05,0.02
2011.07.01 15:27:55.521,0.33903,0.33944,0.06,0.02
2011.07.01 15:27:57.962,0.33907,0.33947,0.05,0.02
2011.07.01 15:27:58.182,0.33904,0.33946,0.05,0.02
2011.07.01 15:27:58.511,0.33903,0.33942,0.05,0.02
2011.07.01 15:27:59.851,0.33903,0.33942,0.05,0.02
2011.07.01 15:28:05.532,0.339,0.33937,0.05,0.02
2011.07.01 15:28:09.203,0.33898,0.33937,0.05,0.02
2011.07.01 15:28:15.456,0.33897,0.33936,0.05,0.04
2011.07.01 15:28:15.562,0.33903,0.33943,0.05,0.02
2011.07.01 15:28:16.135,0.33903,0.33942,0.05,0.02
2011.07.01 15:28:16.351,0.339,0.33941,0.05,0.02
2011.07.01 15:28:16.901,0.339,0.3394,0.05,0.02
2011.07.01 15:28:17.401,0.33897,0.33936,0.05,0.03
2011.07.01 15:28:17.912,0.339,0.33936,0.05,0.02
2011.07.01 15:28:18.802,0.33895,0.33936,0.05,0.02
2011.07.01 15:28:19.131,0.33895,0.33935,0.05,0.02
2011.07.01 15:28:20.882,0.33895,0.33935,0.05,0.02
2011.07.01 15:28:23.242,0.33894,0.33926,0.03,0.02
2011.07.01 15:28:23.875,0.33891,0.33926,0.03,0.02
2011.07.01 15:28:32.324,0.3389,0.33927,0.05,0.02
2011.07.01 15:28:36.552,0.3389,0.33932,0.05,0.02
2011.07.01 15:28:37.563,0.33893,0.33933,0.05,0.02
2011.07.01 15:28:37.673,0.33891,0.3393,0.05,0.02
2011.07.01 15:28:38.142,0.33893,0.33933,0.03,0.02
2011.07.01 15:28:38.472,0.33893,0.3393,0.03,0.02
2011.07.01 15:28:40.182,0.33888,0.33925,0.05,0.02
2011.07.01 15:28:40.573,0.33884,0.33922,0.05,0.02
2011.07.01 15:28:40.791,0.3388,0.3392,0.05,0.02
2011.07.01 15:28:43.881,0.33884,0.33923,0.03,0.02
2011.07.01 15:28:44.101,0.33884,0.33925,0.06,0.02
2011.07.01 15:28:45.011,0.33884,0.33922,0.03,0.02
2011.07.01 15:28:49.571,0.33881,0.33921,0.03,0.02
2011.07.01 15:28:49.971,0.33884,0.33922,0.03,0.02
2011.07.01 15:28:55.284,0.33887,0.33927,0.05,0.02
2011.07.01 15:28:55.764,0.33893,0.33934,0.05,0.02
2011.07.01 15:28:56.312,0.33897,0.33935,0.05,0.02
2011.07.01 15:28:56.835,0.33894,0.33936,0.06,0.04
2011.07.01 15:28:58.401,0.33893,0.33933,0.03,0.02
2011.07.01 15:28:58.952,0.33895,0.33934,0.05,0.02
2011.07.01 15:29:03.914,0.33893,0.33934,0.03,0.02
2011.07.01 15:29:10.853,0.33894,0.33934,0.05,0.02
2011.07.01 15:29:13.691,0.33893,0.33933,0.03,0.02
2011.07.01 15:29:15.780,0.33893,0.33935,0.03,0.02
2011.07.01 15:29:16.417,0.33898,0.33935,0.05,0.02
2011.07.01 15:29:16.932,0.33894,0.33932,0.03,0.02
2011.07.01 15:29:25.081,0.33894,0.33934,0.06,0.02
2011.07.01 15:29:31.221,0.33898,0.33937,0.05,0.04
2011.07.01 15:29:31.441,0.33895,0.33936,0.05,0.02
2011.07.01 15:29:34.402,0.33895,0.33933,0.05,0.02
2011.07.01 15:29:35.813,0.33893,0.33934,0.03,0.02
2011.07.01 15:29:36.142,0.33893,0.33931,0.03,0.02
2011.07.01 15:29:36.692,0.33894,0.33926,0.02,0.02
2011.07.01 15:29:37.132,0.3389,0.33926,0.05,0.02
2011.07.01 15:29:37.351,0.33887,0.33926,0.05,0.02
2011.07.01 15:29:38.173,0.33884,0.33925,0.03,0.02
2011.07.01 15:29:38.340,0.33884,0.33922,0.03,0.02
2011.07.01 15:29:38.921,0.33884,0.33923,0.05,0.02
2011.07.01 15:29:40.801,0.33883,0.3392,0.06,0.02
2011.07.01 15:29:41.343,0.33883,0.33923,0.03,0.02
2011.07.01 15:29:44.013,0.33887,0.33923,0.04,0.02
2011.07.01 15:29:44.122,0.33887,0.33926,0.05,0.02
2011.07.01 15:29:45.252,0.33884,0.33923,0.03,0.02
2011.07.01 15:29:46.593,0.33883,0.33925,0.06,0.02
2011.07.01 15:29:46.812,0.33883,0.3392,0.06,0.02
2011.07.01 15:29:48.793,0.33882,0.33923,0.05,0.02
2011.07.01 15:29:49.302,0.33883,0.33924,0.05,0.02
2011.07.01 15:29:49.522,0.33885,0.33922,0.05,0.02
2011.07.01 15:29:50.611,0.33884,0.33924,0.05,0.02
2011.07.01 15:29:50.833,0.33884,0.33921,0.05,0.02
2011.07.01 15:29:51.051,0.33882,0.33918,0.05,0.02
2011.07.01 15:29:51.652,0.33884,0.33919,0.03,0.02
2011.07.01 15:29:52.005,0.33884,0.33921,0.06,0.02
2011.07.01 15:29:52.342,0.33882,0.33918,0.05,0.02
2011.07.01 15:29:54.902,0.33883,0.33919,0.05,0.02
2011.07.01 15:29:59.431,0.3388,0.33916,0.09,0.02
2011.07.01 15:29:59.651,0.3388,0.3392,0.09,0.02
2011.07.01 15:30:00.872,0.33884,0.33922,0.06,0.02
2011.07.01 15:30:01.091,0.33889,0.33925,0.04,0.02
2011.07.01 15:30:01.312,0.33889,0.33927,0.05,0.02
2011.07.01 15:30:01.982,0.33884,0.33926,0.06,0.02
2011.07.01 15:30:02.201,0.33884,0.33926,0.06,0.04
2011.07.01 15:30:02.652,0.33887,0.33926,0.05,0.02
2011.07.01 15:30:08.632,0.33887,0.33926,0.05,0.04
2011.07.01 15:30:11.251,0.33883,0.33923,0.03,0.02
2011.07.01 15:30:12.132,0.3388,0.3392,0.05,0.02
2011.07.01 15:30:12.535,0.33878,0.33915,0.05,0.02
2011.07.01 15:30:13.083,0.3388,0.33919,0.05,0.04
2011.07.01 15:30:13.301,0.33877,0.33918,0.05,0.02
2011.07.01 15:30:14.181,0.33879,0.3392,0.05,0.02
2011.07.01 15:30:14.866,0.33883,0.33923,0.05,0.02
2011.07.01 15:30:15.314,0.33884,0.33924,0.05,0.02
2011.07.01 15:30:15.767,0.33882,0.33922,0.05,0.02
2011.07.01 15:30:17.192,0.33883,0.33925,0.03,0.02
2011.07.01 15:30:19.489,0.3389,0.33925,0.04,0.02
2011.07.01 15:30:19.712,0.3389,0.33926,0.05,0.02
2011.07.01 15:30:23.412,0.33892,0.33933,0.05,0.02
2011.07.01 15:30:27.824,0.33885,0.33923,0.05,0.02
2011.07.01 15:30:28.482,0.33882,0.33921,0.05,0.02
2011.07.01 15:30:28.593,0.3388,0.33921,0.05,0.02
2011.07.01 15:30:28.742,0.3388,0.33923,0.05,0.02
2011.07.01 15:30:30.692,0.33884,0.33924,0.05,0.02
2011.07.01 15:30:31.453,0.33887,0.33926,0.05,0.02
2011.07.01 15:30:32.532,0.33887,0.33928,0.05,0.02
2011.07.01 15:30:33.636,0.33887,0.33925,0.05,0.02
2011.07.01 15:30:33.743,0.33887,0.33928,0.05,0.02
2011.07.01 15:30:34.532,0.33884,0.33925,0.05,0.02
2011.07.01 15:30:34.863,0.33883,0.33927,0.05,0.02
2011.07.01 15:30:35.191,0.33887,0.33927,0.05,0.02
2011.07.01 15:30:36.172,0.33884,0.33926,0.05,0.03
2011.07.01 15:30:36.281,0.33883,0.33926,0.05,0.03
2011.07.01 15:30:36.392,0.33883,0.33922,0.05,0.02
2011.07.01 15:30:38.121,0.33884,0.33924,0.05,0.02
2011.07.01 15:30:44.224,0.33892,0.33932,0.05,0.02
2011.07.01 15:30:46.015,0.33892,0.33926,0.05,0.02
2011.07.01 15:30:46.232,0.33887,0.33926,0.05,0.02
2011.07.01 15:30:47.112,0.33884,0.33925,0.05,0.02
2011.07.01 15:30:47.524,0.33882,0.33922,0.05,0.02
2011.07.01 15:30:48.332,0.33878,0.33921,0.05,0.03
2011.07.01 15:30:48.450,0.33878,0.33917,0.05,0.02
2011.07.01 15:30:48.953,0.33879,0.33919,0.05,0.02
2011.07.01 15:30:55.402,0.33883,0.33922,0.05,0.02
2011.07.01 15:30:55.843,0.33884,0.33925,0.05,0.02
2011.07.01 15:30:56.301,0.33883,0.33923,0.05,0.02
2011.07.01 15:31:00.792,0.33888,0.33923,0.04,0.02
2011.07.01 15:31:00.902,0.33888,0.33926,0.05,0.02
2011.07.01 15:31:01.602,0.33888,0.33926,0.05,0.04
2011.07.01 15:31:02.562,0.33885,0.33927,0.05,0.02
2011.07.01 15:31:03.152,0.33883,0.33927,0.05,0.04
2011.07.01 15:31:03.615,0.33883,0.33925,0.05,0.02
2011.07.01 15:31:04.551,0.33883,0.33922,0.05,0.02
2011.07.01 15:31:05.167,0.33883,0.33924,0.05,0.02
2011.07.01 15:31:06.632,0.33884,0.33922,0.05,0.02
2011.07.01 15:31:14.212,0.3388,0.33918,0.08,0.02
2011.07.01 15:31:19.212,0.33874,0.33915,0.05,0.02
2011.07.01 15:31:21.111,0.33874,0.33919,0.06,0.02
2011.07.01 15:31:31.303,0.33877,0.33916,0.05,0.02
2011.07.01 15:31:31.524,0.33874,0.33912,0.03,0.02
2011.07.01 15:31:32.393,0.33872,0.33911,0.03,0.02
2011.07.01 15:31:33.843,0.33874,0.33912,0.03,0.02
2011.07.01 15:31:36.702,0.33875,0.33915,0.05,0.02
2011.07.01 15:31:37.613,0.33874,0.3391,0.03,0.02
2011.07.01 15:31:48.753,0.33875,0.3391,0.04,0.02
2011.07.01 15:31:48.862,0.33875,0.33912,0.05,0.02
2011.07.01 15:31:49.842,0.33873,0.33914,0.03,0.02
2011.07.01 15:31:55.602,0.33877,0.33918,0.05,0.02
2011.07.01 15:31:56.182,0.33879,0.33919,0.05,0.02
2011.07.01 15:31:59.161,0.33882,0.33923,0.05,0.02
2011.07.01 15:31:59.381,0.33879,0.33921,0.05,0.02
2011.07.01 15:32:02.311,0.33883,0.33922,0.05,0.02
2011.07.01 15:32:08.482,0.33881,0.33921,0.05,0.02
2011.07.01 15:32:09.282,0.3388,0.33922,0.05,0.02
2011.07.01 15:32:10.791,0.33882,0.3392,0.05,0.02
2011.07.01 15:32:11.753,0.33877,0.33919,0.05,0.02
2011.07.01 15:32:13.562,0.33873,0.33916,0.05,0.04
2011.07.01 15:32:13.782,0.33873,0.33912,0.06,0.02
2011.07.01 15:32:14.136,0.33875,0.33914,0.05,0.02
2011.07.01 15:32:18.092,0.33878,0.33917,0.05,0.02
2011.07.01 15:32:18.642,0.33879,0.3392,0.05,0.02
2011.07.01 15:32:19.306,0.33881,0.33923,0.02,0.04
2011.07.01 15:32:24.145,0.33887,0.33925,0.05,0.02
2011.07.01 15:32:24.253,0.33887,0.33927,0.05,0.02
2011.07.01 15:32:24.362,0.33868,0.33898,0.02,0.04
2011.07.01 15:32:24.582,0.33883,0.33926,0.05,0.04
2011.07.01 15:32:24.692,0.33883,0.33922,0.05,0.02
2011.07.01 15:32:26.322,0.33887,0.33922,0.04,0.02
2011.07.01 15:32:26.432,0.33887,0.33927,0.05,0.04
2011.07.01 15:32:28.243,0.33878,0.33918,0.05,0.02
2011.07.01 15:32:28.923,0.33879,0.3392,0.05,0.02
2011.07.01 15:32:29.503,0.3388,0.33922,0.05,0.02
2011.07.01 15:32:30.143,0.33879,0.3392,0.05,0.02
2011.07.01 15:32:30.361,0.33883,0.33923,0.05,0.02
2011.07.01 15:32:30.472,0.33887,0.33923,0.04,0.02
2011.07.01 15:32:30.581,0.33887,0.33926,0.05,0.04
2011.07.01 15:32:31.512,0.33888,0.33926,0.05,0.02
2011.07.01 15:32:33.632,0.33883,0.33925,0.05,0.02
2011.07.01 15:32:35.452,0.33883,0.33922,0.05,0.02
2011.07.01 15:32:36.002,0.33881,0.33917,0.05,0.02
2011.07.01 15:32:37.183,0.33882,0.33917,0.04,0.02
2011.07.01 15:32:37.292,0.33882,0.33919,0.05,0.02
2011.07.01 15:32:37.512,0.33883,0.33922,0.05,0.02
2011.07.01 15:32:38.072,0.33883,0.33923,0.05,0.02
2011.07.01 15:32:42.024,0.33888,0.33923,0.04,0.02
2011.07.01 15:32:42.362,0.33888,0.33926,0.05,0.02
2011.07.01 15:32:47.192,0.33884,0.33925,0.05,0.02
2011.07.01 15:32:49.632,0.33883,0.33923,0.05,0.02
2011.07.01 15:32:52.252,0.33884,0.33925,0.05,0.02
2011.07.01 15:32:53.692,0.33887,0.33927,0.05,0.04
2011.07.01 15:32:56.902,0.33888,0.33927,0.05,0.03
2011.07.01 15:32:57.448,0.3389,0.33927,0.05,0.04
2011.07.01 15:32:58.909,0.3389,0.33927,0.05,0.02
2011.07.01 15:32:59.242,0.33888,0.33927,0.05,0.04
2011.07.01 15:32:59.561,0.33888,0.33925,0.05,0.02
2011.07.01 15:33:00.922,0.33883,0.33922,0.05,0.02
2011.07.01 15:33:03.541,0.3388,0.3392,0.05,0.02
2011.07.01 15:33:06.882,0.33878,0.33918,0.05,0.02
2011.07.01 15:33:15.412,0.3388,0.3392,0.05,0.02
2011.07.01 15:33:18.262,0.33878,0.33916,0.05,0.02
2011.07.01 15:33:20.582,0.33874,0.33916,0.07,0.04
2011.07.01 15:33:21.519,0.33878,0.33918,0.03,0.02
2011.07.01 15:33:21.626,0.3389,0.33923,0.05,0.05
2011.07.01 15:33:22.176,0.3389,0.33927,0.05,0.02
2011.07.01 15:33:23.183,0.33895,0.33927,0.05,0.02
2011.07.01 15:33:23.643,0.33894,0.33935,0.03,0.02
2011.07.01 15:33:23.972,0.33892,0.33932,0.05,0.02
2011.07.01 15:33:34.462,0.33895,0.33935,0.05,0.02
2011.07.01 15:33:38.902,0.339,0.3394,0.05,0.02
2011.07.01 15:33:39.293,0.339,0.33943,0.05,0.02
2011.07.01 15:33:39.513,0.33904,0.33945,0.05,0.02
2011.07.01 15:33:40.756,0.33908,0.33948,0.05,0.02
2011.07.01 15:33:41.175,0.339,0.33946,0.08,0.05
2011.07.01 15:33:41.392,0.339,0.33941,0.08,0.02
2011.07.01 15:33:41.722,0.33903,0.33939,0.05,0.02
2011.07.01 15:33:41.834,0.33903,0.33942,0.05,0.02
2011.07.01 15:33:43.813,0.339,0.33941,0.05,0.02
2011.07.01 15:33:44.863,0.33898,0.33938,0.05,0.02
2011.07.01 15:33:45.882,0.33898,0.33936,0.05,0.02
2011.07.01 15:33:46.212,0.33899,0.3394,0.05,0.02
2011.07.01 15:33:46.992,0.33898,0.33937,0.05,0.02
2011.07.01 15:33:47.323,0.339,0.33939,0.05,0.02
2011.07.01 15:33:50.124,0.33898,0.33937,0.05,0.02
2011.07.01 15:33:50.443,0.33899,0.3394,0.05,0.02
2011.07.01 15:33:50.662,0.33899,0.3394,0.05,0.02
2011.07.01 15:33:51.332,0.33903,0.33943,0.05,0.02
2011.07.01 15:33:53.503,0.339,0.3394,0.09,0.02
2011.07.01 15:33:54.973,0.33897,0.33938,0.05,0.02
2011.07.01 15:34:04.253,0.33899,0.3394,0.05,0.02
2011.07.01 15:34:12.093,0.33899,0.33938,0.05,0.02
2011.07.01 15:34:12.641,0.33897,0.33938,0.05,0.02
2011.07.01 15:34:15.942,0.33897,0.33939,0.05,0.02
2011.07.01 15:34:18.898,0.33898,0.33938,0.05,0.02
2011.07.01 15:34:21.582,0.33895,0.33935,0.05,0.02
2011.07.01 15:34:30.982,0.33898,0.3394,0.05,0.06
2011.07.01 15:34:33.014,0.33898,0.33936,0.05,0.02
2011.07.01 15:34:33.347,0.33893,0.33932,0.05,0.02
2011.07.01 15:34:33.823,0.33894,0.33934,0.05,0.02
2011.07.01 15:34:34.153,0.33894,0.33932,0.05,0.02
2011.07.01 15:34:38.332,0.33893,0.33935,0.03,0.02
2011.07.01 15:34:38.551,0.33898,0.33939,0.05,0.06
2011.07.01 15:34:39.573,0.33902,0.33942,0.05,0.02
2011.07.01 15:34:45.642,0.33898,0.33937,0.05,0.02
2011.07.01 15:34:49.813,0.33898,0.33942,0.05,0.04
2011.07.01 15:34:54.803,0.33904,0.33945,0.03,0.02
2011.07.01 15:34:55.343,0.33904,0.33943,0.05,0.02
2011.07.01 15:35:00.173,0.33913,0.33943,0.04,0.02
2011.07.01 15:35:00.392,0.33913,0.33952,0.05,0.02
2011.07.01 15:35:04.343,0.3393,0.3396,0.04,0.02
2011.07.01 15:35:04.452,0.33931,0.33967,0.03,0.02
2011.07.01 15:35:04.972,0.33933,0.33967,0.03,0.02
2011.07.01 15:35:05.622,0.33935,0.33975,0.05,0.02
2011.07.01 15:35:06.671,0.33938,0.33975,0.04,0.02
2011.07.01 15:35:06.782,0.33939,0.33976,0.05,0.02
2011.07.01 15:35:07.320,0.33937,0.33976,0.05,0.02
2011.07.01 15:35:07.654,0.33943,0.33981,0.05,0.02
2011.07.01 15:35:07.763,0.33943,0.33984,0.05,0.02
2011.07.01 15:35:08.224,0.3394,0.33982,0.05,0.02
2011.07.01 15:35:08.442,0.3394,0.3398,0.05,0.02
2011.07.01 15:35:08.782,0.3394,0.33982,0.05,0.02
2011.07.01 15:35:09.223,0.33942,0.3398,0.05,0.02
2011.07.01 15:35:09.881,0.33939,0.33977,0.05,0.04
2011.07.01 15:35:10.473,0.33934,0.33972,0.03,0.02
2011.07.01 15:35:11.991,0.33934,0.33974,0.06,0.02
2011.07.01 15:35:15.013,0.33934,0.33977,0.06,0.02
2011.07.01 15:35:15.672,0.33939,0.33983,0.05,0.03
2011.07.01 15:35:15.820,0.33939,0.3398,0.05,0.02
2011.07.01 15:35:16.363,0.33945,0.3398,0.04,0.02
2011.07.01 15:35:16.474,0.33945,0.33983,0.05,0.02
2011.07.01 15:35:16.582,0.33945,0.33984,0.05,0.02
2011.07.01 15:35:17.164,0.3395,0.33984,0.04,0.02
2011.07.01 15:35:17.539,0.33951,0.33987,0.03,0.02
2011.07.01 15:35:23.452,0.33954,0.33992,0.05,0.02
2011.07.01 15:35:23.672,0.33954,0.33994,0.05,0.02
2011.07.01 15:35:25.543,0.33952,0.33993,0.05,0.02
2011.07.01 15:35:26.061,0.33953,0.33997,0.03,0.02
2011.07.01 15:35:27.272,0.33953,0.33997,0.05,0.08
2011.07.01 15:35:27.613,0.33951,0.33993,0.09,0.02
2011.07.01 15:35:29.851,0.33955,0.33995,0.05,0.02
2011.07.01 15:35:31.702,0.33957,0.33995,0.05,0.02
2011.07.01 15:35:31.860,0.33957,0.33996,0.05,0.02
2011.07.01 15:35:34.543,0.33952,0.33995,0.05,0.02
2011.07.01 15:35:35.135,0.33952,0.33992,0.05,0.02
2011.07.01 15:35:38.611,0.33958,0.33992,0.04,0.02
2011.07.01 15:35:38.722,0.33958,0.33996,0.05,0.02
2011.07.01 15:35:38.831,0.33963,0.33997,0.02,0.02
2011.07.01 15:35:39.515,0.33974,0.34009,0.05,0.08
2011.07.01 15:35:39.953,0.33977,0.34014,0.05,0.02
2011.07.01 15:35:40.063,0.3398,0.34019,0.05,0.02
2011.07.01 15:35:40.612,0.33979,0.3402,0.05,0.02
2011.07.01 15:35:40.942,0.34019,0.34049,0.04,0.04
2011.07.01 15:35:41.274,0.34032,0.34063,0.04,0.08
2011.07.01 15:35:41.671,0.3403,0.34074,0.08,0.06
2011.07.01 15:35:41.781,0.3403,0.34072,0.08,0.02
2011.07.01 15:35:42.111,0.34043,0.34073,0.02,0.04
2011.07.01 15:35:42.221,0.34036,0.34077,0.03,0.03
2011.07.01 15:35:42.442,0.34035,0.34075,0.03,0.02
2011.07.01 15:35:42.662,0.34024,0.34069,0.06,0.05
2011.07.01 15:35:42.881,0.34025,0.34067,0.04,0.02
2011.07.01 15:35:43.212,0.34024,0.34067,0.05,0.04
2011.07.01 15:35:43.431,0.34022,0.34065,0.05,0.03
2011.07.01 15:35:43.652,0.34019,0.34059,0.04,0.03
2011.07.01 15:35:44.222,0.34017,0.3406,0.05,0.03
2011.07.01 15:35:44.630,0.34017,0.3406,0.05,0.03
2011.07.01 15:35:46.232,0.3403,0.3406,0.04,0.02
2011.07.01 15:35:46.561,0.34025,0.34067,0.06,0.02
2011.07.01 15:35:46.781,0.34025,0.34064,0.05,0.05
2011.07.01 15:35:47.332,0.34023,0.34064,0.05,0.03
2011.07.01 15:35:47.552,0.34024,0.34067,0.04,0.05
2011.07.01 15:35:47.661,0.34024,0.34066,0.04,0.03
2011.07.01 15:35:47.991,0.34018,0.3406,0.05,0.02
2011.07.01 15:35:48.101,0.34018,0.3406,0.05,0.02
2011.07.01 15:35:48.212,0.34015,0.34059,0.05,0.05
2011.07.01 15:35:49.993,0.34015,0.34056,0.05,0.02
2011.07.01 15:35:50.368,0.34015,0.34056,0.05,0.02
2011.07.01 15:35:50.927,0.34015,0.34056,0.05,0.02
2011.07.01 15:35:51.257,0.34013,0.34053,0.05,0.02
2011.07.01 15:35:51.921,0.34014,0.34053,0.03,0.02
2011.07.01 15:35:52.517,0.34018,0.34053,0.04,0.02
2011.07.01 15:35:52.621,0.34015,0.34055,0.05,0.02
2011.07.01 15:35:52.759,0.34018,0.34056,0.05,0.02
2011.07.01 15:35:53.182,0.34017,0.34058,0.02,0.04
2011.07.01 15:35:53.401,0.3402,0.34059,0.05,0.04
2011.07.01 15:35:53.621,0.3402,0.34059,0.05,0.06
2011.07.01 15:35:54.281,0.34019,0.34058,0.05,0.02
2011.07.01 15:35:55.643,0.3402,0.34056,0.05,0.02
2011.07.01 15:35:56.078,0.34014,0.34055,0.05,0.02
2011.07.01 15:35:56.401,0.34017,0.34057,0.05,0.02
2011.07.01 15:35:57.072,0.34017,0.34058,0.05,0.02
2011.07.01 15:35:57.401,0.34014,0.34056,0.05,0.04
2011.07.01 15:35:57.621,0.34014,0.34056,0.05,0.04
2011.07.01 15:35:58.522,0.34014,0.34051,0.05,0.02
2011.07.01 15:35:59.115,0.34012,0.34052,0.04,0.03
2011.07.01 15:35:59.901,0.34011,0.3405,0.05,0.02
2011.07.01 15:36:00.011,0.34011,0.3405,0.05,0.02
2011.07.01 15:36:00.122,0.34011,0.34047,0.05,0.02
2011.07.01 15:36:00.723,0.34008,0.34048,0.05,0.02
2011.07.01 15:36:01.762,0.34008,0.34048,0.05,0.02
2011.07.01 15:36:02.412,0.34004,0.34046,0.03,0.02
2011.07.01 15:36:02.761,0.34004,0.34043,0.03,0.02
2011.07.01 15:36:03.172,0.34004,0.3404,0.03,0.02
2011.07.01 15:36:03.281,0.34004,0.34044,0.06,0.02
2011.07.01 15:36:03.502,0.34004,0.34043,0.06,0.02
2011.07.01 15:36:04.052,0.34007,0.34047,0.05,0.02
2011.07.01 15:36:07.161,0.34015,0.34047,0.04,0.02
2011.07.01 15:36:07.382,0.34011,0.34047,0.05,0.02
2011.07.01 15:36:07.492,0.34011,0.34055,0.05,0.04
2011.07.01 15:36:07.712,0.34013,0.34052,0.05,0.02
2011.07.01 15:36:08.612,0.34009,0.3405,0.05,0.03
2011.07.01 15:36:09.003,0.34009,0.34046,0.05,0.02
2011.07.01 15:36:09.125,0.34004,0.34046,0.05,0.02
2011.07.01 15:36:09.493,0.34004,0.34042,0.05,0.02
2011.07.01 15:36:15.632,0.34004,0.3404,0.03,0.02
2011.07.01 15:36:16.183,0.34004,0.34043,0.03,0.02
2011.07.01 15:36:18.041,0.34004,0.3404,0.03,0.02
2011.07.01 15:36:18.522,0.34004,0.34042,0.03,0.02
2011.07.01 15:36:20.462,0.34008,0.34048,0.05,0.02
2011.07.01 15:36:20.682,0.34007,0.34046,0.05,0.02
2011.07.01 15:36:21.593,0.34003,0.34042,0.03,0.02
2011.07.01 15:36:21.922,0.33997,0.34037,0.05,0.02
2011.07.01 15:36:23.002,0.34003,0.34037,0.05,0.02
2011.07.01 15:36:23.223,0.34005,0.34044,0.05,0.02
2011.07.01 15:36:23.815,0.34,0.34042,0.05,0.02
2011.07.01 15:36:25.321,0.34013,0.34044,0.02,0.02
2011.07.01 15:36:25.543,0.34025,0.34057,0.04,0.02
2011.07.01 15:36:25.761,0.34014,0.34057,0.05,0.04
2011.07.01 15:36:25.981,0.34014,0.34057,0.05,0.03
2011.07.01 15:36:26.203,0.3402,0.34062,0.04,0.03
2011.07.01 15:36:26.312,0.34025,0.34066,0.05,0.03
2011.07.01 15:36:26.751,0.34025,0.34065,0.04,0.03
2011.07.01 15:36:27.442,0.34023,0.34065,0.05,0.03
2011.07.01 15:36:28.154,0.34042,0.3408,0.05,0.08
2011.07.01 15:36:28.491,0.34042,0.34085,0.05,0.03
2011.07.01 15:36:28.812,0.34047,0.34085,0.04,0.02
2011.07.01 15:36:28.921,0.34047,0.34088,0.04,0.03
2011.07.01 15:36:29.261,0.34047,0.34087,0.05,0.02
2011.07.01 15:36:29.918,0.34044,0.34088,0.06,0.02
2011.07.01 15:36:30.962,0.34053,0.34089,0.05,0.02
2011.07.01 15:36:31.182,0.34048,0.34092,0.05,0.04
2011.07.01 15:36:32.252,0.3405,0.34087,0.05,0.02
2011.07.01 15:36:32.945,0.34043,0.34087,0.06,0.08
2011.07.01 15:36:33.064,0.34043,0.34083,0.05,0.02
2011.07.01 15:36:34.482,0.34033,0.34075,0.05,0.02
2011.07.01 15:36:34.839,0.3403,0.34073,0.05,0.02
2011.07.01 15:36:36.632,0.34032,0.34071,0.05,0.02
2011.07.01 15:36:37.023,0.34027,0.34067,0.05,0.06
2011.07.01 15:36:37.351,0.34025,0.34062,0.05,0.02
2011.07.01 15:36:38.034,0.34017,0.34058,0.05,0.02
2011.07.01 15:36:39.091,0.34017,0.34056,0.04,0.03
2011.07.01 15:36:39.806,0.34015,0.34057,0.05,0.02
2011.07.01 15:36:41.728,0.3402,0.34057,0.05,0.02
2011.07.01 15:36:42.052,0.34024,0.34063,0.05,0.02
2011.07.01 15:36:42.384,0.34033,0.3407,0.05,0.04
2011.07.01 15:36:43.153,0.34031,0.34071,0.05,0.02
2011.07.01 15:36:44.302,0.34032,0.34072,0.05,0.02
2011.07.01 15:36:46.832,0.34031,0.34066,0.05,0.02
2011.07.01 15:36:47.051,0.34029,0.34067,0.05,0.02
2011.07.01 15:36:48.944,0.34025,0.34065,0.05,0.02
2011.07.01 15:36:50.083,0.3402,0.34062,0.05,0.02
2011.07.01 15:36:50.798,0.34023,0.34063,0.05,0.02
2011.07.01 15:36:52.292,0.34018,0.34055,0.05,0.02
2011.07.01 15:36:52.891,0.34015,0.34055,0.05,0.02
2011.07.01 15:36:56.443,0.34012,0.34053,0.05,0.02
2011.07.01 15:36:57.952,0.34013,0.34055,0.05,0.02
2011.07.01 15:36:58.375,0.34013,0.34052,0.05,0.02
2011.07.01 15:36:59.703,0.34013,0.34051,0.06,0.02
2011.07.01 15:37:00.040,0.34014,0.34054,0.05,0.02
2011.07.01 15:37:00.852,0.34013,0.34053,0.05,0.02
2011.07.01 15:37:01.753,0.3401,0.34052,0.05,0.06
2011.07.01 15:37:02.729,0.34012,0.3405,0.05,0.02
2011.07.01 15:37:03.062,0.3401,0.34047,0.05,0.02
2011.07.01 15:37:03.632,0.34006,0.34046,0.05,0.04
2011.07.01 15:37:04.211,0.34005,0.34046,0.05,0.04
2011.07.01 15:37:04.322,0.34005,0.34046,0.05,0.02
2011.07.01 15:37:04.542,0.34009,0.34046,0.05,0.02
2011.07.01 15:37:05.435,0.34009,0.34048,0.05,0.03
2011.07.01 15:37:05.545,0.34019,0.34059,0.05,0.04
2011.07.01 15:37:05.654,0.34019,0.34058,0.05,0.02
2011.07.01 15:37:06.532,0.3402,0.3406,0.05,0.02
2011.07.01 15:37:10.312,0.34017,0.34058,0.05,0.02
2011.07.01 15:37:12.512,0.34015,0.34056,0.05,0.02
2011.07.01 15:37:12.953,0.34013,0.34053,0.05,0.02
2011.07.01 15:37:13.633,0.3401,0.3405,0.08,0.02
2011.07.01 15:37:14.783,0.34007,0.34047,0.05,0.02
2011.07.01 15:37:15.112,0.34013,0.34048,0.04,0.02
2011.07.01 15:37:15.222,0.34013,0.34052,0.05,0.02
2011.07.01 15:37:15.682,0.34019,0.34057,0.05,0.02
2011.07.01 15:37:15.901,0.34019,0.34059,0.05,0.02
2011.07.01 15:37:16.122,0.34022,0.3406,0.05,0.04
2011.07.01 15:37:16.562,0.34019,0.34061,0.05,0.02
2011.07.01 15:37:16.781,0.34019,0.34059,0.05,0.02
2011.07.01 15:37:17.583,0.34015,0.34056,0.05,0.02
2011.07.01 15:37:17.803,0.34011,0.34047,0.05,0.02
2011.07.01 15:37:23.212,0.34008,0.34052,0.05,0.06
2011.07.01 15:37:23.673,0.34007,0.34047,0.05,0.03
2011.07.01 15:37:23.892,0.34004,0.34047,0.05,0.03
2011.07.01 15:37:24.692,0.34007,0.34049,0.05,0.04
2011.07.01 15:37:29.312,0.34004,0.34046,0.05,0.02
2011.07.01 15:37:30.381,0.34002,0.34046,0.05,0.03
2011.07.01 15:37:30.822,0.34002,0.34044,0.05,0.02
2011.07.01 15:37:31.647,0.34001,0.34045,0.05,0.02
2011.07.01 15:37:32.295,0.34003,0.34046,0.05,0.04
2011.07.01 15:37:32.702,0.34005,0.34046,0.05,0.02
2011.07.01 15:37:33.142,0.34008,0.34046,0.05,0.03
2011.07.01 15:37:36.431,0.34004,0.34046,0.05,0.02
2011.07.01 15:37:36.879,0.34004,0.34046,0.05,0.04
2011.07.01 15:37:38.035,0.34,0.34037,0.05,0.02
2011.07.01 15:37:38.430,0.33993,0.34034,0.03,0.03
2011.07.01 15:37:38.699,0.33993,0.34034,0.03,0.03
2011.07.01 15:37:38.870,0.3399,0.34032,0.03,0.03
2011.07.01 15:37:38.983,0.33985,0.34029,0.05,0.05
2011.07.01 15:37:39.586,0.33988,0.34031,0.05,0.02
2011.07.01 15:37:40.142,0.3399,0.34034,0.05,0.06
2011.07.01 15:37:40.792,0.33994,0.34034,0.04,0.03
2011.07.01 15:37:40.901,0.33993,0.34036,0.05,0.04
2011.07.01 15:37:41.453,0.33994,0.34036,0.05,0.03
2011.07.01 15:37:41.903,0.33994,0.34036,0.05,0.02
2011.07.01 15:37:42.253,0.33994,0.34039,0.05,0.02
2011.07.01 15:37:42.473,0.33998,0.34041,0.05,0.02
2011.07.01 15:37:42.694,0.33994,0.34037,0.05,0.02
2011.07.01 15:37:43.376,0.33994,0.34038,0.05,0.02
2011.07.01 15:37:45.902,0.33994,0.34036,0.05,0.04
2011.07.01 15:37:47.123,0.33993,0.34036,0.05,0.02
2011.07.01 15:37:47.882,0.33993,0.34036,0.05,0.03
2011.07.01 15:37:48.009,0.33993,0.34033,0.05,0.02
2011.07.01 15:37:48.231,0.33992,0.34036,0.05,0.04
2011.07.01 15:37:49.042,0.33991,0.34031,0.05,0.02
2011.07.01 15:37:49.372,0.33994,0.34034,0.03,0.02
2011.07.01 15:37:49.842,0.34003,0.34046,0.05,0.04
2011.07.01 15:37:51.524,0.34003,0.34044,0.05,0.02
2011.07.01 15:37:53.048,0.33995,0.34039,0.05,0.05
2011.07.01 15:37:53.764,0.33995,0.34039,0.05,0.10
2011.07.01 15:37:54.611,0.33999,0.34039,0.04,0.06
2011.07.01 15:37:54.942,0.33997,0.34039,0.05,0.04
2011.07.01 15:37:57.932,0.33997,0.34036,0.05,0.02
2011.07.01 15:37:58.152,0.3399,0.34035,0.05,0.06
2011.07.01 15:37:58.593,0.3399,0.34031,0.05,0.02
2011.07.01 15:38:02.772,0.33986,0.34028,0.05,0.02
2011.07.01 15:38:02.991,0.33983,0.34026,0.05,0.02
2011.07.01 15:38:03.792,0.3398,0.34024,0.05,0.06
2011.07.01 15:38:04.253,0.33982,0.34026,0.05,0.03
2011.07.01 15:38:04.831,0.33983,0.34026,0.05,0.02
2011.07.01 15:38:05.162,0.33979,0.34023,0.05,0.02
2011.07.01 15:38:05.492,0.33982,0.34026,0.05,0.02
2011.07.01 15:38:06.681,0.33982,0.34024,0.05,0.03
2011.07.01 15:38:07.313,0.33983,0.34026,0.05,0.04
2011.07.01 15:38:08.281,0.33995,0.34026,0.04,0.04
2011.07.01 15:38:08.392,0.33992,0.34026,0.04,0.02
2011.07.01 15:38:08.502,0.33992,0.34026,0.05,0.03
2011.07.01 15:38:08.721,0.33983,0.34026,0.05,0.04
2011.07.01 15:38:09.189,0.33983,0.34023,0.05,0.02
2011.07.01 15:38:09.412,0.3398,0.34025,0.05,0.06
2011.07.01 15:38:11.463,0.33988,0.34025,0.04,0.02
2011.07.01 15:38:11.572,0.33988,0.34031,0.05,0.02
2011.07.01 15:38:11.791,0.33987,0.34033,0.05,0.05
2011.07.01 15:38:12.240,0.33987,0.34027,0.05,0.03
2011.07.01 15:38:16.132,0.33983,0.34024,0.03,0.05
2011.07.01 15:38:16.464,0.33993,0.34034,0.05,0.02
2011.07.01 15:38:16.835,0.33993,0.34036,0.05,0.02
2011.07.01 15:38:17.302,0.3399,0.34034,0.05,0.02
2011.07.01 15:38:20.702,0.33989,0.34031,0.05,0.02
2011.07.01 15:38:20.922,0.33989,0.34033,0.05,0.03
2011.07.01 15:38:21.361,0.33994,0.34036,0.05,0.05
2011.07.01 15:38:21.694,0.34009,0.3404,0.04,0.04
2011.07.01 15:38:21.802,0.34013,0.34048,0.05,0.05
2011.07.01 15:38:22.362,0.34013,0.34049,0.05,0.05
2011.07.01 15:38:22.474,0.34014,0.34056,0.05,0.03
2011.07.01 15:38:23.077,0.34014,0.34056,0.05,0.03
2011.07.01 15:38:23.184,0.34013,0.34056,0.05,0.03
2011.07.01 15:38:24.313,0.34013,0.34056,0.04,0.04
2011.07.01 15:38:24.532,0.34011,0.34055,0.05,0.05
2011.07.01 15:38:24.863,0.34006,0.34046,0.05,0.02
2011.07.01 15:38:25.192,0.34006,0.34046,0.05,0.02
2011.07.01 15:38:25.344,0.34003,0.34046,0.06,0.02
2011.07.01 15:38:26.692,0.34008,0.34048,0.05,0.02
2011.07.01 15:38:26.912,0.34008,0.3405,0.05,0.05
2011.07.01 15:38:28.593,0.34004,0.34047,0.05,0.03
2011.07.01 15:38:28.812,0.34003,0.34047,0.03,0.04
2011.07.01 15:38:34.634,0.34015,0.34047,0.04,0.04
2011.07.01 15:38:34.741,0.34013,0.34046,0.05,0.02
2011.07.01 15:38:34.962,0.34008,0.34046,0.05,0.02
2011.07.01 15:38:35.182,0.34008,0.34046,0.05,0.03
2011.07.01 15:38:35.622,0.34008,0.34046,0.05,0.03
2011.07.01 15:38:35.843,0.34008,0.34046,0.05,0.02
2011.07.01 15:38:38.071,0.34004,0.34046,0.07,0.03
2011.07.01 15:38:38.291,0.34004,0.34046,0.03,0.04
2011.07.01 15:38:41.102,0.34004,0.34043,0.03,0.02
2011.07.01 15:38:41.324,0.34004,0.34046,0.03,0.04
2011.07.01 15:38:42.399,0.34004,0.34044,0.03,0.02
2011.07.01 15:38:42.514,0.34004,0.34046,0.03,0.03
2011.07.01 15:38:52.154,0.34004,0.34043,0.03,0.02
2011.07.01 15:38:52.338,0.34004,0.34046,0.03,0.04
2011.07.01 15:39:01.030,0.34003,0.34043,0.03,0.03
2011.07.01 15:39:01.252,0.33997,0.34039,0.05,0.02
2011.07.01 15:39:01.362,0.33991,0.34035,0.08,0.05
2011.07.01 15:39:01.472,0.33991,0.34032,0.05,0.06
2011.07.01 15:39:02.056,0.33984,0.34027,0.05,0.03
2011.07.01 15:39:02.383,0.33981,0.34021,0.05,0.02
2011.07.01 15:39:03.047,0.33978,0.34021,0.05,0.02
2011.07.01 15:39:03.612,0.33974,0.34019,0.05,0.02
2011.07.01 15:39:04.182,0.33974,0.34017,0.05,0.04
2011.07.01 15:39:04.622,0.33968,0.34009,0.05,0.05
2011.07.01 15:39:06.522,0.33969,0.34011,0.05,0.02
2011.07.01 15:39:07.217,0.33969,0.34012,0.05,0.02
2011.07.01 15:39:07.326,0.33972,0.34016,0.05,0.02
2011.07.01 15:39:09.072,0.33972,0.34016,0.05,0.03
2011.07.01 15:39:09.292,0.33972,0.34017,0.05,0.03
2011.07.01 15:39:09.512,0.33978,0.34017,0.05,0.02
2011.07.01 15:39:11.822,0.33973,0.34016,0.05,0.02
2011.07.01 15:39:12.163,0.33973,0.34016,0.05,0.04
2011.07.01 15:39:12.622,0.33968,0.34007,0.04,0.03
2011.07.01 15:39:12.734,0.33961,0.34003,0.06,0.05
2011.07.01 15:39:12.952,0.33961,0.33995,0.05,0.04
2011.07.01 15:39:13.392,0.33955,0.33997,0.05,0.08
2011.07.01 15:39:13.502,0.33953,0.33997,0.05,0.08
2011.07.01 15:39:18.643,0.33951,0.33986,0.05,0.03
2011.07.01 15:39:18.973,0.33943,0.33983,0.05,0.06
2011.07.01 15:39:19.082,0.33945,0.33985,0.05,0.02
2011.07.01 15:39:19.602,0.33943,0.33985,0.05,0.02
2011.07.01 15:39:20.702,0.33943,0.33987,0.06,0.04
2011.07.01 15:39:20.922,0.33949,0.3399,0.05,0.05
2011.07.01 15:39:22.152,0.33944,0.33988,0.05,0.03
2011.07.01 15:39:22.492,0.33949,0.33988,0.04,0.02
2011.07.01 15:39:22.852,0.33949,0.33992,0.05,0.02
2011.07.01 15:39:24.082,0.33953,0.33993,0.05,0.02
2011.07.01 15:39:24.565,0.33953,0.33995,0.05,0.02
2011.07.01 15:39:25.381,0.33955,0.33996,0.05,0.03
2011.07.01 15:39:26.801,0.3395,0.33994,0.05,0.05
2011.07.01 15:39:27.022,0.3395,0.33994,0.05,0.05
2011.07.01 15:39:30.188,0.33942,0.33986,0.05,0.02
2011.07.01 15:39:30.522,0.3394,0.33984,0.05,0.06
2011.07.01 15:39:30.962,0.33937,0.33982,0.05,0.02
2011.07.01 15:39:31.462,0.33939,0.33983,0.05,0.05
2011.07.01 15:39:31.681,0.33938,0.33982,0.05,0.06
2011.07.01 15:39:33.113,0.33937,0.3398,0.05,0.03
2011.07.01 15:39:33.484,0.33937,0.3398,0.05,0.02
2011.07.01 15:39:33.592,0.33933,0.33977,0.05,0.06
2011.07.01 15:39:33.812,0.33933,0.33976,0.05,0.04
2011.07.01 15:39:34.412,0.33934,0.33977,0.05,0.04
2011.07.01 15:39:35.092,0.33937,0.33977,0.04,0.04
2011.07.01 15:39:35.312,0.33937,0.33976,0.05,0.03
2011.07.01 15:39:35.642,0.33938,0.33976,0.05,0.03
2011.07.01 15:39:36.247,0.33938,0.33976,0.05,0.02
2011.07.01 15:39:38.612,0.33934,0.33976,0.03,0.04
2011.07.01 15:39:41.632,0.33938,0.33977,0.05,0.03
2011.07.01 15:39:43.052,0.33938,0.33976,0.05,0.03
2011.07.01 15:39:54.683,0.33943,0.33986,0.05,0.04
2011.07.01 15:39:55.133,0.33945,0.33987,0.05,0.02
2011.07.01 15:39:56.673,0.33945,0.33986,0.04,0.04
2011.07.01 15:39:56.893,0.33937,0.33981,0.05,0.02
2011.07.01 15:39:57.113,0.3394,0.33984,0.05,0.06
2011.07.01 15:39:57.333,0.33938,0.33982,0.05,0.02
2011.07.01 15:39:58.702,0.33934,0.33976,0.07,0.03
2011.07.01 15:40:00.973,0.33937,0.33977,0.05,0.02
2011.07.01 15:40:01.668,0.33937,0.33977,0.05,0.03
2011.07.01 15:40:02.577,0.33937,0.33977,0.05,0.02
2011.07.01 15:40:02.912,0.33945,0.33986,0.05,0.02
2011.07.01 15:40:03.024,0.33943,0.33987,0.03,0.03
2011.07.01 15:40:10.205,0.33952,0.33989,0.04,0.02
2011.07.01 15:40:10.533,0.33948,0.33987,0.04,0.03
2011.07.01 15:40:11.135,0.33944,0.33987,0.05,0.03
2011.07.01 15:40:11.602,0.33948,0.33992,0.05,0.02
2011.07.01 15:40:12.204,0.33957,0.34,0.05,0.05
2011.07.01 15:40:12.532,0.33964,0.34,0.05,0.05
2011.07.01 15:40:13.453,0.33968,0.34007,0.04,0.03
2011.07.01 15:40:13.673,0.33958,0.34002,0.05,0.05
2011.07.01 15:40:13.892,0.33963,0.34007,0.04,0.08
2011.07.01 15:40:14.563,0.33958,0.34002,0.05,0.05
2011.07.01 15:40:14.892,0.33961,0.34002,0.05,0.06
2011.07.01 15:40:15.734,0.33955,0.33996,0.05,0.03
2011.07.01 15:40:16.073,0.3396,0.33999,0.05,0.02
2011.07.01 15:40:16.293,0.33963,0.34006,0.05,0.02
2011.07.01 15:40:16.513,0.33963,0.34006,0.05,0.04
2011.07.01 15:40:16.733,0.33963,0.34006,0.05,0.03
2011.07.01 15:40:17.284,0.33965,0.34006,0.05,0.03
2011.07.01 15:40:17.392,0.33963,0.34006,0.06,0.02
2011.07.01 15:40:17.612,0.33963,0.34006,0.05,0.03
2011.07.01 15:40:17.942,0.33967,0.34013,0.05,0.06
2011.07.01 15:40:18.273,0.33973,0.34015,0.05,0.02
2011.07.01 15:40:24.312,0.33974,0.34017,0.05,0.03
2011.07.01 15:40:24.479,0.33974,0.34017,0.05,0.03
2011.07.01 15:40:25.542,0.33977,0.34023,0.05,0.06
2011.07.01 15:40:27.034,0.33982,0.34026,0.05,0.03
2011.07.01 15:40:27.253,0.33984,0.34026,0.05,0.02
2011.07.01 15:40:28.259,0.33984,0.34025,0.05,0.03
2011.07.01 15:40:29.832,0.33975,0.34019,0.05,0.03
2011.07.01 15:40:29.943,0.33978,0.34019,0.04,0.03
2011.07.01 15:40:30.493,0.33972,0.34017,0.05,0.04
2011.07.01 15:40:30.947,0.33971,0.34012,0.05,0.06
2011.07.01 15:40:32.551,0.33964,0.34007,0.05,0.03
2011.07.01 15:40:36.366,0.33969,0.34006,0.05,0.03
2011.07.01 15:40:36.913,0.33968,0.34011,0.05,0.02
2011.07.01 15:40:38.733,0.33972,0.34015,0.05,0.02
2011.07.01 15:40:39.247,0.33978,0.34019,0.05,0.04
2011.07.01 15:40:39.623,0.33975,0.34017,0.05,0.02
2011.07.01 15:40:40.273,0.33975,0.34018,0.05,0.02
2011.07.01 15:40:40.714,0.33977,0.34019,0.05,0.04
2011.07.01 15:40:45.583,0.33972,0.34016,0.04,0.02
2011.07.01 15:40:47.693,0.3397,0.34014,0.05,0.06
2011.07.01 15:40:50.742,0.3397,0.34007,0.05,0.03
2011.07.01 15:40:51.954,0.33969,0.34007,0.05,0.02
2011.07.01 15:40:52.302,0.33974,0.34017,0.05,0.02
2011.07.01 15:40:55.483,0.33978,0.34022,0.05,0.06
2011.07.01 15:40:55.762,0.33977,0.3402,0.05,0.02
2011.07.01 15:40:57.364,0.33974,0.34016,0.05,0.03
2011.07.01 15:40:57.583,0.33972,0.34016,0.05,0.03
2011.07.01 15:40:57.802,0.33971,0.34015,0.09,0.06
2011.07.01 15:41:05.370,0.33971,0.34015,0.05,0.04
2011.07.01 15:41:06.312,0.33972,0.34017,0.05,0.04
2011.07.01 15:41:07.753,0.33967,0.34013,0.05,0.06
2011.07.01 15:41:07.984,0.33967,0.34012,0.05,0.03
2011.07.01 15:41:08.684,0.33967,0.34007,0.04,0.03
2011.07.01 15:41:08.902,0.33962,0.34006,0.05,0.02
2011.07.01 15:41:14.002,0.33964,0.34009,0.05,0.03
2011.07.01 15:41:14.686,0.33964,0.34009,0.05,0.03
2011.07.01 15:41:16.275,0.33964,0.34006,0.03,0.03
2011.07.01 15:41:18.252,0.33968,0.34007,0.04,0.02
2011.07.01 15:41:18.362,0.33968,0.34009,0.05,0.05
2011.07.01 15:41:22.773,0.33965,0.34006,0.05,0.03
2011.07.01 15:41:24.703,0.33968,0.3401,0.05,0.05
2011.07.01 15:41:25.033,0.33968,0.34009,0.05,0.02
2011.07.01 15:41:25.726,0.33968,0.3401,0.05,0.02
2011.07.01 15:41:25.943,0.33968,0.34012,0.05,0.05
2011.07.01 15:41:26.163,0.33968,0.34011,0.05,0.02
2011.07.01 15:41:28.313,0.33972,0.34014,0.05,0.03
2011.07.01 15:41:28.481,0.33972,0.34015,0.05,0.02
2011.07.01 15:41:30.392,0.33974,0.34016,0.05,0.03
2011.07.01 15:41:33.170,0.33974,0.34017,0.05,0.03
2011.07.01 15:41:33.504,0.3398,0.3402,0.05,0.02
2011.07.01 15:41:33.835,0.33983,0.34027,0.05,0.08
2011.07.01 15:41:37.024,0.33984,0.34023,0.05,0.02
2011.07.01 15:41:37.244,0.33984,0.34027,0.05,0.03
2011.07.01 15:41:37.909,0.33984,0.34027,0.05,0.02
2011.07.01 15:41:39.623,0.33984,0.34026,0.05,0.03
2011.07.01 15:41:39.843,0.33983,0.34026,0.05,0.03
2011.07.01 15:41:40.433,0.33983,0.34026,0.05,0.04
2011.07.01 15:41:40.824,0.33978,0.34022,0.05,0.06
2011.07.01 15:41:41.045,0.33975,0.34017,0.05,0.03
2011.07.01 15:41:42.774,0.33978,0.3402,0.05,0.06
2011.07.01 15:41:47.973,0.33988,0.34026,0.05,0.02
2011.07.01 15:41:53.073,0.33984,0.34026,0.06,0.02
2011.07.01 15:41:56.171,0.33988,0.34026,0.05,0.03
2011.07.01 15:41:56.940,0.33988,0.34026,0.05,0.02
2011.07.01 15:41:57.162,0.33985,0.34026,0.05,0.03
2011.07.01 15:41:57.383,0.33985,0.34026,0.05,0.02
2011.07.01 15:41:58.214,0.33979,0.34023,0.05,0.02
2011.07.01 15:41:59.843,0.33982,0.34026,0.05,0.02
2011.07.01 15:42:01.355,0.33981,0.34024,0.05,0.06
2011.07.01 15:42:04.703,0.33977,0.34021,0.05,0.02
2011.07.01 15:42:04.823,0.33977,0.34019,0.05,0.02
2011.07.01 15:42:05.263,0.33972,0.34017,0.05,0.04
2011.07.01 15:42:05.876,0.33973,0.34019,0.05,0.06
2011.07.01 15:42:06.202,0.33972,0.34017,0.05,0.04
2011.07.01 15:42:12.873,0.33967,0.34013,0.05,0.04
2011.07.01 15:42:13.521,0.33967,0.34011,0.05,0.02
2011.07.01 15:42:13.864,0.33964,0.34004,0.03,0.04
2011.07.01 15:42:14.192,0.3396,0.34004,0.08,0.06
2011.07.01 15:42:15.732,0.3396,0.34004,0.05,0.05
2011.07.01 15:42:16.412,0.3396,0.34004,0.05,0.06
2011.07.01 15:42:26.888,0.3396,0.34004,0.05,0.05
2011.07.01 15:42:27.773,0.33965,0.34006,0.05,0.03
2011.07.01 15:42:29.592,0.33963,0.34006,0.05,0.03
2011.07.01 15:42:31.934,0.33961,0.34004,0.05,0.06
2011.07.01 15:42:35.143,0.33963,0.34006,0.05,0.04
2011.07.01 15:42:40.152,0.33961,0.34003,0.05,0.02
2011.07.01 15:42:41.152,0.33954,0.34,0.07,0.05
2011.07.01 15:42:41.712,0.33954,0.34,0.07,0.10
2011.07.01 15:42:42.079,0.33954,0.34,0.07,0.08
2011.07.01 15:42:44.952,0.33954,0.33999,0.07,0.02
2011.07.01 15:42:45.172,0.33958,0.34002,0.05,0.06
2011.07.01 15:42:46.114,0.33958,0.34002,0.05,0.04
2011.07.01 15:42:46.332,0.33963,0.34006,0.05,0.03
2011.07.01 15:42:48.544,0.33972,0.34016,0.05,0.02
2011.07.01 15:42:48.898,0.33975,0.34017,0.05,0.03
2011.07.01 15:42:50.884,0.33972,0.34016,0.05,0.02
2011.07.01 15:42:51.253,0.33967,0.34007,0.04,0.03
2011.07.01 15:42:51.693,0.33968,0.3401,0.05,0.05
2011.07.01 15:42:51.914,0.33969,0.3401,0.05,0.04
2011.07.01 15:42:53.172,0.33962,0.34007,0.05,0.02
2011.07.01 15:42:53.393,0.33962,0.34007,0.05,0.04
2011.07.01 15:42:53.942,0.33957,0.34001,0.05,0.02
2011.07.01 15:42:55.343,0.33959,0.34003,0.05,0.06
2011.07.01 15:42:57.409,0.33959,0.34005,0.05,0.05
2011.07.01 15:43:01.063,0.33964,0.34007,0.05,0.03
2011.07.01 15:43:01.695,0.33962,0.34007,0.05,0.04
2011.07.01 15:43:02.843,0.33965,0.34007,0.05,0.02
2011.07.01 15:43:03.600,0.33965,0.34007,0.05,0.05
2011.07.01 15:43:04.593,0.33965,0.34007,0.05,0.03
2011.07.01 15:43:05.065,0.33961,0.34005,0.05,0.05
2011.07.01 15:43:05.393,0.3396,0.34002,0.05,0.04
2011.07.01 15:43:05.743,0.33958,0.34001,0.05,0.02
2011.07.01 15:43:15.783,0.33958,0.34002,0.05,0.04
2011.07.01 15:43:16.002,0.3396,0.34004,0.05,0.05
2011.07.01 15:43:16.520,0.33962,0.34005,0.05,0.02
2011.07.01 15:43:17.933,0.33957,0.34002,0.05,0.03
2011.07.01 15:43:18.263,0.3395,0.33994,0.09,0.05
2011.07.01 15:43:18.373,0.33954,0.33994,0.02,0.05
2011.07.01 15:43:18.874,0.33952,0.33997,0.05,0.04
2011.07.01 15:43:19.447,0.33952,0.33997,0.05,0.04
2011.07.01 15:43:20.113,0.33955,0.33997,0.05,0.04
2011.07.01 15:43:20.786,0.33953,0.33996,0.05,0.04
2011.07.01 15:43:21.183,0.33958,0.33997,0.05,0.02
2011.07.01 15:43:21.321,0.33958,0.33997,0.05,0.03
2011.07.01 15:43:27.942,0.3396,0.34004,0.05,0.06
2011.07.01 15:43:29.183,0.3396,0.34003,0.05,0.02
2011.07.01 15:43:32.713,0.33957,0.34001,0.05,0.02
2011.07.01 15:43:42.113,0.33953,0.33996,0.05,0.03
2011.07.01 15:43:42.412,0.33953,0.33996,0.05,0.04
2011.07.01 15:43:43.152,0.33953,0.33993,0.05,0.02
2011.07.01 15:43:43.476,0.33946,0.33986,0.05,0.02
2011.07.01 15:43:46.022,0.3394,0.33984,0.05,0.06
2011.07.01 15:43:46.362,0.33943,0.33987,0.05,0.08
2011.07.01 15:43:47.473,0.33942,0.33985,0.05,0.02
2011.07.01 15:43:59.432,0.33939,0.33984,0.05,0.02
2011.07.01 15:44:02.272,0.33939,0.33985,0.05,0.05
2011.07.01 15:44:05.372,0.33941,0.33984,0.05,0.06
2011.07.01 15:44:05.812,0.33947,0.33983,0.04,0.02
2011.07.01 15:44:05.922,0.33943,0.33983,0.05,0.02
2011.07.01 15:44:06.032,0.33943,0.33987,0.05,0.03
2011.07.01 15:44:06.252,0.33942,0.33986,0.05,0.02
2011.07.01 15:44:09.778,0.33942,0.33987,0.05,0.04
2011.07.01 15:44:10.102,0.33943,0.33986,0.05,0.03
2011.07.01 15:44:26.749,0.33943,0.33984,0.05,0.03
2011.07.01 15:44:33.962,0.33942,0.33986,0.05,0.03
2011.07.01 15:44:46.083,0.3394,0.33983,0.05,0.02
2011.07.01 15:44:47.212,0.33943,0.33986,0.05,0.02
2011.07.01 15:44:48.323,0.33941,0.33982,0.05,0.05
2011.07.01 15:44:48.901,0.33941,0.33984,0.05,0.03
2011.07.01 15:44:50.694,0.33943,0.33985,0.05,0.02
2011.07.01 15:44:51.253,0.33941,0.33982,0.05,0.05
2011.07.01 15:44:51.472,0.3394,0.33982,0.05,0.06
2011.07.01 15:44:51.823,0.3394,0.33983,0.05,0.02
2011.07.01 15:44:53.417,0.33939,0.33985,0.05,0.06
2011.07.01 15:44:55.203,0.3394,0.33984,0.05,0.02
2011.07.01 15:44:56.062,0.3394,0.33982,0.05,0.06
2011.07.01 15:44:57.772,0.33939,0.33983,0.05,0.06
2011.07.01 15:44:58.293,0.33943,0.33985,0.05,0.02
2011.07.01 15:44:58.512,0.33943,0.33986,0.05,0.02
2011.07.01 15:44:58.842,0.33944,0.33986,0.05,0.03
2011.07.01 15:44:59.063,0.33948,0.33986,0.05,0.03
2011.07.01 15:45:00.708,0.33948,0.33986,0.05,0.02
2011.07.01 15:45:09.460,0.3395,0.33988,0.04,0.02
2011.07.01 15:45:09.683,0.33942,0.33986,0.05,0.03
2011.07.01 15:45:09.904,0.33942,0.33986,0.05,0.03
2011.07.01 15:45:10.653,0.33942,0.33986,0.05,0.03
2011.07.01 15:45:10.872,0.33943,0.33986,0.05,0.04
2011.07.01 15:45:14.792,0.3394,0.33984,0.05,0.05
2011.07.01 15:45:19.063,0.33943,0.33984,0.05,0.02
2011.07.01 15:45:19.303,0.33943,0.33986,0.05,0.05
2011.07.01 15:45:19.633,0.33948,0.33992,0.05,0.06
2011.07.01 15:45:19.962,0.33949,0.33993,0.05,0.02
2011.07.01 15:45:20.422,0.33953,0.33996,0.05,0.04
2011.07.01 15:45:20.642,0.33953,0.33997,0.05,0.03
2011.07.01 15:45:21.793,0.33954,0.33996,0.05,0.02
2011.07.01 15:45:22.142,0.33958,0.33996,0.05,0.02
2011.07.01 15:45:24.903,0.33955,0.33997,0.05,0.03
2011.07.01 15:45:25.364,0.33948,0.33986,0.05,0.02
2011.07.01 15:45:25.473,0.33948,0.33986,0.05,0.02
2011.07.01 15:45:25.585,0.33945,0.33988,0.05,0.02
2011.07.01 15:45:26.424,0.33944,0.3399,0.05,0.10
2011.07.01 15:45:26.912,0.33942,0.33986,0.05,0.04
2011.07.01 15:45:31.225,0.33943,0.33987,0.03,0.02
2011.07.01 15:45:38.913,0.33944,0.33986,0.06,0.03
2011.07.01 15:45:49.471,0.33943,0.33984,0.06,0.02
2011.07.01 15:45:54.282,0.33938,0.33976,0.05,0.03
2011.07.01 15:46:00.563,0.33938,0.33982,0.05,0.04
2011.07.01 15:46:05.414,0.3395,0.33983,0.04,0.02
2011.07.01 15:46:05.523,0.3395,0.3399,0.05,0.04
2011.07.01 15:46:06.462,0.33953,0.33997,0.05,0.08
2011.07.01 15:46:06.684,0.33948,0.33992,0.05,0.06
2011.07.01 15:46:09.787,0.33953,0.33992,0.04,0.02
2011.07.01 15:46:09.900,0.33953,0.33996,0.05,0.02
2011.07.01 15:46:10.313,0.33953,0.33994,0.05,0.02
2011.07.01 15:46:13.613,0.33947,0.33991,0.05,0.02
2011.07.01 15:46:14.172,0.33947,0.33993,0.05,0.05
2011.07.01 15:46:14.392,0.33947,0.33987,0.05,0.02
2011.07.01 15:46:15.277,0.33947,0.33987,0.05,0.03
2011.07.01 15:46:16.683,0.33943,0.33986,0.05,0.02
2011.07.01 15:46:17.493,0.3394,0.33983,0.05,0.02
2011.07.01 15:46:17.733,0.33939,0.33985,0.05,0.05
2011.07.01 15:46:18.173,0.3394,0.33983,0.05,0.02
2011.07.01 15:46:22.284,0.33943,0.33986,0.05,0.03
2011.07.01 15:46:22.937,0.33943,0.33986,0.05,0.04
2011.07.01 15:46:23.354,0.33947,0.33986,0.05,0.02
2011.07.01 15:46:23.683,0.3395,0.33994,0.05,0.07
2011.07.01 15:46:25.063,0.33949,0.33992,0.05,0.03
2011.07.01 15:46:25.392,0.33949,0.33993,0.05,0.02
2011.07.01 15:46:27.793,0.33946,0.3399,0.05,0.06
2011.07.01 15:46:28.343,0.33943,0.33987,0.05,0.04
2011.07.01 15:46:28.453,0.33943,0.33986,0.05,0.02
2011.07.01 15:46:33.372,0.33943,0.33985,0.05,0.02
2011.07.01 15:46:35.853,0.33945,0.33987,0.05,0.02
2011.07.01 15:46:36.073,0.33945,0.33988,0.05,0.02
2011.07.01 15:46:39.893,0.3395,0.33993,0.05,0.03
2011.07.01 15:46:40.112,0.33953,0.33995,0.05,0.02
2011.07.01 15:46:41.934,0.3395,0.33995,0.05,0.06
2011.07.01 15:46:42.593,0.33949,0.33991,0.05,0.02
2011.07.01 15:46:42.923,0.33944,0.33986,0.06,0.02
2011.07.01 15:46:43.541,0.33944,0.33986,0.05,0.02
2011.07.01 15:46:52.042,0.33941,0.33981,0.05,0.02
2011.07.01 15:46:53.492,0.33939,0.33983,0.05,0.06
2011.07.01 15:46:56.610,0.33938,0.33981,0.05,0.02
2011.07.01 15:46:56.719,0.33935,0.33976,0.05,0.03
2011.07.01 15:46:57.252,0.33935,0.33979,0.05,0.04
2011.07.01 15:46:59.876,0.33937,0.33983,0.05,0.05
2011.07.01 15:47:00.312,0.33945,0.33984,0.04,0.02
2011.07.01 15:47:00.534,0.33947,0.33989,0.05,0.05
2011.07.01 15:47:05.076,0.33954,0.33996,0.05,0.02
2011.07.01 15:47:05.422,0.33951,0.33995,0.05,0.06
2011.07.01 15:47:05.986,0.33953,0.33996,0.05,0.05
2011.07.01 15:47:10.072,0.33954,0.33996,0.05,0.02
2011.07.01 15:47:10.703,0.33953,0.33996,0.05,0.04
2011.07.01 15:47:12.375,0.33952,0.33996,0.05,0.03
2011.07.01 15:47:12.892,0.33952,0.33996,0.05,0.03
2011.07.01 15:47:14.402,0.33954,0.33996,0.05,0.02
2011.07.01 15:47:15.172,0.33957,0.33996,0.05,0.02
2011.07.01 15:47:15.392,0.33957,0.33996,0.05,0.02
2011.07.01 15:47:19.453,0.33955,0.33996,0.05,0.03
2011.07.01 15:47:19.673,0.33955,0.33996,0.05,0.03
2011.07.01 15:47:20.186,0.33953,0.33996,0.05,0.04
2011.07.01 15:47:23.043,0.3395,0.33994,0.05,0.06
2011.07.01 15:47:30.609,0.3395,0.33992,0.05,0.03
2011.07.01 15:47:31.162,0.33948,0.33992,0.05,0.06
2011.07.01 15:47:32.104,0.33945,0.33989,0.05,0.05
2011.07.01 15:47:33.153,0.33947,0.33989,0.05,0.04
2011.07.01 15:47:37.944,0.33949,0.33992,0.05,0.02
2011.07.01 15:47:38.274,0.33954,0.33996,0.03,0.02
2011.07.01 15:47:39.303,0.3396,0.33997,0.05,0.03
2011.07.01 15:47:40.018,0.33957,0.33996,0.05,0.02
2011.07.01 15:47:40.936,0.33953,0.33996,0.05,0.03
2011.07.01 15:47:41.155,0.33955,0.33996,0.05,0.03
2011.07.01 15:47:41.373,0.33957,0.33996,0.05,0.03
2011.07.01 15:47:47.873,0.33959,0.34003,0.05,0.02
2011.07.01 15:47:48.096,0.33964,0.34007,0.05,0.02
2011.07.01 15:47:50.763,0.33964,0.34005,0.04,0.03
2011.07.01 15:47:50.873,0.3396,0.34005,0.05,0.06
2011.07.01 15:47:50.983,0.33959,0.34002,0.05,0.02
2011.07.01 15:47:51.583,0.33957,0.34001,0.05,0.02
2011.07.01 15:47:52.138,0.33957,0.34002,0.05,0.03
2011.07.01 15:47:52.464,0.33958,0.34001,0.05,0.02
2011.07.01 15:47:53.713,0.33959,0.34003,0.05,0.02
2011.07.01 15:48:04.502,0.33955,0.34,0.05,0.02
2011.07.01 15:48:04.722,0.33958,0.34002,0.05,0.06
2011.07.01 15:48:05.173,0.33965,0.34004,0.05,0.02
2011.07.01 15:48:05.393,0.33965,0.34006,0.05,0.02
2011.07.01 15:48:06.183,0.3397,0.34007,0.04,0.04
2011.07.01 15:48:06.402,0.3397,0.34007,0.05,0.03
2011.07.01 15:48:11.557,0.3397,0.34011,0.05,0.02
2011.07.01 15:48:11.882,0.3397,0.34013,0.05,0.02
2011.07.01 15:48:18.489,0.33975,0.34013,0.05,0.02
2011.07.01 15:48:18.605,0.33975,0.34016,0.05,0.03
2011.07.01 15:48:20.063,0.3398,0.3402,0.05,0.04
2011.07.01 15:48:20.282,0.3398,0.34024,0.05,0.06
2011.07.01 15:48:24.873,0.33977,0.34021,0.05,0.02
2011.07.01 15:48:32.622,0.33979,0.34022,0.05,0.02
2011.07.01 15:48:36.733,0.33978,0.34017,0.05,0.03
2011.07.01 15:48:36.954,0.33971,0.34015,0.08,0.05
2011.07.01 15:48:37.394,0.33972,0.34012,0.04,0.02
2011.07.01 15:48:37.960,0.33967,0.34012,0.05,0.02
2011.07.01 15:48:41.564,0.33965,0.34007,0.05,0.03
2011.07.01 15:48:43.143,0.33965,0.34007,0.05,0.02
2011.07.01 15:48:43.362,0.33965,0.34007,0.05,0.03
2011.07.01 15:48:43.802,0.3396,0.34004,0.05,0.06
2011.07.01 15:48:44.342,0.33958,0.34002,0.05,0.06
2011.07.01 15:48:48.065,0.33968,0.34006,0.05,0.02
2011.07.01 15:48:48.173,0.33965,0.34005,0.04,0.03
2011.07.01 15:48:48.404,0.33968,0.34006,0.05,0.03
2011.07.01 15:48:48.893,0.33972,0.34017,0.05,0.04
2011.07.01 15:48:50.654,0.33975,0.34017,0.05,0.02
2011.07.01 15:48:50.983,0.33977,0.34017,0.05,0.03
2011.07.01 15:48:51.803,0.33973,0.34016,0.05,0.05
2011.07.01 15:48:53.203,0.3397,0.34014,0.09,0.06
2011.07.01 15:48:54.574,0.33967,0.34013,0.05,0.05
2011.07.01 15:48:54.793,0.33969,0.34012,0.05,0.02
2011.07.01 15:48:56.063,0.33963,0.34007,0.05,0.08
2011.07.01 15:48:56.833,0.3396,0.34003,0.05,0.02
2011.07.01 15:48:57.052,0.33968,0.34009,0.05,0.05
2011.07.01 15:48:58.954,0.33978,0.34017,0.05,0.03
2011.07.01 15:49:01.753,0.33983,0.34023,0.05,0.02
2011.07.01 15:49:02.082,0.33983,0.34026,0.05,0.02
2011.07.01 15:49:02.763,0.33985,0.34027,0.05,0.02
2011.07.01 15:49:03.423,0.33982,0.34026,0.05,0.03
2011.07.01 15:49:04.203,0.33981,0.34016,0.05,0.03
2011.07.01 15:49:04.585,0.33975,0.34017,0.05,0.08
2011.07.01 15:49:04.978,0.33973,0.34017,0.05,0.08
2011.07.01 15:49:06.756,0.33968,0.34012,0.05,0.04
2011.07.01 15:49:07.083,0.33968,0.3401,0.05,0.02
2011.07.01 15:49:07.853,0.3396,0.34005,0.06,0.04
2011.07.01 15:49:08.073,0.33959,0.34004,0.05,0.03
2011.07.01 15:49:08.843,0.33953,0.33992,0.02,0.04
2011.07.01 15:49:08.953,0.33948,0.33992,0.05,0.06
2011.07.01 15:49:09.573,0.33948,0.33992,0.05,0.05
2011.07.01 15:49:10.116,0.33948,0.3399,0.05,0.05
2011.07.01 15:49:10.333,0.33953,0.3399,0.02,0.04
2011.07.01 15:49:10.723,0.33958,0.33993,0.05,0.05
2011.07.01 15:49:10.918,0.33958,0.34002,0.05,0.06
2011.07.01 15:49:11.393,0.33958,0.34,0.05,0.03
2011.07.01 15:49:21.544,0.33957,0.34001,0.05,0.03
2011.07.01 15:49:22.254,0.3396,0.34002,0.05,0.02
2011.07.01 15:49:22.583,0.33963,0.34006,0.05,0.05
2011.07.01 15:49:23.402,0.33963,0.34004,0.05,0.03
2011.07.01 15:49:23.996,0.3396,0.34001,0.05,0.02
2011.07.01 15:49:25.063,0.33957,0.33998,0.05,0.02
2011.07.01 15:49:25.387,0.33959,0.34001,0.05,0.02
2011.07.01 15:49:25.943,0.33959,0.33996,0.05,0.02
2011.07.01 15:49:26.301,0.33952,0.33996,0.05,0.03
2011.07.01 15:49:31.028,0.33954,0.33996,0.05,0.03
2011.07.01 15:49:32.243,0.33953,0.33996,0.05,0.03
2011.07.01 15:49:32.573,0.33958,0.34001,0.05,0.02
2011.07.01 15:49:33.993,0.33954,0.33999,0.05,0.02
2011.07.01 15:49:37.133,0.3395,0.33994,0.05,0.05
2011.07.01 15:49:37.462,0.33953,0.33996,0.05,0.02
2011.07.01 15:49:37.913,0.33951,0.33993,0.05,0.02
2011.07.01 15:49:38.516,0.33952,0.33997,0.05,0.04
2011.07.01 15:49:40.704,0.33951,0.33994,0.05,0.06
2011.07.01 15:49:41.033,0.33951,0.33991,0.04,0.02
2011.07.01 15:49:41.602,0.33945,0.33991,0.05,0.06
2011.07.01 15:49:42.114,0.33944,0.33987,0.05,0.02
2011.07.01 15:49:42.663,0.33943,0.33987,0.05,0.08
2011.07.01 15:49:43.514,0.33938,0.33982,0.05,0.05
2011.07.01 15:49:44.083,0.33937,0.33979,0.05,0.06
2011.07.01 15:49:44.533,0.33936,0.33976,0.05,0.04
2011.07.01 15:49:44.643,0.33932,0.33976,0.05,0.04
2011.07.01 15:49:44.974,0.33929,0.33974,0.05,0.03
2011.07.01 15:49:45.193,0.33934,0.33975,0.03,0.05
2011.07.01 15:49:45.774,0.33942,0.33983,0.05,0.02
2011.07.01 15:49:48.973,0.33934,0.33979,0.05,0.02
2011.07.01 15:49:49.606,0.33938,0.33979,0.05,0.04
2011.07.01 15:49:57.634,0.3394,0.33983,0.05,0.03
2011.07.01 15:49:59.097,0.3394,0.33984,0.05,0.04
2011.07.01 15:49:59.424,0.33943,0.33984,0.05,0.03
2011.07.01 15:49:59.956,0.33939,0.33982,0.04,0.02
2011.07.01 15:50:00.283,0.33938,0.33979,0.05,0.03
2011.07.01 15:50:01.395,0.33929,0.33974,0.05,0.03
2011.07.01 15:50:01.625,0.33927,0.33971,0.05,0.02
2011.07.01 15:50:01.844,0.33927,0.3397,0.05,0.02
2011.07.01 15:50:01.953,0.33924,0.33961,0.04,0.03
2011.07.01 15:50:02.427,0.33897,0.33927,0.08,0.02
2011.07.01 15:50:02.974,0.339,0.33934,0.04,0.05
2011.07.01 15:50:03.083,0.3389,0.33929,0.04,0.05
2011.07.01 15:50:03.523,0.33889,0.33929,0.04,0.05
2011.07.01 15:50:03.744,0.33887,0.33929,0.05,0.05
2011.07.01 15:50:04.184,0.33884,0.3393,0.06,0.05
2011.07.01 15:50:04.668,0.33888,0.33932,0.05,0.05
2011.07.01 15:50:04.993,0.33893,0.33933,0.04,0.02
2011.07.01 15:50:05.213,0.33893,0.33937,0.04,0.08
2011.07.01 15:50:05.331,0.33893,0.33935,0.05,0.02
2011.07.01 15:50:08.277,0.33893,0.33934,0.05,0.02
2011.07.01 15:50:08.956,0.33892,0.33935,0.05,0.02
2011.07.01 15:50:09.537,0.33893,0.33936,0.05,0.04
2011.07.01 15:50:10.253,0.33892,0.33936,0.05,0.02
2011.07.01 15:50:10.583,0.33893,0.33936,0.05,0.04
2011.07.01 15:50:12.683,0.33891,0.33935,0.05,0.06
2011.07.01 15:50:12.904,0.33891,0.33931,0.05,0.02
2011.07.01 15:50:13.123,0.33895,0.33937,0.05,0.03
2011.07.01 15:50:13.453,0.33893,0.33936,0.05,0.02
2011.07.01 15:50:14.243,0.33898,0.33937,0.05,0.02
2011.07.01 15:50:14.572,0.33898,0.33941,0.05,0.02
2011.07.01 15:50:15.033,0.33895,0.33938,0.05,0.02
2011.07.01 15:50:16.464,0.33897,0.33939,0.05,0.04
2011.07.01 15:50:19.664,0.33902,0.33944,0.04,0.03
2011.07.01 15:50:19.883,0.33898,0.33936,0.05,0.02
2011.07.01 15:50:21.343,0.33892,0.33936,0.05,0.03
2011.07.01 15:50:21.870,0.33894,0.33936,0.05,0.04
2011.07.01 15:50:22.203,0.33894,0.33936,0.05,0.02
2011.07.01 15:50:22.533,0.339,0.33939,0.05,0.04
2011.07.01 15:50:22.644,0.33902,0.33946,0.05,0.03
2011.07.01 15:50:27.513,0.33902,0.33944,0.05,0.02
2011.07.01 15:50:27.733,0.33902,0.33947,0.05,0.04
2011.07.01 15:50:28.063,0.33901,0.33943,0.05,0.02
2011.07.01 15:50:28.283,0.33903,0.33947,0.05,0.08
2011.07.01 15:50:33.003,0.33904,0.33946,0.03,0.02
2011.07.01 15:50:33.553,0.33908,0.33946,0.05,0.02
2011.07.01 15:50:34.117,0.33907,0.33946,0.05,0.02
2011.07.01 15:50:34.444,0.33904,0.33946,0.03,0.03
2011.07.01 15:50:34.663,0.33904,0.33946,0.06,0.03
2011.07.01 15:50:37.453,0.33908,0.33946,0.05,0.03
2011.07.01 15:50:41.233,0.33908,0.33952,0.05,0.04
2011.07.01 15:50:41.454,0.33918,0.3396,0.05,0.05
2011.07.01 15:50:41.673,0.33918,0.33956,0.05,0.03
2011.07.01 15:50:41.893,0.3392,0.33956,0.04,0.03
2011.07.01 15:50:42.114,0.33915,0.33957,0.05,0.03
2011.07.01 15:50:42.624,0.33919,0.33965,0.05,0.05
2011.07.01 15:50:45.885,0.33923,0.33967,0.05,0.08
2011.07.01 15:50:47.314,0.33923,0.33967,0.05,0.03
2011.07.01 15:50:48.023,0.33922,0.33967,0.05,0.04
2011.07.01 15:50:49.643,0.33922,0.33964,0.05,0.02
2011.07.01 15:50:49.863,0.33922,0.33966,0.05,0.03
2011.07.01 15:50:50.834,0.33923,0.33969,0.06,0.06
2011.07.01 15:50:51.053,0.33925,0.33969,0.05,0.08
2011.07.01 15:50:51.633,0.33925,0.33969,0.05,0.08
2011.07.01 15:50:52.676,0.33927,0.33973,0.05,0.07
2011.07.01 15:50:53.003,0.33932,0.33977,0.05,0.04
2011.07.01 15:50:54.594,0.33932,0.33976,0.05,0.02
2011.07.01 15:50:54.814,0.33932,0.33976,0.05,0.03
2011.07.01 15:50:57.733,0.33928,0.33959,0.05,0.04
2011.07.01 15:50:58.063,0.33918,0.33961,0.05,0.02
2011.07.01 15:50:58.176,0.33918,0.33962,0.05,0.05
2011.07.01 15:50:58.857,0.33918,0.33962,0.05,0.02
2011.07.01 15:51:00.453,0.33913,0.33956,0.05,0.02
2011.07.01 15:51:01.306,0.33913,0.33956,0.05,0.03
2011.07.01 15:51:01.418,0.33905,0.33947,0.05,0.02
2011.07.01 15:51:03.383,0.33903,0.33946,0.05,0.02
2011.07.01 15:51:03.603,0.33908,0.33947,0.04,0.03
2011.07.01 15:51:03.823,0.33909,0.33949,0.05,0.04
2011.07.01 15:51:04.044,0.3391,0.33953,0.05,0.05
2011.07.01 15:51:05.946,0.33909,0.33953,0.05,0.04
2011.07.01 15:51:07.373,0.33917,0.33955,0.04,0.02
2011.07.01 15:51:07.875,0.33923,0.33966,0.05,0.02
2011.07.01 15:51:08.314,0.33924,0.33966,0.05,0.02
2011.07.01 15:51:08.534,0.33923,0.33965,0.05,0.02
2011.07.01 15:51:08.753,0.33925,0.33967,0.05,0.03
2011.07.01 15:51:09.477,0.33923,0.33967,0.05,0.08
2011.07.01 15:51:10.073,0.3392,0.33963,0.08,0.02
2011.07.01 15:51:10.440,0.33923,0.33967,0.05,0.08
2011.07.01 15:51:18.385,0.33925,0.33967,0.05,0.03
2011.07.01 15:51:19.456,0.33925,0.33967,0.05,0.03
2011.07.01 15:51:20.004,0.33933,0.33969,0.05,0.04
2011.07.01 15:51:20.734,0.3393,0.33967,0.05,0.02
2011.07.01 15:51:21.063,0.33933,0.33976,0.05,0.02
2011.07.01 15:51:23.334,0.3393,0.33974,0.08,0.06
2011.07.01 15:51:26.382,0.3393,0.33972,0.05,0.03
2011.07.01 15:51:28.534,0.33924,0.33967,0.05,0.02
2011.07.01 15:51:29.274,0.33924,0.33966,0.05,0.03
2011.07.01 15:51:32.054,0.33921,0.33963,0.05,0.05
2011.07.01 15:51:32.384,0.33915,0.33957,0.05,0.08
2011.07.01 15:51:32.714,0.33913,0.33957,0.05,0.08
2011.07.01 15:51:32.935,0.33909,0.33948,0.05,0.02
2011.07.01 15:51:33.374,0.33913,0.33955,0.05,0.02
2011.07.01 15:51:44.829,0.33913,0.33957,0.05,0.06
2011.07.01 15:51:45.507,0.33913,0.33957,0.05,0.08
2011.07.01 15:51:48.403,0.33909,0.33953,0.05,0.06
2011.07.01 15:51:48.623,0.33912,0.33956,0.05,0.03
2011.07.01 15:51:50.874,0.33912,0.33956,0.05,0.03
2011.07.01 15:51:51.095,0.33907,0.33951,0.05,0.02
2011.07.01 15:51:51.944,0.33907,0.33947,0.05,0.02
2011.07.01 15:51:52.164,0.33907,0.33947,0.05,0.03
2011.07.01 15:51:52.384,0.33904,0.33946,0.03,0.04
2011.07.01 15:51:53.336,0.33904,0.33946,0.03,0.02
2011.07.01 15:51:53.664,0.33904,0.33946,0.03,0.03
2011.07.01 15:51:54.574,0.33903,0.33946,0.06,0.03
2011.07.01 15:51:59.975,0.33903,0.33947,0.06,0.06
2011.07.01 15:52:00.304,0.33913,0.3395,0.05,0.04
2011.07.01 15:52:01.914,0.33913,0.33957,0.05,0.06
2011.07.01 15:52:02.514,0.33909,0.33955,0.05,0.04
2011.07.01 15:52:02.735,0.33909,0.33953,0.05,0.03
2011.07.01 15:52:03.257,0.33907,0.33952,0.05,0.02
2011.07.01 15:52:06.236,0.33907,0.33952,0.06,0.02
2011.07.01 15:52:06.564,0.33914,0.33957,0.05,0.02
2011.07.01 15:52:06.682,0.33914,0.33957,0.05,0.03
2011.07.01 15:52:09.850,0.33914,0.33957,0.05,0.02
2011.07.01 15:52:11.024,0.33909,0.33955,0.05,0.05
2011.07.01 15:52:11.244,0.33907,0.3395,0.05,0.02
2011.07.01 15:52:11.595,0.33904,0.33946,0.03,0.02
2011.07.01 15:52:11.815,0.33904,0.33946,0.03,0.03
2011.07.01 15:52:13.604,0.33905,0.33946,0.05,0.03
2011.07.01 15:52:14.244,0.33903,0.33947,0.06,0.10
2011.07.01 15:52:15.015,0.33903,0.33944,0.03,0.02
2011.07.01 15:52:27.185,0.33899,0.33937,0.05,0.02
2011.07.01 15:52:27.514,0.33888,0.33931,0.05,0.02
2011.07.01 15:52:35.195,0.33885,0.33925,0.04,0.02
2011.07.01 15:52:35.635,0.33882,0.33923,0.05,0.02
2011.07.01 15:52:36.330,0.33878,0.33921,0.05,0.02
2011.07.01 15:52:38.524,0.3388,0.33923,0.05,0.02
2011.07.01 15:52:38.965,0.33891,0.33923,0.04,0.02
2011.07.01 15:52:39.075,0.33893,0.33935,0.05,0.02
2011.07.01 15:52:39.611,0.33895,0.33936,0.05,0.03
2011.07.01 15:52:40.744,0.33903,0.33938,0.04,0.02
2011.07.01 15:52:40.963,0.33903,0.3394,0.05,0.05
2011.07.01 15:52:41.304,0.33908,0.33946,0.04,0.02
2011.07.01 15:52:41.634,0.33908,0.33952,0.05,0.06
2011.07.01 15:52:43.415,0.33901,0.33945,0.05,0.02
2011.07.01 15:52:44.644,0.33898,0.33942,0.05,0.04
2011.07.01 15:52:44.974,0.33894,0.33936,0.05,0.02
2011.07.01 15:52:45.765,0.33888,0.33931,0.05,0.02
2011.07.01 15:52:49.205,0.33888,0.33933,0.05,0.02
2011.07.01 15:52:52.225,0.33893,0.33936,0.05,0.05
2011.07.01 15:52:53.997,0.33893,0.33933,0.05,0.02
2011.07.01 15:52:54.324,0.33892,0.33936,0.05,0.03
2011.07.01 15:52:54.735,0.33891,0.33933,0.04,0.03
2011.07.01 15:52:55.185,0.33891,0.33927,0.04,0.03
2011.07.01 15:52:55.682,0.33888,0.33927,0.05,0.02
2011.07.01 15:52:55.894,0.33884,0.33928,0.06,0.02
2011.07.01 15:52:57.804,0.33888,0.3393,0.05,0.04
2011.07.01 15:53:04.356,0.33888,0.33932,0.05,0.04
2011.07.01 15:53:04.574,0.33892,0.33936,0.05,0.02
2011.07.01 15:53:04.794,0.33894,0.33938,0.05,0.02
2011.07.01 15:53:05.234,0.33902,0.33946,0.05,0.02
2011.07.01 15:53:09.864,0.339,0.33943,0.08,0.02
2011.07.01 15:53:12.714,0.33899,0.33945,0.05,0.05
2011.07.01 15:53:12.934,0.33899,0.33943,0.05,0.02
2011.07.01 15:53:18.215,0.33909,0.33947,0.04,0.04
2011.07.01 15:53:18.324,0.33909,0.33947,0.05,0.02
2011.07.01 15:53:20.094,0.33907,0.33947,0.05,0.03
2011.07.01 15:53:20.514,0.33904,0.33947,0.05,0.03
2011.07.01 15:53:24.134,0.33904,0.33946,0.05,0.03
2011.07.01 15:53:24.464,0.33901,0.33942,0.05,0.06
2011.07.01 15:53:25.124,0.33901,0.3394,0.05,0.02
2011.07.01 15:53:26.045,0.33895,0.33936,0.05,0.03
2011.07.01 15:53:26.796,0.33893,0.33936,0.05,0.02
2011.07.01 15:53:27.014,0.33892,0.33937,0.05,0.05
2011.07.01 15:53:27.849,0.33894,0.33937,0.05,0.02
2011.07.01 15:53:33.065,0.33892,0.33936,0.05,0.02
2011.07.01 15:53:36.614,0.33892,0.33934,0.05,0.03
2011.07.01 15:53:37.175,0.33882,0.33926,0.06,0.03
2011.07.01 15:53:37.285,0.33882,0.33921,0.05,0.02
2011.07.01 15:53:37.615,0.33883,0.33925,0.05,0.02
2011.07.01 15:53:38.145,0.33881,0.33924,0.05,0.05
2011.07.01 15:53:38.546,0.33881,0.33921,0.05,0.02
2011.07.01 15:53:39.594,0.33874,0.33918,0.06,0.02
2011.07.01 15:53:40.255,0.3388,0.3392,0.05,0.04
2011.07.01 15:53:40.584,0.33883,0.3392,0.05,0.04
2011.07.01 15:53:41.954,0.33883,0.33924,0.05,0.03
2011.07.01 15:53:50.134,0.33875,0.33919,0.05,0.04
2011.07.01 15:53:50.355,0.33879,0.33924,0.05,0.03
2011.07.01 15:53:54.784,0.33878,0.33921,0.05,0.02
2011.07.01 15:54:01.284,0.33883,0.33923,0.05,0.02
2011.07.01 15:54:01.411,0.33883,0.33925,0.05,0.02
2011.07.01 15:54:02.764,0.33881,0.33923,0.05,0.02
2011.07.01 15:54:04.144,0.33878,0.33921,0.05,0.02
2011.07.01 15:54:09.684,0.33872,0.33916,0.05,0.04
2011.07.01 15:54:10.634,0.33872,0.33913,0.05,0.02
2011.07.01 15:54:11.074,0.33873,0.33916,0.05,0.02
2011.07.01 15:54:11.645,0.33872,0.33913,0.04,0.02
2011.07.01 15:54:11.755,0.33866,0.3391,0.05,0.05
2011.07.01 15:54:13.015,0.33867,0.33909,0.05,0.05
2011.07.01 15:54:14.475,0.33867,0.3391,0.05,0.02
2011.07.01 15:54:15.306,0.33865,0.33906,0.05,0.02
2011.07.01 15:54:15.415,0.33857,0.33901,0.05,0.03
2011.07.01 15:54:17.504,0.33857,0.33903,0.05,0.05
2011.07.01 15:54:17.955,0.33859,0.33902,0.05,0.02
2011.07.01 15:54:18.300,0.33863,0.33906,0.05,0.03
2011.07.01 15:54:18.825,0.33863,0.33907,0.06,0.04
2011.07.01 15:54:19.044,0.33869,0.33915,0.05,0.05
2011.07.01 15:54:19.264,0.3387,0.33913,0.05,0.02
2011.07.01 15:54:19.484,0.33873,0.33916,0.05,0.04
2011.07.01 15:54:20.275,0.3387,0.33914,0.05,0.02
2011.07.01 15:54:22.696,0.33867,0.33911,0.05,0.02
2011.07.01 15:54:23.025,0.33867,0.33913,0.05,0.06
2011.07.01 15:54:24.665,0.33875,0.33915,0.05,0.02
2011.07.01 15:54:25.044,0.3388,0.33915,0.04,0.02
2011.07.01 15:54:25.154,0.3388,0.33923,0.05,0.02
2011.07.01 15:54:25.788,0.3388,0.33924,0.05,0.06
2011.07.01 15:54:32.834,0.33883,0.33926,0.05,0.02
2011.07.01 15:54:33.724,0.33881,0.33922,0.05,0.03
2011.07.01 15:54:33.834,0.33881,0.33922,0.05,0.03
2011.07.01 15:54:34.505,0.33876,0.33916,0.04,0.03
2011.07.01 15:54:34.606,0.33872,0.33916,0.05,0.04
2011.07.01 15:54:39.996,0.33882,0.33925,0.05,0.02
2011.07.01 15:54:40.451,0.33888,0.33927,0.05,0.02
2011.07.01 15:54:40.774,0.33892,0.33936,0.05,0.04
2011.07.01 15:54:41.886,0.33892,0.33936,0.05,0.03
2011.07.01 15:54:42.214,0.339,0.33944,0.05,0.07
2011.07.01 15:54:42.544,0.33897,0.33941,0.05,0.02
2011.07.01 15:54:44.986,0.33902,0.33942,0.05,0.02
2011.07.01 15:54:45.588,0.33902,0.33946,0.05,0.02
2011.07.01 15:54:46.245,0.339,0.33936,0.05,0.06
2011.07.01 15:54:46.465,0.33893,0.33933,0.05,0.02
2011.07.01 15:54:47.285,0.33889,0.33933,0.05,0.02
2011.07.01 15:54:50.494,0.33892,0.33933,0.05,0.02
2011.07.01 15:54:50.714,0.33892,0.33936,0.05,0.02
2011.07.01 15:54:51.506,0.33893,0.33936,0.05,0.02
2011.07.01 15:54:51.835,0.33893,0.33937,0.05,0.02
2011.07.01 15:54:52.164,0.33905,0.33946,0.05,0.04
2011.07.01 15:54:52.514,0.33904,0.33946,0.03,0.02
2011.07.01 15:54:52.626,0.33902,0.33947,0.05,0.05
2011.07.01 15:54:53.086,0.339,0.33943,0.05,0.05
2011.07.01 15:54:54.835,0.33892,0.33937,0.05,0.05
2011.07.01 15:55:00.025,0.33903,0.33938,0.05,0.02
2011.07.01 15:55:00.245,0.339,0.33939,0.05,0.04
2011.07.01 15:55:00.816,0.339,0.33944,0.05,0.04
2011.07.01 15:55:02.324,0.33903,0.33946,0.05,0.04
2011.07.01 15:55:02.544,0.33903,0.33946,0.05,0.04
2011.07.01 15:55:02.764,0.33904,0.33946,0.05,0.03
2011.07.01 15:55:02.984,0.33903,0.33946,0.05,0.04
2011.07.01 15:55:03.345,0.33908,0.33946,0.05,0.03
2011.07.01 15:55:03.707,0.33909,0.33946,0.05,0.03
2011.07.01 15:55:03.924,0.33908,0.33947,0.05,0.02
2011.07.01 15:55:05.496,0.33909,0.33947,0.05,0.03
2011.07.01 15:55:06.258,0.33905,0.33947,0.05,0.03
2011.07.01 15:55:07.026,0.33902,0.33946,0.05,0.03
2011.07.01 15:55:07.244,0.33902,0.33946,0.05,0.04
2011.07.01 15:55:08.815,0.33904,0.33947,0.05,0.02
2011.07.01 15:55:12.765,0.33902,0.33947,0.05,0.04
2011.07.01 15:55:13.655,0.33908,0.33947,0.05,0.04
2011.07.01 15:55:13.876,0.33909,0.33947,0.05,0.03
2011.07.01 15:55:14.895,0.33914,0.33956,0.05,0.02
2011.07.01 15:55:17.674,0.33918,0.33957,0.05,0.03
2011.07.01 15:55:18.214,0.33913,0.33957,0.05,0.03
2011.07.01 15:55:19.855,0.33913,0.33957,0.05,0.04
2011.07.01 15:55:25.465,0.33913,0.33953,0.04,0.02
2011.07.01 15:55:25.685,0.33905,0.33947,0.05,0.05
2011.07.01 15:55:26.705,0.339,0.33944,0.05,0.05
2011.07.01 15:55:27.935,0.33895,0.33936,0.05,0.03
2011.07.01 15:55:28.154,0.33895,0.33936,0.05,0.03
2011.07.01 15:55:30.395,0.3389,0.33934,0.05,0.05
2011.07.01 15:55:30.614,0.33887,0.33931,0.05,0.02
2011.07.01 15:55:32.415,0.33885,0.33928,0.05,0.02
2011.07.01 15:55:32.865,0.33883,0.33926,0.06,0.03
2011.07.01 15:55:32.975,0.33889,0.33926,0.04,0.02
2011.07.01 15:55:33.085,0.33889,0.3393,0.05,0.04
2011.07.01 15:55:34.814,0.33889,0.33935,0.05,0.05
2011.07.01 15:55:34.924,0.33895,0.33937,0.04,0.03
2011.07.01 15:55:35.255,0.33895,0.33939,0.05,0.08
2011.07.01 15:55:35.705,0.33894,0.3394,0.05,0.06
2011.07.01 15:55:36.144,0.33898,0.33942,0.04,0.05
2011.07.01 15:55:36.366,0.33898,0.3394,0.05,0.02
2011.07.01 15:55:36.694,0.33895,0.33937,0.05,0.03
2011.07.01 15:55:36.804,0.33895,0.33937,0.05,0.03
2011.07.01 15:55:37.366,0.33895,0.33937,0.05,0.04
2011.07.01 15:55:37.586,0.33893,0.33937,0.05,0.06
2011.07.01 15:55:37.804,0.33892,0.33937,0.05,0.03
2011.07.01 15:55:38.354,0.33893,0.33937,0.05,0.06
2011.07.01 15:55:38.915,0.33894,0.33937,0.05,0.04
2011.07.01 15:55:39.134,0.33894,0.33937,0.05,0.03
2011.07.01 15:55:39.493,0.33893,0.33937,0.05,0.08
2011.07.01 15:55:39.605,0.33894,0.33937,0.05,0.03
2011.07.01 15:55:40.144,0.33894,0.33936,0.05,0.03
2011.07.01 15:55:40.254,0.33893,0.33937,0.05,0.08
2011.07.01 15:55:40.584,0.33893,0.33935,0.05,0.03
2011.07.01 15:55:41.025,0.33895,0.33926,0.04,0.02
2011.07.01 15:55:41.135,0.33892,0.33929,0.04,0.02
2011.07.01 15:55:41.244,0.33892,0.33933,0.04,0.03
2011.07.01 15:55:41.354,0.33895,0.33933,0.04,0.02
2011.07.01 15:55:42.074,0.33892,0.33933,0.04,0.03
2011.07.01 15:55:42.243,0.33885,0.33931,0.05,0.05
2011.07.01 15:55:43.146,0.33887,0.33931,0.05,0.02
2011.07.01 15:55:45.655,0.33887,0.33933,0.05,0.06
2011.07.01 15:55:47.844,0.33893,0.33933,0.04,0.02
2011.07.01 15:55:47.962,0.33893,0.33937,0.05,0.03
2011.07.01 15:55:48.324,0.33894,0.33939,0.03,0.08
2011.07.01 15:55:49.036,0.33898,0.33937,0.05,0.02
2011.07.01 15:55:49.366,0.33894,0.3394,0.06,0.04
2011.07.01 15:56:02.924,0.33894,0.33938,0.06,0.02
2011.07.01 15:56:05.925,0.3389,0.33932,0.05,0.02
2011.07.01 15:56:06.034,0.33888,0.33932,0.05,0.06
2011.07.01 15:56:06.585,0.33885,0.33929,0.05,0.03
2011.07.01 15:56:07.025,0.33884,0.33926,0.05,0.02
2011.07.01 15:56:09.174,0.33882,0.33923,0.05,0.02
2011.07.01 15:56:26.560,0.3388,0.33924,0.05,0.05
2011.07.01 15:56:26.775,0.33885,0.33929,0.05,0.08
2011.07.01 15:56:27.236,0.33893,0.33929,0.05,0.04
2011.07.01 15:56:27.677,0.33893,0.33929,0.05,0.04
2011.07.01 15:56:29.495,0.33892,0.33936,0.05,0.02
2011.07.01 15:56:36.956,0.33891,0.33931,0.04,0.03
2011.07.01 15:56:37.590,0.33888,0.33931,0.05,0.03
2011.07.01 15:56:38.145,0.3389,0.33932,0.05,0.02
2011.07.01 15:56:43.084,0.33895,0.33932,0.04,0.02
2011.07.01 15:56:43.196,0.3389,0.33934,0.05,0.04
2011.07.01 15:56:43.764,0.33894,0.33936,0.05,0.02
2011.07.01 15:56:44.475,0.33897,0.33937,0.05,0.03
2011.07.01 15:56:49.375,0.33888,0.33931,0.05,0.02
2011.07.01 15:56:52.585,0.33884,0.33926,0.05,0.02
2011.07.01 15:56:53.545,0.33878,0.33917,0.05,0.03
2011.07.01 15:56:56.076,0.33875,0.33916,0.05,0.03
2011.07.01 15:56:56.567,0.33873,0.33916,0.05,0.04
2011.07.01 15:57:00.307,0.33873,0.33917,0.05,0.04
2011.07.01 15:57:01.096,0.33872,0.33916,0.05,0.04
2011.07.01 15:57:17.646,0.33878,0.33916,0.04,0.04
2011.07.01 15:57:17.975,0.33875,0.33917,0.05,0.02
2011.07.01 15:57:18.506,0.33877,0.33919,0.05,0.02
2011.07.01 15:57:19.078,0.33877,0.3392,0.05,0.02
2011.07.01 15:57:19.315,0.33883,0.3392,0.04,0.02
2011.07.01 15:57:19.425,0.33883,0.33926,0.05,0.04
2011.07.01 15:57:19.904,0.33888,0.33926,0.04,0.02
2011.07.01 15:57:20.015,0.33888,0.33931,0.05,0.02
2011.07.01 15:57:20.235,0.33898,0.33936,0.05,0.02
2011.07.01 15:57:20.745,0.33895,0.33936,0.05,0.03
2011.07.01 15:57:21.685,0.33895,0.33936,0.05,0.03
2011.07.01 15:57:22.014,0.33893,0.33936,0.05,0.04
2011.07.01 15:57:27.085,0.33893,0.33936,0.05,0.02
2011.07.01 15:57:27.414,0.33893,0.33936,0.05,0.04
2011.07.01 15:57:28.673,0.33893,0.33937,0.05,0.06
2011.07.01 15:57:29.074,0.33893,0.33937,0.05,0.06
2011.07.01 15:57:29.190,0.33899,0.33939,0.05,0.05
2011.07.01 15:57:30.753,0.33894,0.33939,0.06,0.02
2011.07.01 15:57:31.090,0.33898,0.33941,0.05,0.02
2011.07.01 15:57:32.324,0.33894,0.33939,0.05,0.03
2011.07.01 15:57:33.705,0.33895,0.33939,0.05,0.05
2011.07.01 15:57:33.924,0.33895,0.33939,0.05,0.05
2011.07.01 15:57:34.945,0.33893,0.33936,0.05,0.02
2011.07.01 15:57:37.281,0.33893,0.33936,0.05,0.04
2011.07.01 15:57:37.505,0.3389,0.33934,0.08,0.06
2011.07.01 15:57:37.834,0.33885,0.33928,0.05,0.02
2011.07.01 15:57:41.205,0.33887,0.33929,0.05,0.04
2011.07.01 15:57:41.425,0.33893,0.33936,0.05,0.03
2011.07.01 15:57:44.115,0.33891,0.3393,0.04,0.05
2011.07.01 15:57:44.262,0.33889,0.33929,0.05,0.02
2011.07.01 15:57:44.765,0.33884,0.33927,0.05,0.02
2011.07.01 15:57:44.985,0.33884,0.33926,0.05,0.03
2011.07.01 15:57:45.587,0.33883,0.33926,0.05,0.04
2011.07.01 15:57:48.856,0.33884,0.33928,0.05,0.02
2011.07.01 15:57:49.076,0.33893,0.33934,0.05,0.03
2011.07.01 15:57:49.295,0.33893,0.33935,0.05,0.02
2011.07.01 15:57:53.825,0.3389,0.33935,0.05,0.06
2011.07.01 15:57:55.195,0.33893,0.33935,0.05,0.02
2011.07.01 15:57:55.886,0.33893,0.33937,0.05,0.08
2011.07.01 15:57:56.448,0.33893,0.33936,0.05,0.02
2011.07.01 15:58:00.165,0.33895,0.33937,0.05,0.02
2011.07.01 15:58:01.595,0.33893,0.33936,0.05,0.04
2011.07.01 15:58:01.815,0.33895,0.33936,0.05,0.03
2011.07.01 15:58:03.796,0.33895,0.33937,0.05,0.02
2011.07.01 15:58:04.347,0.33897,0.3394,0.05,0.05
2011.07.01 15:58:04.926,0.33899,0.33943,0.05,0.06
2011.07.01 15:58:05.147,0.33903,0.33946,0.05,0.04
2011.07.01 15:58:06.196,0.33903,0.33945,0.05,0.03
2011.07.01 15:58:06.525,0.33902,0.33947,0.05,0.04
2011.07.01 15:58:07.225,0.33905,0.33947,0.05,0.02
2011.07.01 15:58:07.445,0.33902,0.33947,0.05,0.04
2011.07.01 15:58:12.766,0.339,0.33943,0.08,0.02
2011.07.01 15:58:14.995,0.33903,0.33946,0.05,0.05
2011.07.01 15:58:15.966,0.33901,0.33943,0.05,0.02
2011.07.01 15:58:17.745,0.33898,0.33936,0.05,0.02
2011.07.01 15:58:19.855,0.339,0.33936,0.05,0.02
2011.07.01 15:58:20.166,0.33897,0.33941,0.05,0.02
2011.07.01 15:58:20.486,0.33898,0.33943,0.05,0.02
2011.07.01 15:58:21.545,0.33898,0.33944,0.05,0.05
2011.07.01 15:58:24.216,0.33904,0.33947,0.05,0.03
2011.07.01 15:58:26.165,0.33904,0.33946,0.05,0.02
2011.07.01 15:58:26.494,0.33904,0.33947,0.05,0.03
2011.07.01 15:58:26.999,0.33904,0.33947,0.05,0.02
2011.07.01 15:58:28.756,0.33902,0.33946,0.05,0.03
2011.07.01 15:58:28.913,0.33902,0.33945,0.05,0.02
2011.07.01 15:58:30.596,0.33905,0.33946,0.05,0.02
2011.07.01 15:58:35.915,0.339,0.33944,0.05,0.05
2011.07.01 15:58:36.135,0.33898,0.33944,0.05,0.06
2011.07.01 15:58:37.837,0.33898,0.33941,0.05,0.02
2011.07.01 15:58:39.956,0.33895,0.33936,0.05,0.03
2011.07.01 15:58:40.177,0.33892,0.33936,0.05,0.03
2011.07.01 15:58:41.605,0.3389,0.33934,0.05,0.02
2011.07.01 15:58:41.825,0.33888,0.33932,0.05,0.06
2011.07.01 15:58:42.546,0.33888,0.33931,0.05,0.02
2011.07.01 15:58:57.718,0.33899,0.33931,0.04,0.02
2011.07.01 15:58:57.935,0.33892,0.3393,0.04,0.02
2011.07.01 15:58:58.415,0.33887,0.33929,0.04,0.02
2011.07.01 15:58:58.673,0.33882,0.33926,0.05,0.03
2011.07.01 15:59:02.067,0.33885,0.33926,0.05,0.02
2011.07.01 15:59:02.549,0.33885,0.33926,0.05,0.03
2011.07.01 15:59:03.835,0.33894,0.33934,0.04,0.03
2011.07.01 15:59:04.055,0.33898,0.33939,0.05,0.05
2011.07.01 15:59:05.169,0.33888,0.33928,0.05,0.02
2011.07.01 15:59:05.278,0.33888,0.33928,0.05,0.02
2011.07.01 15:59:06.166,0.33885,0.33928,0.05,0.02
2011.07.01 15:59:06.365,0.33885,0.33929,0.05,0.05
2011.07.01 15:59:06.585,0.33888,0.33929,0.04,0.03
2011.07.01 15:59:07.060,0.33882,0.33927,0.05,0.03
2011.07.01 15:59:09.295,0.33883,0.33928,0.05,0.02
2011.07.01 15:59:13.426,0.33882,0.33926,0.05,0.02
2011.07.01 15:59:18.125,0.33883,0.33929,0.05,0.07
2011.07.01 15:59:18.806,0.33885,0.33928,0.05,0.02
2011.07.01 15:59:19.025,0.33893,0.33929,0.05,0.04
2011.07.01 15:59:22.056,0.33897,0.33936,0.05,0.03
2011.07.01 15:59:23.725,0.33894,0.33936,0.05,0.03
2011.07.01 15:59:28.245,0.33897,0.33937,0.05,0.02
2011.07.01 15:59:30.006,0.33898,0.33937,0.05,0.03
2011.07.01 15:59:30.225,0.33898,0.33937,0.05,0.02
2011.07.01 15:59:33.526,0.33895,0.33937,0.05,0.03
2011.07.01 15:59:37.495,0.33893,0.33937,0.05,0.08
2011.07.01 15:59:43.966,0.33893,0.33937,0.05,0.02
2011.07.01 15:59:45.965,0.33892,0.33937,0.05,0.04
2011.07.01 15:59:46.425,0.33893,0.33937,0.05,0.03
2011.07.01 15:59:50.285,0.339,0.33937,0.04,0.02
2011.07.01 15:59:50.396,0.339,0.33936,0.05,0.03
2011.07.01 15:59:50.615,0.33897,0.33936,0.05,0.02
2011.07.01 15:59:56.945,0.33894,0.33936,0.05,0.02
2011.07.01 15:59:57.274,0.33899,0.33937,0.05,0.02
2011.07.01 15:59:58.626,0.33897,0.33936,0.05,0.03
2011.07.01 15:59:58.846,0.33897,0.33936,0.05,0.02
2011.07.01 15:59:59.296,0.33897,0.33936,0.05,0.02
2011.07.01 15:59:59.956,0.339,0.33936,0.05,0.02
