2012.12.03 15:00:00.272,0.33726,0.33766,0.02,0.02
2012.12.03 15:00:00.573,0.33723,0.33764,0.03,0.02
2012.12.03 15:00:00.832,0.33721,0.33762,0.02,0.02
2012.12.03 15:00:01.201,0.33716,0.33757,0.03,0.02
2012.12.03 15:00:01.822,0.3372,0.3376,0.02,0.02
2012.12.03 15:00:02.361,0.33715,0.3376,0.03,0.02
2012.12.03 15:00:02.811,0.33722,0.33763,0.02,0.02
2012.12.03 15:00:03.321,0.33728,0.33758,0.02,0.02
2012.12.03 15:00:03.672,0.33726,0.33765,0.03,0.05
2012.12.03 15:00:04.031,0.33724,0.33765,0.03,0.03
2012.12.03 15:00:04.151,0.33722,0.3376,0.03,0.06
2012.12.03 15:00:04.229,0.33726,0.33762,0.02,0.08
2012.12.03 15:00:04.352,0.33726,0.33764,0.03,0.02
2012.12.03 15:00:04.873,0.33725,0.33755,0.02,0.02
2012.12.03 15:00:05.916,0.33723,0.33754,0.04,0.03
2012.12.03 15:00:06.812,0.33718,0.33752,0.02,0.03
2012.12.03 15:00:07.331,0.33723,0.33754,0.02,0.03
2012.12.03 15:00:07.555,0.33721,0.33752,0.02,0.03
2012.12.03 15:00:08.481,0.33721,0.33759,0.03,0.02
2012.12.03 15:00:09.039,0.33718,0.3375,0.04,0.03
2012.12.03 15:00:10.302,0.33711,0.33751,0.03,0.07
2012.12.03 15:00:10.422,0.33719,0.33755,0.02,0.06
2012.12.03 15:00:10.483,0.33719,0.33751,0.03,0.02
2012.12.03 15:00:10.594,0.33719,0.33755,0.03,0.06
2012.12.03 15:00:11.101,0.33726,0.33757,0.03,0.03
2012.12.03 15:00:11.727,0.33726,0.33762,0.03,0.05
2012.12.03 15:00:12.300,0.33723,0.33763,0.03,0.03
2012.12.03 15:00:12.951,0.33721,0.33751,0.04,0.02
2012.12.03 15:00:13.945,0.33722,0.33764,0.03,0.06
2012.12.03 15:00:15.252,0.3372,0.33751,0.04,0.02
2012.12.03 15:00:15.881,0.33726,0.33759,0.03,0.02
2012.12.03 15:00:16.192,0.3373,0.3377,0.05,0.02
2012.12.03 15:00:17.461,0.33725,0.33757,0.03,0.04
2012.12.03 15:00:18.452,0.33725,0.33757,0.03,0.03
2012.12.03 15:00:19.222,0.33726,0.33756,0.02,0.02
2012.12.03 15:00:19.361,0.33729,0.33765,0.03,0.07
2012.12.03 15:00:19.563,0.33729,0.33767,0.03,0.02
2012.12.03 15:00:20.308,0.33725,0.33757,0.02,0.02
2012.12.03 15:00:20.702,0.3372,0.33752,0.04,0.03
2012.12.03 15:00:21.261,0.33724,0.33755,0.04,0.02
2012.12.03 15:00:21.581,0.3373,0.33769,0.03,0.02
2012.12.03 15:00:22.375,0.33728,0.33766,0.03,0.04
2012.12.03 15:00:22.891,0.33722,0.33757,0.03,0.02
2012.12.03 15:00:22.953,0.33726,0.33758,0.03,0.03
2012.12.03 15:00:24.421,0.33729,0.3376,0.02,0.02
2012.12.03 15:00:25.037,0.3373,0.33771,0.04,0.03
2012.12.03 15:00:25.573,0.33731,0.33768,0.03,0.02
2012.12.03 15:00:25.691,0.33731,0.33772,0.03,0.02
2012.12.03 15:00:27.252,0.33729,0.33768,0.03,0.02
2012.12.03 15:00:28.069,0.33725,0.33757,0.03,0.02
2012.12.03 15:00:28.581,0.3373,0.33769,0.03,0.02
2012.12.03 15:00:29.393,0.33729,0.33761,0.02,0.02
2012.12.03 15:00:29.452,0.33732,0.33773,0.02,0.02
2012.12.03 15:00:29.613,0.33729,0.33761,0.03,0.03
2012.12.03 15:00:30.221,0.33731,0.33771,0.03,0.03
2012.12.03 15:00:30.422,0.33734,0.33773,0.03,0.02
2012.12.03 15:00:31.042,0.33728,0.33761,0.05,0.02
2012.12.03 15:00:31.102,0.33733,0.33771,0.03,0.05
2012.12.03 15:00:31.862,0.33734,0.33764,0.02,0.02
2012.12.03 15:00:32.074,0.33728,0.3376,0.03,0.03
2012.12.03 15:00:32.638,0.33725,0.33758,0.03,0.02
2012.12.03 15:00:33.161,0.33722,0.33756,0.03,0.03
2012.12.03 15:00:33.541,0.33733,0.33773,0.03,0.05
2012.12.03 15:00:33.743,0.33725,0.33766,0.03,0.07
2012.12.03 15:00:33.861,0.33722,0.33763,0.05,0.03
2012.12.03 15:00:33.981,0.33723,0.33765,0.03,0.02
2012.12.03 15:00:34.382,0.33721,0.33761,0.03,0.03
2012.12.03 15:00:35.041,0.3372,0.33754,0.03,0.02
2012.12.03 15:00:35.234,0.33723,0.33764,0.04,0.02
2012.12.03 15:00:36.312,0.33726,0.33766,0.03,0.02
2012.12.03 15:00:36.371,0.33724,0.33757,0.02,0.02
2012.12.03 15:00:36.821,0.33721,0.33753,0.03,0.03
2012.12.03 15:00:37.322,0.33727,0.33767,0.03,0.02
2012.12.03 15:00:37.448,0.33724,0.33755,0.04,0.02
2012.12.03 15:00:37.712,0.33727,0.33757,0.04,0.02
2012.12.03 15:00:38.082,0.33734,0.3377,0.03,0.03
2012.12.03 15:00:38.599,0.33727,0.3376,0.03,0.02
2012.12.03 15:00:39.581,0.33731,0.33762,0.02,0.02
2012.12.03 15:00:40.171,0.33724,0.33757,0.03,0.03
2012.12.03 15:00:40.872,0.33727,0.33759,0.03,0.03
2012.12.03 15:00:41.411,0.33733,0.33771,0.03,0.07
2012.12.03 15:00:41.751,0.33733,0.33764,0.03,0.03
2012.12.03 15:00:42.287,0.33729,0.33761,0.03,0.02
2012.12.03 15:00:42.741,0.33734,0.33774,0.03,0.02
2012.12.03 15:00:43.192,0.33734,0.33764,0.02,0.02
2012.12.03 15:00:43.431,0.3374,0.33778,0.03,0.03
2012.12.03 15:00:43.932,0.3374,0.33782,0.05,0.03
2012.12.03 15:00:47.951,0.33743,0.33775,0.03,0.02
2012.12.03 15:00:48.672,0.33747,0.33785,0.03,0.08
2012.12.03 15:00:48.731,0.33744,0.33774,0.04,0.02
2012.12.03 15:00:50.602,0.33744,0.33775,0.02,0.03
2012.12.03 15:00:50.661,0.33747,0.33786,0.03,0.02
2012.12.03 15:00:51.311,0.33747,0.33787,0.04,0.02
2012.12.03 15:00:51.373,0.33744,0.33778,0.05,0.02
2012.12.03 15:00:51.972,0.33759,0.33799,0.03,0.02
2012.12.03 15:00:52.032,0.33759,0.33799,0.03,0.02
2012.12.03 15:00:52.092,0.33765,0.33795,0.02,0.02
2012.12.03 15:00:52.212,0.33773,0.33809,0.03,0.02
2012.12.03 15:00:52.559,0.33771,0.33801,0.02,0.02
2012.12.03 15:00:52.621,0.33768,0.33799,0.03,0.02
2012.12.03 15:00:52.681,0.33775,0.33813,0.04,0.04
2012.12.03 15:00:53.426,0.33775,0.33813,0.03,0.03
2012.12.03 15:00:53.491,0.33773,0.33805,0.02,0.02
2012.12.03 15:00:53.921,0.3377,0.33802,0.02,0.02
2012.12.03 15:00:54.301,0.33771,0.33811,0.04,0.02
2012.12.03 15:00:54.521,0.33771,0.33809,0.03,0.03
2012.12.03 15:00:54.751,0.33767,0.33808,0.03,0.02
2012.12.03 15:00:54.871,0.33771,0.33811,0.03,0.03
2012.12.03 15:00:55.091,0.33771,0.33807,0.03,0.06
2012.12.03 15:00:55.641,0.33767,0.33808,0.03,0.03
2012.12.03 15:00:55.782,0.33767,0.33798,0.03,0.02
2012.12.03 15:00:55.901,0.3377,0.33808,0.03,0.06
2012.12.03 15:00:56.372,0.33771,0.33803,0.03,0.02
2012.12.03 15:00:56.432,0.33776,0.33811,0.03,0.03
2012.12.03 15:00:56.791,0.3377,0.33801,0.02,0.02
2012.12.03 15:00:56.971,0.33771,0.33811,0.02,0.02
2012.12.03 15:00:57.212,0.33766,0.33797,0.02,0.03
2012.12.03 15:00:57.572,0.3376,0.33792,0.03,0.03
2012.12.03 15:00:57.701,0.33763,0.33804,0.02,0.04
2012.12.03 15:00:57.912,0.33758,0.33788,0.02,0.02
2012.12.03 15:00:58.113,0.3376,0.33798,0.03,0.07
2012.12.03 15:00:58.172,0.33761,0.33791,0.03,0.02
2012.12.03 15:00:58.471,0.33764,0.33802,0.03,0.02
2012.12.03 15:00:58.979,0.33763,0.33795,0.02,0.02
2012.12.03 15:00:59.483,0.33765,0.33805,0.03,0.02
2012.12.03 15:00:59.756,0.33768,0.33801,0.02,0.02
2012.12.03 15:01:00.281,0.33765,0.33797,0.02,0.03
2012.12.03 15:01:00.925,0.33765,0.33806,0.03,0.03
2012.12.03 15:01:01.012,0.3377,0.33802,0.02,0.02
2012.12.03 15:01:01.355,0.33781,0.33815,0.03,0.02
2012.12.03 15:01:01.631,0.33775,0.33807,0.03,0.04
2012.12.03 15:01:01.751,0.33767,0.33806,0.02,0.02
2012.12.03 15:01:01.850,0.33774,0.33808,0.03,0.02
2012.12.03 15:01:02.132,0.33784,0.3382,0.03,0.07
2012.12.03 15:01:02.652,0.33783,0.33814,0.02,0.03
2012.12.03 15:01:02.921,0.33777,0.33817,0.03,0.02
2012.12.03 15:01:03.651,0.33779,0.3381,0.02,0.03
2012.12.03 15:01:03.783,0.33786,0.33826,0.03,0.02
2012.12.03 15:01:03.901,0.33798,0.33829,0.02,0.02
2012.12.03 15:01:03.961,0.33803,0.33834,0.02,0.05
2012.12.03 15:01:04.081,0.33805,0.33836,0.03,0.02
2012.12.03 15:01:04.262,0.33792,0.33827,0.02,0.03
2012.12.03 15:01:04.564,0.33803,0.33843,0.03,0.03
2012.12.03 15:01:04.681,0.33791,0.33822,0.02,0.03
2012.12.03 15:01:04.741,0.33793,0.33826,0.03,0.02
2012.12.03 15:01:04.891,0.33793,0.33831,0.03,0.07
2012.12.03 15:01:05.071,0.33794,0.33826,0.02,0.02
2012.12.03 15:01:05.212,0.33794,0.33834,0.04,0.02
2012.12.03 15:01:05.383,0.33794,0.33831,0.03,0.02
2012.12.03 15:01:05.611,0.33818,0.3385,0.02,0.02
2012.12.03 15:01:05.731,0.33804,0.33835,0.05,0.02
2012.12.03 15:01:05.851,0.33813,0.33851,0.03,0.02
2012.12.03 15:01:05.972,0.33814,0.33845,0.02,0.03
2012.12.03 15:01:06.035,0.33817,0.33847,0.06,0.02
2012.12.03 15:01:06.091,0.33838,0.33877,0.02,0.02
2012.12.03 15:01:06.151,0.33846,0.33886,0.03,0.02
2012.12.03 15:01:06.272,0.3384,0.33881,0.02,0.03
2012.12.03 15:01:06.392,0.33836,0.33866,0.02,0.02
2012.12.03 15:01:06.511,0.33826,0.33864,0.04,0.03
2012.12.03 15:01:06.917,0.33825,0.33863,0.02,0.05
2012.12.03 15:01:07.059,0.33826,0.33865,0.05,0.06
2012.12.03 15:01:07.266,0.33825,0.33863,0.02,0.04
2012.12.03 15:01:07.511,0.33825,0.33865,0.05,0.04
2012.12.03 15:01:07.642,0.33825,0.33863,0.02,0.05
2012.12.03 15:01:07.848,0.33821,0.33859,0.05,0.02
2012.12.03 15:01:08.274,0.33813,0.33849,0.02,0.03
2012.12.03 15:01:08.515,0.33816,0.33856,0.02,0.02
2012.12.03 15:01:08.956,0.33814,0.33854,0.03,0.02
2012.12.03 15:01:09.033,0.33822,0.33862,0.02,0.02
2012.12.03 15:01:09.292,0.33825,0.33865,0.03,0.07
2012.12.03 15:01:09.423,0.33837,0.33868,0.02,0.03
2012.12.03 15:01:09.543,0.33836,0.33876,0.04,0.02
2012.12.03 15:01:09.857,0.33835,0.33868,0.02,0.03
2012.12.03 15:01:10.212,0.33835,0.33875,0.02,0.05
2012.12.03 15:01:10.392,0.33825,0.33866,0.03,0.03
2012.12.03 15:01:10.583,0.33821,0.33851,0.02,0.02
2012.12.03 15:01:10.963,0.33826,0.33866,0.02,0.02
2012.12.03 15:01:11.401,0.33823,0.33863,0.03,0.02
2012.12.03 15:01:11.731,0.33825,0.33865,0.02,0.02
2012.12.03 15:01:11.792,0.33825,0.33855,0.04,0.02
2012.12.03 15:01:11.851,0.33829,0.33869,0.03,0.02
2012.12.03 15:01:12.391,0.33825,0.33865,0.02,0.02
2012.12.03 15:01:12.511,0.33823,0.33863,0.03,0.07
2012.12.03 15:01:12.809,0.33818,0.33852,0.02,0.03
2012.12.03 15:01:13.161,0.33826,0.33857,0.02,0.02
2012.12.03 15:01:13.221,0.33823,0.33864,0.04,0.06
2012.12.03 15:01:13.281,0.33821,0.33853,0.02,0.03
2012.12.03 15:01:13.403,0.33821,0.33851,0.06,0.02
2012.12.03 15:01:13.667,0.3382,0.33852,0.03,0.02
2012.12.03 15:01:14.102,0.33825,0.33866,0.02,0.02
2012.12.03 15:01:14.371,0.33819,0.3386,0.02,0.03
2012.12.03 15:01:14.872,0.33808,0.33839,0.05,0.02
2012.12.03 15:01:15.111,0.33813,0.33847,0.02,0.02
2012.12.03 15:01:15.171,0.33809,0.33842,0.03,0.02
2012.12.03 15:01:15.292,0.33817,0.33858,0.02,0.07
2012.12.03 15:01:15.682,0.33813,0.33843,0.02,0.02
2012.12.03 15:01:15.891,0.33813,0.33853,0.03,0.05
2012.12.03 15:01:16.295,0.33806,0.33838,0.03,0.02
2012.12.03 15:01:16.361,0.33811,0.33841,0.02,0.02
2012.12.03 15:01:16.422,0.33806,0.33838,0.02,0.03
2012.12.03 15:01:16.736,0.33813,0.33843,0.02,0.02
2012.12.03 15:01:17.042,0.33812,0.33843,0.02,0.03
2012.12.03 15:01:17.101,0.33815,0.33854,0.03,0.02
2012.12.03 15:01:17.281,0.33819,0.33855,0.03,0.03
2012.12.03 15:01:17.401,0.33818,0.33858,0.04,0.02
2012.12.03 15:01:17.702,0.33813,0.33844,0.03,0.03
2012.12.03 15:01:17.761,0.33816,0.33856,0.03,0.02
2012.12.03 15:01:18.081,0.33814,0.33854,0.04,0.02
2012.12.03 15:01:18.201,0.33811,0.33843,0.06,0.02
2012.12.03 15:01:18.261,0.33811,0.33844,0.07,0.03
2012.12.03 15:01:18.322,0.33817,0.33857,0.02,0.04
2012.12.03 15:01:18.631,0.33813,0.33844,0.03,0.02
2012.12.03 15:01:18.692,0.33815,0.33854,0.03,0.02
2012.12.03 15:01:19.266,0.33813,0.33843,0.02,0.02
2012.12.03 15:01:19.582,0.33807,0.33839,0.03,0.03
2012.12.03 15:01:19.702,0.33814,0.33854,0.03,0.03
2012.12.03 15:01:20.203,0.33813,0.33844,0.02,0.02
2012.12.03 15:01:20.801,0.33811,0.33842,0.03,0.02
2012.12.03 15:01:20.861,0.33814,0.33852,0.03,0.03
2012.12.03 15:01:21.101,0.33814,0.33854,0.04,0.03
2012.12.03 15:01:21.901,0.33811,0.33843,0.03,0.03
2012.12.03 15:01:22.021,0.33816,0.33857,0.02,0.03
2012.12.03 15:01:22.342,0.33813,0.33846,0.03,0.03
2012.12.03 15:01:22.461,0.33816,0.33846,0.03,0.02
2012.12.03 15:01:22.522,0.33823,0.33858,0.03,0.02
2012.12.03 15:01:22.723,0.33823,0.3386,0.03,0.02
2012.12.03 15:01:22.845,0.33819,0.33859,0.03,0.02
2012.12.03 15:01:23.217,0.33819,0.33856,0.02,0.04
2012.12.03 15:01:23.669,0.33819,0.33859,0.04,0.03
2012.12.03 15:01:24.283,0.33818,0.3385,0.03,0.02
2012.12.03 15:01:24.342,0.33812,0.33846,0.03,0.03
2012.12.03 15:01:24.681,0.33811,0.33845,0.03,0.02
2012.12.03 15:01:24.741,0.33818,0.33859,0.02,0.03
2012.12.03 15:01:24.862,0.33818,0.33855,0.02,0.02
2012.12.03 15:01:25.352,0.33807,0.3384,0.03,0.02
2012.12.03 15:01:25.412,0.33814,0.33853,0.02,0.02
2012.12.03 15:01:25.652,0.33811,0.33841,0.02,0.02
2012.12.03 15:01:25.892,0.33808,0.3384,0.03,0.03
2012.12.03 15:01:27.481,0.33805,0.33835,0.03,0.02
2012.12.03 15:01:28.027,0.33814,0.33845,0.02,0.04
2012.12.03 15:01:28.709,0.33814,0.33845,0.02,0.02
2012.12.03 15:01:29.290,0.33814,0.33853,0.03,0.02
2012.12.03 15:01:30.791,0.33814,0.33856,0.03,0.03
2012.12.03 15:01:32.441,0.33813,0.33853,0.03,0.02
2012.12.03 15:01:32.992,0.33813,0.33856,0.05,0.06
2012.12.03 15:01:33.052,0.33809,0.33841,0.05,0.03
2012.12.03 15:01:33.171,0.3381,0.33843,0.02,0.03
2012.12.03 15:01:34.052,0.33814,0.33856,0.03,0.02
2012.12.03 15:01:34.781,0.33809,0.33841,0.05,0.03
2012.12.03 15:01:34.961,0.33814,0.33852,0.03,0.02
2012.12.03 15:01:35.481,0.33814,0.33852,0.03,0.04
2012.12.03 15:01:36.548,0.33807,0.33839,0.04,0.02
2012.12.03 15:01:37.263,0.33801,0.33833,0.02,0.02
2012.12.03 15:01:37.382,0.33797,0.33827,0.02,0.02
2012.12.03 15:01:37.621,0.33796,0.33829,0.02,0.03
2012.12.03 15:01:37.703,0.33799,0.33832,0.05,0.03
2012.12.03 15:01:38.181,0.33798,0.3384,0.02,0.05
2012.12.03 15:01:38.964,0.33795,0.33833,0.03,0.05
2012.12.03 15:01:39.031,0.33789,0.3382,0.03,0.03
2012.12.03 15:01:39.091,0.33789,0.3383,0.04,0.03
2012.12.03 15:01:39.211,0.33794,0.33833,0.03,0.03
2012.12.03 15:01:39.271,0.33793,0.33825,0.04,0.02
2012.12.03 15:01:39.451,0.33799,0.33839,0.02,0.06
2012.12.03 15:01:39.511,0.33796,0.33828,0.03,0.02
2012.12.03 15:01:39.741,0.33792,0.33825,0.02,0.03
2012.12.03 15:01:39.861,0.33796,0.33836,0.02,0.02
2012.12.03 15:01:41.152,0.33795,0.33825,0.02,0.03
2012.12.03 15:01:41.281,0.3379,0.33822,0.02,0.03
2012.12.03 15:01:41.341,0.33793,0.33824,0.02,0.02
2012.12.03 15:01:41.811,0.3379,0.33825,0.05,0.03
2012.12.03 15:01:42.201,0.33791,0.33822,0.02,0.03
2012.12.03 15:01:42.511,0.33792,0.33832,0.02,0.06
2012.12.03 15:01:43.131,0.33785,0.33817,0.03,0.03
2012.12.03 15:01:43.401,0.33787,0.33829,0.03,0.06
2012.12.03 15:01:43.761,0.33789,0.33829,0.05,0.02
2012.12.03 15:01:43.942,0.33786,0.33826,0.04,0.02
2012.12.03 15:01:44.552,0.33786,0.33817,0.02,0.03
2012.12.03 15:01:44.731,0.33789,0.33826,0.02,0.02
2012.12.03 15:01:45.279,0.33779,0.33814,0.04,0.02
2012.12.03 15:01:46.382,0.33786,0.33826,0.03,0.02
2012.12.03 15:01:46.521,0.33792,0.33822,0.02,0.02
2012.12.03 15:01:46.642,0.33793,0.33833,0.04,0.02
2012.12.03 15:01:46.701,0.33786,0.3382,0.05,0.03
2012.12.03 15:01:46.921,0.33796,0.33837,0.02,0.02
2012.12.03 15:01:47.351,0.33793,0.33825,0.04,0.02
2012.12.03 15:01:48.432,0.33797,0.33829,0.02,0.07
2012.12.03 15:01:48.792,0.33799,0.33839,0.03,0.07
2012.12.03 15:01:49.831,0.33782,0.33816,0.07,0.02
2012.12.03 15:01:50.651,0.33791,0.33833,0.04,0.02
2012.12.03 15:01:51.640,0.33792,0.33833,0.03,0.02
2012.12.03 15:01:52.522,0.33793,0.33833,0.02,0.02
2012.12.03 15:01:52.701,0.33786,0.33817,0.02,0.02
2012.12.03 15:01:53.082,0.33796,0.33836,0.02,0.02
2012.12.03 15:01:53.551,0.33785,0.33817,0.03,0.03
2012.12.03 15:01:53.731,0.33793,0.33829,0.03,0.07
2012.12.03 15:01:54.271,0.33788,0.33828,0.02,0.03
2012.12.03 15:01:55.564,0.33777,0.33815,0.02,0.03
2012.12.03 15:01:55.622,0.33793,0.33824,0.02,0.03
2012.12.03 15:01:55.682,0.33784,0.33818,0.03,0.02
2012.12.03 15:01:56.251,0.33794,0.33834,0.05,0.03
2012.12.03 15:01:59.260,0.33793,0.33832,0.03,0.03
2012.12.03 15:01:59.871,0.33793,0.33834,0.04,0.07
2012.12.03 15:02:01.811,0.33782,0.33816,0.02,0.02
2012.12.03 15:02:02.051,0.33789,0.33826,0.02,0.06
2012.12.03 15:02:02.231,0.33794,0.33834,0.02,0.02
2012.12.03 15:02:02.788,0.33796,0.33835,0.03,0.03
2012.12.03 15:02:03.656,0.33796,0.33837,0.04,0.03
2012.12.03 15:02:06.862,0.33792,0.33824,0.02,0.02
2012.12.03 15:02:07.172,0.33784,0.33818,0.07,0.02
2012.12.03 15:02:08.051,0.33795,0.33835,0.03,0.02
2012.12.03 15:02:08.641,0.33787,0.33822,0.05,0.03
2012.12.03 15:02:09.181,0.33794,0.33829,0.02,0.05
2012.12.03 15:02:09.943,0.33796,0.33837,0.04,0.03
2012.12.03 15:02:10.501,0.33807,0.33848,0.02,0.04
2012.12.03 15:02:10.562,0.33799,0.33832,0.03,0.04
2012.12.03 15:02:11.911,0.33801,0.33831,0.02,0.02
2012.12.03 15:02:11.971,0.33804,0.33843,0.03,0.03
2012.12.03 15:02:12.581,0.33805,0.33846,0.04,0.03
2012.12.03 15:02:12.882,0.33789,0.33823,0.05,0.02
2012.12.03 15:02:13.281,0.338,0.33831,0.02,0.02
2012.12.03 15:02:13.851,0.338,0.33836,0.04,0.02
2012.12.03 15:02:14.342,0.33789,0.33823,0.02,0.02
2012.12.03 15:02:14.403,0.33788,0.3382,0.03,0.03
2012.12.03 15:02:14.951,0.33797,0.33837,0.02,0.02
2012.12.03 15:02:15.011,0.33789,0.33822,0.03,0.03
2012.12.03 15:02:17.151,0.33788,0.33821,0.02,0.02
2012.12.03 15:02:18.975,0.33794,0.33832,0.03,0.02
2012.12.03 15:02:19.111,0.33796,0.33837,0.04,0.03
2012.12.03 15:02:19.629,0.33786,0.33819,0.05,0.02
2012.12.03 15:02:19.972,0.33794,0.33826,0.02,0.03
2012.12.03 15:02:20.101,0.33796,0.33828,0.03,0.02
2012.12.03 15:02:20.619,0.33787,0.33828,0.03,0.03
2012.12.03 15:02:21.750,0.3379,0.33832,0.03,0.05
2012.12.03 15:02:22.299,0.33779,0.33815,0.07,0.05
2012.12.03 15:02:22.611,0.33783,0.33817,0.03,0.02
2012.12.03 15:02:23.592,0.33781,0.33812,0.03,0.02
2012.12.03 15:02:24.308,0.33789,0.3383,0.03,0.04
2012.12.03 15:02:25.391,0.33786,0.33824,0.03,0.02
2012.12.03 15:02:25.451,0.33781,0.33812,0.03,0.03
2012.12.03 15:02:25.940,0.33786,0.33826,0.05,0.02
2012.12.03 15:02:26.492,0.33786,0.33826,0.03,0.02
2012.12.03 15:02:27.322,0.33785,0.33817,0.04,0.02
2012.12.03 15:02:30.113,0.33777,0.33812,0.03,0.03
2012.12.03 15:02:30.638,0.33793,0.33826,0.03,0.03
2012.12.03 15:02:32.851,0.33786,0.33819,0.04,0.02
2012.12.03 15:02:32.971,0.33796,0.33835,0.03,0.03
2012.12.03 15:02:33.651,0.33796,0.33836,0.04,0.02
2012.12.03 15:02:35.833,0.33793,0.33824,0.04,0.03
2012.12.03 15:02:37.251,0.33789,0.33821,0.04,0.02
2012.12.03 15:02:37.521,0.33794,0.33826,0.04,0.02
2012.12.03 15:02:37.692,0.33794,0.33832,0.03,0.02
2012.12.03 15:02:37.811,0.33785,0.33817,0.03,0.02
2012.12.03 15:02:38.337,0.33784,0.33816,0.02,0.02
2012.12.03 15:02:38.660,0.33793,0.33824,0.02,0.03
2012.12.03 15:02:39.291,0.33781,0.33813,0.03,0.03
2012.12.03 15:02:39.351,0.33788,0.3383,0.03,0.02
2012.12.03 15:02:40.092,0.33783,0.33813,0.02,0.02
2012.12.03 15:02:40.152,0.33785,0.33825,0.03,0.03
2012.12.03 15:02:41.367,0.33776,0.33809,0.03,0.03
2012.12.03 15:02:41.972,0.33788,0.33826,0.03,0.07
2012.12.03 15:02:44.853,0.3378,0.33811,0.02,0.02
2012.12.03 15:02:44.925,0.33775,0.33808,0.03,0.04
2012.12.03 15:02:47.814,0.33774,0.33804,0.02,0.02
2012.12.03 15:02:47.933,0.3377,0.33802,0.03,0.02
2012.12.03 15:02:47.992,0.3377,0.33802,0.03,0.03
2012.12.03 15:02:48.172,0.33779,0.33809,0.02,0.02
2012.12.03 15:02:48.382,0.33779,0.33819,0.03,0.02
2012.12.03 15:02:49.221,0.33766,0.33803,0.03,0.05
2012.12.03 15:02:49.281,0.33775,0.33816,0.03,0.03
2012.12.03 15:02:49.342,0.3377,0.33803,0.04,0.03
2012.12.03 15:02:49.771,0.33778,0.33816,0.03,0.08
2012.12.03 15:02:50.312,0.33783,0.33813,0.02,0.02
2012.12.03 15:02:50.919,0.33784,0.33816,0.02,0.08
2012.12.03 15:02:51.592,0.33779,0.3382,0.03,0.06
2012.12.03 15:02:52.248,0.33773,0.33804,0.02,0.02
2012.12.03 15:02:52.573,0.33768,0.33803,0.03,0.05
2012.12.03 15:02:52.632,0.33775,0.33817,0.04,0.03
2012.12.03 15:02:52.692,0.33769,0.33803,0.03,0.03
2012.12.03 15:02:53.412,0.33779,0.33819,0.03,0.03
2012.12.03 15:02:54.363,0.33778,0.33816,0.03,0.06
2012.12.03 15:02:54.944,0.33778,0.33817,0.03,0.02
2012.12.03 15:02:56.181,0.33783,0.33822,0.03,0.02
2012.12.03 15:02:56.242,0.33775,0.33809,0.03,0.03
2012.12.03 15:02:56.562,0.33774,0.33806,0.02,0.04
2012.12.03 15:02:56.703,0.33779,0.3382,0.03,0.04
2012.12.03 15:02:57.590,0.33781,0.33821,0.03,0.02
2012.12.03 15:02:58.153,0.33781,0.33817,0.02,0.02
2012.12.03 15:02:58.906,0.33779,0.3381,0.02,0.03
2012.12.03 15:02:59.809,0.33771,0.33805,0.02,0.03
2012.12.03 15:03:00.342,0.3378,0.33816,0.02,0.04
2012.12.03 15:03:00.982,0.33782,0.33816,0.02,0.04
2012.12.03 15:03:01.162,0.33781,0.33821,0.03,0.03
2012.12.03 15:03:01.686,0.33771,0.33803,0.02,0.03
2012.12.03 15:03:02.213,0.33778,0.33808,0.02,0.02
2012.12.03 15:03:02.451,0.3377,0.33805,0.02,0.02
2012.12.03 15:03:02.865,0.33776,0.33809,0.04,0.04
2012.12.03 15:03:03.192,0.33783,0.33822,0.03,0.02
2012.12.03 15:03:03.256,0.3378,0.3381,0.02,0.02
2012.12.03 15:03:04.112,0.3377,0.33802,0.03,0.03
2012.12.03 15:03:04.302,0.33777,0.33818,0.02,0.06
2012.12.03 15:03:05.430,0.33769,0.33802,0.03,0.04
2012.12.03 15:03:09.812,0.33766,0.33801,0.03,0.02
2012.12.03 15:03:09.931,0.33764,0.33797,0.03,0.03
2012.12.03 15:03:10.052,0.33764,0.33795,0.03,0.03
2012.12.03 15:03:10.111,0.33773,0.3381,0.03,0.03
2012.12.03 15:03:10.961,0.33771,0.33801,0.02,0.02
2012.12.03 15:03:11.612,0.33763,0.33795,0.03,0.02
2012.12.03 15:03:12.953,0.33776,0.33816,0.02,0.02
2012.12.03 15:03:13.012,0.33768,0.33801,0.03,0.03
2012.12.03 15:03:14.012,0.33767,0.338,0.02,0.02
2012.12.03 15:03:14.120,0.33774,0.33814,0.03,0.03
2012.12.03 15:03:14.461,0.33763,0.33798,0.07,0.02
2012.12.03 15:03:14.559,0.33774,0.33812,0.03,0.02
2012.12.03 15:03:15.278,0.33773,0.33807,0.04,0.02
2012.12.03 15:03:16.882,0.33774,0.33811,0.03,0.03
2012.12.03 15:03:17.302,0.33765,0.33799,0.03,0.03
2012.12.03 15:03:17.481,0.33774,0.33807,0.02,0.03
2012.12.03 15:03:17.662,0.33775,0.33807,0.03,0.03
2012.12.03 15:03:17.722,0.33789,0.33819,0.02,0.02
2012.12.03 15:03:17.782,0.3378,0.33812,0.03,0.02
2012.12.03 15:03:17.841,0.3379,0.33827,0.02,0.04
2012.12.03 15:03:18.031,0.33787,0.33828,0.02,0.03
2012.12.03 15:03:18.812,0.33786,0.33816,0.02,0.02
2012.12.03 15:03:19.372,0.33787,0.33827,0.02,0.02
2012.12.03 15:03:19.901,0.33793,0.33827,0.02,0.02
2012.12.03 15:03:20.082,0.33794,0.3383,0.03,0.03
2012.12.03 15:03:20.179,0.33794,0.33833,0.03,0.02
2012.12.03 15:03:20.962,0.33794,0.33831,0.03,0.07
2012.12.03 15:03:21.049,0.33779,0.33812,0.03,0.02
2012.12.03 15:03:21.586,0.33789,0.3382,0.02,0.03
2012.12.03 15:03:22.158,0.33789,0.33826,0.03,0.02
2012.12.03 15:03:23.402,0.33777,0.33812,0.04,0.04
2012.12.03 15:03:24.572,0.33775,0.33808,0.06,0.02
2012.12.03 15:03:24.874,0.33783,0.33817,0.02,0.02
2012.12.03 15:03:25.051,0.33779,0.3382,0.03,0.02
2012.12.03 15:03:25.899,0.33777,0.33817,0.03,0.02
2012.12.03 15:03:26.412,0.33774,0.33804,0.02,0.02
2012.12.03 15:03:26.669,0.33775,0.33815,0.03,0.02
2012.12.03 15:03:26.932,0.33774,0.33804,0.04,0.03
2012.12.03 15:03:27.051,0.33773,0.33807,0.02,0.02
2012.12.03 15:03:27.453,0.33764,0.33798,0.03,0.03
2012.12.03 15:03:27.762,0.33761,0.33792,0.02,0.02
2012.12.03 15:03:28.001,0.33764,0.33803,0.03,0.02
2012.12.03 15:03:28.541,0.33759,0.33792,0.03,0.03
2012.12.03 15:03:28.709,0.33767,0.33807,0.02,0.02
2012.12.03 15:03:29.206,0.33764,0.33798,0.03,0.02
2012.12.03 15:03:29.262,0.33774,0.33812,0.03,0.03
2012.12.03 15:03:29.322,0.33767,0.338,0.02,0.03
2012.12.03 15:03:29.699,0.33775,0.33815,0.03,0.05
2012.12.03 15:03:30.261,0.33774,0.33812,0.05,0.02
2012.12.03 15:03:30.565,0.33774,0.33813,0.03,0.02
2012.12.03 15:03:30.623,0.33774,0.33808,0.03,0.02
2012.12.03 15:03:31.552,0.33757,0.33795,0.05,0.04
2012.12.03 15:03:32.168,0.33766,0.33806,0.04,0.02
2012.12.03 15:03:35.352,0.33757,0.33791,0.03,0.03
2012.12.03 15:03:35.471,0.33761,0.33792,0.02,0.02
2012.12.03 15:03:36.332,0.33765,0.33806,0.03,0.03
2012.12.03 15:03:36.602,0.33764,0.33796,0.04,0.02
2012.12.03 15:03:36.721,0.33764,0.33796,0.04,0.03
2012.12.03 15:03:36.842,0.33764,0.33796,0.02,0.02
2012.12.03 15:03:37.671,0.33764,0.338,0.05,0.03
2012.12.03 15:03:38.769,0.33764,0.33804,0.03,0.03
2012.12.03 15:03:38.989,0.33764,0.33802,0.03,0.03
2012.12.03 15:03:40.419,0.33764,0.33803,0.05,0.02
2012.12.03 15:03:42.092,0.33764,0.33801,0.05,0.02
2012.12.03 15:03:42.619,0.33764,0.33803,0.05,0.02
2012.12.03 15:03:42.681,0.3376,0.33792,0.05,0.02
2012.12.03 15:03:42.741,0.33774,0.33806,0.03,0.02
2012.12.03 15:03:42.871,0.33767,0.338,0.05,0.03
2012.12.03 15:03:42.931,0.33766,0.33799,0.03,0.02
2012.12.03 15:03:43.322,0.33765,0.338,0.03,0.04
2012.12.03 15:03:43.700,0.33773,0.33807,0.05,0.02
2012.12.03 15:03:44.462,0.33765,0.33797,0.05,0.02
2012.12.03 15:03:44.521,0.33773,0.33807,0.04,0.02
2012.12.03 15:03:44.642,0.33767,0.338,0.03,0.02
2012.12.03 15:03:45.081,0.33764,0.33798,0.03,0.02
2012.12.03 15:03:45.551,0.3376,0.33796,0.04,0.02
2012.12.03 15:03:45.611,0.3377,0.33807,0.03,0.02
2012.12.03 15:03:46.133,0.33764,0.33796,0.04,0.02
2012.12.03 15:03:46.799,0.33774,0.33812,0.03,0.02
2012.12.03 15:03:48.228,0.33774,0.3381,0.05,0.06
2012.12.03 15:03:49.460,0.33765,0.338,0.03,0.04
2012.12.03 15:03:49.583,0.33774,0.33813,0.03,0.03
2012.12.03 15:03:49.988,0.33773,0.33805,0.02,0.02
2012.12.03 15:03:50.042,0.33771,0.33803,0.02,0.02
2012.12.03 15:03:50.281,0.33783,0.33814,0.02,0.02
2012.12.03 15:03:50.439,0.33776,0.33815,0.03,0.02
2012.12.03 15:03:50.701,0.33763,0.33798,0.03,0.02
2012.12.03 15:03:50.879,0.33773,0.33811,0.03,0.03
2012.12.03 15:03:50.942,0.33762,0.33794,0.03,0.02
2012.12.03 15:03:51.241,0.33769,0.3381,0.02,0.05
2012.12.03 15:03:51.312,0.33768,0.33806,0.03,0.03
2012.12.03 15:03:51.759,0.33773,0.33809,0.03,0.03
2012.12.03 15:03:52.241,0.33774,0.33805,0.02,0.03
2012.12.03 15:03:52.362,0.33774,0.3381,0.03,0.05
2012.12.03 15:03:52.662,0.33774,0.33806,0.03,0.02
2012.12.03 15:03:53.202,0.33767,0.33807,0.02,0.04
2012.12.03 15:03:53.953,0.33764,0.33804,0.03,0.03
2012.12.03 15:03:54.116,0.33759,0.33789,0.02,0.02
2012.12.03 15:03:54.172,0.33763,0.33801,0.03,0.02
2012.12.03 15:03:54.291,0.33765,0.33805,0.03,0.02
2012.12.03 15:03:54.411,0.33761,0.33793,0.03,0.03
2012.12.03 15:03:54.961,0.33753,0.33787,0.03,0.02
2012.12.03 15:03:55.189,0.33763,0.33801,0.03,0.04
2012.12.03 15:03:56.472,0.33763,0.33803,0.04,0.02
2012.12.03 15:03:56.532,0.3376,0.33791,0.02,0.03
2012.12.03 15:03:57.061,0.33764,0.33802,0.03,0.02
2012.12.03 15:03:57.362,0.33754,0.33786,0.02,0.03
2012.12.03 15:03:58.462,0.3376,0.33791,0.02,0.02
2012.12.03 15:03:58.701,0.33765,0.33805,0.03,0.02
2012.12.03 15:03:59.432,0.33761,0.33794,0.03,0.03
2012.12.03 15:03:59.771,0.33764,0.33802,0.03,0.03
2012.12.03 15:03:59.831,0.33754,0.33791,0.02,0.03
2012.12.03 15:04:01.741,0.33764,0.33795,0.02,0.02
2012.12.03 15:04:02.001,0.33764,0.338,0.03,0.02
2012.12.03 15:04:02.139,0.33755,0.33787,0.02,0.03
2012.12.03 15:04:05.013,0.33755,0.33785,0.02,0.02
2012.12.03 15:04:05.222,0.33763,0.33801,0.03,0.05
2012.12.03 15:04:05.453,0.33763,0.33801,0.03,0.06
2012.12.03 15:04:05.632,0.33766,0.33806,0.02,0.02
2012.12.03 15:04:05.752,0.33757,0.33789,0.03,0.02
2012.12.03 15:04:05.901,0.3377,0.33811,0.02,0.02
2012.12.03 15:04:06.081,0.33765,0.33805,0.03,0.02
2012.12.03 15:04:07.459,0.33758,0.33792,0.02,0.03
2012.12.03 15:04:07.641,0.33763,0.33804,0.03,0.08
2012.12.03 15:04:07.702,0.33754,0.33792,0.02,0.06
2012.12.03 15:04:08.702,0.33757,0.33789,0.02,0.03
2012.12.03 15:04:09.235,0.33764,0.33796,0.03,0.02
2012.12.03 15:04:09.702,0.33755,0.3379,0.02,0.03
2012.12.03 15:04:10.223,0.33755,0.33785,0.02,0.02
2012.12.03 15:04:10.402,0.33764,0.33804,0.03,0.02
2012.12.03 15:04:10.952,0.33765,0.33806,0.03,0.07
2012.12.03 15:04:12.880,0.33765,0.33801,0.04,0.06
2012.12.03 15:04:13.061,0.33774,0.3381,0.03,0.02
2012.12.03 15:04:13.411,0.33764,0.33796,0.03,0.02
2012.12.03 15:04:13.472,0.33773,0.33806,0.03,0.07
2012.12.03 15:04:14.308,0.33759,0.33789,0.02,0.02
2012.12.03 15:04:14.553,0.33773,0.33809,0.03,0.03
2012.12.03 15:04:16.181,0.33764,0.33796,0.02,0.03
2012.12.03 15:04:16.405,0.33768,0.33799,0.02,0.03
2012.12.03 15:04:16.778,0.33773,0.33812,0.03,0.02
2012.12.03 15:04:17.322,0.33763,0.33795,0.04,0.02
2012.12.03 15:04:17.869,0.3377,0.33802,0.02,0.03
2012.12.03 15:04:18.172,0.33774,0.33805,0.02,0.03
2012.12.03 15:04:18.712,0.33774,0.33807,0.03,0.02
2012.12.03 15:04:19.308,0.33774,0.33813,0.03,0.02
2012.12.03 15:04:19.681,0.33767,0.33799,0.03,0.07
2012.12.03 15:04:19.748,0.33774,0.33808,0.03,0.07
2012.12.03 15:04:20.242,0.33765,0.33795,0.02,0.02
2012.12.03 15:04:20.913,0.33763,0.33795,0.02,0.03
2012.12.03 15:04:21.192,0.33766,0.33806,0.03,0.02
2012.12.03 15:04:25.968,0.33758,0.33794,0.02,0.03
2012.12.03 15:04:26.451,0.33763,0.33795,0.02,0.03
2012.12.03 15:04:27.331,0.33763,0.33793,0.03,0.02
2012.12.03 15:04:27.399,0.33763,0.33802,0.03,0.02
2012.12.03 15:04:27.552,0.33755,0.33791,0.02,0.03
2012.12.03 15:04:28.158,0.33764,0.33801,0.03,0.02
2012.12.03 15:04:29.202,0.33763,0.33794,0.02,0.02
2012.12.03 15:04:29.533,0.33758,0.33788,0.02,0.02
2012.12.03 15:04:30.265,0.3376,0.3379,0.02,0.02
2012.12.03 15:04:30.322,0.33764,0.33797,0.05,0.02
2012.12.03 15:04:30.681,0.33749,0.33781,0.02,0.03
2012.12.03 15:04:30.741,0.33754,0.33794,0.03,0.02
2012.12.03 15:04:31.252,0.33746,0.33781,0.02,0.03
2012.12.03 15:04:31.371,0.33748,0.3378,0.02,0.03
2012.12.03 15:04:31.468,0.33754,0.3379,0.03,0.02
2012.12.03 15:04:31.831,0.33754,0.33792,0.03,0.07
2012.12.03 15:04:32.221,0.33745,0.3378,0.02,0.03
2012.12.03 15:04:32.341,0.33749,0.33779,0.02,0.02
2012.12.03 15:04:32.462,0.33754,0.33789,0.03,0.02
2012.12.03 15:04:32.581,0.33754,0.33794,0.03,0.03
2012.12.03 15:04:32.898,0.33754,0.33794,0.05,0.02
2012.12.03 15:04:33.012,0.33751,0.33783,0.02,0.03
2012.12.03 15:04:33.811,0.33755,0.33795,0.03,0.02
2012.12.03 15:04:35.631,0.33751,0.33783,0.02,0.03
2012.12.03 15:04:36.701,0.33753,0.33783,0.02,0.02
2012.12.03 15:04:37.751,0.33753,0.33793,0.05,0.02
2012.12.03 15:04:38.242,0.33754,0.33784,0.02,0.02
2012.12.03 15:04:38.301,0.33754,0.33789,0.03,0.03
2012.12.03 15:04:38.841,0.33754,0.33788,0.03,0.03
2012.12.03 15:04:44.782,0.33743,0.33775,0.03,0.02
2012.12.03 15:04:44.842,0.33751,0.33782,0.03,0.02
2012.12.03 15:04:45.052,0.33736,0.33772,0.02,0.07
2012.12.03 15:04:45.172,0.33743,0.33781,0.03,0.02
2012.12.03 15:04:46.252,0.33732,0.33762,0.02,0.02
2012.12.03 15:04:46.592,0.33728,0.3376,0.04,0.02
2012.12.03 15:04:46.652,0.33743,0.33778,0.03,0.02
2012.12.03 15:04:46.911,0.3374,0.33771,0.03,0.02
2012.12.03 15:04:46.972,0.33738,0.3377,0.03,0.05
2012.12.03 15:04:47.420,0.33743,0.33776,0.03,0.06
2012.12.03 15:04:47.678,0.33735,0.33765,0.04,0.02
2012.12.03 15:04:47.851,0.33743,0.33779,0.03,0.02
2012.12.03 15:04:48.082,0.33743,0.33775,0.03,0.03
2012.12.03 15:04:48.831,0.33732,0.33762,0.02,0.02
2012.12.03 15:04:49.488,0.33744,0.33777,0.03,0.06
2012.12.03 15:04:50.148,0.33744,0.33776,0.02,0.04
2012.12.03 15:04:50.237,0.33744,0.33775,0.03,0.02
2012.12.03 15:04:50.732,0.33733,0.33763,0.02,0.02
2012.12.03 15:04:51.591,0.33733,0.33765,0.04,0.03
2012.12.03 15:04:51.711,0.33734,0.33775,0.03,0.03
2012.12.03 15:04:52.251,0.33734,0.33774,0.03,0.03
2012.12.03 15:04:53.701,0.33733,0.33765,0.04,0.03
2012.12.03 15:04:53.762,0.33733,0.33772,0.03,0.03
2012.12.03 15:04:54.192,0.33734,0.33764,0.02,0.02
2012.12.03 15:04:54.521,0.33733,0.33763,0.02,0.03
2012.12.03 15:04:54.641,0.33743,0.33774,0.02,0.02
2012.12.03 15:04:54.703,0.33734,0.33766,0.03,0.03
2012.12.03 15:04:54.762,0.33729,0.33762,0.02,0.03
2012.12.03 15:04:54.881,0.33734,0.33771,0.03,0.03
2012.12.03 15:04:55.401,0.33733,0.3377,0.03,0.02
2012.12.03 15:04:59.035,0.33722,0.33759,0.02,0.03
2012.12.03 15:04:59.152,0.33734,0.33767,0.03,0.06
2012.12.03 15:04:59.332,0.33734,0.33766,0.03,0.03
2012.12.03 15:05:00.283,0.33716,0.33747,0.03,0.02
2012.12.03 15:05:00.721,0.33723,0.33762,0.03,0.03
2012.12.03 15:05:01.265,0.33724,0.33755,0.02,0.04
2012.12.03 15:05:01.421,0.33717,0.33747,0.02,0.02
2012.12.03 15:05:01.732,0.33718,0.3375,0.02,0.03
2012.12.03 15:05:06.426,0.33724,0.33755,0.02,0.02
2012.12.03 15:05:06.543,0.33723,0.3376,0.03,0.02
2012.12.03 15:05:07.582,0.33719,0.33749,0.04,0.02
2012.12.03 15:05:07.943,0.33725,0.33765,0.03,0.04
2012.12.03 15:05:09.333,0.33728,0.3376,0.02,0.03
2012.12.03 15:05:09.512,0.33731,0.33761,0.03,0.03
2012.12.03 15:05:09.753,0.3373,0.3376,0.03,0.02
2012.12.03 15:05:10.224,0.33744,0.33776,0.02,0.08
2012.12.03 15:05:10.293,0.33738,0.3377,0.03,0.03
2012.12.03 15:05:11.542,0.33739,0.33771,0.02,0.03
2012.12.03 15:05:11.602,0.33744,0.33784,0.04,0.02
2012.12.03 15:05:13.450,0.3374,0.3377,0.02,0.02
2012.12.03 15:05:14.460,0.33746,0.33786,0.03,0.02
2012.12.03 15:05:14.521,0.33754,0.33785,0.02,0.04
2012.12.03 15:05:15.117,0.33753,0.33788,0.03,0.04
2012.12.03 15:05:16.911,0.33752,0.33782,0.02,0.06
2012.12.03 15:05:17.042,0.33753,0.33787,0.02,0.02
2012.12.03 15:05:17.482,0.33746,0.33776,0.02,0.02
2012.12.03 15:05:18.208,0.33753,0.33785,0.02,0.02
2012.12.03 15:05:18.322,0.33755,0.33786,0.02,0.02
2012.12.03 15:05:18.719,0.33753,0.33794,0.05,0.03
2012.12.03 15:05:18.932,0.33745,0.33777,0.02,0.03
2012.12.03 15:05:19.415,0.33744,0.33776,0.03,0.02
2012.12.03 15:05:19.612,0.33743,0.33774,0.02,0.03
2012.12.03 15:05:19.732,0.33746,0.33776,0.02,0.02
2012.12.03 15:05:19.829,0.33751,0.33791,0.03,0.02
2012.12.03 15:05:20.145,0.33742,0.33776,0.02,0.03
2012.12.03 15:05:20.263,0.33745,0.33776,0.02,0.03
2012.12.03 15:05:23.202,0.33746,0.33776,0.02,0.02
2012.12.03 15:05:23.983,0.33754,0.33789,0.03,0.02
2012.12.03 15:05:24.242,0.33754,0.33785,0.02,0.02
2012.12.03 15:05:24.302,0.33753,0.33791,0.03,0.03
2012.12.03 15:05:24.812,0.33754,0.33786,0.02,0.09
2012.12.03 15:05:24.871,0.33754,0.33791,0.03,0.02
2012.12.03 15:05:25.418,0.33751,0.33782,0.03,0.06
2012.12.03 15:05:27.082,0.33754,0.3379,0.03,0.02
2012.12.03 15:05:27.283,0.33749,0.33779,0.02,0.02
2012.12.03 15:05:27.617,0.33753,0.33792,0.03,0.02
2012.12.03 15:05:27.924,0.3375,0.33782,0.02,0.03
2012.12.03 15:05:28.613,0.33748,0.33782,0.02,0.03
2012.12.03 15:05:28.719,0.33753,0.33793,0.05,0.02
2012.12.03 15:05:30.202,0.3375,0.3378,0.04,0.02
2012.12.03 15:05:30.322,0.3375,0.33782,0.02,0.03
2012.12.03 15:05:31.781,0.33751,0.33782,0.02,0.03
2012.12.03 15:05:32.332,0.33743,0.33775,0.04,0.02
2012.12.03 15:05:32.538,0.33754,0.33794,0.03,0.03
2012.12.03 15:05:33.757,0.33754,0.33793,0.03,0.02
2012.12.03 15:05:34.531,0.33753,0.33789,0.03,0.02
2012.12.03 15:05:34.592,0.33742,0.33776,0.02,0.03
2012.12.03 15:05:35.193,0.33745,0.33776,0.03,0.02
2012.12.03 15:05:36.691,0.33742,0.33775,0.03,0.02
2012.12.03 15:05:38.891,0.33739,0.3377,0.03,0.02
2012.12.03 15:05:39.650,0.33754,0.33786,0.02,0.02
2012.12.03 15:05:42.311,0.33742,0.33775,0.03,0.03
2012.12.03 15:05:42.851,0.33744,0.33777,0.03,0.02
2012.12.03 15:05:42.972,0.33749,0.33779,0.02,0.02
2012.12.03 15:05:43.032,0.33753,0.33791,0.03,0.02
2012.12.03 15:05:43.621,0.33743,0.33775,0.02,0.03
2012.12.03 15:05:44.441,0.33744,0.33775,0.03,0.02
2012.12.03 15:05:45.001,0.33754,0.33785,0.02,0.04
2012.12.03 15:05:48.793,0.3374,0.33775,0.02,0.03
2012.12.03 15:05:48.858,0.33754,0.33788,0.03,0.02
2012.12.03 15:05:49.742,0.33747,0.33787,0.03,0.04
2012.12.03 15:05:50.532,0.33754,0.33789,0.03,0.02
2012.12.03 15:05:50.592,0.33742,0.33775,0.03,0.03
2012.12.03 15:05:50.947,0.33754,0.33791,0.03,0.03
2012.12.03 15:05:54.047,0.33743,0.33774,0.02,0.03
2012.12.03 15:05:54.301,0.33744,0.33777,0.03,0.03
2012.12.03 15:05:54.816,0.33753,0.33787,0.02,0.02
2012.12.03 15:05:56.753,0.33744,0.33775,0.03,0.02
2012.12.03 15:05:57.479,0.33741,0.33773,0.03,0.02
2012.12.03 15:06:08.602,0.33754,0.33789,0.03,0.07
2012.12.03 15:06:09.118,0.33753,0.33785,0.02,0.03
2012.12.03 15:06:09.482,0.33753,0.33791,0.03,0.02
2012.12.03 15:06:15.171,0.3374,0.33773,0.03,0.02
2012.12.03 15:06:15.753,0.33749,0.33779,0.02,0.02
2012.12.03 15:06:17.956,0.33758,0.33798,0.03,0.02
2012.12.03 15:06:20.233,0.33746,0.3378,0.03,0.02
2012.12.03 15:06:24.884,0.33746,0.33777,0.03,0.03
2012.12.03 15:06:25.202,0.33754,0.33784,0.02,0.02
2012.12.03 15:06:25.382,0.33756,0.33787,0.02,0.02
2012.12.03 15:06:26.402,0.3376,0.338,0.03,0.07
2012.12.03 15:06:27.967,0.33755,0.33795,0.03,0.02
2012.12.03 15:06:28.516,0.33756,0.33798,0.02,0.02
2012.12.03 15:06:35.053,0.33742,0.33773,0.03,0.02
2012.12.03 15:06:37.023,0.33745,0.33776,0.03,0.03
2012.12.03 15:06:38.062,0.33759,0.33799,0.02,0.02
2012.12.03 15:06:38.122,0.33746,0.33778,0.03,0.02
2012.12.03 15:06:43.513,0.33746,0.33778,0.02,0.03
2012.12.03 15:06:44.155,0.33756,0.33786,0.02,0.06
2012.12.03 15:06:44.432,0.33754,0.33785,0.03,0.02
2012.12.03 15:06:44.513,0.33766,0.33806,0.02,0.02
2012.12.03 15:06:46.412,0.33768,0.33809,0.02,0.06
2012.12.03 15:06:46.982,0.33759,0.3379,0.03,0.02
2012.12.03 15:06:47.103,0.33771,0.33811,0.03,0.02
2012.12.03 15:06:47.452,0.3375,0.33784,0.03,0.03
2012.12.03 15:06:47.512,0.33753,0.33786,0.03,0.02
2012.12.03 15:06:47.572,0.33756,0.33786,0.02,0.02
2012.12.03 15:06:47.632,0.33765,0.33805,0.02,0.02
2012.12.03 15:06:48.162,0.33767,0.33797,0.02,0.02
2012.12.03 15:06:48.601,0.33765,0.33805,0.02,0.04
2012.12.03 15:06:48.876,0.33751,0.33781,0.02,0.02
2012.12.03 15:06:48.992,0.33759,0.33789,0.02,0.05
2012.12.03 15:06:49.264,0.33751,0.33784,0.03,0.02
2012.12.03 15:06:50.250,0.33753,0.33785,0.03,0.02
2012.12.03 15:06:51.231,0.33751,0.33783,0.03,0.03
2012.12.03 15:06:51.479,0.33751,0.33783,0.03,0.02
2012.12.03 15:06:53.136,0.33767,0.33807,0.03,0.02
2012.12.03 15:06:53.357,0.33764,0.33804,0.04,0.03
2012.12.03 15:06:53.893,0.33764,0.33796,0.02,0.02
2012.12.03 15:06:54.852,0.3375,0.33783,0.03,0.03
2012.12.03 15:06:55.662,0.33761,0.33801,0.03,0.06
2012.12.03 15:06:56.328,0.33748,0.3378,0.03,0.03
2012.12.03 15:06:57.207,0.33747,0.33778,0.03,0.03
2012.12.03 15:06:57.322,0.33758,0.33798,0.03,0.02
2012.12.03 15:06:59.132,0.33747,0.3378,0.03,0.03
2012.12.03 15:07:02.292,0.33749,0.33782,0.03,0.03
2012.12.03 15:07:02.352,0.33762,0.33802,0.03,0.04
2012.12.03 15:07:03.295,0.33764,0.33804,0.04,0.02
2012.12.03 15:07:10.012,0.33773,0.33803,0.02,0.02
2012.12.03 15:07:10.072,0.33766,0.33798,0.03,0.03
2012.12.03 15:07:10.132,0.33784,0.33814,0.02,0.04
2012.12.03 15:07:10.192,0.33779,0.3381,0.03,0.02
2012.12.03 15:07:10.252,0.33788,0.3382,0.02,0.02
2012.12.03 15:07:10.312,0.33788,0.3382,0.03,0.03
2012.12.03 15:07:10.373,0.33788,0.33821,0.03,0.02
2012.12.03 15:07:10.697,0.33778,0.33812,0.04,0.02
2012.12.03 15:07:11.082,0.33793,0.33833,0.04,0.02
2012.12.03 15:07:11.142,0.33782,0.33817,0.06,0.02
2012.12.03 15:07:11.202,0.33796,0.33836,0.02,0.02
2012.12.03 15:07:12.165,0.33781,0.33814,0.05,0.02
2012.12.03 15:07:13.072,0.33783,0.33816,0.03,0.02
2012.12.03 15:07:14.122,0.33794,0.33834,0.04,0.02
2012.12.03 15:07:14.182,0.33781,0.33814,0.03,0.02
2012.12.03 15:07:14.667,0.33794,0.3383,0.03,0.02
2012.12.03 15:07:14.722,0.33779,0.33812,0.03,0.02
2012.12.03 15:07:15.273,0.33785,0.33816,0.03,0.02
2012.12.03 15:07:15.452,0.33787,0.33827,0.03,0.04
2012.12.03 15:07:15.602,0.33786,0.33816,0.02,0.02
2012.12.03 15:07:16.224,0.3378,0.33812,0.03,0.02
2012.12.03 15:07:16.577,0.33794,0.33824,0.02,0.02
2012.12.03 15:07:16.925,0.33796,0.33836,0.02,0.02
2012.12.03 15:07:17.272,0.33794,0.33834,0.03,0.02
2012.12.03 15:07:17.332,0.33784,0.33815,0.03,0.03
2012.12.03 15:07:17.979,0.33778,0.33815,0.03,0.02
2012.12.03 15:07:18.482,0.33796,0.33836,0.02,0.02
2012.12.03 15:07:18.543,0.33794,0.33825,0.02,0.02
2012.12.03 15:07:19.403,0.33797,0.33837,0.02,0.02
2012.12.03 15:07:19.553,0.33783,0.33816,0.02,0.02
2012.12.03 15:07:19.673,0.33794,0.33834,0.04,0.03
2012.12.03 15:07:19.792,0.33794,0.33832,0.03,0.06
2012.12.03 15:07:20.337,0.33791,0.33832,0.03,0.06
2012.12.03 15:07:20.822,0.33795,0.33835,0.03,0.04
2012.12.03 15:07:21.791,0.33784,0.33815,0.03,0.02
2012.12.03 15:07:21.972,0.33777,0.33817,0.07,0.02
2012.12.03 15:07:22.352,0.33804,0.33834,0.03,0.02
2012.12.03 15:07:22.415,0.33804,0.33841,0.03,0.02
2012.12.03 15:07:22.472,0.33794,0.33825,0.03,0.02
2012.12.03 15:07:22.533,0.33805,0.33845,0.03,0.03
2012.12.03 15:07:23.512,0.33804,0.33844,0.04,0.02
2012.12.03 15:07:24.002,0.33806,0.33846,0.03,0.05
2012.12.03 15:07:25.182,0.33792,0.33825,0.03,0.03
2012.12.03 15:07:25.797,0.33805,0.33836,0.02,0.02
2012.12.03 15:07:26.682,0.33804,0.33836,0.02,0.03
2012.12.03 15:07:27.211,0.33792,0.33828,0.03,0.04
2012.12.03 15:07:27.962,0.33796,0.33828,0.03,0.03
2012.12.03 15:07:28.082,0.33807,0.33837,0.02,0.02
2012.12.03 15:07:28.682,0.33793,0.33827,0.07,0.02
2012.12.03 15:07:28.801,0.33803,0.33835,0.04,0.04
2012.12.03 15:07:28.863,0.33805,0.33846,0.02,0.04
2012.12.03 15:07:29.222,0.33799,0.33831,0.03,0.03
2012.12.03 15:07:29.282,0.33808,0.33849,0.02,0.06
2012.12.03 15:07:29.743,0.33797,0.33831,0.03,0.02
2012.12.03 15:07:30.229,0.3381,0.3385,0.03,0.09
2012.12.03 15:07:30.728,0.33799,0.33833,0.03,0.03
2012.12.03 15:07:31.239,0.33798,0.33829,0.05,0.02
2012.12.03 15:07:31.883,0.33794,0.33828,0.03,0.03
2012.12.03 15:07:32.016,0.33807,0.33847,0.03,0.02
2012.12.03 15:07:32.579,0.33806,0.33846,0.02,0.02
2012.12.03 15:07:33.052,0.33791,0.33824,0.03,0.03
2012.12.03 15:07:33.282,0.33802,0.33842,0.02,0.07
2012.12.03 15:07:33.872,0.33794,0.33827,0.03,0.03
2012.12.03 15:07:33.932,0.33797,0.3383,0.03,0.03
2012.12.03 15:07:34.232,0.33804,0.33844,0.02,0.02
2012.12.03 15:07:34.593,0.33807,0.33847,0.03,0.03
2012.12.03 15:07:35.177,0.33806,0.33847,0.03,0.04
2012.12.03 15:07:35.592,0.33808,0.33848,0.03,0.05
2012.12.03 15:07:35.796,0.33805,0.33845,0.02,0.02
2012.12.03 15:07:36.299,0.33806,0.33846,0.03,0.05
2012.12.03 15:07:37.642,0.33797,0.33828,0.02,0.04
2012.12.03 15:07:37.702,0.33803,0.33843,0.03,0.03
2012.12.03 15:07:38.502,0.33789,0.33824,0.03,0.02
2012.12.03 15:07:38.562,0.33797,0.33827,0.02,0.02
2012.12.03 15:07:38.622,0.33791,0.33822,0.03,0.02
2012.12.03 15:07:38.945,0.33796,0.33836,0.02,0.02
2012.12.03 15:07:39.862,0.33795,0.33835,0.02,0.02
2012.12.03 15:07:41.942,0.33784,0.33815,0.03,0.02
2012.12.03 15:07:42.025,0.33793,0.33833,0.04,0.02
2012.12.03 15:07:42.273,0.33791,0.33826,0.02,0.07
2012.12.03 15:07:42.788,0.33785,0.33815,0.02,0.02
2012.12.03 15:07:44.132,0.33778,0.33809,0.03,0.02
2012.12.03 15:07:44.192,0.33788,0.33829,0.02,0.06
2012.12.03 15:07:44.442,0.3378,0.33812,0.02,0.02
2012.12.03 15:07:44.743,0.33789,0.33819,0.02,0.02
2012.12.03 15:07:44.862,0.33792,0.33832,0.02,0.07
2012.12.03 15:07:45.291,0.3378,0.33812,0.03,0.02
2012.12.03 15:07:46.282,0.3379,0.3383,0.02,0.02
2012.12.03 15:07:46.825,0.33793,0.33834,0.04,0.03
2012.12.03 15:07:47.152,0.33781,0.33815,0.02,0.03
2012.12.03 15:07:48.042,0.33791,0.33831,0.02,0.05
2012.12.03 15:07:48.583,0.33782,0.33812,0.02,0.02
2012.12.03 15:07:48.642,0.33788,0.33828,0.03,0.02
2012.12.03 15:07:50.546,0.33777,0.3381,0.03,0.04
2012.12.03 15:07:50.825,0.33785,0.33825,0.03,0.02
2012.12.03 15:07:52.602,0.33774,0.33806,0.03,0.02
2012.12.03 15:07:53.282,0.33776,0.33806,0.02,0.02
2012.12.03 15:07:53.355,0.33781,0.33822,0.02,0.04
2012.12.03 15:07:53.952,0.33774,0.33804,0.02,0.03
2012.12.03 15:07:54.352,0.33768,0.33799,0.02,0.03
2012.12.03 15:07:54.592,0.33774,0.33814,0.04,0.04
2012.12.03 15:07:54.795,0.33763,0.33797,0.03,0.03
2012.12.03 15:07:56.253,0.33768,0.33799,0.03,0.03
2012.12.03 15:07:56.373,0.33765,0.33797,0.04,0.03
2012.12.03 15:07:56.932,0.33767,0.33798,0.02,0.02
2012.12.03 15:07:57.302,0.33762,0.33792,0.03,0.02
2012.12.03 15:07:57.600,0.33763,0.33796,0.03,0.02
2012.12.03 15:07:58.039,0.33759,0.33792,0.03,0.02
2012.12.03 15:07:58.639,0.33766,0.33797,0.02,0.02
2012.12.03 15:07:58.856,0.33768,0.33808,0.03,0.02
2012.12.03 15:07:59.242,0.33766,0.33806,0.03,0.05
2012.12.03 15:07:59.678,0.3376,0.33793,0.05,0.02
2012.12.03 15:07:59.852,0.3377,0.3381,0.02,0.05
2012.12.03 15:08:01.893,0.33757,0.3379,0.03,0.03
2012.12.03 15:08:02.492,0.33759,0.33793,0.03,0.04
2012.12.03 15:08:02.612,0.33761,0.33793,0.02,0.02
2012.12.03 15:08:03.091,0.3376,0.33792,0.03,0.03
2012.12.03 15:08:04.622,0.33773,0.33813,0.03,0.06
2012.12.03 15:08:08.102,0.33763,0.33794,0.03,0.04
2012.12.03 15:08:08.236,0.33767,0.33807,0.02,0.07
2012.12.03 15:08:08.612,0.33769,0.33807,0.02,0.02
2012.12.03 15:08:08.922,0.33763,0.33794,0.04,0.04
2012.12.03 15:08:09.115,0.3377,0.33811,0.03,0.04
2012.12.03 15:08:09.617,0.33756,0.33791,0.03,0.04
2012.12.03 15:08:09.673,0.33768,0.33808,0.03,0.02
2012.12.03 15:08:10.022,0.33765,0.33806,0.03,0.03
2012.12.03 15:08:10.465,0.33755,0.33787,0.03,0.03
2012.12.03 15:08:13.392,0.3376,0.33791,0.02,0.02
2012.12.03 15:08:13.842,0.33754,0.33788,0.03,0.03
2012.12.03 15:08:16.397,0.33768,0.33809,0.03,0.08
2012.12.03 15:08:16.735,0.33765,0.33805,0.03,0.02
2012.12.03 15:08:17.404,0.33766,0.33806,0.02,0.02
2012.12.03 15:08:18.412,0.33754,0.33785,0.03,0.03
2012.12.03 15:08:18.532,0.33753,0.33784,0.02,0.02
2012.12.03 15:08:19.090,0.3376,0.338,0.03,0.03
2012.12.03 15:08:19.592,0.3376,0.338,0.03,0.02
2012.12.03 15:08:19.813,0.33746,0.33781,0.05,0.04
2012.12.03 15:08:20.432,0.33753,0.33783,0.02,0.03
2012.12.03 15:08:21.023,0.33756,0.33787,0.02,0.02
2012.12.03 15:08:21.602,0.33744,0.33775,0.03,0.03
2012.12.03 15:08:21.902,0.33747,0.3378,0.03,0.02
2012.12.03 15:08:22.572,0.33757,0.33797,0.03,0.05
2012.12.03 15:08:22.842,0.33749,0.3378,0.03,0.03
2012.12.03 15:08:23.461,0.33756,0.33787,0.03,0.02
2012.12.03 15:08:24.104,0.33757,0.33798,0.03,0.06
2012.12.03 15:08:24.800,0.33745,0.33778,0.03,0.03
2012.12.03 15:08:27.014,0.33746,0.33778,0.03,0.02
2012.12.03 15:08:33.262,0.33755,0.33786,0.02,0.02
2012.12.03 15:08:33.322,0.33743,0.33777,0.03,0.03
2012.12.03 15:08:35.772,0.33747,0.3378,0.03,0.02
2012.12.03 15:08:37.742,0.33757,0.33797,0.02,0.02
2012.12.03 15:08:40.105,0.33759,0.33799,0.03,0.05
2012.12.03 15:08:40.162,0.33759,0.33799,0.03,0.02
2012.12.03 15:08:41.332,0.33746,0.33778,0.03,0.03
2012.12.03 15:08:41.452,0.33756,0.33796,0.03,0.05
2012.12.03 15:08:43.132,0.33744,0.33775,0.03,0.03
2012.12.03 15:08:43.902,0.33745,0.33777,0.03,0.02
2012.12.03 15:08:45.722,0.33742,0.33774,0.03,0.02
2012.12.03 15:08:47.646,0.33745,0.33778,0.03,0.04
2012.12.03 15:08:49.452,0.33745,0.33776,0.03,0.02
2012.12.03 15:08:50.168,0.33746,0.33776,0.02,0.03
2012.12.03 15:08:51.163,0.33735,0.33768,0.03,0.03
2012.12.03 15:08:51.223,0.33745,0.33785,0.02,0.02
2012.12.03 15:08:53.465,0.33734,0.33765,0.03,0.03
2012.12.03 15:08:55.494,0.33742,0.33782,0.03,0.06
2012.12.03 15:08:56.032,0.3374,0.3377,0.02,0.02
2012.12.03 15:08:56.092,0.33745,0.33786,0.02,0.04
2012.12.03 15:08:56.152,0.33734,0.33768,0.03,0.04
2012.12.03 15:08:56.753,0.33728,0.33765,0.05,0.02
2012.12.03 15:08:58.172,0.33744,0.33784,0.03,0.04
2012.12.03 15:09:05.472,0.33735,0.33767,0.03,0.04
2012.12.03 15:09:05.592,0.3373,0.33765,0.03,0.03
2012.12.03 15:09:05.892,0.33743,0.33783,0.03,0.06
2012.12.03 15:09:06.682,0.33729,0.33763,0.03,0.03
2012.12.03 15:09:06.802,0.3374,0.33777,0.02,0.02
2012.12.03 15:09:07.132,0.33731,0.33765,0.03,0.03
2012.12.03 15:09:07.402,0.33742,0.33782,0.03,0.06
2012.12.03 15:09:07.710,0.33742,0.33776,0.02,0.02
2012.12.03 15:09:08.252,0.33738,0.33778,0.02,0.04
2012.12.03 15:09:08.312,0.33727,0.33761,0.03,0.04
2012.12.03 15:09:08.692,0.33739,0.33779,0.03,0.03
2012.12.03 15:09:09.662,0.33727,0.33761,0.03,0.03
2012.12.03 15:09:09.782,0.33734,0.3377,0.03,0.03
2012.12.03 15:09:09.842,0.33726,0.33759,0.03,0.02
2012.12.03 15:09:10.332,0.33728,0.33761,0.03,0.03
2012.12.03 15:09:10.653,0.33725,0.3376,0.03,0.02
2012.12.03 15:09:15.173,0.33734,0.33771,0.03,0.02
2012.12.03 15:09:15.683,0.33728,0.3376,0.03,0.03
2012.12.03 15:09:15.803,0.33729,0.3376,0.03,0.02
2012.12.03 15:09:17.263,0.33739,0.33773,0.03,0.02
2012.12.03 15:09:23.874,0.3373,0.33765,0.03,0.04
2012.12.03 15:09:24.478,0.33744,0.33775,0.02,0.04
2012.12.03 15:09:25.140,0.33733,0.33765,0.04,0.04
2012.12.03 15:09:26.112,0.3373,0.33762,0.03,0.02
2012.12.03 15:09:26.642,0.33739,0.33773,0.03,0.02
2012.12.03 15:09:26.762,0.33739,0.33775,0.03,0.05
2012.12.03 15:09:27.173,0.33731,0.33765,0.03,0.03
2012.12.03 15:09:28.313,0.33744,0.33775,0.03,0.03
2012.12.03 15:09:29.243,0.33743,0.33777,0.03,0.02
2012.12.03 15:09:29.933,0.33733,0.33765,0.03,0.02
2012.12.03 15:09:29.992,0.33741,0.33771,0.04,0.02
2012.12.03 15:09:30.609,0.33743,0.33773,0.04,0.02
2012.12.03 15:09:32.192,0.33743,0.33775,0.04,0.04
2012.12.03 15:09:32.442,0.33743,0.33781,0.05,0.05
2012.12.03 15:09:37.762,0.33744,0.33775,0.02,0.04
2012.12.03 15:09:37.893,0.33744,0.3378,0.03,0.03
2012.12.03 15:09:40.912,0.33744,0.33777,0.03,0.02
2012.12.03 15:09:41.582,0.33743,0.33779,0.05,0.02
2012.12.03 15:09:41.892,0.33754,0.3379,0.03,0.08
2012.12.03 15:09:41.952,0.3374,0.33774,0.03,0.03
2012.12.03 15:09:42.012,0.33751,0.33781,0.02,0.02
2012.12.03 15:09:43.254,0.33744,0.33778,0.05,0.02
2012.12.03 15:09:43.682,0.33745,0.3378,0.08,0.02
2012.12.03 15:09:43.742,0.33759,0.33799,0.03,0.02
2012.12.03 15:09:44.373,0.33747,0.33781,0.03,0.02
2012.12.03 15:09:46.283,0.33745,0.3378,0.05,0.02
2012.12.03 15:09:46.402,0.33756,0.33787,0.02,0.02
2012.12.03 15:09:47.742,0.33748,0.3378,0.03,0.02
2012.12.03 15:09:48.244,0.33759,0.33799,0.02,0.02
2012.12.03 15:09:49.922,0.33745,0.3378,0.02,0.04
2012.12.03 15:09:50.042,0.33756,0.33796,0.03,0.02
2012.12.03 15:09:50.114,0.33754,0.33794,0.03,0.06
2012.12.03 15:09:50.213,0.33741,0.33774,0.03,0.03
2012.12.03 15:09:50.273,0.33753,0.33792,0.03,0.02
2012.12.03 15:09:50.855,0.3374,0.33774,0.03,0.04
2012.12.03 15:09:51.412,0.33753,0.33787,0.02,0.02
2012.12.03 15:09:51.472,0.33741,0.33776,0.03,0.02
2012.12.03 15:09:51.532,0.33743,0.33777,0.03,0.02
2012.12.03 15:09:53.593,0.33754,0.33791,0.03,0.02
2012.12.03 15:09:54.292,0.3374,0.33772,0.03,0.03
2012.12.03 15:09:54.364,0.33753,0.33789,0.03,0.03
2012.12.03 15:09:57.122,0.3374,0.33771,0.03,0.02
2012.12.03 15:09:57.182,0.33746,0.33786,0.03,0.02
2012.12.03 15:09:57.243,0.33735,0.33768,0.03,0.03
2012.12.03 15:09:58.312,0.3373,0.33766,0.03,0.04
2012.12.03 15:10:01.425,0.33729,0.33764,0.03,0.02
2012.12.03 15:10:01.612,0.33744,0.33779,0.03,0.02
2012.12.03 15:10:02.270,0.3374,0.3378,0.02,0.02
2012.12.03 15:10:02.722,0.33728,0.3376,0.02,0.02
2012.12.03 15:10:02.842,0.33738,0.33779,0.03,0.03
2012.12.03 15:10:03.022,0.33733,0.33764,0.02,0.02
2012.12.03 15:10:03.592,0.3374,0.3378,0.03,0.02
2012.12.03 15:10:05.750,0.33729,0.33762,0.03,0.02
2012.12.03 15:10:05.872,0.33735,0.3377,0.02,0.07
2012.12.03 15:10:06.172,0.33738,0.33779,0.03,0.03
2012.12.03 15:10:07.412,0.33736,0.33776,0.03,0.03
2012.12.03 15:10:08.652,0.33738,0.33778,0.03,0.02
2012.12.03 15:10:09.222,0.33738,0.33769,0.02,0.02
2012.12.03 15:10:09.693,0.3374,0.3378,0.02,0.03
2012.12.03 15:10:09.932,0.33736,0.33776,0.02,0.03
2012.12.03 15:10:10.481,0.33735,0.33767,0.02,0.02
2012.12.03 15:10:10.903,0.33738,0.33778,0.03,0.02
2012.12.03 15:10:11.470,0.33734,0.33764,0.04,0.02
2012.12.03 15:10:12.003,0.33738,0.33778,0.03,0.02
2012.12.03 15:10:14.014,0.3374,0.3378,0.03,0.05
2012.12.03 15:10:14.493,0.33751,0.33785,0.03,0.02
2012.12.03 15:10:14.553,0.33753,0.33787,0.05,0.02
2012.12.03 15:10:14.673,0.33758,0.33798,0.03,0.02
2012.12.03 15:10:14.742,0.33747,0.33781,0.07,0.02
2012.12.03 15:10:14.862,0.33748,0.33783,0.05,0.02
2012.12.03 15:10:15.213,0.33746,0.3378,0.07,0.02
2012.12.03 15:10:18.572,0.33756,0.33796,0.03,0.02
2012.12.03 15:10:19.772,0.33741,0.33775,0.03,0.03
2012.12.03 15:10:20.002,0.33753,0.33793,0.04,0.02
2012.12.03 15:10:21.903,0.33755,0.33795,0.03,0.02
2012.12.03 15:10:31.034,0.33753,0.33784,0.02,0.03
2012.12.03 15:10:31.092,0.33753,0.33793,0.03,0.02
2012.12.03 15:10:33.382,0.33748,0.33788,0.03,0.03
2012.12.03 15:10:34.762,0.33733,0.33768,0.04,0.02
2012.12.03 15:10:34.903,0.33744,0.33783,0.03,0.02
2012.12.03 15:10:35.512,0.33744,0.33782,0.03,0.03
2012.12.03 15:10:35.572,0.33744,0.33784,0.04,0.02
2012.12.03 15:10:35.632,0.33746,0.33778,0.03,0.02
2012.12.03 15:10:35.812,0.33756,0.33786,0.02,0.02
2012.12.03 15:10:35.932,0.33755,0.33785,0.02,0.02
2012.12.03 15:10:36.052,0.3376,0.3379,0.02,0.02
2012.12.03 15:10:36.992,0.33761,0.33801,0.02,0.02
2012.12.03 15:10:37.622,0.3375,0.33784,0.03,0.03
2012.12.03 15:10:37.943,0.33758,0.3379,0.03,0.03
2012.12.03 15:10:38.004,0.33761,0.33791,0.02,0.02
2012.12.03 15:10:38.232,0.33764,0.33803,0.03,0.03
2012.12.03 15:10:38.790,0.33764,0.33804,0.03,0.05
2012.12.03 15:10:39.902,0.33766,0.33808,0.05,0.02
2012.12.03 15:10:40.163,0.33757,0.33792,0.05,0.04
2012.12.03 15:10:40.312,0.3377,0.3381,0.02,0.03
2012.12.03 15:10:41.842,0.33758,0.33794,0.06,0.04
2012.12.03 15:10:42.458,0.33763,0.33795,0.02,0.04
2012.12.03 15:10:49.742,0.33756,0.33787,0.03,0.02
2012.12.03 15:10:49.862,0.33753,0.33787,0.03,0.03
2012.12.03 15:10:51.462,0.33751,0.33787,0.04,0.04
2012.12.03 15:10:52.016,0.33763,0.33797,0.04,0.02
2012.12.03 15:10:54.332,0.33761,0.33801,0.02,0.02
2012.12.03 15:10:54.422,0.33759,0.33799,0.02,0.03
2012.12.03 15:10:55.426,0.33757,0.33797,0.03,0.02
2012.12.03 15:10:56.902,0.33745,0.33781,0.03,0.04
2012.12.03 15:10:56.962,0.33755,0.33795,0.02,0.03
2012.12.03 15:10:57.142,0.33746,0.33779,0.03,0.02
2012.12.03 15:10:57.652,0.33753,0.33792,0.03,0.02
2012.12.03 15:11:00.183,0.33754,0.33794,0.03,0.04
2012.12.03 15:11:00.243,0.33754,0.33785,0.04,0.02
2012.12.03 15:11:03.314,0.33756,0.33796,0.02,0.06
2012.12.03 15:11:03.372,0.33747,0.33782,0.05,0.03
2012.12.03 15:11:04.008,0.33757,0.33797,0.02,0.02
2012.12.03 15:11:04.182,0.3376,0.338,0.03,0.02
2012.12.03 15:11:07.956,0.33751,0.33784,0.03,0.02
2012.12.03 15:11:08.132,0.33762,0.33802,0.03,0.04
2012.12.03 15:11:09.406,0.33757,0.33788,0.03,0.02
2012.12.03 15:11:09.523,0.33764,0.33804,0.02,0.02
2012.12.03 15:11:10.616,0.33754,0.33788,0.03,0.02
2012.12.03 15:11:11.186,0.33763,0.33797,0.04,0.07
2012.12.03 15:11:11.532,0.33763,0.338,0.03,0.02
2012.12.03 15:11:12.042,0.33763,0.33797,0.02,0.02
2012.12.03 15:11:12.243,0.33764,0.33804,0.03,0.02
2012.12.03 15:11:16.102,0.3375,0.33783,0.03,0.02
2012.12.03 15:11:16.222,0.33758,0.33798,0.02,0.04
2012.12.03 15:11:16.733,0.33753,0.33783,0.02,0.03
2012.12.03 15:11:17.491,0.33757,0.33787,0.02,0.02
2012.12.03 15:11:17.843,0.33749,0.33782,0.02,0.03
2012.12.03 15:11:18.022,0.33759,0.33799,0.02,0.03
2012.12.03 15:11:22.852,0.33748,0.33781,0.03,0.02
2012.12.03 15:11:24.292,0.33757,0.33797,0.02,0.06
2012.12.03 15:11:26.052,0.33758,0.33799,0.02,0.03
2012.12.03 15:11:26.112,0.33745,0.33777,0.06,0.02
2012.12.03 15:11:26.172,0.33755,0.33787,0.02,0.02
2012.12.03 15:11:26.232,0.33751,0.33781,0.02,0.02
2012.12.03 15:11:26.292,0.33756,0.33796,0.02,0.02
2012.12.03 15:11:26.533,0.33754,0.33793,0.03,0.02
2012.12.03 15:11:28.440,0.33755,0.33797,0.03,0.07
2012.12.03 15:11:28.911,0.33757,0.33797,0.02,0.02
2012.12.03 15:11:29.592,0.33753,0.33793,0.04,0.02
2012.12.03 15:11:30.058,0.33743,0.33774,0.03,0.03
2012.12.03 15:11:30.232,0.3375,0.33791,0.03,0.02
2012.12.03 15:11:30.642,0.33748,0.3378,0.02,0.04
2012.12.03 15:11:30.702,0.33743,0.33774,0.03,0.03
2012.12.03 15:11:31.172,0.33753,0.33791,0.03,0.03
2012.12.03 15:11:33.343,0.33753,0.33784,0.02,0.02
2012.12.03 15:11:33.403,0.33753,0.33793,0.04,0.02
2012.12.03 15:11:34.772,0.33742,0.33775,0.03,0.03
2012.12.03 15:11:35.388,0.33754,0.33792,0.03,0.03
2012.12.03 15:11:35.835,0.33744,0.33775,0.03,0.02
2012.12.03 15:11:36.012,0.33755,0.33796,0.02,0.03
2012.12.03 15:11:36.387,0.33744,0.33777,0.02,0.03
2012.12.03 15:11:39.513,0.33755,0.33787,0.04,0.02
2012.12.03 15:11:40.060,0.33756,0.33796,0.02,0.02
2012.12.03 15:11:41.003,0.33758,0.33798,0.03,0.02
2012.12.03 15:11:42.954,0.33747,0.33781,0.03,0.02
2012.12.03 15:11:48.072,0.3375,0.33783,0.03,0.04
2012.12.03 15:12:04.672,0.33754,0.33794,0.03,0.02
2012.12.03 15:12:04.794,0.33744,0.33777,0.05,0.02
2012.12.03 15:12:04.861,0.33746,0.33779,0.05,0.04
2012.12.03 15:12:05.202,0.33755,0.33796,0.02,0.04
2012.12.03 15:12:05.854,0.33759,0.33799,0.02,0.02
2012.12.03 15:12:06.049,0.33747,0.33782,0.02,0.02
2012.12.03 15:12:10.873,0.33764,0.33802,0.03,0.02
2012.12.03 15:12:10.933,0.33757,0.33791,0.03,0.03
2012.12.03 15:12:10.992,0.33761,0.33792,0.02,0.02
2012.12.03 15:12:11.323,0.33764,0.33794,0.02,0.02
2012.12.03 15:12:11.882,0.33763,0.33793,0.02,0.02
2012.12.03 15:12:19.068,0.33756,0.3379,0.02,0.04
2012.12.03 15:12:26.502,0.33754,0.33788,0.07,0.02
2012.12.03 15:12:26.731,0.33764,0.33804,0.06,0.02
2012.12.03 15:12:29.392,0.33753,0.33786,0.02,0.02
2012.12.03 15:12:32.033,0.33757,0.33797,0.02,0.02
2012.12.03 15:12:32.152,0.33746,0.3378,0.03,0.04
2012.12.03 15:12:32.973,0.33745,0.33778,0.02,0.02
2012.12.03 15:12:33.032,0.33754,0.33794,0.03,0.03
2012.12.03 15:12:39.202,0.33755,0.33797,0.03,0.02
2012.12.03 15:12:39.280,0.33746,0.3378,0.03,0.02
2012.12.03 15:12:40.392,0.33756,0.33796,0.03,0.02
2012.12.03 15:12:44.942,0.33758,0.338,0.03,0.04
2012.12.03 15:12:45.062,0.33749,0.33782,0.03,0.03
2012.12.03 15:12:51.200,0.33754,0.33788,0.03,0.03
2012.12.03 15:12:51.253,0.33764,0.33795,0.04,0.03
2012.12.03 15:12:51.747,0.33763,0.33797,0.04,0.05
2012.12.03 15:12:52.343,0.33762,0.33792,0.02,0.06
2012.12.03 15:12:52.562,0.3376,0.33801,0.03,0.02
2012.12.03 15:12:53.101,0.33759,0.33797,0.02,0.02
2012.12.03 15:12:55.195,0.33751,0.33784,0.03,0.03
2012.12.03 15:12:55.291,0.33763,0.33804,0.03,0.04
2012.12.03 15:12:57.460,0.33761,0.33801,0.03,0.03
2012.12.03 15:12:57.613,0.33749,0.33784,0.03,0.04
2012.12.03 15:12:58.172,0.33753,0.33784,0.03,0.03
2012.12.03 15:13:01.722,0.33763,0.33794,0.02,0.04
2012.12.03 15:13:02.339,0.33763,0.33802,0.03,0.08
2012.12.03 15:13:06.963,0.33751,0.33784,0.03,0.03
2012.12.03 15:13:08.033,0.3376,0.338,0.02,0.03
2012.12.03 15:13:08.922,0.33749,0.33783,0.03,0.04
2012.12.03 15:13:09.142,0.3375,0.33785,0.02,0.03
2012.12.03 15:13:09.202,0.33763,0.33796,0.02,0.02
2012.12.03 15:13:09.382,0.33751,0.33787,0.07,0.04
2012.12.03 15:13:09.442,0.33766,0.33806,0.04,0.02
2012.12.03 15:13:09.502,0.33763,0.33794,0.02,0.02
2012.12.03 15:13:09.684,0.33768,0.33809,0.02,0.02
2012.12.03 15:13:09.990,0.33771,0.33811,0.03,0.04
2012.12.03 15:13:10.400,0.33768,0.33808,0.03,0.02
2012.12.03 15:13:11.422,0.33763,0.33803,0.06,0.02
2012.12.03 15:13:12.782,0.33759,0.33792,0.04,0.05
2012.12.03 15:13:17.174,0.33766,0.338,0.03,0.03
2012.12.03 15:13:17.422,0.33763,0.33795,0.03,0.06
2012.12.03 15:13:17.573,0.33752,0.33787,0.03,0.04
2012.12.03 15:13:17.969,0.33755,0.33787,0.03,0.03
2012.12.03 15:13:19.394,0.33752,0.33786,0.03,0.02
2012.12.03 15:13:19.693,0.33758,0.33797,0.03,0.02
2012.12.03 15:13:20.249,0.33751,0.33784,0.03,0.03
2012.12.03 15:13:29.603,0.33755,0.33786,0.02,0.03
2012.12.03 15:13:29.724,0.33747,0.33777,0.02,0.02
2012.12.03 15:13:29.842,0.33753,0.3379,0.03,0.02
2012.12.03 15:13:30.382,0.33742,0.33775,0.03,0.02
2012.12.03 15:13:32.914,0.33753,0.33787,0.03,0.04
2012.12.03 15:13:34.762,0.33745,0.33785,0.04,0.02
2012.12.03 15:13:35.212,0.33743,0.33773,0.02,0.03
2012.12.03 15:13:40.239,0.33743,0.33784,0.06,0.03
2012.12.03 15:13:42.473,0.33737,0.33771,0.03,0.04
2012.12.03 15:13:42.533,0.33744,0.33781,0.03,0.04
2012.12.03 15:13:53.182,0.33745,0.33775,0.02,0.02
2012.12.03 15:13:53.243,0.33744,0.33776,0.02,0.02
2012.12.03 15:13:53.392,0.33751,0.33791,0.03,0.06
2012.12.03 15:14:03.882,0.33753,0.33793,0.04,0.03
2012.12.03 15:14:05.173,0.33755,0.33795,0.03,0.06
2012.12.03 15:14:05.293,0.33744,0.33778,0.03,0.04
2012.12.03 15:14:05.910,0.33742,0.33778,0.03,0.04
2012.12.03 15:14:06.639,0.33746,0.33778,0.03,0.02
2012.12.03 15:14:08.663,0.33746,0.33781,0.05,0.04
2012.12.03 15:14:08.723,0.33757,0.33799,0.02,0.02
2012.12.03 15:14:09.219,0.3376,0.33797,0.02,0.02
2012.12.03 15:14:26.659,0.33746,0.33781,0.03,0.04
2012.12.03 15:14:26.773,0.33758,0.33799,0.02,0.04
2012.12.03 15:14:35.546,0.33754,0.33784,0.02,0.03
2012.12.03 15:14:35.682,0.33756,0.33797,0.03,0.04
2012.12.03 15:14:38.032,0.33738,0.33775,0.02,0.03
2012.12.03 15:14:38.972,0.33753,0.33793,0.03,0.05
2012.12.03 15:14:39.530,0.33752,0.33787,0.02,0.02
2012.12.03 15:14:40.201,0.33751,0.33787,0.02,0.02
2012.12.03 15:14:44.892,0.33738,0.33772,0.03,0.03
2012.12.03 15:14:45.520,0.3375,0.3379,0.03,0.02
2012.12.03 15:14:49.563,0.33739,0.33773,0.03,0.03
2012.12.03 15:14:52.602,0.33738,0.33771,0.05,0.03
2012.12.03 15:14:54.383,0.33746,0.33786,0.02,0.03
2012.12.03 15:14:54.443,0.33744,0.33776,0.02,0.02
2012.12.03 15:14:55.723,0.33738,0.33771,0.03,0.02
2012.12.03 15:14:55.843,0.3374,0.33773,0.03,0.03
2012.12.03 15:32:59.311,0.33634,0.33667,0.03,0.04
2012.12.03 15:33:04.684,0.33631,0.33665,0.08,0.02
2012.12.03 15:33:07.933,0.33634,0.33668,0.03,0.02
2012.12.03 15:33:10.863,0.33638,0.33669,0.02,0.04
2012.12.03 15:33:10.923,0.33643,0.33682,0.03,0.04
2012.12.03 15:33:12.251,0.33644,0.33684,0.03,0.02
2012.12.03 15:33:12.924,0.33633,0.33667,0.03,0.03
2012.12.03 15:33:19.752,0.3365,0.3369,0.03,0.02
2012.12.03 15:33:19.814,0.33639,0.33671,0.03,0.02
2012.12.03 15:33:24.754,0.33648,0.33679,0.02,0.02
2012.12.03 15:33:26.373,0.33639,0.33673,0.03,0.03
2012.12.03 15:33:26.480,0.33649,0.33689,0.02,0.02
2012.12.03 15:33:28.573,0.33638,0.3367,0.03,0.03
2012.12.03 15:33:29.183,0.33648,0.33688,0.03,0.02
2012.12.03 15:33:30.005,0.3364,0.33673,0.03,0.02
2012.12.03 15:33:30.064,0.33651,0.33692,0.03,0.03
2012.12.03 15:33:46.364,0.33642,0.33673,0.03,0.03
2012.12.03 15:33:54.204,0.33645,0.33676,0.03,0.03
2012.12.03 15:33:57.673,0.33646,0.33678,0.03,0.02
2012.12.03 15:34:09.363,0.33645,0.33676,0.03,0.02
2012.12.03 15:34:09.543,0.33654,0.33694,0.03,0.03
2012.12.03 15:34:09.604,0.33654,0.33688,0.02,0.04
2012.12.03 15:34:10.090,0.33655,0.33695,0.03,0.02
2012.12.03 15:34:10.683,0.33649,0.33679,0.02,0.02
2012.12.03 15:34:11.294,0.33654,0.33687,0.02,0.02
2012.12.03 15:34:12.053,0.33647,0.33677,0.03,0.02
2012.12.03 15:34:12.174,0.33642,0.33672,0.02,0.02
2012.12.03 15:34:12.233,0.33647,0.33679,0.02,0.03
2012.12.03 15:34:12.970,0.33649,0.3369,0.03,0.03
2012.12.03 15:34:13.640,0.33649,0.33683,0.02,0.06
2012.12.03 15:34:14.314,0.33644,0.33675,0.03,0.02
2012.12.03 15:34:14.494,0.33644,0.33685,0.05,0.03
2012.12.03 15:34:15.613,0.33641,0.33672,0.02,0.03
2012.12.03 15:34:18.293,0.33636,0.33666,0.03,0.02
2012.12.03 15:34:19.923,0.33644,0.33674,0.04,0.02
2012.12.03 15:34:25.904,0.33644,0.33676,0.03,0.09
2012.12.03 15:34:26.083,0.3364,0.3367,0.02,0.02
2012.12.03 15:34:26.144,0.33645,0.33685,0.02,0.02
2012.12.03 15:34:29.863,0.33639,0.33671,0.02,0.03
2012.12.03 15:34:30.079,0.33643,0.33683,0.04,0.02
2012.12.03 15:34:35.874,0.33632,0.33663,0.02,0.02
2012.12.03 15:34:35.933,0.33644,0.3368,0.03,0.04
2012.12.03 15:34:36.204,0.33627,0.33659,0.04,0.02
2012.12.03 15:34:36.822,0.33639,0.33676,0.02,0.02
2012.12.03 15:34:37.074,0.33638,0.33668,0.02,0.02
2012.12.03 15:34:37.196,0.33645,0.33685,0.03,0.02
2012.12.03 15:34:37.841,0.33641,0.33673,0.03,0.02
2012.12.03 15:34:38.003,0.33642,0.33676,0.03,0.04
2012.12.03 15:34:38.124,0.33647,0.33687,0.02,0.03
2012.12.03 15:34:39.830,0.33648,0.33688,0.02,0.07
2012.12.03 15:34:41.195,0.33642,0.33672,0.03,0.02
2012.12.03 15:34:45.639,0.33649,0.3368,0.02,0.02
2012.12.03 15:34:45.764,0.33649,0.3368,0.03,0.03
2012.12.03 15:34:46.279,0.33653,0.33693,0.03,0.04
2012.12.03 15:34:46.523,0.33654,0.33687,0.02,0.02
2012.12.03 15:34:46.584,0.33654,0.33685,0.03,0.02
2012.12.03 15:34:46.644,0.33655,0.33686,0.02,0.02
2012.12.03 15:34:47.083,0.33657,0.33697,0.02,0.02
2012.12.03 15:34:49.675,0.3365,0.3368,0.02,0.02
2012.12.03 15:34:49.734,0.33654,0.33694,0.05,0.03
2012.12.03 15:34:54.134,0.33648,0.33678,0.02,0.02
2012.12.03 15:34:56.554,0.33649,0.33681,0.03,0.03
2012.12.03 15:34:56.954,0.3365,0.33691,0.02,0.02
2012.12.03 15:34:57.301,0.33646,0.33677,0.02,0.03
2012.12.03 15:34:58.024,0.3365,0.33681,0.02,0.03
2012.12.03 15:34:58.084,0.33654,0.33693,0.03,0.02
2012.12.03 15:34:59.084,0.33654,0.33694,0.03,0.02
2012.12.03 15:34:59.366,0.3365,0.33683,0.03,0.02
2012.12.03 15:35:02.094,0.33648,0.33678,0.02,0.02
2012.12.03 15:35:04.539,0.33652,0.33692,0.03,0.02
2012.12.03 15:35:05.670,0.33648,0.33679,0.03,0.02
2012.12.03 15:35:05.861,0.33645,0.33675,0.02,0.02
2012.12.03 15:35:06.084,0.33647,0.33687,0.03,0.02
2012.12.03 15:35:06.499,0.3365,0.3369,0.02,0.02
2012.12.03 15:35:08.184,0.33646,0.33681,0.03,0.02
2012.12.03 15:35:08.745,0.33651,0.33687,0.02,0.02
2012.12.03 15:35:14.544,0.33651,0.33683,0.03,0.03
2012.12.03 15:35:14.664,0.33654,0.33687,0.04,0.02
2012.12.03 15:35:15.095,0.33646,0.33681,0.02,0.03
2012.12.03 15:35:15.295,0.33654,0.33693,0.03,0.02
2012.12.03 15:35:15.754,0.3365,0.3369,0.02,0.02
2012.12.03 15:35:15.814,0.33646,0.33676,0.02,0.02
2012.12.03 15:35:15.874,0.33648,0.33689,0.03,0.03
2012.12.03 15:35:15.934,0.33639,0.3367,0.03,0.02
2012.12.03 15:35:16.532,0.33647,0.33677,0.02,0.04
2012.12.03 15:35:17.214,0.33643,0.33675,0.02,0.03
2012.12.03 15:35:17.273,0.33644,0.33684,0.04,0.04
2012.12.03 15:35:19.339,0.33646,0.33686,0.03,0.02
2012.12.03 15:35:19.824,0.3365,0.33686,0.02,0.02
2012.12.03 15:35:20.154,0.33646,0.3368,0.03,0.03
2012.12.03 15:35:20.334,0.33653,0.33693,0.03,0.04
2012.12.03 15:35:23.024,0.33649,0.33681,0.05,0.02
2012.12.03 15:35:23.644,0.33657,0.33697,0.03,0.02
2012.12.03 15:35:24.870,0.33655,0.33695,0.02,0.02
2012.12.03 15:35:25.183,0.3365,0.33682,0.03,0.02
2012.12.03 15:35:25.858,0.33654,0.33684,0.02,0.02
2012.12.03 15:35:26.495,0.33656,0.33687,0.02,0.03
2012.12.03 15:35:27.170,0.33655,0.33695,0.03,0.02
2012.12.03 15:35:27.544,0.33647,0.33678,0.03,0.02
2012.12.03 15:35:28.079,0.33654,0.33686,0.04,0.02
2012.12.03 15:35:29.604,0.33656,0.33687,0.02,0.02
2012.12.03 15:35:42.268,0.33656,0.33687,0.02,0.04
2012.12.03 15:35:42.383,0.3366,0.337,0.03,0.02
2012.12.03 15:35:43.455,0.33663,0.33704,0.03,0.04
2012.12.03 15:35:46.286,0.33655,0.33689,0.05,0.02
2012.12.03 15:35:55.144,0.33661,0.33691,0.02,0.02
2012.12.03 15:35:55.204,0.33666,0.33706,0.03,0.02
2012.12.03 15:35:59.884,0.33664,0.33694,0.02,0.02
2012.12.03 15:36:00.124,0.33655,0.33687,0.05,0.02
2012.12.03 15:36:02.130,0.33667,0.33707,0.03,0.02
2012.12.03 15:36:03.364,0.33661,0.33693,0.03,0.03
2012.12.03 15:36:03.842,0.33669,0.3371,0.02,0.06
2012.12.03 15:36:04.142,0.33661,0.33696,0.03,0.03
2012.12.03 15:36:04.851,0.3367,0.3371,0.03,0.05
2012.12.03 15:36:11.239,0.33671,0.33711,0.03,0.03
2012.12.03 15:36:11.609,0.3366,0.33691,0.02,0.03
2012.12.03 15:36:11.846,0.33665,0.33695,0.02,0.04
2012.12.03 15:36:14.594,0.33658,0.33693,0.03,0.03
2012.12.03 15:36:18.064,0.33661,0.33692,0.05,0.03
2012.12.03 15:36:18.138,0.33668,0.33708,0.03,0.02
2012.12.03 15:36:18.674,0.33666,0.33697,0.02,0.03
2012.12.03 15:36:19.019,0.3367,0.3371,0.02,0.06
2012.12.03 15:36:25.384,0.33665,0.33695,0.02,0.02
2012.12.03 15:36:25.842,0.33674,0.33706,0.02,0.02
2012.12.03 15:36:26.078,0.33674,0.33711,0.03,0.04
2012.12.03 15:36:35.854,0.33663,0.33693,0.03,0.02
2012.12.03 15:36:35.914,0.33668,0.33708,0.02,0.02
2012.12.03 15:36:41.524,0.33671,0.33711,0.03,0.02
2012.12.03 15:36:49.101,0.33663,0.33694,0.03,0.03
2012.12.03 15:36:51.748,0.33668,0.33708,0.02,0.03
2012.12.03 15:36:52.904,0.33662,0.33694,0.03,0.02
2012.12.03 15:36:52.964,0.33673,0.3371,0.03,0.02
2012.12.03 15:36:53.024,0.33668,0.337,0.03,0.02
2012.12.03 15:36:53.404,0.33674,0.33712,0.03,0.02
2012.12.03 15:36:56.124,0.33675,0.33715,0.03,0.02
2012.12.03 15:36:56.656,0.33668,0.33698,0.02,0.02
2012.12.03 15:37:09.874,0.33668,0.33698,0.02,0.02
2012.12.03 15:37:12.264,0.33673,0.33713,0.04,0.03
2012.12.03 15:37:12.864,0.33665,0.33698,0.03,0.02
2012.12.03 15:37:13.483,0.33672,0.33712,0.03,0.02
2012.12.03 15:37:24.354,0.33661,0.33694,0.03,0.02
2012.12.03 15:37:24.415,0.3367,0.3371,0.03,0.02
2012.12.03 15:37:24.477,0.3366,0.3369,0.03,0.02
2012.12.03 15:37:24.654,0.33665,0.33706,0.02,0.03
2012.12.03 15:37:24.944,0.33663,0.33704,0.03,0.03
2012.12.03 15:37:25.494,0.33658,0.33689,0.02,0.03
2012.12.03 15:37:26.074,0.33661,0.33692,0.02,0.02
2012.12.03 15:37:26.138,0.33665,0.33705,0.03,0.02
2012.12.03 15:37:26.874,0.33659,0.33693,0.03,0.03
2012.12.03 15:37:28.557,0.33657,0.33688,0.02,0.03
2012.12.03 15:37:29.004,0.33664,0.33694,0.02,0.02
2012.12.03 15:37:34.094,0.33666,0.33707,0.05,0.03
2012.12.03 15:37:34.154,0.33663,0.33698,0.03,0.02
2012.12.03 15:37:34.587,0.33669,0.33709,0.02,0.02
2012.12.03 15:37:43.224,0.33658,0.3369,0.02,0.02
2012.12.03 15:37:43.821,0.33664,0.33695,0.03,0.02
2012.12.03 15:37:44.355,0.33668,0.33708,0.02,0.02
2012.12.03 15:37:44.474,0.33665,0.33705,0.03,0.02
2012.12.03 15:37:44.625,0.3366,0.33692,0.03,0.02
2012.12.03 15:37:46.974,0.33666,0.33706,0.02,0.02
2012.12.03 15:37:47.154,0.33661,0.33696,0.03,0.03
2012.12.03 15:37:49.404,0.3367,0.3371,0.03,0.02
2012.12.03 15:37:56.958,0.33667,0.33708,0.02,0.07
2012.12.03 15:38:04.182,0.33654,0.33684,0.03,0.02
2012.12.03 15:38:04.304,0.33655,0.33686,0.02,0.02
2012.12.03 15:38:04.844,0.33658,0.337,0.04,0.02
2012.12.03 15:38:05.394,0.33658,0.337,0.03,0.07
2012.12.03 15:38:08.854,0.33658,0.33688,0.02,0.02
2012.12.03 15:38:09.088,0.33656,0.3369,0.02,0.03
2012.12.03 15:38:09.565,0.33655,0.33688,0.03,0.02
2012.12.03 15:38:13.670,0.33653,0.33686,0.03,0.02
2012.12.03 15:38:13.855,0.33657,0.33697,0.03,0.02
2012.12.03 15:38:17.117,0.3365,0.3368,0.02,0.02
2012.12.03 15:38:17.234,0.33655,0.33697,0.02,0.03
2012.12.03 15:38:18.904,0.3365,0.33681,0.02,0.02
2012.12.03 15:38:18.975,0.3365,0.33681,0.05,0.03
2012.12.03 15:38:19.214,0.33652,0.33682,0.03,0.02
2012.12.03 15:38:20.224,0.3366,0.337,0.03,0.02
2012.12.03 15:38:26.864,0.33647,0.33677,0.02,0.02
2012.12.03 15:38:26.984,0.33654,0.33687,0.04,0.05
2012.12.03 15:38:27.571,0.33653,0.33683,0.02,0.02
2012.12.03 15:38:27.744,0.33652,0.33692,0.02,0.03
2012.12.03 15:38:28.944,0.33655,0.33695,0.02,0.02
2012.12.03 15:38:34.666,0.3365,0.33689,0.03,0.02
2012.12.03 15:38:37.856,0.33648,0.33687,0.03,0.02
2012.12.03 15:38:39.354,0.33648,0.3368,0.03,0.02
2012.12.03 15:38:40.474,0.33645,0.33679,0.03,0.02
2012.12.03 15:38:40.624,0.33645,0.33684,0.03,0.02
2012.12.03 15:38:45.996,0.33648,0.33686,0.03,0.04
2012.12.03 15:38:46.886,0.33651,0.33689,0.03,0.02
2012.12.03 15:38:48.244,0.33646,0.33677,0.02,0.03
2012.12.03 15:38:48.484,0.33643,0.33674,0.02,0.03
2012.12.03 15:38:50.024,0.33643,0.33684,0.05,0.03
2012.12.03 15:38:53.684,0.3364,0.33671,0.02,0.03
2012.12.03 15:38:53.871,0.33644,0.3368,0.03,0.02
2012.12.03 15:38:56.804,0.33638,0.33669,0.02,0.03
2012.12.03 15:39:01.504,0.33644,0.33674,0.02,0.02
2012.12.03 15:39:01.666,0.33644,0.33681,0.03,0.02
2012.12.03 15:39:03.774,0.33641,0.33671,0.04,0.02
2012.12.03 15:39:03.894,0.33643,0.3368,0.03,0.02
2012.12.03 15:39:04.716,0.33642,0.33674,0.02,0.02
2012.12.03 15:39:04.894,0.33643,0.33683,0.03,0.03
2012.12.03 15:39:08.074,0.33643,0.33675,0.03,0.03
2012.12.03 15:39:08.195,0.33645,0.33685,0.04,0.02
2012.12.03 15:39:09.185,0.33647,0.33687,0.03,0.02
2012.12.03 15:39:09.695,0.33654,0.33691,0.03,0.03
2012.12.03 15:39:11.844,0.3365,0.33688,0.03,0.05
2012.12.03 15:39:13.064,0.3365,0.3369,0.05,0.02
2012.12.03 15:39:18.365,0.33646,0.33679,0.02,0.03
2012.12.03 15:39:18.484,0.33654,0.33684,0.02,0.02
2012.12.03 15:39:18.885,0.33656,0.33694,0.03,0.02
2012.12.03 15:39:25.924,0.33654,0.33686,0.04,0.03
2012.12.03 15:39:25.984,0.33654,0.33691,0.03,0.02
2012.12.03 15:39:34.904,0.33648,0.3368,0.03,0.03
2012.12.03 15:39:36.305,0.33645,0.33675,0.03,0.02
2012.12.03 15:39:36.917,0.33646,0.33678,0.03,0.03
2012.12.03 15:39:40.486,0.33645,0.33675,0.02,0.02
2012.12.03 15:39:40.724,0.33646,0.33687,0.03,0.03
2012.12.03 15:39:41.465,0.33645,0.33683,0.03,0.04
2012.12.03 15:39:41.524,0.33643,0.33676,0.04,0.02
2012.12.03 15:39:42.212,0.33643,0.33677,0.02,0.02
2012.12.03 15:39:51.315,0.33651,0.33682,0.02,0.03
2012.12.03 15:39:51.376,0.33651,0.3369,0.03,0.02
2012.12.03 15:39:52.095,0.33654,0.33693,0.03,0.02
2012.12.03 15:39:58.014,0.33653,0.33684,0.02,0.02
2012.12.03 15:39:58.074,0.33654,0.33695,0.04,0.02
2012.12.03 15:39:58.525,0.33653,0.33683,0.03,0.03
2012.12.03 15:40:00.854,0.33656,0.33687,0.03,0.02
2012.12.03 15:40:02.054,0.33653,0.33693,0.07,0.02
2012.12.03 15:40:13.404,0.33655,0.33695,0.03,0.03
2012.12.03 15:40:14.074,0.33655,0.33695,0.05,0.02
2012.12.03 15:40:22.035,0.33651,0.33683,0.03,0.03
2012.12.03 15:40:25.864,0.33655,0.33688,0.03,0.02
2012.12.03 15:40:25.924,0.3366,0.33697,0.03,0.04
2012.12.03 15:40:25.985,0.33657,0.33688,0.03,0.02
2012.12.03 15:40:26.475,0.33663,0.337,0.03,0.02
2012.12.03 15:40:32.284,0.3366,0.3369,0.02,0.03
2012.12.03 15:40:41.545,0.33666,0.33704,0.03,0.03
2012.12.03 15:40:42.094,0.33665,0.33704,0.03,0.02
2012.12.03 15:40:42.914,0.3366,0.33693,0.03,0.02
2012.12.03 15:40:48.395,0.33666,0.33696,0.02,0.02
2012.12.03 15:40:48.955,0.33666,0.33704,0.03,0.02
2012.12.03 15:40:54.775,0.3366,0.33694,0.03,0.03
2012.12.03 15:40:54.903,0.33663,0.33703,0.05,0.02
2012.12.03 15:40:56.554,0.33664,0.33706,0.05,0.03
2012.12.03 15:41:00.205,0.33663,0.33704,0.06,0.03
2012.12.03 15:41:08.984,0.33665,0.33706,0.05,0.03
2012.12.03 15:41:09.106,0.33661,0.33693,0.05,0.02
2012.12.03 15:41:14.275,0.33664,0.33704,0.03,0.03
2012.12.03 15:41:17.069,0.3366,0.33693,0.03,0.02
2012.12.03 15:41:17.571,0.33664,0.33696,0.02,0.02
2012.12.03 15:41:21.095,0.33658,0.33689,0.03,0.02
2012.12.03 15:41:21.214,0.33664,0.337,0.03,0.02
2012.12.03 15:41:21.769,0.3366,0.33696,0.02,0.02
2012.12.03 15:41:22.425,0.33663,0.337,0.03,0.03
2012.12.03 15:41:25.603,0.33661,0.33701,0.03,0.02
2012.12.03 15:41:26.173,0.33656,0.33686,0.02,0.02
2012.12.03 15:41:26.254,0.33658,0.33699,0.03,0.02
2012.12.03 15:41:30.045,0.33655,0.33695,0.03,0.02
2012.12.03 15:41:31.366,0.33654,0.33692,0.03,0.02
2012.12.03 15:41:31.705,0.33647,0.33678,0.02,0.02
2012.12.03 15:41:32.986,0.33647,0.3368,0.03,0.02
2012.12.03 15:41:33.113,0.33647,0.33687,0.03,0.02
2012.12.03 15:41:33.174,0.33643,0.33675,0.04,0.02
2012.12.03 15:41:33.445,0.33651,0.33691,0.02,0.02
2012.12.03 15:41:34.394,0.33654,0.33685,0.02,0.03
2012.12.03 15:41:34.954,0.33646,0.3368,0.02,0.03
2012.12.03 15:41:35.484,0.33655,0.33696,0.03,0.02
2012.12.03 15:41:36.694,0.33654,0.33692,0.05,0.02
2012.12.03 15:41:37.325,0.33654,0.33695,0.05,0.02
2012.12.03 15:41:38.233,0.33654,0.33694,0.06,0.02
2012.12.03 15:41:38.354,0.33653,0.33692,0.03,0.03
2012.12.03 15:41:39.795,0.3365,0.33682,0.03,0.03
2012.12.03 15:41:49.627,0.33647,0.3368,0.03,0.03
2012.12.03 15:41:50.225,0.33654,0.33687,0.02,0.02
2012.12.03 15:41:57.974,0.33653,0.33692,0.03,0.02
2012.12.03 15:41:58.035,0.3365,0.33682,0.03,0.02
2012.12.03 15:42:02.214,0.33647,0.3368,0.03,0.03
2012.12.03 15:42:04.185,0.33653,0.33683,0.02,0.02
2012.12.03 15:42:04.693,0.33655,0.33695,0.04,0.02
2012.12.03 15:42:24.432,0.33651,0.33683,0.03,0.03
2012.12.03 15:42:32.274,0.33665,0.33705,0.02,0.02
2012.12.03 15:42:32.809,0.33655,0.33688,0.05,0.02
2012.12.03 15:42:32.936,0.33658,0.33693,0.04,0.03
2012.12.03 15:42:48.195,0.33673,0.3371,0.03,0.03
2012.12.03 15:42:48.395,0.33669,0.33701,0.03,0.02
2012.12.03 15:42:51.325,0.33671,0.33704,0.03,0.03
2012.12.03 15:42:51.453,0.33674,0.33713,0.03,0.02
2012.12.03 15:42:52.214,0.33673,0.33704,0.03,0.03
2012.12.03 15:42:52.642,0.3367,0.33707,0.02,0.02
2012.12.03 15:42:52.704,0.33668,0.33708,0.05,0.03
2012.12.03 15:42:52.914,0.33665,0.33698,0.05,0.03
2012.12.03 15:42:55.026,0.3367,0.33701,0.02,0.02
2012.12.03 15:42:55.085,0.33667,0.337,0.03,0.02
2012.12.03 15:42:56.565,0.33671,0.33703,0.02,0.02
2012.12.03 15:42:56.885,0.33676,0.33706,0.02,0.03
2012.12.03 15:42:56.944,0.33667,0.33702,0.03,0.03
2012.12.03 15:42:58.286,0.33673,0.33705,0.03,0.03
2012.12.03 15:42:59.163,0.3367,0.33702,0.02,0.03
2012.12.03 15:42:59.345,0.33673,0.33713,0.05,0.03
2012.12.03 15:42:59.408,0.33672,0.33702,0.03,0.03
2012.12.03 15:42:59.583,0.33677,0.33717,0.03,0.02
2012.12.03 15:43:04.578,0.33674,0.33706,0.03,0.02
2012.12.03 15:43:11.871,0.33676,0.33715,0.03,0.02
2012.12.03 15:43:19.694,0.33675,0.33711,0.03,0.02
2012.12.03 15:43:20.331,0.33674,0.33706,0.03,0.03
2012.12.03 15:43:20.538,0.33667,0.33701,0.02,0.03
2012.12.03 15:43:20.656,0.33673,0.33705,0.03,0.03
2012.12.03 15:43:21.182,0.33666,0.33705,0.03,0.02
2012.12.03 15:43:24.813,0.33666,0.33702,0.03,0.06
2012.12.03 15:43:25.364,0.33664,0.33695,0.02,0.03
2012.12.03 15:43:25.485,0.33664,0.337,0.03,0.06
2012.12.03 15:43:35.705,0.33673,0.33707,0.03,0.03
2012.12.03 15:43:35.764,0.33671,0.33702,0.02,0.03
2012.12.03 15:43:35.891,0.33668,0.33702,0.03,0.02
2012.12.03 15:43:36.251,0.33674,0.33709,0.03,0.02
2012.12.03 15:43:38.405,0.33673,0.33707,0.04,0.02
2012.12.03 15:43:38.802,0.33673,0.33712,0.05,0.02
2012.12.03 15:43:39.354,0.33675,0.33714,0.03,0.02
2012.12.03 15:43:42.315,0.33672,0.33703,0.03,0.03
2012.12.03 15:43:42.374,0.33673,0.3371,0.03,0.03
2012.12.03 15:43:42.705,0.33667,0.33698,0.05,0.02
2012.12.03 15:43:48.491,0.33668,0.33698,0.02,0.02
2012.12.03 15:43:48.665,0.33674,0.33709,0.03,0.02
2012.12.03 15:43:51.295,0.33666,0.33705,0.03,0.03
2012.12.03 15:43:51.419,0.33669,0.33701,0.03,0.03
2012.12.03 15:43:51.601,0.33674,0.33709,0.03,0.03
2012.12.03 15:43:51.844,0.33667,0.33705,0.03,0.06
2012.12.03 15:43:52.832,0.33667,0.33706,0.03,0.02
2012.12.03 15:43:53.515,0.33668,0.337,0.03,0.03
2012.12.03 15:43:54.050,0.33674,0.33706,0.02,0.02
2012.12.03 15:43:54.465,0.33667,0.337,0.04,0.02
2012.12.03 15:43:54.645,0.33667,0.33704,0.03,0.02
2012.12.03 15:43:55.304,0.33674,0.33706,0.03,0.02
2012.12.03 15:43:55.489,0.33666,0.33706,0.03,0.03
2012.12.03 15:44:14.496,0.33664,0.33694,0.02,0.02
2012.12.03 15:44:16.730,0.33663,0.33701,0.05,0.03
2012.12.03 15:44:17.026,0.33657,0.33691,0.02,0.03
2012.12.03 15:44:19.865,0.33659,0.33691,0.03,0.02
2012.12.03 15:44:20.225,0.3366,0.33691,0.02,0.02
2012.12.03 15:44:20.285,0.3366,0.33696,0.03,0.02
2012.12.03 15:44:20.471,0.33656,0.33687,0.04,0.03
2012.12.03 15:44:20.595,0.33656,0.33693,0.03,0.02
2012.12.03 15:44:26.705,0.33658,0.33695,0.03,0.02
2012.12.03 15:44:30.823,0.33658,0.33691,0.03,0.03
2012.12.03 15:44:30.887,0.33658,0.33699,0.05,0.02
2012.12.03 15:44:31.405,0.33664,0.33696,0.02,0.02
2012.12.03 15:44:33.945,0.33664,0.33701,0.03,0.03
2012.12.03 15:44:34.065,0.33664,0.33696,0.03,0.03
2012.12.03 15:44:34.265,0.33666,0.33703,0.03,0.02
2012.12.03 15:44:35.445,0.33666,0.33696,0.03,0.02
2012.12.03 15:44:35.685,0.33674,0.33708,0.03,0.02
2012.12.03 15:44:36.412,0.33674,0.33705,0.02,0.02
2012.12.03 15:44:36.745,0.33667,0.33705,0.03,0.07
2012.12.03 15:44:37.095,0.33665,0.33698,0.02,0.02
2012.12.03 15:44:37.815,0.33673,0.33707,0.03,0.02
2012.12.03 15:44:39.565,0.33671,0.33702,0.02,0.03
2012.12.03 15:44:39.626,0.33667,0.33699,0.03,0.03
2012.12.03 15:44:42.287,0.33665,0.33696,0.02,0.03
2012.12.03 15:44:42.717,0.33664,0.33696,0.02,0.02
2012.12.03 15:44:43.234,0.33663,0.33693,0.02,0.02
2012.12.03 15:44:44.525,0.3366,0.33694,0.03,0.02
2012.12.03 15:44:44.766,0.33665,0.33697,0.02,0.02
2012.12.03 15:44:44.824,0.33665,0.33703,0.03,0.05
2012.12.03 15:44:53.884,0.33665,0.33698,0.03,0.02
2012.12.03 15:44:55.174,0.33665,0.33704,0.03,0.02
2012.12.03 15:44:56.526,0.3366,0.3369,0.02,0.02
2012.12.03 15:44:56.585,0.33664,0.33696,0.02,0.02
2012.12.03 15:44:56.816,0.33664,0.33699,0.03,0.02
2012.12.03 15:44:57.255,0.33659,0.33691,0.02,0.03
2012.12.03 15:44:57.321,0.33664,0.33696,0.03,0.02
2012.12.03 15:44:59.185,0.33657,0.3369,0.03,0.03
2012.12.03 15:44:59.741,0.33657,0.33695,0.03,0.04
2012.12.03 15:45:00.256,0.33655,0.33685,0.04,0.02
2012.12.03 15:45:00.510,0.33655,0.33693,0.03,0.03
2012.12.03 15:45:00.565,0.33654,0.33685,0.02,0.03
2012.12.03 15:45:00.946,0.33653,0.3369,0.03,0.02
2012.12.03 15:45:01.529,0.33654,0.3369,0.03,0.02
2012.12.03 15:45:04.841,0.33654,0.33691,0.03,0.03
2012.12.03 15:45:04.895,0.33654,0.3369,0.04,0.04
2012.12.03 15:45:06.952,0.33651,0.33681,0.04,0.02
2012.12.03 15:45:07.044,0.33654,0.3369,0.03,0.03
2012.12.03 15:45:10.350,0.33654,0.33692,0.03,0.02
2012.12.03 15:45:11.973,0.33648,0.3368,0.03,0.03
2012.12.03 15:45:15.625,0.33654,0.3369,0.03,0.03
2012.12.03 15:45:16.796,0.33645,0.33679,0.03,0.02
2012.12.03 15:45:16.919,0.33654,0.33687,0.03,0.03
2012.12.03 15:45:19.736,0.33646,0.33678,0.02,0.03
2012.12.03 15:45:20.166,0.33638,0.33669,0.05,0.02
2012.12.03 15:45:20.480,0.33645,0.33685,0.03,0.02
2012.12.03 15:45:26.525,0.33642,0.33672,0.03,0.03
2012.12.03 15:45:27.092,0.33646,0.33687,0.05,0.03
2012.12.03 15:45:45.035,0.33641,0.33673,0.03,0.02
2012.12.03 15:45:45.549,0.33643,0.33673,0.05,0.02
2012.12.03 15:45:45.812,0.33643,0.33684,0.07,0.04
2012.12.03 15:45:45.878,0.33638,0.33669,0.05,0.02
2012.12.03 15:45:46.195,0.33641,0.3368,0.03,0.02
2012.12.03 15:45:46.805,0.33644,0.33675,0.02,0.06
2012.12.03 15:45:48.156,0.33641,0.33673,0.02,0.02
2012.12.03 15:45:49.195,0.33641,0.33673,0.03,0.03
2012.12.03 15:45:49.775,0.33638,0.33668,0.02,0.03
2012.12.03 15:45:52.129,0.33638,0.33678,0.04,0.02
2012.12.03 15:45:52.935,0.33636,0.33667,0.02,0.03
2012.12.03 15:45:55.565,0.33636,0.33675,0.03,0.02
2012.12.03 15:46:13.999,0.3363,0.3366,0.02,0.02
2012.12.03 15:46:14.115,0.33638,0.33668,0.02,0.02
2012.12.03 15:46:14.175,0.33638,0.33679,0.05,0.03
2012.12.03 15:46:19.575,0.33634,0.33666,0.02,0.03
2012.12.03 15:46:19.635,0.33634,0.33675,0.05,0.02
2012.12.03 15:46:20.152,0.33628,0.3366,0.03,0.03
2012.12.03 15:46:23.449,0.33633,0.33673,0.05,0.02
2012.12.03 15:46:23.998,0.33633,0.33671,0.03,0.02
2012.12.03 15:46:24.555,0.33636,0.33676,0.03,0.02
2012.12.03 15:46:24.935,0.33636,0.33668,0.03,0.02
2012.12.03 15:46:30.705,0.33636,0.33667,0.03,0.02
2012.12.03 15:46:30.764,0.33639,0.3368,0.03,0.03
2012.12.03 15:46:34.459,0.33639,0.33679,0.04,0.02
2012.12.03 15:46:34.515,0.33639,0.3367,0.03,0.03
2012.12.03 15:46:42.035,0.33635,0.33669,0.03,0.02
2012.12.03 15:46:42.642,0.33638,0.33676,0.04,0.09
2012.12.03 15:46:44.515,0.33644,0.33682,0.03,0.03
2012.12.03 15:47:02.605,0.33635,0.33668,0.03,0.02
2012.12.03 15:47:02.665,0.33639,0.33677,0.03,0.02
2012.12.03 15:47:05.395,0.33643,0.33681,0.03,0.02
2012.12.03 15:47:05.585,0.3364,0.33671,0.03,0.03
2012.12.03 15:47:10.825,0.33642,0.33674,0.03,0.02
2012.12.03 15:47:11.318,0.33644,0.33683,0.03,0.02
2012.12.03 15:47:11.435,0.33642,0.33676,0.03,0.02
2012.12.03 15:47:11.615,0.33644,0.33674,0.02,0.02
2012.12.03 15:47:11.735,0.33645,0.33675,0.02,0.02
2012.12.03 15:47:12.332,0.33645,0.33683,0.03,0.06
2012.12.03 15:47:17.525,0.33649,0.33685,0.03,0.06
2012.12.03 15:47:17.586,0.33644,0.33677,0.05,0.02
2012.12.03 15:47:18.735,0.3364,0.33673,0.02,0.03
2012.12.03 15:47:20.078,0.33645,0.33683,0.03,0.06
2012.12.03 15:47:25.645,0.33645,0.33676,0.03,0.03
2012.12.03 15:47:25.705,0.33648,0.33684,0.03,0.02
2012.12.03 15:47:28.175,0.33651,0.33681,0.02,0.02
2012.12.03 15:47:28.235,0.33653,0.33688,0.03,0.02
2012.12.03 15:47:33.205,0.33651,0.33682,0.03,0.02
2012.12.03 15:47:33.931,0.33653,0.3369,0.05,0.03
2012.12.03 15:47:34.715,0.3365,0.33684,0.03,0.02
2012.12.03 15:47:35.194,0.33656,0.33687,0.02,0.02
2012.12.03 15:47:35.255,0.33656,0.33691,0.03,0.02
2012.12.03 15:47:35.447,0.33656,0.33695,0.03,0.03
2012.12.03 15:47:36.796,0.33654,0.33686,0.02,0.03
2012.12.03 15:47:41.095,0.33663,0.33696,0.03,0.03
2012.12.03 15:47:41.171,0.33661,0.33693,0.02,0.02
2012.12.03 15:47:41.306,0.33663,0.337,0.03,0.02
2012.12.03 15:47:42.795,0.33664,0.33694,0.04,0.02
2012.12.03 15:47:44.075,0.33661,0.33692,0.02,0.03
2012.12.03 15:47:44.338,0.33663,0.33697,0.03,0.07
2012.12.03 15:47:45.015,0.33655,0.33687,0.02,0.03
2012.12.03 15:47:45.136,0.33655,0.33695,0.03,0.02
2012.12.03 15:47:45.197,0.33655,0.33687,0.03,0.02
2012.12.03 15:47:48.575,0.33653,0.33691,0.05,0.05
2012.12.03 15:47:49.132,0.33654,0.33684,0.02,0.02
2012.12.03 15:47:50.668,0.33653,0.3369,0.03,0.02
2012.12.03 15:47:51.915,0.33647,0.33677,0.03,0.02
2012.12.03 15:47:52.035,0.33654,0.33688,0.03,0.02
2012.12.03 15:47:52.811,0.33651,0.33682,0.03,0.02
2012.12.03 15:47:58.045,0.33642,0.33672,0.03,0.02
2012.12.03 15:47:58.105,0.33646,0.33685,0.03,0.02
2012.12.03 15:48:01.868,0.33647,0.33679,0.02,0.03
2012.12.03 15:48:01.925,0.33647,0.33681,0.03,0.02
2012.12.03 15:48:02.045,0.33647,0.33687,0.03,0.03
2012.12.03 15:48:02.648,0.33651,0.33688,0.03,0.02
2012.12.03 15:48:03.576,0.33651,0.33682,0.03,0.03
2012.12.03 15:48:05.255,0.33654,0.33693,0.03,0.04
2012.12.03 15:48:05.375,0.33657,0.33687,0.02,0.03
2012.12.03 15:48:20.175,0.33654,0.33685,0.03,0.03
2012.12.03 15:48:24.805,0.33657,0.33688,0.03,0.03
2012.12.03 15:48:25.341,0.33663,0.33695,0.03,0.03
2012.12.03 15:48:25.478,0.33663,0.33699,0.03,0.02
2012.12.03 15:48:26.759,0.33657,0.33688,0.03,0.02
2012.12.03 15:48:26.816,0.33663,0.33695,0.03,0.03
2012.12.03 15:48:27.959,0.33657,0.33687,0.03,0.02
2012.12.03 15:48:28.075,0.33657,0.33697,0.05,0.02
2012.12.03 15:48:29.736,0.33663,0.33697,0.02,0.06
2012.12.03 15:48:32.111,0.33658,0.33689,0.03,0.02
2012.12.03 15:48:32.834,0.33661,0.33691,0.03,0.02
2012.12.03 15:48:33.026,0.33664,0.33701,0.03,0.04
2012.12.03 15:48:33.366,0.3367,0.33701,0.02,0.02
2012.12.03 15:48:33.487,0.33667,0.337,0.03,0.03
2012.12.03 15:48:33.895,0.33674,0.33712,0.05,0.02
2012.12.03 15:48:33.955,0.33676,0.33706,0.02,0.02
2012.12.03 15:48:34.446,0.33677,0.33715,0.03,0.05
2012.12.03 15:48:34.918,0.33675,0.33705,0.03,0.02
2012.12.03 15:48:36.465,0.33683,0.33715,0.02,0.04
2012.12.03 15:48:36.853,0.33684,0.3372,0.03,0.03
2012.12.03 15:48:37.108,0.33683,0.33716,0.03,0.02
2012.12.03 15:48:37.506,0.33683,0.33719,0.03,0.02
2012.12.03 15:48:39.035,0.33675,0.33707,0.02,0.03
2012.12.03 15:48:39.245,0.33683,0.33715,0.02,0.02
2012.12.03 15:48:39.822,0.33684,0.33715,0.02,0.03
2012.12.03 15:48:40.352,0.33684,0.33716,0.04,0.03
2012.12.03 15:48:41.545,0.33684,0.33715,0.03,0.03
2012.12.03 15:48:41.665,0.33687,0.33725,0.03,0.04
2012.12.03 15:48:42.356,0.33678,0.33711,0.03,0.02
2012.12.03 15:48:42.535,0.33685,0.33716,0.03,0.02
2012.12.03 15:48:42.595,0.33674,0.33705,0.03,0.02
2012.12.03 15:48:42.897,0.33673,0.33703,0.02,0.02
2012.12.03 15:48:43.075,0.33683,0.33713,0.03,0.02
2012.12.03 15:48:43.135,0.3368,0.33711,0.02,0.02
2012.12.03 15:48:43.266,0.33683,0.33718,0.03,0.03
2012.12.03 15:48:45.685,0.3368,0.3371,0.03,0.02
2012.12.03 15:48:47.274,0.33678,0.3371,0.02,0.02
2012.12.03 15:48:47.936,0.33684,0.33715,0.02,0.02
2012.12.03 15:48:50.925,0.3368,0.33713,0.03,0.02
2012.12.03 15:48:50.985,0.33684,0.33722,0.03,0.03
2012.12.03 15:48:52.037,0.33679,0.3371,0.03,0.03
2012.12.03 15:48:53.865,0.33672,0.33704,0.04,0.03
2012.12.03 15:48:54.056,0.33676,0.33715,0.03,0.03
2012.12.03 15:49:00.386,0.33674,0.33711,0.03,0.03
2012.12.03 15:49:05.455,0.33684,0.33714,0.02,0.03
2012.12.03 15:49:06.005,0.33679,0.33711,0.03,0.03
2012.12.03 15:49:06.065,0.33684,0.33717,0.03,0.02
2012.12.03 15:49:07.385,0.33684,0.33716,0.02,0.02
2012.12.03 15:49:18.765,0.33681,0.33713,0.03,0.02
2012.12.03 15:49:18.885,0.33684,0.33722,0.03,0.02
2012.12.03 15:49:22.115,0.33678,0.3371,0.05,0.03
2012.12.03 15:49:23.245,0.33684,0.33722,0.05,0.02
2012.12.03 15:49:23.512,0.3368,0.33714,0.03,0.03
2012.12.03 15:49:23.626,0.33685,0.33716,0.03,0.02
2012.12.03 15:49:24.025,0.33688,0.33725,0.03,0.02
2012.12.03 15:49:25.547,0.33694,0.33727,0.02,0.02
2012.12.03 15:49:25.607,0.33691,0.33723,0.03,0.02
2012.12.03 15:49:26.277,0.33696,0.33736,0.03,0.03
2012.12.03 15:49:26.992,0.33694,0.33725,0.02,0.03
2012.12.03 15:49:27.706,0.33698,0.33736,0.03,0.05
2012.12.03 15:49:27.950,0.33693,0.33726,0.03,0.02
2012.12.03 15:49:30.247,0.33691,0.33726,0.03,0.04
2012.12.03 15:49:31.166,0.33693,0.33727,0.04,0.02
2012.12.03 15:49:32.170,0.33693,0.33726,0.05,0.02
2012.12.03 15:49:33.159,0.33692,0.33723,0.03,0.03
2012.12.03 15:49:38.535,0.33704,0.33734,0.02,0.02
2012.12.03 15:49:38.695,0.33696,0.33728,0.03,0.03
2012.12.03 15:49:40.386,0.33698,0.33728,0.03,0.02
2012.12.03 15:49:40.565,0.33703,0.33738,0.03,0.02
2012.12.03 15:49:45.465,0.33704,0.33739,0.03,0.03
2012.12.03 15:49:46.325,0.33699,0.33733,0.03,0.03
2012.12.03 15:49:50.566,0.33703,0.33735,0.03,0.03
2012.12.03 15:49:50.625,0.33696,0.33731,0.03,0.02
2012.12.03 15:49:50.945,0.33692,0.33724,0.03,0.03
2012.12.03 15:49:54.962,0.33696,0.33727,0.03,0.03
2012.12.03 15:49:55.177,0.33698,0.33736,0.03,0.03
2012.12.03 15:49:55.296,0.33696,0.33729,0.03,0.03
2012.12.03 15:49:56.177,0.33701,0.33738,0.03,0.02
2012.12.03 15:49:56.753,0.33704,0.33737,0.03,0.05
2012.12.03 15:49:58.406,0.33697,0.33727,0.03,0.02
2012.12.03 15:49:58.525,0.33699,0.33735,0.03,0.04
2012.12.03 15:49:59.565,0.33695,0.33725,0.04,0.02
2012.12.03 15:50:00.092,0.33695,0.33725,0.04,0.02
2012.12.03 15:50:04.534,0.33694,0.33725,0.02,0.03
2012.12.03 15:50:05.063,0.33694,0.33734,0.07,0.02
2012.12.03 15:50:06.456,0.33693,0.33723,0.04,0.02
2012.12.03 15:50:06.575,0.33694,0.33725,0.03,0.02
2012.12.03 15:50:06.775,0.33688,0.33721,0.03,0.03
2012.12.03 15:50:07.856,0.33692,0.33724,0.02,0.03
2012.12.03 15:50:11.795,0.33693,0.3373,0.03,0.03
2012.12.03 15:50:11.855,0.33686,0.33718,0.03,0.02
2012.12.03 15:50:12.035,0.33686,0.33726,0.03,0.02
2012.12.03 15:50:12.096,0.33687,0.33717,0.02,0.02
2012.12.03 15:50:12.666,0.33693,0.33729,0.03,0.02
2012.12.03 15:50:15.015,0.33685,0.33718,0.03,0.02
2012.12.03 15:50:15.716,0.33685,0.33724,0.03,0.02
2012.12.03 15:50:16.425,0.33685,0.33718,0.03,0.03
2012.12.03 15:50:16.486,0.33686,0.33716,0.02,0.02
2012.12.03 15:50:16.557,0.33685,0.33715,0.03,0.03
2012.12.03 15:50:16.745,0.33687,0.33726,0.03,0.02
2012.12.03 15:50:17.055,0.33682,0.33714,0.04,0.03
2012.12.03 15:50:17.235,0.33686,0.33724,0.03,0.02
2012.12.03 15:50:17.755,0.33686,0.33724,0.03,0.02
2012.12.03 15:50:21.125,0.33685,0.3372,0.03,0.02
2012.12.03 15:50:22.105,0.33684,0.33716,0.03,0.03
2012.12.03 15:50:23.335,0.33688,0.33726,0.03,0.02
2012.12.03 15:50:23.576,0.33686,0.33724,0.03,0.02
2012.12.03 15:50:24.382,0.33683,0.33714,0.04,0.02
2012.12.03 15:50:31.694,0.33684,0.33722,0.03,0.02
2012.12.03 15:50:32.706,0.33682,0.33714,0.03,0.02
2012.12.03 15:50:32.825,0.33678,0.33711,0.03,0.03
2012.12.03 15:50:33.626,0.33675,0.33705,0.02,0.02
2012.12.03 15:50:33.687,0.33675,0.33715,0.03,0.02
2012.12.03 15:50:33.747,0.33673,0.33703,0.02,0.02
2012.12.03 15:50:33.962,0.33676,0.33712,0.03,0.06
2012.12.03 15:50:34.575,0.33676,0.33707,0.03,0.02
2012.12.03 15:50:36.327,0.33676,0.33707,0.03,0.03
2012.12.03 15:50:38.086,0.33668,0.33699,0.03,0.02
2012.12.03 15:50:38.816,0.33674,0.33713,0.03,0.02
2012.12.03 15:50:43.685,0.33674,0.33711,0.03,0.03
2012.12.03 15:50:43.935,0.33673,0.33708,0.03,0.07
2012.12.03 15:50:48.746,0.33668,0.337,0.04,0.03
2012.12.03 15:50:53.795,0.33668,0.33706,0.03,0.03
2012.12.03 15:50:53.926,0.33668,0.33704,0.03,0.08
2012.12.03 15:50:54.046,0.33659,0.3369,0.05,0.02
2012.12.03 15:50:54.119,0.33666,0.33696,0.02,0.02
2012.12.03 15:50:54.883,0.33666,0.33706,0.03,0.03
2012.12.03 15:50:55.146,0.33663,0.33701,0.05,0.03
2012.12.03 15:50:55.695,0.3366,0.33695,0.02,0.03
2012.12.03 15:50:56.207,0.33663,0.33697,0.03,0.03
2012.12.03 15:50:56.695,0.33656,0.33692,0.02,0.07
2012.12.03 15:50:56.815,0.33658,0.33688,0.02,0.02
2012.12.03 15:50:56.875,0.33658,0.33694,0.03,0.04
2012.12.03 15:50:57.416,0.33663,0.33694,0.03,0.03
2012.12.03 15:50:57.686,0.33663,0.33697,0.03,0.04
2012.12.03 15:50:59.605,0.33663,0.33694,0.05,0.03
2012.12.03 15:50:59.665,0.33663,0.337,0.05,0.03
2012.12.03 15:51:00.025,0.33664,0.33699,0.03,0.02
2012.12.03 15:51:02.315,0.33664,0.33694,0.03,0.02
2012.12.03 15:51:02.496,0.33668,0.33709,0.05,0.02
2012.12.03 15:51:02.556,0.3367,0.33702,0.02,0.03
2012.12.03 15:51:05.453,0.33673,0.33705,0.05,0.03
2012.12.03 15:51:05.576,0.33675,0.33711,0.03,0.02
2012.12.03 15:51:06.126,0.33675,0.33715,0.03,0.03
2012.12.03 15:51:07.565,0.33676,0.33706,0.02,0.02
2012.12.03 15:51:07.805,0.33676,0.33712,0.03,0.05
2012.12.03 15:51:08.456,0.33672,0.33705,0.04,0.03
2012.12.03 15:51:08.874,0.33673,0.3371,0.03,0.05
2012.12.03 15:51:09.135,0.33678,0.33712,0.03,0.03
2012.12.03 15:51:09.255,0.33676,0.33706,0.02,0.02
2012.12.03 15:51:09.556,0.33673,0.33712,0.05,0.03
2012.12.03 15:51:09.675,0.33667,0.33697,0.02,0.02
2012.12.03 15:51:09.856,0.33673,0.33709,0.03,0.02
2012.12.03 15:51:10.785,0.33673,0.3371,0.03,0.02
2012.12.03 15:51:11.195,0.33672,0.33703,0.02,0.03
2012.12.03 15:51:11.316,0.33674,0.33713,0.03,0.02
2012.12.03 15:51:13.420,0.33671,0.33703,0.02,0.03
2012.12.03 15:51:13.495,0.33674,0.33711,0.03,0.02
2012.12.03 15:51:13.615,0.33672,0.33703,0.02,0.03
2012.12.03 15:51:14.139,0.33673,0.3371,0.03,0.05
2012.12.03 15:51:14.196,0.33673,0.33703,0.02,0.02
2012.12.03 15:51:14.265,0.33675,0.33714,0.03,0.02
2012.12.03 15:51:15.072,0.33675,0.33709,0.03,0.03
2012.12.03 15:51:15.584,0.33675,0.33716,0.05,0.03
2012.12.03 15:51:18.185,0.33675,0.33713,0.03,0.06
2012.12.03 15:51:18.305,0.33672,0.33703,0.02,0.03
2012.12.03 15:51:18.486,0.33676,0.33708,0.02,0.02
2012.12.03 15:51:18.824,0.33676,0.33716,0.03,0.03
2012.12.03 15:51:21.225,0.33672,0.33705,0.02,0.03
2012.12.03 15:51:21.456,0.33673,0.33713,0.05,0.02
2012.12.03 15:51:24.745,0.33675,0.33715,0.05,0.02
2012.12.03 15:51:25.525,0.33678,0.33714,0.02,0.04
2012.12.03 15:51:25.585,0.33678,0.3372,0.04,0.05
2012.12.03 15:51:26.684,0.33667,0.33699,0.03,0.02
2012.12.03 15:51:26.805,0.33675,0.33707,0.03,0.02
2012.12.03 15:51:29.057,0.33675,0.33706,0.04,0.03
2012.12.03 15:51:29.237,0.33678,0.3371,0.03,0.03
2012.12.03 15:51:29.605,0.33678,0.33718,0.05,0.02
2012.12.03 15:51:30.135,0.33677,0.33708,0.04,0.03
2012.12.03 15:51:30.486,0.33676,0.33715,0.03,0.02
2012.12.03 15:51:32.516,0.33675,0.33713,0.03,0.04
2012.12.03 15:51:33.557,0.33677,0.33709,0.03,0.03
2012.12.03 15:51:33.617,0.33677,0.33716,0.03,0.04
2012.12.03 15:51:34.176,0.33676,0.33708,0.05,0.02
2012.12.03 15:51:37.726,0.33677,0.33709,0.02,0.03
2012.12.03 15:51:38.687,0.33678,0.33718,0.03,0.02
2012.12.03 15:51:41.785,0.33684,0.33714,0.02,0.02
2012.12.03 15:51:41.925,0.33684,0.33722,0.03,0.02
2012.12.03 15:51:52.508,0.33677,0.33708,0.03,0.02
2012.12.03 15:51:54.395,0.33679,0.33719,0.03,0.02
2012.12.03 15:51:54.516,0.33676,0.3371,0.03,0.02
2012.12.03 15:51:54.793,0.33678,0.33716,0.03,0.02
2012.12.03 15:51:55.481,0.33677,0.3371,0.03,0.03
2012.12.03 15:51:57.156,0.33683,0.33717,0.02,0.02
2012.12.03 15:52:01.337,0.33677,0.33707,0.02,0.02
2012.12.03 15:52:01.546,0.33679,0.33717,0.02,0.04
2012.12.03 15:52:02.205,0.33684,0.33721,0.03,0.02
2012.12.03 15:52:05.096,0.33679,0.33711,0.03,0.04
2012.12.03 15:52:05.456,0.33684,0.33722,0.03,0.02
2012.12.03 15:52:07.623,0.33684,0.33723,0.03,0.02
2012.12.03 15:52:10.605,0.33673,0.33709,0.03,0.05
2012.12.03 15:52:10.726,0.33674,0.33714,0.03,0.02
2012.12.03 15:52:14.676,0.33678,0.33709,0.03,0.02
2012.12.03 15:52:14.736,0.33678,0.33717,0.03,0.02
2012.12.03 15:52:14.796,0.3368,0.3372,0.05,0.02
2012.12.03 15:52:15.443,0.33684,0.33714,0.02,0.02
2012.12.03 15:52:18.987,0.33681,0.33714,0.03,0.02
2012.12.03 15:52:19.335,0.3368,0.33711,0.05,0.02
2012.12.03 15:52:19.795,0.3368,0.33712,0.02,0.03
2012.12.03 15:52:19.855,0.33686,0.33724,0.03,0.02
2012.12.03 15:52:22.405,0.33685,0.33717,0.02,0.03
2012.12.03 15:52:33.366,0.33685,0.33716,0.03,0.03
2012.12.03 15:52:33.426,0.33688,0.33729,0.04,0.03
2012.12.03 15:52:33.905,0.33685,0.33717,0.04,0.02
2012.12.03 15:52:34.462,0.33688,0.33727,0.04,0.02
2012.12.03 15:52:35.696,0.33683,0.33713,0.02,0.02
2012.12.03 15:52:35.756,0.33685,0.33724,0.03,0.02
2012.12.03 15:52:36.303,0.33685,0.33725,0.05,0.03
2012.12.03 15:52:36.690,0.33688,0.3372,0.03,0.02
2012.12.03 15:52:36.885,0.33691,0.33731,0.02,0.02
2012.12.03 15:52:36.962,0.33688,0.3373,0.03,0.03
2012.12.03 15:52:37.495,0.33689,0.33727,0.03,0.04
2012.12.03 15:52:39.217,0.33687,0.33717,0.02,0.02
2012.12.03 15:52:41.814,0.33689,0.3373,0.03,0.03
2012.12.03 15:52:46.863,0.33693,0.33731,0.03,0.02
2012.12.03 15:52:57.265,0.33691,0.33724,0.02,0.02
2012.12.03 15:52:57.386,0.3369,0.33724,0.05,0.02
2012.12.03 15:52:59.385,0.33694,0.33732,0.05,0.02
2012.12.03 15:53:02.525,0.33687,0.3372,0.05,0.04
2012.12.03 15:53:02.586,0.33684,0.33714,0.02,0.02
2012.12.03 15:53:02.985,0.33685,0.33725,0.05,0.02
2012.12.03 15:53:03.275,0.33687,0.33717,0.03,0.02
2012.12.03 15:53:05.286,0.33686,0.33718,0.02,0.03
2012.12.03 15:53:05.406,0.33686,0.33725,0.03,0.02
2012.12.03 15:53:05.646,0.33687,0.3372,0.03,0.02
2012.12.03 15:53:05.766,0.33689,0.33731,0.03,0.03
2012.12.03 15:53:08.756,0.33683,0.33715,0.03,0.03
2012.12.03 15:53:08.876,0.33684,0.33724,0.05,0.02
2012.12.03 15:53:09.425,0.33684,0.33722,0.03,0.02
2012.12.03 15:53:10.333,0.3368,0.3371,0.02,0.02
2012.12.03 15:53:10.407,0.33684,0.3372,0.03,0.02
2012.12.03 15:53:22.836,0.33676,0.33707,0.02,0.03
2012.12.03 15:53:22.895,0.33676,0.33716,0.03,0.02
2012.12.03 15:53:22.956,0.33678,0.33714,0.03,0.04
2012.12.03 15:53:23.146,0.33678,0.3372,0.05,0.03
2012.12.03 15:53:23.526,0.33681,0.33713,0.02,0.02
2012.12.03 15:53:25.635,0.33678,0.3371,0.02,0.03
2012.12.03 15:53:25.695,0.33684,0.33721,0.03,0.02
2012.12.03 15:53:26.097,0.33678,0.33717,0.05,0.02
2012.12.03 15:53:27.733,0.33678,0.33718,0.03,0.02
2012.12.03 15:53:28.482,0.33678,0.33709,0.03,0.02
2012.12.03 15:53:30.757,0.33674,0.33707,0.03,0.02
2012.12.03 15:53:30.816,0.33678,0.33712,0.03,0.02
2012.12.03 15:53:31.362,0.33673,0.33713,0.05,0.02
2012.12.03 15:53:32.576,0.33672,0.3371,0.03,0.03
2012.12.03 15:53:33.133,0.33674,0.33713,0.03,0.02
2012.12.03 15:53:34.326,0.33673,0.33711,0.05,0.02
2012.12.03 15:53:34.903,0.33674,0.33712,0.03,0.02
2012.12.03 15:53:35.209,0.33676,0.33706,0.02,0.02
2012.12.03 15:53:35.583,0.33676,0.33716,0.03,0.03
2012.12.03 15:53:40.865,0.33674,0.33705,0.03,0.02
2012.12.03 15:53:41.417,0.33674,0.33706,0.03,0.02
2012.12.03 15:53:41.537,0.33674,0.33711,0.03,0.02
2012.12.03 15:53:45.994,0.33673,0.33705,0.05,0.02
2012.12.03 15:53:46.567,0.33674,0.33712,0.03,0.02
2012.12.03 15:53:58.917,0.33668,0.337,0.02,0.03
2012.12.03 15:53:58.977,0.3367,0.337,0.02,0.02
2012.12.03 15:53:59.376,0.3367,0.33706,0.03,0.02
2012.12.03 15:53:59.497,0.33668,0.33707,0.03,0.03
2012.12.03 15:54:00.026,0.33665,0.33699,0.05,0.03
2012.12.03 15:54:00.579,0.33665,0.33696,0.03,0.03
2012.12.03 15:54:00.756,0.3366,0.33694,0.02,0.03
2012.12.03 15:54:00.936,0.33663,0.337,0.03,0.02
2012.12.03 15:54:02.906,0.33658,0.33691,0.03,0.02
2012.12.03 15:54:04.511,0.33658,0.33696,0.03,0.02
2012.12.03 15:54:05.436,0.33655,0.33685,0.02,0.02
2012.12.03 15:54:05.502,0.33655,0.33694,0.03,0.02
2012.12.03 15:54:05.556,0.3365,0.3368,0.04,0.02
2012.12.03 15:54:05.756,0.33655,0.33686,0.03,0.03
2012.12.03 15:54:06.403,0.33655,0.33694,0.03,0.02
2012.12.03 15:54:07.657,0.33654,0.33685,0.02,0.03
2012.12.03 15:54:08.243,0.33658,0.33688,0.02,0.02
2012.12.03 15:54:08.771,0.33664,0.33696,0.03,0.02
2012.12.03 15:54:09.285,0.33657,0.33688,0.03,0.02
2012.12.03 15:54:12.747,0.3365,0.33683,0.03,0.03
2012.12.03 15:54:12.822,0.33654,0.3369,0.03,0.02
2012.12.03 15:54:14.186,0.33654,0.33686,0.02,0.04
2012.12.03 15:54:14.537,0.33648,0.33681,0.02,0.03
2012.12.03 15:54:14.816,0.33648,0.33688,0.03,0.02
2012.12.03 15:54:15.056,0.33646,0.33676,0.04,0.02
2012.12.03 15:54:18.516,0.33648,0.33681,0.03,0.02
2012.12.03 15:54:19.261,0.33648,0.33678,0.03,0.02
2012.12.03 15:54:19.376,0.33651,0.33683,0.03,0.02
2012.12.03 15:54:19.436,0.33654,0.3369,0.03,0.02
2012.12.03 15:54:26.037,0.33647,0.33679,0.03,0.02
2012.12.03 15:54:26.406,0.33651,0.33687,0.03,0.07
2012.12.03 15:54:26.466,0.33646,0.33676,0.02,0.02
2012.12.03 15:54:26.656,0.33646,0.33685,0.03,0.02
2012.12.03 15:54:34.166,0.33639,0.33669,0.02,0.02
2012.12.03 15:54:34.506,0.33644,0.33682,0.03,0.03
2012.12.03 15:54:35.126,0.33644,0.33681,0.03,0.02
2012.12.03 15:54:37.341,0.33644,0.33684,0.03,0.02
2012.12.03 15:54:37.576,0.33643,0.33683,0.05,0.04
2012.12.03 15:54:37.696,0.33644,0.33679,0.03,0.02
2012.12.03 15:54:37.877,0.33642,0.33673,0.03,0.02
2012.12.03 15:54:37.935,0.33645,0.33683,0.03,0.06
2012.12.03 15:54:38.541,0.33639,0.33669,0.06,0.02
2012.12.03 15:54:39.064,0.33643,0.33681,0.03,0.02
2012.12.03 15:54:40.786,0.33644,0.33679,0.03,0.03
2012.12.03 15:54:41.302,0.33644,0.3368,0.03,0.03
2012.12.03 15:54:42.666,0.33644,0.33676,0.02,0.04
2012.12.03 15:54:43.176,0.33644,0.33674,0.02,0.02
2012.12.03 15:54:44.235,0.33644,0.33681,0.03,0.02
2012.12.03 15:54:44.355,0.33643,0.33674,0.03,0.03
2012.12.03 15:54:45.761,0.3364,0.33671,0.04,0.03
2012.12.03 15:54:46.146,0.33639,0.33671,0.03,0.03
2012.12.03 15:54:46.903,0.33641,0.33673,0.02,0.03
2012.12.03 15:54:49.071,0.33643,0.3368,0.03,0.05
2012.12.03 15:54:49.126,0.33643,0.33675,0.02,0.02
2012.12.03 15:54:49.566,0.3364,0.33675,0.05,0.02
2012.12.03 15:54:51.336,0.33644,0.33681,0.03,0.02
2012.12.03 15:54:57.756,0.33641,0.33673,0.03,0.02
2012.12.03 15:54:58.131,0.33648,0.33679,0.02,0.02
2012.12.03 15:54:58.246,0.33644,0.33676,0.03,0.03
2012.12.03 15:54:58.426,0.33646,0.33685,0.03,0.02
2012.12.03 15:55:10.336,0.33649,0.33685,0.03,0.05
2012.12.03 15:55:11.540,0.33638,0.33673,0.03,0.03
2012.12.03 15:55:11.786,0.33645,0.33683,0.03,0.05
2012.12.03 15:55:12.336,0.33646,0.33676,0.02,0.02
2012.12.03 15:55:12.556,0.33646,0.33685,0.03,0.02
2012.12.03 15:55:12.777,0.33645,0.33678,0.03,0.02
2012.12.03 15:55:13.251,0.33642,0.33673,0.02,0.03
2012.12.03 15:55:13.456,0.33644,0.3368,0.03,0.07
2012.12.03 15:55:15.349,0.33642,0.33673,0.03,0.03
2012.12.03 15:55:15.466,0.33644,0.33683,0.03,0.03
2012.12.03 15:55:16.816,0.33642,0.33673,0.02,0.03
2012.12.03 15:55:16.876,0.33644,0.3368,0.03,0.02
2012.12.03 15:55:17.106,0.33642,0.33673,0.02,0.02
2012.12.03 15:55:17.610,0.33643,0.33679,0.03,0.02
2012.12.03 15:55:17.866,0.33644,0.33682,0.03,0.03
2012.12.03 15:55:19.346,0.33644,0.33679,0.03,0.02
2012.12.03 15:55:19.988,0.33641,0.33672,0.03,0.03
2012.12.03 15:55:24.377,0.33642,0.33674,0.03,0.02
2012.12.03 15:55:25.496,0.3364,0.33672,0.03,0.02
2012.12.03 15:55:29.378,0.3364,0.33672,0.03,0.03
2012.12.03 15:55:29.496,0.33644,0.33682,0.03,0.02
2012.12.03 15:55:32.696,0.33635,0.33667,0.02,0.02
2012.12.03 15:55:32.756,0.33643,0.33677,0.02,0.06
2012.12.03 15:55:33.527,0.33638,0.33668,0.02,0.02
2012.12.03 15:55:33.877,0.33638,0.33678,0.03,0.03
2012.12.03 15:55:34.247,0.3364,0.33671,0.02,0.03
2012.12.03 15:55:34.686,0.33637,0.33669,0.03,0.02
2012.12.03 15:55:34.746,0.33641,0.33677,0.03,0.08
2012.12.03 15:55:36.404,0.33637,0.33668,0.03,0.03
2012.12.03 15:55:36.612,0.33638,0.33675,0.03,0.02
2012.12.03 15:55:36.830,0.33639,0.33679,0.03,0.03
2012.12.03 15:55:37.160,0.33639,0.33675,0.03,0.04
2012.12.03 15:55:37.456,0.33641,0.33672,0.02,0.02
2012.12.03 15:55:37.707,0.33643,0.3368,0.03,0.03
2012.12.03 15:55:54.846,0.33644,0.33681,0.03,0.02
2012.12.03 15:55:54.976,0.33641,0.33675,0.03,0.03
2012.12.03 15:55:57.818,0.33649,0.3368,0.02,0.03
2012.12.03 15:55:57.876,0.33647,0.33677,0.03,0.02
2012.12.03 15:55:59.576,0.33647,0.3368,0.03,0.03
2012.12.03 15:55:59.636,0.33653,0.33689,0.03,0.02
2012.12.03 15:56:01.178,0.33643,0.33678,0.03,0.03
2012.12.03 15:56:01.236,0.33646,0.33685,0.03,0.03
2012.12.03 15:56:01.750,0.33646,0.33685,0.03,0.03
2012.12.03 15:56:05.166,0.33644,0.33677,0.03,0.03
2012.12.03 15:56:05.227,0.33649,0.3368,0.02,0.02
2012.12.03 15:56:06.916,0.33645,0.33684,0.03,0.03
2012.12.03 15:56:07.979,0.33649,0.33686,0.03,0.02
2012.12.03 15:56:08.126,0.33647,0.33681,0.02,0.03
2012.12.03 15:56:08.246,0.33653,0.33683,0.02,0.02
2012.12.03 15:56:08.516,0.33654,0.33689,0.03,0.02
2012.12.03 15:56:09.607,0.33646,0.33679,0.03,0.03
2012.12.03 15:56:09.666,0.33653,0.33687,0.03,0.05
2012.12.03 15:56:10.050,0.33654,0.33689,0.03,0.02
2012.12.03 15:56:17.987,0.33648,0.33683,0.03,0.02
2012.12.03 15:56:18.226,0.33654,0.33692,0.03,0.03
2012.12.03 15:56:21.083,0.33651,0.33683,0.03,0.02
2012.12.03 15:56:21.466,0.33647,0.3368,0.03,0.03
2012.12.03 15:56:21.776,0.33651,0.33681,0.03,0.02
2012.12.03 15:56:22.278,0.3365,0.33681,0.03,0.03
2012.12.03 15:56:25.391,0.33654,0.33689,0.03,0.02
2012.12.03 15:56:29.086,0.33649,0.3368,0.03,0.02
2012.12.03 15:56:29.686,0.33649,0.33681,0.03,0.02
2012.12.03 15:56:37.067,0.3365,0.33681,0.03,0.02
2012.12.03 15:56:37.131,0.33654,0.33691,0.03,0.03
2012.12.03 15:56:37.728,0.33647,0.33681,0.03,0.03
2012.12.03 15:56:44.881,0.33653,0.33689,0.03,0.02
2012.12.03 15:56:46.806,0.33643,0.33675,0.02,0.02
2012.12.03 15:56:47.424,0.3365,0.33682,0.02,0.03
2012.12.03 15:56:57.783,0.3365,0.33681,0.03,0.03
2012.12.03 15:57:06.527,0.33654,0.33685,0.02,0.02
2012.12.03 15:57:06.647,0.33654,0.33691,0.03,0.07
2012.12.03 15:57:09.679,0.33654,0.33692,0.03,0.02
2012.12.03 15:57:10.386,0.33658,0.33695,0.03,0.02
2012.12.03 15:57:10.446,0.33655,0.33687,0.03,0.03
2012.12.03 15:57:10.929,0.33658,0.33698,0.04,0.03
2012.12.03 15:57:13.616,0.33663,0.33699,0.03,0.02
2012.12.03 15:57:14.150,0.33663,0.33693,0.02,0.02
2012.12.03 15:57:21.376,0.33661,0.33693,0.03,0.02
2012.12.03 15:57:23.127,0.33661,0.33693,0.03,0.03
2012.12.03 15:57:23.247,0.3366,0.33691,0.02,0.03
2012.12.03 15:57:23.306,0.33664,0.33704,0.03,0.03
2012.12.03 15:57:26.186,0.33664,0.33701,0.03,0.02
2012.12.03 15:57:27.896,0.3366,0.3369,0.04,0.02
2012.12.03 15:57:28.598,0.33664,0.33704,0.06,0.02
2012.12.03 15:57:29.246,0.33665,0.33696,0.03,0.02
2012.12.03 15:57:36.546,0.33665,0.33698,0.03,0.02
2012.12.03 15:57:41.694,0.33668,0.337,0.03,0.02
2012.12.03 15:57:41.817,0.33668,0.33707,0.03,0.02
2012.12.03 15:57:43.186,0.33666,0.33697,0.02,0.03
2012.12.03 15:57:46.977,0.33671,0.33711,0.03,0.02
2012.12.03 15:57:47.306,0.33678,0.33717,0.02,0.02
2012.12.03 15:57:47.558,0.3367,0.33703,0.02,0.02
2012.12.03 15:57:47.873,0.33674,0.33705,0.03,0.03
2012.12.03 15:57:48.336,0.33674,0.33706,0.02,0.03
2012.12.03 15:57:48.456,0.33676,0.33716,0.02,0.02
2012.12.03 15:57:48.707,0.33673,0.33712,0.05,0.02
2012.12.03 15:57:49.275,0.33673,0.33705,0.02,0.02
2012.12.03 15:57:49.943,0.33673,0.33712,0.03,0.02
2012.12.03 15:57:50.317,0.33669,0.33699,0.03,0.02
2012.12.03 15:57:50.826,0.33674,0.33709,0.03,0.02
2012.12.03 15:57:51.306,0.33673,0.33703,0.02,0.02
2012.12.03 15:57:51.608,0.33673,0.33711,0.05,0.02
2012.12.03 15:57:52.272,0.33674,0.33705,0.03,0.02
2012.12.03 15:57:52.618,0.33676,0.33714,0.03,0.02
2012.12.03 15:57:53.066,0.33671,0.33702,0.04,0.03
2012.12.03 15:57:53.613,0.33676,0.33715,0.03,0.02
2012.12.03 15:57:55.726,0.33667,0.33702,0.02,0.03
2012.12.03 15:57:56.498,0.33677,0.33716,0.03,0.02
2012.12.03 15:57:56.738,0.33676,0.3371,0.03,0.02
2012.12.03 15:57:58.047,0.33686,0.33722,0.03,0.09
2012.12.03 15:57:58.356,0.33687,0.33725,0.03,0.05
2012.12.03 15:57:58.416,0.33687,0.33717,0.03,0.03
2012.12.03 15:57:58.558,0.33688,0.33728,0.03,0.02
2012.12.03 15:57:59.337,0.3369,0.33729,0.03,0.02
2012.12.03 15:58:01.882,0.33687,0.33718,0.03,0.02
2012.12.03 15:58:02.275,0.33693,0.33732,0.03,0.03
2012.12.03 15:58:03.100,0.33694,0.33732,0.05,0.02
2012.12.03 15:58:04.307,0.33692,0.33724,0.03,0.02
2012.12.03 15:58:07.776,0.33693,0.33725,0.03,0.03
2012.12.03 15:58:07.837,0.33704,0.33735,0.03,0.04
2012.12.03 15:58:08.413,0.33701,0.33733,0.03,0.03
2012.12.03 15:58:08.699,0.33691,0.33726,0.03,0.02
2012.12.03 15:58:08.816,0.3368,0.33712,0.04,0.02
2012.12.03 15:58:09.158,0.33686,0.33723,0.03,0.02
2012.12.03 15:58:09.217,0.33678,0.33708,0.02,0.02
2012.12.03 15:58:09.487,0.33684,0.33721,0.03,0.02
2012.12.03 15:58:09.548,0.33684,0.3372,0.05,0.06
2012.12.03 15:58:09.607,0.33684,0.3372,0.03,0.06
2012.12.03 15:58:09.727,0.3368,0.33712,0.02,0.03
2012.12.03 15:58:09.847,0.33686,0.33724,0.03,0.02
2012.12.03 15:58:11.036,0.33687,0.33719,0.03,0.03
2012.12.03 15:58:11.166,0.33694,0.33726,0.03,0.02
2012.12.03 15:58:13.906,0.33693,0.33729,0.03,0.03
2012.12.03 15:58:16.848,0.33694,0.33728,0.03,0.02
2012.12.03 15:58:17.314,0.33694,0.3373,0.03,0.02
2012.12.03 15:58:19.731,0.33688,0.33718,0.02,0.02
2012.12.03 15:58:19.846,0.33694,0.33728,0.03,0.02
2012.12.03 15:58:20.107,0.33685,0.33718,0.03,0.03
2012.12.03 15:58:20.167,0.33693,0.33724,0.03,0.02
2012.12.03 15:58:20.726,0.33684,0.33716,0.04,0.03
2012.12.03 15:58:20.786,0.3368,0.33712,0.04,0.03
2012.12.03 15:58:21.057,0.33684,0.33722,0.03,0.02
2012.12.03 15:58:21.753,0.33684,0.33721,0.03,0.02
2012.12.03 15:58:22.756,0.3368,0.33711,0.03,0.02
2012.12.03 15:58:22.876,0.33676,0.33708,0.02,0.03
2012.12.03 15:58:22.936,0.33684,0.33716,0.03,0.02
2012.12.03 15:58:25.326,0.33684,0.33715,0.02,0.03
2012.12.03 15:58:25.388,0.33684,0.33718,0.03,0.08
2012.12.03 15:58:25.937,0.33684,0.33719,0.03,0.02
2012.12.03 15:58:26.928,0.33679,0.33711,0.02,0.02
2012.12.03 15:58:28.228,0.33684,0.3372,0.03,0.02
2012.12.03 15:58:28.497,0.33684,0.33716,0.03,0.02
2012.12.03 15:58:30.116,0.3368,0.3371,0.02,0.02
2012.12.03 15:58:30.684,0.3368,0.33716,0.05,0.02
2012.12.03 15:58:32.636,0.33675,0.33705,0.02,0.02
2012.12.03 15:58:32.697,0.33678,0.33711,0.02,0.03
2012.12.03 15:58:33.588,0.3368,0.33711,0.03,0.03
2012.12.03 15:58:35.459,0.33682,0.33715,0.03,0.02
2012.12.03 15:58:35.576,0.33686,0.33725,0.03,0.02
2012.12.03 15:58:36.233,0.33684,0.33716,0.02,0.03
2012.12.03 15:58:36.546,0.3368,0.33711,0.02,0.03
2012.12.03 15:58:36.606,0.3368,0.33718,0.03,0.06
2012.12.03 15:58:39.046,0.33683,0.33719,0.03,0.02
2012.12.03 15:58:50.936,0.33686,0.33727,0.03,0.06
2012.12.03 15:58:50.996,0.33688,0.33719,0.02,0.02
2012.12.03 15:58:51.507,0.33688,0.33727,0.03,0.02
2012.12.03 15:58:52.787,0.33685,0.33725,0.05,0.02
2012.12.03 15:58:56.987,0.33678,0.33713,0.02,0.03
2012.12.03 15:58:57.106,0.33683,0.33715,0.04,0.03
2012.12.03 15:58:58.128,0.33685,0.33716,0.04,0.02
2012.12.03 15:58:58.306,0.33685,0.33717,0.04,0.02
2012.12.03 15:59:18.239,0.33684,0.33714,0.02,0.02
2012.12.03 15:59:18.844,0.3368,0.33712,0.03,0.02
2012.12.03 15:59:21.936,0.3368,0.3371,0.02,0.02
2012.12.03 15:59:21.996,0.3368,0.33713,0.03,0.03
2012.12.03 15:59:22.116,0.33683,0.3372,0.03,0.02
2012.12.03 15:59:24.697,0.33677,0.33709,0.03,0.02
2012.12.03 15:59:24.780,0.33678,0.33719,0.03,0.02
2012.12.03 15:59:25.336,0.33676,0.33715,0.03,0.02
2012.12.03 15:59:25.456,0.33673,0.33703,0.02,0.02
2012.12.03 15:59:25.536,0.33678,0.33708,0.02,0.02
2012.12.03 15:59:26.182,0.33675,0.33707,0.02,0.03
2012.12.03 15:59:26.248,0.33679,0.33716,0.02,0.04
2012.12.03 15:59:28.036,0.33672,0.33702,0.03,0.02
2012.12.03 15:59:42.237,0.33679,0.3372,0.02,0.07
2012.12.03 15:59:42.913,0.33678,0.3371,0.02,0.02
2012.12.03 15:59:44.266,0.33683,0.33713,0.02,0.02
2012.12.03 15:59:45.540,0.3368,0.33712,0.02,0.02
2012.12.03 15:59:45.857,0.33683,0.33714,0.02,0.02
2012.12.03 15:59:45.917,0.33676,0.3371,0.02,0.03
2012.12.03 15:59:46.436,0.33684,0.33723,0.03,0.02
2012.12.03 15:59:46.943,0.33685,0.33723,0.03,0.05
2012.12.03 15:59:47.285,0.33685,0.33725,0.04,0.02
2012.12.03 15:59:48.378,0.33685,0.33717,0.02,0.02
2012.12.03 15:59:48.437,0.33688,0.33729,0.03,0.02
2012.12.03 15:59:50.047,0.33681,0.33714,0.02,0.03
2012.12.03 15:59:50.788,0.33686,0.33717,0.03,0.03
2012.12.03 15:59:51.425,0.33694,0.33724,0.02,0.02
2012.12.03 15:59:52.036,0.33687,0.33719,0.05,0.02
2012.12.03 15:59:52.158,0.33694,0.33726,0.02,0.02
2012.12.03 15:59:52.810,0.33694,0.33726,0.02,0.02
2012.12.03 15:59:53.137,0.33695,0.33735,0.03,0.02
2012.12.03 15:59:53.600,0.33695,0.33727,0.04,0.02
2012.12.03 15:59:57.410,0.3369,0.33722,0.02,0.03
2012.12.03 15:59:57.467,0.33687,0.3372,0.02,0.03
2012.12.03 15:59:58.198,0.33693,0.33725,0.05,0.02
2012.12.03 15:59:58.478,0.33694,0.33734,0.03,0.02
2012.12.03 15:59:58.747,0.33694,0.33733,0.03,0.02
2012.12.03 15:59:59.286,0.33694,0.3373,0.03,0.02
