2012.12.26 16:00:00.906,0.29895,0.29937,0.02,0.06
2012.12.26 16:00:01.261,0.29903,0.29942,0.03,0.02
2012.12.26 16:00:02.757,0.29893,0.29934,0.03,0.02
2012.12.26 16:00:10.382,0.29893,0.29925,0.03,0.02
2012.12.26 16:00:10.742,0.29888,0.29922,0.03,0.02
2012.12.26 16:00:11.373,0.29889,0.29921,0.03,0.02
2012.12.26 16:00:13.607,0.2988,0.29912,0.03,0.02
2012.12.26 16:00:13.793,0.29873,0.29912,0.03,0.02
2012.12.26 16:00:13.868,0.29883,0.29914,0.02,0.03
2012.12.26 16:00:14.210,0.29873,0.29912,0.03,0.02
2012.12.26 16:00:14.557,0.29873,0.2991,0.03,0.02
2012.12.26 16:00:16.192,0.29864,0.29905,0.03,0.03
2012.12.26 16:00:22.426,0.29874,0.29906,0.03,0.04
2012.12.26 16:00:22.966,0.29873,0.29905,0.03,0.02
2012.12.26 16:00:23.744,0.29873,0.29906,0.03,0.02
2012.12.26 16:00:24.403,0.29873,0.29905,0.03,0.02
2012.12.26 16:00:25.696,0.29873,0.29907,0.03,0.02
2012.12.26 16:00:25.816,0.29884,0.29915,0.02,0.02
2012.12.26 16:00:26.026,0.29883,0.29917,0.03,0.03
2012.12.26 16:00:26.147,0.29883,0.29917,0.03,0.03
2012.12.26 16:00:26.934,0.29884,0.2992,0.03,0.02
2012.12.26 16:00:29.962,0.29883,0.29922,0.03,0.02
2012.12.26 16:00:31.066,0.29884,0.29926,0.03,0.03
2012.12.26 16:00:31.763,0.29884,0.29924,0.04,0.03
2012.12.26 16:00:32.382,0.29884,0.29923,0.03,0.03
2012.12.26 16:00:35.681,0.2988,0.29922,0.02,0.03
2012.12.26 16:00:36.157,0.29883,0.29919,0.03,0.02
2012.12.26 16:00:37.446,0.29884,0.29922,0.03,0.02
2012.12.26 16:00:39.446,0.29883,0.29919,0.03,0.02
2012.12.26 16:00:43.866,0.29883,0.2992,0.03,0.03
2012.12.26 16:00:49.706,0.29875,0.29915,0.03,0.02
2012.12.26 16:00:49.926,0.29874,0.29917,0.03,0.03
2012.12.26 16:00:50.606,0.29877,0.29917,0.03,0.02
2012.12.26 16:00:55.726,0.29884,0.29922,0.03,0.03
2012.12.26 16:00:56.291,0.29883,0.2992,0.03,0.02
2012.12.26 16:00:57.721,0.29884,0.29921,0.03,0.02
2012.12.26 16:01:04.326,0.29883,0.29919,0.03,0.02
2012.12.26 16:01:23.926,0.29875,0.29917,0.03,0.03
2012.12.26 16:01:24.826,0.29876,0.29917,0.02,0.03
2012.12.26 16:01:29.570,0.29874,0.29916,0.05,0.03
2012.12.26 16:01:30.446,0.29874,0.29916,0.04,0.04
2012.12.26 16:01:31.270,0.29872,0.29906,0.04,0.03
2012.12.26 16:01:31.329,0.29874,0.29906,0.04,0.03
2012.12.26 16:01:31.551,0.29874,0.29909,0.03,0.03
2012.12.26 16:01:32.336,0.29867,0.29907,0.02,0.03
2012.12.26 16:01:42.256,0.29874,0.29909,0.03,0.02
2012.12.26 16:01:42.736,0.29874,0.29912,0.03,0.02
2012.12.26 16:01:43.416,0.29875,0.29915,0.03,0.02
2012.12.26 16:01:46.506,0.29877,0.29917,0.03,0.02
2012.12.26 16:01:47.856,0.29873,0.29911,0.03,0.03
2012.12.26 16:01:49.486,0.29873,0.2991,0.03,0.02
2012.12.26 16:01:50.236,0.29874,0.29914,0.04,0.03
2012.12.26 16:01:51.007,0.29874,0.29908,0.03,0.02
2012.12.26 16:01:52.346,0.29873,0.2991,0.03,0.02
2012.12.26 16:01:58.890,0.29868,0.29908,0.03,0.02
2012.12.26 16:02:03.126,0.29873,0.2991,0.03,0.02
2012.12.26 16:02:05.189,0.29874,0.29912,0.03,0.02
2012.12.26 16:02:07.416,0.29873,0.2991,0.03,0.03
2012.12.26 16:02:09.021,0.29873,0.29913,0.03,0.03
2012.12.26 16:02:10.366,0.29874,0.29909,0.03,0.03
2012.12.26 16:02:11.026,0.29874,0.29912,0.03,0.02
2012.12.26 16:02:12.580,0.29874,0.29909,0.03,0.02
2012.12.26 16:02:17.106,0.29874,0.29909,0.03,0.03
2012.12.26 16:02:17.639,0.29874,0.2991,0.03,0.02
2012.12.26 16:02:20.070,0.29874,0.29912,0.03,0.02
2012.12.26 16:02:22.086,0.29874,0.2991,0.03,0.03
2012.12.26 16:02:22.667,0.29874,0.29906,0.02,0.02
2012.12.26 16:02:23.216,0.29874,0.29908,0.03,0.02
2012.12.26 16:02:27.896,0.29874,0.29911,0.03,0.02
2012.12.26 16:02:29.436,0.29874,0.29914,0.03,0.02
2012.12.26 16:02:29.869,0.2988,0.2992,0.03,0.02
2012.12.26 16:02:32.516,0.29883,0.29923,0.03,0.03
2012.12.26 16:02:33.756,0.29883,0.2992,0.03,0.03
2012.12.26 16:02:34.086,0.29883,0.2992,0.03,0.03
2012.12.26 16:02:34.206,0.29883,0.29922,0.03,0.02
2012.12.26 16:02:44.930,0.29884,0.29919,0.03,0.03
2012.12.26 16:02:45.286,0.29874,0.29916,0.05,0.05
2012.12.26 16:02:45.726,0.29873,0.29913,0.04,0.02
2012.12.26 16:02:48.369,0.29874,0.29914,0.05,0.03
2012.12.26 16:02:50.686,0.29873,0.29913,0.04,0.03
2012.12.26 16:02:56.456,0.29877,0.29917,0.03,0.02
2012.12.26 16:02:59.756,0.29874,0.29916,0.03,0.05
2012.12.26 16:03:00.136,0.29874,0.29906,0.02,0.02
2012.12.26 16:03:00.626,0.29874,0.29908,0.03,0.03
2012.12.26 16:03:09.576,0.29874,0.29909,0.03,0.03
2012.12.26 16:03:10.099,0.29874,0.29911,0.03,0.03
2012.12.26 16:03:10.539,0.29873,0.29907,0.03,0.02
2012.12.26 16:03:10.856,0.29873,0.29912,0.03,0.03
2012.12.26 16:03:17.366,0.29875,0.29915,0.03,0.02
2012.12.26 16:03:17.916,0.29883,0.29917,0.03,0.02
2012.12.26 16:03:18.559,0.29883,0.29921,0.03,0.03
2012.12.26 16:03:19.176,0.29884,0.29922,0.03,0.03
2012.12.26 16:03:19.268,0.29884,0.29919,0.03,0.02
2012.12.26 16:03:19.709,0.29884,0.29919,0.03,0.02
2012.12.26 16:03:20.856,0.29878,0.29918,0.03,0.02
2012.12.26 16:03:25.716,0.2988,0.29922,0.03,0.03
2012.12.26 16:03:26.306,0.29882,0.29922,0.03,0.02
2012.12.26 16:03:38.566,0.29884,0.29925,0.03,0.02
2012.12.26 16:03:39.179,0.29887,0.29927,0.03,0.04
2012.12.26 16:03:39.676,0.29889,0.29931,0.03,0.04
2012.12.26 16:03:40.206,0.29893,0.29932,0.03,0.02
2012.12.26 16:03:42.078,0.29895,0.29937,0.02,0.03
2012.12.26 16:03:47.476,0.29894,0.29933,0.03,0.03
2012.12.26 16:03:49.566,0.29889,0.29927,0.02,0.02
2012.12.26 16:03:49.626,0.29885,0.29926,0.02,0.03
2012.12.26 16:03:49.996,0.29883,0.29926,0.03,0.03
2012.12.26 16:03:50.278,0.29883,0.29923,0.05,0.02
2012.12.26 16:03:53.626,0.29884,0.29927,0.03,0.03
2012.12.26 16:03:54.056,0.29883,0.29917,0.02,0.02
2012.12.26 16:03:58.406,0.29884,0.29926,0.02,0.03
2012.12.26 16:03:58.957,0.2989,0.2993,0.03,0.02
2012.12.26 16:04:05.006,0.29886,0.29927,0.02,0.03
2012.12.26 16:04:05.747,0.29885,0.29926,0.02,0.04
2012.12.26 16:04:13.277,0.29883,0.29924,0.03,0.03
2012.12.26 16:04:13.396,0.2988,0.29921,0.03,0.03
2012.12.26 16:04:13.926,0.2988,0.2992,0.03,0.02
2012.12.26 16:04:20.886,0.29877,0.29919,0.02,0.03
2012.12.26 16:04:22.726,0.29875,0.29916,0.02,0.04
2012.12.26 16:04:23.946,0.29874,0.2991,0.03,0.03
2012.12.26 16:04:31.718,0.29874,0.29913,0.03,0.03
2012.12.26 16:04:32.396,0.29875,0.29915,0.03,0.02
2012.12.26 16:04:40.426,0.29876,0.29916,0.03,0.03
2012.12.26 16:04:43.206,0.29875,0.29915,0.02,0.02
2012.12.26 16:04:51.597,0.29877,0.29917,0.02,0.04
2012.12.26 16:04:51.976,0.29875,0.29917,0.03,0.05
2012.12.26 16:04:52.506,0.29874,0.29916,0.02,0.03
2012.12.26 16:04:59.256,0.29873,0.29913,0.05,0.02
2012.12.26 16:04:59.376,0.29873,0.29911,0.03,0.03
2012.12.26 16:04:59.896,0.29873,0.29909,0.03,0.02
2012.12.26 16:05:12.097,0.29874,0.29912,0.03,0.02
2012.12.26 16:05:16.946,0.29873,0.2991,0.03,0.02
2012.12.26 16:05:17.186,0.29873,0.29912,0.03,0.03
2012.12.26 16:05:19.086,0.29873,0.29912,0.03,0.03
2012.12.26 16:05:22.486,0.29874,0.2991,0.03,0.02
2012.12.26 16:05:22.647,0.29874,0.29909,0.03,0.03
2012.12.26 16:05:23.867,0.29873,0.29908,0.03,0.03
2012.12.26 16:05:43.856,0.2987,0.29912,0.03,0.03
2012.12.26 16:05:44.446,0.29875,0.29915,0.02,0.02
2012.12.26 16:05:55.736,0.29876,0.29916,0.03,0.03
2012.12.26 16:05:56.246,0.2988,0.2992,0.02,0.02
2012.12.26 16:06:01.308,0.29882,0.29922,0.03,0.02
2012.12.26 16:06:03.046,0.29882,0.29917,0.02,0.03
2012.12.26 16:06:03.106,0.2988,0.29921,0.03,0.03
2012.12.26 16:06:18.256,0.29883,0.2992,0.02,0.03
2012.12.26 16:06:22.806,0.29884,0.29925,0.03,0.02
2012.12.26 16:06:27.226,0.29884,0.29923,0.03,0.03
2012.12.26 16:06:35.156,0.29885,0.29925,0.03,0.02
2012.12.26 16:06:35.502,0.29885,0.29927,0.02,0.05
2012.12.26 16:06:35.675,0.29887,0.29927,0.03,0.04
2012.12.26 16:07:06.996,0.29885,0.29925,0.03,0.03
2012.12.26 16:07:07.236,0.29883,0.29925,0.04,0.04
2012.12.26 16:07:07.296,0.29883,0.29922,0.03,0.02
2012.12.26 16:07:07.802,0.2988,0.29921,0.02,0.03
2012.12.26 16:07:08.336,0.29877,0.29916,0.02,0.02
2012.12.26 16:07:08.456,0.29875,0.29906,0.03,0.02
2012.12.26 16:07:08.517,0.29874,0.29914,0.03,0.03
2012.12.26 16:07:09.055,0.29874,0.29913,0.03,0.03
2012.12.26 16:07:09.698,0.29864,0.29896,0.03,0.02
2012.12.26 16:07:09.876,0.29864,0.29904,0.03,0.03
2012.12.26 16:07:10.396,0.29864,0.29903,0.03,0.02
2012.12.26 16:07:10.518,0.2986,0.29897,0.02,0.02
2012.12.26 16:07:10.977,0.29858,0.29898,0.03,0.03
2012.12.26 16:07:11.296,0.29855,0.29896,0.02,0.02
2012.12.26 16:07:11.824,0.29864,0.29896,0.02,0.02
2012.12.26 16:07:12.556,0.29863,0.29898,0.03,0.02
2012.12.26 16:07:14.376,0.29855,0.29895,0.02,0.02
2012.12.26 16:07:14.827,0.29854,0.29895,0.03,0.03
2012.12.26 16:07:15.027,0.29854,0.29893,0.03,0.03
2012.12.26 16:07:15.927,0.29853,0.29891,0.03,0.03
2012.12.26 16:07:16.127,0.29853,0.2989,0.03,0.02
2012.12.26 16:07:16.247,0.29853,0.29891,0.03,0.03
2012.12.26 16:07:16.834,0.29853,0.29887,0.02,0.02
2012.12.26 16:07:18.506,0.29855,0.29895,0.02,0.02
2012.12.26 16:07:19.076,0.29856,0.29896,0.03,0.03
2012.12.26 16:07:19.957,0.29854,0.29896,0.03,0.03
2012.12.26 16:07:24.275,0.29857,0.29898,0.02,0.03
2012.12.26 16:07:24.336,0.29857,0.29898,0.03,0.03
2012.12.26 16:07:24.806,0.29859,0.29899,0.03,0.02
2012.12.26 16:07:26.286,0.29858,0.29898,0.03,0.02
2012.12.26 16:07:27.086,0.2986,0.299,0.02,0.02
2012.12.26 16:07:37.775,0.29864,0.29901,0.03,0.02
2012.12.26 16:07:43.166,0.29864,0.29899,0.03,0.02
2012.12.26 16:07:43.316,0.29863,0.299,0.03,0.03
2012.12.26 16:07:43.714,0.29863,0.29903,0.03,0.03
2012.12.26 16:07:44.297,0.29864,0.29905,0.02,0.02
2012.12.26 16:07:58.366,0.29859,0.29897,0.02,0.02
2012.12.26 16:08:05.407,0.29853,0.29893,0.05,0.02
2012.12.26 16:08:06.044,0.29854,0.29893,0.03,0.03
2012.12.26 16:08:08.317,0.29853,0.29887,0.02,0.02
2012.12.26 16:08:08.436,0.29854,0.29888,0.03,0.03
2012.12.26 16:08:08.904,0.29853,0.29888,0.03,0.02
2012.12.26 16:08:10.277,0.29846,0.29886,0.03,0.03
2012.12.26 16:08:10.814,0.29847,0.29887,0.02,0.04
2012.12.26 16:08:11.584,0.29844,0.29886,0.05,0.05
2012.12.26 16:08:15.496,0.29844,0.29883,0.03,0.03
2012.12.26 16:08:16.516,0.29844,0.29883,0.03,0.03
2012.12.26 16:08:20.586,0.29843,0.2988,0.03,0.03
2012.12.26 16:08:21.094,0.29843,0.2988,0.03,0.03
2012.12.26 16:08:25.396,0.29843,0.29885,0.03,0.03
2012.12.26 16:08:25.956,0.29845,0.29887,0.03,0.03
2012.12.26 16:08:26.716,0.29844,0.29883,0.03,0.03
2012.12.26 16:08:27.387,0.29844,0.29883,0.03,0.02
2012.12.26 16:08:28.016,0.29843,0.29879,0.03,0.02
2012.12.26 16:08:32.766,0.29837,0.29877,0.02,0.02
2012.12.26 16:08:33.623,0.29835,0.29875,0.03,0.03
2012.12.26 16:08:34.106,0.29834,0.29876,0.05,0.03
2012.12.26 16:08:34.337,0.29836,0.29877,0.03,0.03
2012.12.26 16:08:34.493,0.29836,0.29877,0.03,0.03
2012.12.26 16:08:34.943,0.2984,0.2988,0.03,0.02
2012.12.26 16:08:36.096,0.29837,0.29876,0.02,0.02
2012.12.26 16:08:36.427,0.29835,0.29876,0.02,0.03
2012.12.26 16:08:36.956,0.29836,0.29876,0.03,0.02
2012.12.26 16:08:37.696,0.29839,0.2988,0.02,0.03
2012.12.26 16:08:38.236,0.29838,0.29876,0.02,0.02
2012.12.26 16:08:38.814,0.29844,0.29876,0.02,0.02
2012.12.26 16:08:40.994,0.29843,0.29882,0.03,0.03
2012.12.26 16:08:46.046,0.29844,0.2988,0.03,0.02
2012.12.26 16:08:48.446,0.29844,0.29879,0.03,0.03
2012.12.26 16:08:49.037,0.29839,0.29877,0.02,0.02
2012.12.26 16:08:49.546,0.29837,0.29879,0.02,0.03
2012.12.26 16:08:49.666,0.29837,0.29879,0.03,0.03
2012.12.26 16:08:50.093,0.2984,0.2988,0.02,0.02
2012.12.26 16:08:56.646,0.29835,0.29876,0.02,0.02
2012.12.26 16:08:56.977,0.29837,0.29877,0.03,0.02
2012.12.26 16:08:57.106,0.29835,0.29876,0.03,0.02
2012.12.26 16:08:57.626,0.29836,0.29876,0.03,0.02
2012.12.26 16:08:58.186,0.29834,0.29876,0.04,0.04
2012.12.26 16:08:59.803,0.29836,0.29877,0.03,0.03
2012.12.26 16:09:01.844,0.29835,0.29875,0.03,0.02
2012.12.26 16:09:05.387,0.29836,0.29876,0.02,0.02
2012.12.26 16:09:05.706,0.29836,0.29877,0.03,0.03
2012.12.26 16:09:06.256,0.29837,0.29877,0.03,0.03
2012.12.26 16:09:07.017,0.29839,0.29879,0.02,0.03
2012.12.26 16:09:14.073,0.29844,0.29883,0.03,0.03
2012.12.26 16:09:14.421,0.29844,0.29879,0.03,0.02
2012.12.26 16:09:15.004,0.29844,0.29876,0.02,0.02
2012.12.26 16:09:15.117,0.29844,0.29883,0.03,0.03
2012.12.26 16:09:15.536,0.29845,0.29887,0.02,0.05
2012.12.26 16:09:16.506,0.29846,0.29886,0.03,0.02
2012.12.26 16:09:17.167,0.29844,0.29886,0.03,0.03
2012.12.26 16:09:17.486,0.29844,0.29886,0.02,0.03
2012.12.26 16:09:17.846,0.29853,0.29887,0.03,0.03
2012.12.26 16:09:24.113,0.29844,0.29886,0.04,0.05
2012.12.26 16:09:24.666,0.29847,0.29887,0.02,0.04
2012.12.26 16:09:24.997,0.29844,0.29886,0.04,0.03
2012.12.26 16:09:25.556,0.29854,0.29887,0.03,0.02
2012.12.26 16:09:27.787,0.29847,0.29889,0.03,0.03
2012.12.26 16:09:27.906,0.29846,0.29886,0.03,0.02
2012.12.26 16:09:28.557,0.29847,0.29889,0.03,0.03
2012.12.26 16:09:29.173,0.29846,0.29887,0.03,0.03
2012.12.26 16:09:29.967,0.29854,0.29889,0.03,0.02
2012.12.26 16:09:56.297,0.29853,0.29894,0.03,0.02
2012.12.26 16:09:56.417,0.29854,0.29896,0.03,0.02
2012.12.26 16:09:56.827,0.29855,0.29895,0.03,0.02
2012.12.26 16:09:57.252,0.29854,0.29895,0.03,0.02
2012.12.26 16:09:57.488,0.29854,0.29894,0.03,0.03
2012.12.26 16:09:57.802,0.29854,0.29896,0.02,0.03
2012.12.26 16:09:58.353,0.29857,0.29897,0.02,0.04
2012.12.26 16:09:58.767,0.29863,0.29897,0.02,0.03
2012.12.26 16:09:59.152,0.29863,0.29902,0.03,0.02
2012.12.26 16:09:59.704,0.29863,0.299,0.03,0.03
2012.12.26 16:09:59.956,0.29863,0.29902,0.03,0.02
2012.12.26 16:10:00.566,0.2986,0.29902,0.02,0.03
2012.12.26 16:10:00.723,0.29857,0.29897,0.02,0.02
2012.12.26 16:10:01.097,0.29857,0.29899,0.03,0.04
2012.12.26 16:10:01.432,0.29855,0.29896,0.03,0.05
2012.12.26 16:10:05.377,0.29854,0.29894,0.03,0.03
2012.12.26 16:10:05.902,0.29854,0.29896,0.02,0.03
2012.12.26 16:10:10.847,0.29853,0.29893,0.05,0.02
2012.12.26 16:10:13.106,0.29854,0.29889,0.02,0.03
2012.12.26 16:10:14.243,0.29854,0.29889,0.03,0.03
2012.12.26 16:10:15.277,0.29853,0.2989,0.03,0.02
2012.12.26 16:10:17.987,0.29847,0.29887,0.03,0.02
2012.12.26 16:10:18.465,0.29847,0.29877,0.02,0.02
2012.12.26 16:10:18.647,0.29844,0.29883,0.03,0.02
2012.12.26 16:10:19.327,0.29843,0.29882,0.03,0.03
2012.12.26 16:10:20.022,0.29843,0.29882,0.03,0.02
2012.12.26 16:10:23.171,0.2985,0.29886,0.02,0.03
2012.12.26 16:10:23.407,0.2985,0.29885,0.02,0.02
2012.12.26 16:10:23.588,0.29849,0.2989,0.03,0.03
2012.12.26 16:10:23.697,0.29847,0.29887,0.02,0.02
2012.12.26 16:10:23.947,0.29845,0.29887,0.03,0.03
2012.12.26 16:10:24.142,0.29846,0.29886,0.02,0.02
2012.12.26 16:10:35.107,0.29846,0.29887,0.03,0.02
2012.12.26 16:10:35.518,0.2985,0.2989,0.03,0.02
2012.12.26 16:10:38.987,0.29854,0.29891,0.03,0.02
2012.12.26 16:10:47.037,0.29855,0.29896,0.03,0.03
2012.12.26 16:10:47.512,0.29855,0.29895,0.02,0.02
2012.12.26 16:11:09.277,0.29854,0.29891,0.03,0.03
2012.12.26 16:11:09.932,0.29853,0.2989,0.03,0.02
2012.12.26 16:11:10.617,0.29854,0.29888,0.03,0.03
2012.12.26 16:11:11.141,0.29854,0.2989,0.03,0.02
2012.12.26 16:11:12.397,0.29854,0.29896,0.04,0.03
2012.12.26 16:11:12.461,0.29854,0.29894,0.03,0.02
2012.12.26 16:11:12.927,0.29854,0.2989,0.03,0.03
2012.12.26 16:11:13.012,0.29854,0.2989,0.03,0.02
2012.12.26 16:11:13.671,0.29857,0.29897,0.03,0.02
2012.12.26 16:11:14.586,0.29854,0.29896,0.02,0.03
2012.12.26 16:11:15.767,0.29855,0.29896,0.03,0.03
2012.12.26 16:11:16.531,0.29855,0.29895,0.03,0.02
2012.12.26 16:11:18.537,0.29856,0.29897,0.03,0.03
2012.12.26 16:11:19.077,0.29855,0.29896,0.03,0.03
2012.12.26 16:11:20.782,0.29855,0.29895,0.02,0.02
2012.12.26 16:12:04.257,0.29853,0.29887,0.02,0.02
2012.12.26 16:12:10.317,0.29854,0.2989,0.03,0.03
2012.12.26 16:12:11.747,0.29854,0.29888,0.03,0.02
2012.12.26 16:12:16.638,0.29844,0.29885,0.03,0.03
2012.12.26 16:12:17.451,0.29844,0.29883,0.03,0.02
2012.12.26 16:12:19.667,0.29843,0.29881,0.03,0.03
2012.12.26 16:12:21.087,0.29843,0.29882,0.03,0.02
2012.12.26 16:12:23.097,0.29844,0.2988,0.03,0.03
2012.12.26 16:12:26.920,0.29843,0.29878,0.03,0.03
2012.12.26 16:12:33.887,0.29853,0.29887,0.02,0.05
2012.12.26 16:12:34.187,0.29854,0.29891,0.03,0.03
2012.12.26 16:12:34.857,0.29853,0.29889,0.03,0.02
2012.12.26 16:12:36.830,0.29853,0.29895,0.03,0.03
2012.12.26 16:12:37.380,0.29855,0.29895,0.03,0.02
2012.12.26 16:12:45.877,0.29853,0.29889,0.03,0.02
2012.12.26 16:12:46.420,0.29854,0.2989,0.03,0.02
2012.12.26 16:12:57.267,0.29853,0.29892,0.03,0.02
2012.12.26 16:12:57.387,0.29854,0.29895,0.03,0.03
2012.12.26 16:12:57.810,0.29855,0.29895,0.03,0.02
2012.12.26 16:13:09.477,0.29856,0.29896,0.02,0.03
2012.12.26 16:13:13.657,0.29865,0.29905,0.02,0.02
2012.12.26 16:13:25.647,0.29863,0.29904,0.03,0.03
2012.12.26 16:13:26.179,0.29864,0.29901,0.03,0.03
2012.12.26 16:13:39.399,0.29862,0.29902,0.03,0.02
2012.12.26 16:13:46.657,0.29864,0.29905,0.04,0.03
2012.12.26 16:13:47.887,0.29866,0.29906,0.02,0.02
2012.12.26 16:13:50.957,0.29874,0.29909,0.03,0.02
2012.12.26 16:14:00.538,0.29874,0.29913,0.03,0.03
2012.12.26 16:14:02.867,0.29875,0.29915,0.02,0.02
2012.12.26 16:14:20.858,0.29876,0.29917,0.02,0.03
2012.12.26 16:14:23.158,0.29875,0.29915,0.02,0.02
2012.12.26 16:14:28.947,0.29876,0.29916,0.03,0.02
2012.12.26 16:14:33.437,0.2988,0.29922,0.03,0.03
2012.12.26 16:14:34.317,0.29883,0.29917,0.02,0.02
2012.12.26 16:14:36.427,0.29884,0.29925,0.04,0.02
2012.12.26 16:14:38.192,0.29883,0.29922,0.03,0.02
2012.12.26 16:14:40.827,0.29885,0.29925,0.02,0.02
2012.12.26 16:14:46.087,0.29887,0.29927,0.02,0.04
2012.12.26 16:14:52.117,0.29893,0.2993,0.03,0.02
2012.12.26 16:14:52.177,0.29888,0.2993,0.02,0.03
2012.12.26 16:14:52.637,0.29888,0.29928,0.03,0.02
2012.12.26 16:14:53.857,0.29889,0.29929,0.03,0.02
2012.12.26 16:14:56.298,0.29888,0.29929,0.03,0.03
2012.12.26 16:14:56.957,0.29889,0.29929,0.02,0.02
2012.12.26 16:14:57.498,0.2989,0.2993,0.02,0.03
2012.12.26 16:14:57.947,0.29887,0.29929,0.02,0.02
2012.12.26 16:14:58.049,0.29887,0.29929,0.03,0.03
2012.12.26 16:15:01.137,0.29894,0.29932,0.03,0.03
2012.12.26 16:15:01.702,0.29893,0.29933,0.03,0.03
2012.12.26 16:15:07.707,0.29895,0.29936,0.02,0.03
2012.12.26 16:15:08.247,0.29895,0.29935,0.03,0.03
2012.12.26 16:15:09.207,0.29893,0.29933,0.03,0.03
2012.12.26 16:15:21.417,0.29893,0.2993,0.03,0.02
2012.12.26 16:15:25.278,0.29893,0.29932,0.03,0.02
2012.12.26 16:15:25.727,0.29893,0.29931,0.03,0.03
2012.12.26 16:15:26.287,0.29893,0.2993,0.03,0.02
2012.12.26 16:15:59.357,0.29887,0.29928,0.03,0.03
2012.12.26 16:16:02.200,0.29885,0.29916,0.03,0.02
2012.12.26 16:16:02.317,0.29884,0.29926,0.03,0.03
2012.12.26 16:16:02.767,0.29885,0.29925,0.02,0.02
2012.12.26 16:16:04.967,0.2988,0.29916,0.02,0.02
2012.12.26 16:16:09.137,0.29883,0.29917,0.03,0.03
2012.12.26 16:16:14.427,0.29879,0.29919,0.02,0.03
2012.12.26 16:16:15.197,0.29884,0.29921,0.03,0.02
2012.12.26 16:16:16.227,0.29885,0.29924,0.02,0.03
2012.12.26 16:16:17.287,0.29886,0.29926,0.02,0.02
2012.12.26 16:16:24.476,0.29894,0.2993,0.03,0.02
2012.12.26 16:16:26.257,0.29888,0.29927,0.02,0.03
2012.12.26 16:16:34.387,0.29886,0.29927,0.02,0.03
2012.12.26 16:16:35.147,0.29884,0.29923,0.03,0.02
2012.12.26 16:16:44.057,0.29885,0.29925,0.02,0.02
2012.12.26 16:16:46.916,0.2989,0.2993,0.03,0.02
2012.12.26 16:17:06.178,0.29893,0.29932,0.03,0.02
2012.12.26 16:17:30.708,0.29893,0.2993,0.03,0.02
2012.12.26 16:17:31.777,0.29885,0.29926,0.02,0.03
2012.12.26 16:17:32.357,0.29885,0.29926,0.03,0.04
2012.12.26 16:17:38.307,0.29883,0.29923,0.04,0.02
2012.12.26 16:17:50.108,0.29884,0.29921,0.03,0.03
2012.12.26 16:18:00.327,0.29884,0.29922,0.03,0.02
2012.12.26 16:18:02.287,0.2988,0.2992,0.02,0.02
2012.12.26 16:18:03.637,0.29884,0.29924,0.03,0.02
2012.12.26 16:18:04.187,0.29883,0.29923,0.03,0.02
2012.12.26 16:18:05.465,0.2988,0.29921,0.02,0.03
2012.12.26 16:18:06.387,0.29878,0.29918,0.02,0.03
2012.12.26 16:18:10.527,0.29893,0.29924,0.02,0.03
2012.12.26 16:18:10.587,0.29893,0.29927,0.03,0.03
2012.12.26 16:18:10.898,0.29894,0.29932,0.03,0.03
2012.12.26 16:18:11.407,0.29893,0.2993,0.03,0.03
2012.12.26 16:18:11.795,0.29894,0.29931,0.03,0.02
2012.12.26 16:18:12.235,0.29893,0.2993,0.03,0.03
2012.12.26 16:18:12.717,0.29893,0.29929,0.03,0.03
2012.12.26 16:18:21.427,0.29893,0.29932,0.03,0.02
2012.12.26 16:18:24.468,0.29893,0.2993,0.03,0.02
2012.12.26 16:18:28.437,0.29893,0.29927,0.03,0.03
2012.12.26 16:18:33.018,0.29895,0.29937,0.03,0.02
2012.12.26 16:18:34.177,0.29893,0.29933,0.05,0.02
2012.12.26 16:18:34.767,0.29894,0.29936,0.04,0.05
2012.12.26 16:18:35.097,0.29894,0.29937,0.03,0.03
2012.12.26 16:18:35.407,0.29897,0.29937,0.03,0.05
2012.12.26 16:18:36.615,0.29895,0.29935,0.03,0.02
2012.12.26 16:18:44.447,0.29896,0.29937,0.03,0.03
2012.12.26 16:18:48.275,0.29894,0.29936,0.02,0.03
2012.12.26 16:18:49.705,0.29898,0.29938,0.02,0.02
2012.12.26 16:18:49.938,0.29898,0.29939,0.03,0.03
2012.12.26 16:18:50.526,0.29899,0.29937,0.02,0.03
2012.12.26 16:18:51.135,0.29896,0.29936,0.03,0.02
2012.12.26 16:18:51.794,0.29896,0.29936,0.03,0.02
2012.12.26 16:19:02.828,0.29896,0.29937,0.02,0.03
2012.12.26 16:19:04.144,0.29894,0.29936,0.03,0.03
2012.12.26 16:19:12.427,0.29903,0.29942,0.03,0.03
2012.12.26 16:19:33.408,0.29914,0.29946,0.02,0.02
2012.12.26 16:19:38.747,0.29905,0.29946,0.03,0.03
2012.12.26 16:19:39.284,0.29907,0.29947,0.03,0.02
2012.12.26 16:19:40.718,0.29913,0.2995,0.03,0.02
2012.12.26 16:19:41.317,0.29914,0.29952,0.03,0.02
2012.12.26 16:19:42.694,0.29913,0.2995,0.03,0.02
2012.12.26 16:19:53.107,0.29917,0.29957,0.02,0.02
2012.12.26 16:19:53.668,0.29914,0.29953,0.03,0.03
2012.12.26 16:19:54.258,0.29913,0.2995,0.03,0.02
2012.12.26 16:19:54.686,0.29924,0.29956,0.03,0.02
2012.12.26 16:19:55.213,0.29923,0.29957,0.03,0.03
2012.12.26 16:19:56.088,0.29923,0.2996,0.03,0.03
2012.12.26 16:19:56.748,0.29924,0.29961,0.03,0.02
2012.12.26 16:20:03.848,0.29933,0.29963,0.02,0.02
2012.12.26 16:20:04.249,0.29933,0.29967,0.03,0.04
2012.12.26 16:20:06.758,0.29924,0.29965,0.03,0.03
2012.12.26 16:20:07.274,0.29923,0.29963,0.05,0.02
2012.12.26 16:20:08.374,0.29925,0.29965,0.03,0.03
2012.12.26 16:20:09.583,0.29927,0.29967,0.03,0.05
2012.12.26 16:20:11.430,0.29925,0.29956,0.03,0.02
2012.12.26 16:20:12.185,0.29933,0.29967,0.02,0.05
2012.12.26 16:20:14.558,0.29933,0.29967,0.02,0.02
2012.12.26 16:20:14.678,0.29933,0.29972,0.03,0.02
2012.12.26 16:20:15.228,0.29934,0.29971,0.03,0.02
2012.12.26 16:20:15.648,0.29933,0.2997,0.03,0.03
2012.12.26 16:20:16.183,0.29933,0.29971,0.03,0.03
2012.12.26 16:20:18.408,0.29934,0.29972,0.03,0.03
2012.12.26 16:20:19.818,0.29934,0.29975,0.04,0.03
2012.12.26 16:20:24.128,0.29934,0.29974,0.03,0.03
2012.12.26 16:20:25.987,0.29934,0.29976,0.04,0.06
2012.12.26 16:20:26.953,0.29933,0.29973,0.04,0.02
2012.12.26 16:20:28.208,0.29928,0.29966,0.02,0.03
2012.12.26 16:20:28.728,0.29927,0.29969,0.03,0.03
2012.12.26 16:20:29.263,0.29927,0.29967,0.03,0.02
2012.12.26 16:20:29.377,0.29933,0.29972,0.03,0.03
2012.12.26 16:20:29.703,0.29933,0.29969,0.03,0.03
2012.12.26 16:20:30.377,0.29933,0.29971,0.03,0.03
2012.12.26 16:20:31.377,0.29933,0.29972,0.03,0.02
2012.12.26 16:20:31.688,0.29934,0.29971,0.03,0.03
2012.12.26 16:20:32.452,0.29933,0.29973,0.03,0.02
2012.12.26 16:20:41.338,0.29934,0.29974,0.03,0.03
2012.12.26 16:20:41.598,0.29933,0.29975,0.03,0.02
2012.12.26 16:20:41.993,0.29934,0.29976,0.05,0.05
2012.12.26 16:20:51.817,0.29937,0.29977,0.02,0.04
2012.12.26 16:20:52.148,0.29934,0.29977,0.03,0.03
2012.12.26 16:20:52.672,0.29943,0.29977,0.03,0.04
2012.12.26 16:21:01.888,0.29935,0.29975,0.03,0.03
2012.12.26 16:21:02.102,0.29934,0.29975,0.03,0.03
2012.12.26 16:21:02.852,0.29933,0.29973,0.03,0.02
2012.12.26 16:21:06.748,0.29927,0.29967,0.02,0.03
2012.12.26 16:21:06.978,0.29924,0.29966,0.03,0.03
2012.12.26 16:21:07.359,0.29944,0.29976,0.02,0.02
2012.12.26 16:21:07.509,0.29944,0.29979,0.03,0.03
2012.12.26 16:21:07.868,0.29944,0.29978,0.03,0.02
2012.12.26 16:21:09.838,0.29943,0.29981,0.03,0.03
2012.12.26 16:21:10.572,0.29944,0.29982,0.03,0.02
2012.12.26 16:21:14.268,0.29943,0.2998,0.03,0.02
2012.12.26 16:21:15.222,0.29943,0.29978,0.03,0.02
2012.12.26 16:21:19.928,0.29936,0.29966,0.02,0.02
2012.12.26 16:21:19.988,0.29932,0.29966,0.02,0.03
2012.12.26 16:21:20.108,0.2993,0.29971,0.03,0.03
2012.12.26 16:21:25.718,0.29933,0.2997,0.02,0.03
2012.12.26 16:21:26.212,0.29933,0.29974,0.03,0.02
2012.12.26 16:21:26.778,0.29934,0.29976,0.03,0.03
2012.12.26 16:21:28.098,0.29934,0.29973,0.03,0.02
2012.12.26 16:21:35.078,0.29933,0.29975,0.04,0.03
2012.12.26 16:21:36.392,0.29933,0.29973,0.05,0.02
2012.12.26 16:21:47.058,0.29934,0.29973,0.03,0.02
2012.12.26 16:21:47.332,0.29934,0.29971,0.03,0.03
2012.12.26 16:21:47.662,0.29933,0.29972,0.03,0.02
2012.12.26 16:21:50.308,0.29944,0.29975,0.02,0.02
2012.12.26 16:21:50.428,0.29944,0.29977,0.03,0.02
2012.12.26 16:21:51.185,0.29944,0.29976,0.02,0.02
2012.12.26 16:22:00.232,0.29944,0.29979,0.03,0.02
2012.12.26 16:22:01.118,0.29943,0.29977,0.02,0.02
2012.12.26 16:22:01.602,0.29943,0.2998,0.03,0.03
2012.12.26 16:22:01.992,0.29943,0.29977,0.03,0.02
2012.12.26 16:22:02.238,0.29943,0.29978,0.03,0.02
2012.12.26 16:22:02.788,0.29944,0.2998,0.03,0.02
2012.12.26 16:22:04.851,0.29944,0.29978,0.03,0.03
2012.12.26 16:22:06.731,0.29944,0.2998,0.03,0.02
2012.12.26 16:22:07.281,0.29943,0.29977,0.03,0.02
2012.12.26 16:22:07.787,0.29944,0.29978,0.03,0.02
2012.12.26 16:22:08.456,0.29944,0.29981,0.03,0.03
2012.12.26 16:22:09.188,0.29944,0.29982,0.03,0.02
2012.12.26 16:22:10.738,0.29944,0.29976,0.02,0.02
2012.12.26 16:22:16.068,0.29944,0.29978,0.03,0.02
2012.12.26 16:22:16.678,0.29944,0.29981,0.03,0.03
2012.12.26 16:22:16.978,0.29936,0.29967,0.03,0.02
2012.12.26 16:22:17.158,0.29934,0.29973,0.03,0.03
2012.12.26 16:22:17.548,0.29933,0.29971,0.03,0.03
2012.12.26 16:22:18.068,0.29933,0.29967,0.02,0.02
2012.12.26 16:22:18.686,0.29933,0.29967,0.02,0.02
2012.12.26 16:22:19.227,0.29933,0.29971,0.03,0.02
2012.12.26 16:22:24.268,0.29934,0.2997,0.03,0.03
2012.12.26 16:22:27.861,0.29933,0.29967,0.03,0.02
2012.12.26 16:22:29.408,0.29932,0.29972,0.03,0.02
2012.12.26 16:22:32.518,0.29932,0.29966,0.03,0.02
2012.12.26 16:22:32.711,0.29932,0.29963,0.03,0.02
2012.12.26 16:22:43.978,0.29944,0.29976,0.02,0.03
2012.12.26 16:22:44.038,0.29944,0.29977,0.03,0.02
2012.12.26 16:22:44.249,0.29944,0.29981,0.03,0.03
2012.12.26 16:22:44.691,0.29944,0.29982,0.03,0.02
2012.12.26 16:22:46.781,0.29944,0.2998,0.03,0.02
2012.12.26 16:22:48.438,0.29944,0.29978,0.03,0.02
2012.12.26 16:22:48.541,0.29944,0.29978,0.03,0.02
2012.12.26 16:22:49.138,0.29943,0.2998,0.03,0.02
2012.12.26 16:22:53.821,0.29943,0.29982,0.03,0.03
2012.12.26 16:22:54.585,0.29943,0.29977,0.02,0.02
2012.12.26 16:22:54.648,0.29943,0.29982,0.03,0.02
2012.12.26 16:22:57.560,0.29943,0.29979,0.03,0.02
2012.12.26 16:23:04.398,0.29944,0.29978,0.03,0.03
2012.12.26 16:23:05.368,0.29935,0.29976,0.03,0.02
2012.12.26 16:23:05.609,0.29935,0.29977,0.03,0.03
2012.12.26 16:23:06.295,0.29936,0.29976,0.03,0.02
2012.12.26 16:23:08.668,0.29943,0.2998,0.03,0.03
2012.12.26 16:23:10.208,0.29944,0.29978,0.03,0.02
2012.12.26 16:23:10.328,0.29935,0.29976,0.02,0.03
2012.12.26 16:23:11.248,0.29936,0.29976,0.02,0.03
2012.12.26 16:23:13.390,0.29935,0.29975,0.02,0.02
2012.12.26 16:23:14.388,0.29937,0.29977,0.03,0.04
2012.12.26 16:23:18.478,0.29943,0.29982,0.03,0.02
2012.12.26 16:23:30.598,0.29944,0.29985,0.04,0.02
2012.12.26 16:23:34.118,0.29943,0.29983,0.04,0.03
2012.12.26 16:23:38.108,0.29944,0.29976,0.02,0.02
2012.12.26 16:23:42.560,0.29938,0.29978,0.02,0.02
2012.12.26 16:23:47.008,0.29936,0.29977,0.02,0.03
2012.12.26 16:23:47.438,0.29936,0.29977,0.03,0.03
2012.12.26 16:23:47.678,0.29937,0.29977,0.03,0.02
2012.12.26 16:23:50.188,0.29943,0.29982,0.03,0.02
2012.12.26 16:24:04.138,0.29943,0.2998,0.03,0.03
2012.12.26 16:24:16.398,0.29943,0.29983,0.03,0.03
2012.12.26 16:24:18.779,0.29939,0.29981,0.03,0.03
2012.12.26 16:24:20.999,0.29938,0.29978,0.03,0.02
2012.12.26 16:24:24.629,0.2994,0.2998,0.03,0.02
2012.12.26 16:24:29.028,0.29943,0.29983,0.03,0.03
2012.12.26 16:24:35.968,0.29944,0.29978,0.03,0.02
2012.12.26 16:24:36.499,0.29943,0.29978,0.03,0.02
2012.12.26 16:24:36.758,0.29943,0.2998,0.03,0.03
2012.12.26 16:24:43.158,0.29944,0.29978,0.03,0.02
2012.12.26 16:24:43.726,0.29944,0.29981,0.03,0.03
2012.12.26 16:24:48.709,0.29944,0.29981,0.03,0.02
2012.12.26 16:24:54.378,0.29944,0.29985,0.02,0.03
2012.12.26 16:24:54.738,0.29954,0.29992,0.03,0.03
2012.12.26 16:24:55.506,0.29954,0.29992,0.03,0.03
2012.12.26 16:24:59.131,0.29963,0.29993,0.02,0.02
2012.12.26 16:24:59.248,0.29963,0.29997,0.03,0.03
2012.12.26 16:24:59.778,0.29963,0.29999,0.03,0.03
2012.12.26 16:25:00.138,0.29964,0.30003,0.03,0.02
2012.12.26 16:25:00.688,0.29964,0.29996,0.02,0.02
2012.12.26 16:25:04.029,0.29963,0.3,0.03,0.03
2012.12.26 16:25:04.468,0.29964,0.29998,0.03,0.02
2012.12.26 16:25:07.398,0.29956,0.29987,0.03,0.02
2012.12.26 16:25:07.458,0.29953,0.29995,0.05,0.03
2012.12.26 16:25:07.988,0.29954,0.29993,0.03,0.02
2012.12.26 16:25:08.988,0.29954,0.29993,0.03,0.02
2012.12.26 16:25:10.088,0.29948,0.29988,0.02,0.02
2012.12.26 16:25:16.418,0.29955,0.29995,0.02,0.02
2012.12.26 16:25:16.519,0.29953,0.29995,0.04,0.03
2012.12.26 16:25:16.958,0.29954,0.29993,0.03,0.02
2012.12.26 16:25:21.488,0.29954,0.29996,0.03,0.03
2012.12.26 16:25:25.368,0.29953,0.29993,0.04,0.02
2012.12.26 16:25:25.688,0.29953,0.29995,0.04,0.03
2012.12.26 16:25:26.318,0.29955,0.29995,0.03,0.02
2012.12.26 16:25:26.648,0.29953,0.29992,0.03,0.02
2012.12.26 16:25:33.648,0.29954,0.29993,0.03,0.02
2012.12.26 16:25:34.237,0.29954,0.29996,0.04,0.03
2012.12.26 16:25:36.698,0.29953,0.29987,0.02,0.02
2012.12.26 16:25:36.818,0.29953,0.2999,0.03,0.02
2012.12.26 16:25:37.358,0.29951,0.29993,0.02,0.02
2012.12.26 16:25:45.318,0.29954,0.29988,0.03,0.02
2012.12.26 16:25:51.708,0.29945,0.29986,0.02,0.03
2012.12.26 16:25:51.828,0.29939,0.29981,0.02,0.03
2012.12.26 16:25:58.339,0.29944,0.29981,0.03,0.02
2012.12.26 16:25:59.638,0.29945,0.29985,0.03,0.02
2012.12.26 16:26:03.008,0.29944,0.29983,0.02,0.03
2012.12.26 16:26:03.988,0.29943,0.2998,0.03,0.03
2012.12.26 16:26:04.888,0.29942,0.29982,0.02,0.02
2012.12.26 16:26:48.788,0.29936,0.29967,0.02,0.02
2012.12.26 16:26:48.848,0.29933,0.29972,0.03,0.03
2012.12.26 16:26:49.057,0.29933,0.29967,0.03,0.02
2012.12.26 16:26:49.504,0.29934,0.29966,0.02,0.02
2012.12.26 16:26:50.194,0.29933,0.2997,0.03,0.02
2012.12.26 16:26:54.698,0.29925,0.29965,0.03,0.02
2012.12.26 16:26:58.518,0.29924,0.29962,0.03,0.02
2012.12.26 16:27:00.348,0.29924,0.29966,0.04,0.05
2012.12.26 16:27:22.966,0.29924,0.29964,0.03,0.02
2012.12.26 16:27:46.206,0.29923,0.2996,0.03,0.03
2012.12.26 16:27:46.702,0.29916,0.29957,0.03,0.03
2012.12.26 16:27:54.068,0.29916,0.29957,0.03,0.03
2012.12.26 16:27:54.378,0.29916,0.29956,0.03,0.02
2012.12.26 16:27:54.598,0.29919,0.29959,0.02,0.02
2012.12.26 16:28:51.288,0.29918,0.29957,0.02,0.03
2012.12.26 16:28:55.358,0.29916,0.29956,0.03,0.02
2012.12.26 16:28:56.688,0.29912,0.29952,0.02,0.02
2012.12.26 16:28:57.808,0.29905,0.29945,0.03,0.02
2012.12.26 16:28:58.358,0.29904,0.29947,0.03,0.03
2012.12.26 16:28:59.205,0.29907,0.29947,0.03,0.04
2012.12.26 16:29:01.188,0.2991,0.2995,0.03,0.02
2012.12.26 16:29:04.852,0.29904,0.29947,0.03,0.03
2012.12.26 16:29:05.474,0.29905,0.29945,0.02,0.02
2012.12.26 16:29:15.978,0.29903,0.29943,0.05,0.02
2012.12.26 16:29:16.038,0.29903,0.29945,0.05,0.02
2012.12.26 16:29:16.756,0.29904,0.29946,0.02,0.02
2012.12.26 16:29:17.028,0.29907,0.29947,0.03,0.03
2012.12.26 16:29:28.195,0.29903,0.29946,0.03,0.03
2012.12.26 16:29:29.564,0.29903,0.29944,0.03,0.02
2012.12.26 16:29:29.894,0.29903,0.29941,0.03,0.03
2012.12.26 16:29:30.445,0.29904,0.29941,0.03,0.02
2012.12.26 16:29:35.548,0.29904,0.29938,0.03,0.03
2012.12.26 16:29:38.026,0.29895,0.29926,0.02,0.02
2012.12.26 16:29:38.349,0.29894,0.29926,0.02,0.02
2012.12.26 16:29:39.940,0.29894,0.29932,0.03,0.03
2012.12.26 16:29:40.489,0.29893,0.29929,0.03,0.02
2012.12.26 16:29:50.058,0.29893,0.29931,0.03,0.02
2012.12.26 16:29:50.154,0.29893,0.29929,0.03,0.02
2012.12.26 16:29:50.608,0.29893,0.29929,0.03,0.02
2012.12.26 16:29:50.809,0.29893,0.29927,0.03,0.02
2012.12.26 16:29:51.365,0.29887,0.29928,0.02,0.03
2012.12.26 16:30:03.124,0.29893,0.2993,0.03,0.02
2012.12.26 16:30:04.719,0.29894,0.29929,0.03,0.03
2012.12.26 16:30:06.219,0.29889,0.29929,0.02,0.03
2012.12.26 16:30:09.388,0.29892,0.29932,0.03,0.02
2012.12.26 16:30:10.444,0.29894,0.29934,0.03,0.02
2012.12.26 16:30:10.679,0.29895,0.29937,0.03,0.05
2012.12.26 16:30:11.104,0.29897,0.29937,0.03,0.02
2012.12.26 16:30:13.568,0.29894,0.29936,0.03,0.03
2012.12.26 16:30:19.388,0.29893,0.29933,0.03,0.03
2012.12.26 16:30:21.144,0.29893,0.2993,0.03,0.02
2012.12.26 16:30:21.349,0.29893,0.29927,0.03,0.02
2012.12.26 16:30:21.694,0.29887,0.29927,0.03,0.02
2012.12.26 16:30:23.233,0.29885,0.29926,0.03,0.03
2012.12.26 16:30:24.368,0.29883,0.29917,0.04,0.02
2012.12.26 16:30:24.488,0.29884,0.29925,0.03,0.02
2012.12.26 16:30:25.325,0.29884,0.29926,0.03,0.02
2012.12.26 16:30:25.949,0.29883,0.29923,0.04,0.03
2012.12.26 16:30:30.939,0.29884,0.29918,0.03,0.02
2012.12.26 16:30:31.799,0.2988,0.29917,0.02,0.02
2012.12.26 16:30:32.543,0.29878,0.29918,0.03,0.02
2012.12.26 16:30:36.549,0.29884,0.29916,0.02,0.02
2012.12.26 16:30:37.062,0.29884,0.2992,0.03,0.03
2012.12.26 16:30:41.049,0.29884,0.29921,0.03,0.02
2012.12.26 16:30:44.559,0.29884,0.29925,0.05,0.02
2012.12.26 16:30:46.998,0.29887,0.29926,0.02,0.02
2012.12.26 16:30:53.099,0.29891,0.29933,0.03,0.03
2012.12.26 16:30:53.279,0.29887,0.29929,0.03,0.03
2012.12.26 16:31:03.568,0.29885,0.29926,0.02,0.05
2012.12.26 16:31:08.188,0.29886,0.29927,0.02,0.03
2012.12.26 16:31:14.368,0.29884,0.29926,0.03,0.03
2012.12.26 16:31:20.489,0.29884,0.29922,0.03,0.02
2012.12.26 16:31:21.038,0.29884,0.29921,0.03,0.03
2012.12.26 16:31:25.369,0.29884,0.29922,0.03,0.02
2012.12.26 16:31:25.898,0.29883,0.29919,0.03,0.02
2012.12.26 16:31:26.088,0.29883,0.29926,0.03,0.03
2012.12.26 16:31:26.829,0.29883,0.29923,0.04,0.02
2012.12.26 16:31:28.629,0.29883,0.29921,0.03,0.02
2012.12.26 16:31:28.692,0.29883,0.2992,0.03,0.02
2012.12.26 16:31:29.268,0.29884,0.29921,0.03,0.02
2012.12.26 16:31:37.863,0.29879,0.2992,0.02,0.03
2012.12.26 16:31:42.208,0.29873,0.29916,0.03,0.03
2012.12.26 16:31:42.523,0.29875,0.29915,0.03,0.03
2012.12.26 16:31:43.978,0.29876,0.29917,0.02,0.03
2012.12.26 16:31:46.178,0.29879,0.29919,0.03,0.02
2012.12.26 16:31:59.389,0.29884,0.29918,0.03,0.02
2012.12.26 16:31:59.600,0.29884,0.29918,0.03,0.03
2012.12.26 16:31:59.932,0.29883,0.2992,0.03,0.02
2012.12.26 16:32:01.508,0.29883,0.29917,0.03,0.02
2012.12.26 16:32:01.912,0.29883,0.2992,0.03,0.02
2012.12.26 16:32:02.248,0.29883,0.29917,0.03,0.03
2012.12.26 16:32:02.799,0.29883,0.2992,0.03,0.03
2012.12.26 16:32:05.669,0.29883,0.29922,0.03,0.02
2012.12.26 16:32:06.759,0.29884,0.29926,0.04,0.03
2012.12.26 16:32:07.302,0.29885,0.29925,0.03,0.02
2012.12.26 16:32:09.989,0.29886,0.29926,0.03,0.02
2012.12.26 16:32:10.739,0.29894,0.29934,0.03,0.02
2012.12.26 16:32:11.482,0.29894,0.29935,0.04,0.03
2012.12.26 16:32:15.719,0.29899,0.29939,0.02,0.02
2012.12.26 16:32:16.709,0.29898,0.29938,0.03,0.02
2012.12.26 16:32:27.049,0.299,0.2994,0.02,0.02
2012.12.26 16:32:31.778,0.29904,0.29941,0.03,0.02
2012.12.26 16:32:57.929,0.29898,0.2994,0.02,0.03
2012.12.26 16:32:58.551,0.29899,0.2994,0.02,0.03
2012.12.26 16:33:01.229,0.29898,0.29938,0.03,0.02
2012.12.26 16:33:01.549,0.29895,0.29937,0.02,0.03
2012.12.26 16:33:01.740,0.29893,0.2993,0.03,0.02
2012.12.26 16:33:02.659,0.29887,0.29927,0.03,0.02
2012.12.26 16:33:05.762,0.29885,0.29926,0.03,0.05
2012.12.26 16:33:06.487,0.29887,0.29927,0.03,0.02
2012.12.26 16:33:13.839,0.29884,0.29926,0.04,0.05
2012.12.26 16:33:28.181,0.29886,0.29927,0.02,0.03
2012.12.26 16:33:41.159,0.29889,0.2993,0.02,0.03
2012.12.26 16:33:42.049,0.29886,0.29926,0.02,0.02
2012.12.26 16:33:42.770,0.29887,0.29927,0.02,0.02
2012.12.26 16:33:45.319,0.29893,0.2993,0.03,0.02
2012.12.26 16:33:49.711,0.29893,0.29932,0.03,0.03
2012.12.26 16:34:17.150,0.29893,0.2993,0.03,0.03
2012.12.26 16:34:37.339,0.29894,0.29932,0.03,0.02
2012.12.26 16:34:43.169,0.29894,0.29935,0.04,0.03
2012.12.26 16:34:43.289,0.29894,0.29936,0.04,0.02
2012.12.26 16:34:43.409,0.29899,0.29939,0.03,0.02
2012.12.26 16:34:51.656,0.29897,0.29927,0.02,0.02
2012.12.26 16:34:51.719,0.29894,0.29934,0.03,0.02
2012.12.26 16:35:47.569,0.29893,0.29934,0.04,0.02
2012.12.26 16:35:50.029,0.2989,0.29926,0.02,0.02
2012.12.26 16:35:58.842,0.29885,0.29927,0.02,0.03
2012.12.26 16:35:59.349,0.29885,0.29926,0.02,0.05
2012.12.26 16:36:26.679,0.29884,0.29923,0.03,0.02
2012.12.26 16:36:28.599,0.29884,0.2992,0.03,0.02
2012.12.26 16:36:31.559,0.29884,0.29922,0.03,0.02
2012.12.26 16:36:40.849,0.29885,0.29926,0.03,0.03
2012.12.26 16:36:42.669,0.29894,0.2993,0.03,0.02
2012.12.26 16:36:50.640,0.29894,0.29926,0.02,0.02
2012.12.26 16:36:53.149,0.29894,0.29932,0.03,0.02
2012.12.26 16:37:28.359,0.29894,0.2993,0.03,0.02
2012.12.26 16:37:36.719,0.29894,0.29928,0.03,0.02
2012.12.26 16:37:37.529,0.29886,0.29926,0.03,0.03
2012.12.26 16:37:39.579,0.29883,0.29924,0.03,0.03
2012.12.26 16:37:46.757,0.29884,0.29926,0.03,0.03
2012.12.26 16:37:47.909,0.29884,0.29921,0.03,0.03
2012.12.26 16:37:48.467,0.29883,0.2992,0.03,0.03
2012.12.26 16:38:16.099,0.29883,0.29922,0.03,0.02
2012.12.26 16:38:18.199,0.29883,0.2992,0.03,0.02
2012.12.26 16:38:29.019,0.29883,0.29921,0.03,0.02
2012.12.26 16:38:29.221,0.29883,0.29921,0.03,0.02
2012.12.26 16:38:29.567,0.29884,0.29925,0.02,0.02
2012.12.26 16:38:31.279,0.29887,0.29927,0.02,0.03
2012.12.26 16:38:32.279,0.29894,0.2993,0.03,0.02
2012.12.26 16:38:32.839,0.29893,0.29931,0.03,0.02
2012.12.26 16:38:36.499,0.29894,0.29935,0.04,0.02
2012.12.26 16:38:56.729,0.29894,0.29932,0.03,0.02
2012.12.26 16:38:58.926,0.29894,0.29936,0.03,0.03
2012.12.26 16:39:17.410,0.29894,0.29935,0.03,0.02
2012.12.26 16:39:17.925,0.29895,0.29935,0.02,0.02
2012.12.26 16:39:20.346,0.29893,0.29933,0.05,0.02
2012.12.26 16:39:25.329,0.29893,0.29927,0.03,0.03
2012.12.26 16:39:26.349,0.29883,0.29923,0.04,0.03
2012.12.26 16:39:26.670,0.29883,0.29922,0.03,0.03
2012.12.26 16:39:26.855,0.29883,0.29923,0.03,0.03
2012.12.26 16:39:53.129,0.29883,0.29918,0.03,0.02
2012.12.26 16:40:07.869,0.29884,0.29919,0.03,0.02
2012.12.26 16:40:09.739,0.29884,0.29922,0.03,0.02
2012.12.26 16:40:09.979,0.29884,0.2992,0.03,0.03
2012.12.26 16:40:10.300,0.29884,0.2992,0.03,0.03
2012.12.26 16:40:11.715,0.29883,0.29922,0.03,0.02
2012.12.26 16:40:12.189,0.29883,0.2992,0.03,0.02
2012.12.26 16:40:13.610,0.29883,0.29924,0.03,0.03
2012.12.26 16:40:14.105,0.29885,0.29926,0.02,0.03
2012.12.26 16:40:16.122,0.29886,0.29926,0.02,0.02
2012.12.26 16:40:25.700,0.29883,0.29926,0.03,0.03
2012.12.26 16:40:26.219,0.29883,0.29923,0.05,0.02
2012.12.26 16:40:28.590,0.29883,0.29917,0.03,0.02
2012.12.26 16:40:29.105,0.29883,0.29917,0.03,0.02
2012.12.26 16:40:34.429,0.29874,0.29916,0.03,0.05
2012.12.26 16:40:34.980,0.29873,0.29912,0.03,0.02
2012.12.26 16:40:38.226,0.29865,0.29896,0.03,0.02
2012.12.26 16:40:38.279,0.29867,0.29905,0.02,0.03
2012.12.26 16:40:38.451,0.29864,0.29904,0.03,0.03
2012.12.26 16:40:38.894,0.29863,0.29904,0.03,0.03
2012.12.26 16:40:42.890,0.29864,0.29898,0.03,0.02
2012.12.26 16:40:44.765,0.29863,0.29902,0.03,0.02
2012.12.26 16:40:48.839,0.29867,0.29907,0.03,0.02
2012.12.26 16:40:53.019,0.29864,0.29906,0.04,0.05
2012.12.26 16:40:53.564,0.29866,0.29906,0.03,0.03
2012.12.26 16:40:54.149,0.29869,0.29911,0.03,0.03
2012.12.26 16:40:55.344,0.29873,0.29916,0.03,0.03
2012.12.26 16:40:55.820,0.29874,0.29916,0.04,0.05
2012.12.26 16:41:09.204,0.29874,0.29913,0.03,0.03
2012.12.26 16:41:10.350,0.29874,0.29917,0.03,0.03
2012.12.26 16:41:10.520,0.29883,0.2992,0.03,0.03
2012.12.26 16:41:20.512,0.29882,0.29922,0.02,0.03
2012.12.26 16:41:20.630,0.29877,0.29917,0.02,0.02
2012.12.26 16:41:22.804,0.29874,0.29916,0.02,0.03
2012.12.26 16:41:42.370,0.29877,0.29916,0.02,0.02
2012.12.26 16:41:50.139,0.2988,0.2992,0.03,0.02
2012.12.26 16:42:14.550,0.29884,0.29922,0.03,0.03
2012.12.26 16:42:15.100,0.2988,0.2992,0.03,0.02
2012.12.26 16:42:51.540,0.29883,0.29922,0.03,0.02
2012.12.26 16:42:58.160,0.29885,0.29926,0.03,0.03
2012.12.26 16:43:02.890,0.29887,0.29927,0.03,0.04
2012.12.26 16:43:03.010,0.29888,0.2993,0.03,0.03
2012.12.26 16:43:03.130,0.29885,0.29926,0.03,0.02
2012.12.26 16:43:38.692,0.29887,0.29927,0.03,0.04
2012.12.26 16:43:41.260,0.29894,0.2993,0.03,0.02
2012.12.26 16:43:41.561,0.29894,0.29929,0.03,0.02
2012.12.26 16:43:43.700,0.29894,0.29932,0.03,0.02
2012.12.26 16:43:47.536,0.29894,0.29929,0.03,0.02
2012.12.26 16:44:08.360,0.29894,0.29928,0.03,0.03
2012.12.26 16:44:12.420,0.29885,0.29926,0.03,0.03
2012.12.26 16:44:28.752,0.29887,0.29927,0.02,0.04
2012.12.26 16:44:28.810,0.29884,0.29927,0.03,0.03
2012.12.26 16:44:29.131,0.29885,0.29925,0.02,0.03
2012.12.26 16:44:34.010,0.29886,0.29926,0.02,0.02
2012.12.26 16:44:39.161,0.29884,0.29926,0.04,0.03
2012.12.26 16:44:40.170,0.29886,0.29926,0.03,0.02
2012.12.26 16:44:59.890,0.29893,0.29929,0.03,0.02
2012.12.26 16:44:59.950,0.29893,0.29929,0.03,0.02
2012.12.26 16:45:00.420,0.29893,0.29932,0.03,0.03
2012.12.26 16:45:04.170,0.29893,0.29929,0.03,0.02
2012.12.26 16:45:28.640,0.29885,0.29926,0.03,0.03
2012.12.26 16:45:29.160,0.29885,0.29926,0.02,0.04
2012.12.26 16:46:16.670,0.29884,0.29923,0.03,0.02
2012.12.26 16:46:23.970,0.29884,0.29926,0.04,0.05
2012.12.26 16:46:41.630,0.29886,0.29927,0.03,0.03
2012.12.26 16:46:41.849,0.29884,0.29926,0.04,0.03
2012.12.26 16:46:42.320,0.29884,0.29926,0.05,0.05
2012.12.26 16:46:57.410,0.29887,0.29927,0.03,0.04
2012.12.26 16:47:02.110,0.29884,0.29926,0.05,0.05
2012.12.26 16:47:06.540,0.29883,0.29923,0.04,0.02
2012.12.26 16:47:12.500,0.29883,0.2992,0.03,0.03
2012.12.26 16:47:13.038,0.29884,0.29918,0.03,0.03
2012.12.26 16:47:28.150,0.29873,0.29916,0.03,0.02
2012.12.26 16:47:28.720,0.29873,0.29913,0.05,0.02
2012.12.26 16:47:28.798,0.29874,0.29916,0.03,0.03
2012.12.26 16:47:29.140,0.29882,0.29917,0.02,0.02
2012.12.26 16:47:29.238,0.29877,0.29917,0.03,0.02
2012.12.26 16:47:29.701,0.2988,0.2992,0.03,0.02
2012.12.26 16:47:31.108,0.29875,0.29915,0.03,0.02
2012.12.26 16:47:31.230,0.29874,0.29916,0.05,0.02
2012.12.26 16:47:31.710,0.29875,0.29915,0.02,0.02
2012.12.26 16:47:36.980,0.29873,0.29913,0.04,0.02
2012.12.26 16:47:37.520,0.29873,0.29913,0.05,0.02
2012.12.26 16:47:37.980,0.29875,0.29915,0.02,0.03
2012.12.26 16:47:39.841,0.29876,0.29916,0.03,0.03
2012.12.26 16:47:41.888,0.29875,0.29915,0.02,0.02
2012.12.26 16:47:42.011,0.29874,0.29917,0.02,0.03
2012.12.26 16:47:42.548,0.29876,0.29916,0.02,0.03
2012.12.26 16:48:21.620,0.29874,0.29916,0.04,0.03
2012.12.26 16:48:22.122,0.29876,0.29916,0.03,0.02
2012.12.26 16:48:40.270,0.29884,0.29925,0.03,0.03
2012.12.26 16:48:40.670,0.29886,0.29927,0.03,0.03
2012.12.26 16:48:44.187,0.29884,0.29926,0.05,0.05
2012.12.26 16:48:44.790,0.29886,0.29926,0.03,0.02
2012.12.26 16:48:54.310,0.29884,0.29926,0.05,0.05
2012.12.26 16:49:07.531,0.29883,0.29924,0.03,0.03
2012.12.26 16:49:21.480,0.29884,0.29926,0.03,0.03
2012.12.26 16:49:24.771,0.29884,0.29923,0.03,0.03
2012.12.26 16:50:11.391,0.29878,0.2992,0.03,0.03
2012.12.26 16:50:12.046,0.29877,0.29917,0.03,0.02
2012.12.26 16:50:17.251,0.29875,0.29916,0.03,0.03
2012.12.26 16:50:17.851,0.29875,0.29915,0.03,0.02
2012.12.26 16:50:29.646,0.29876,0.29917,0.02,0.03
2012.12.26 16:50:39.720,0.29875,0.29916,0.03,0.03
2012.12.26 16:50:39.951,0.29875,0.29915,0.02,0.03
2012.12.26 16:50:50.551,0.29874,0.29913,0.03,0.02
2012.12.26 16:50:50.967,0.29874,0.29915,0.03,0.03
2012.12.26 16:50:51.156,0.29875,0.29915,0.03,0.02
2012.12.26 16:50:54.581,0.29884,0.29917,0.03,0.02
2012.12.26 16:50:57.101,0.29875,0.29915,0.02,0.02
2012.12.26 16:51:05.210,0.29877,0.29917,0.02,0.02
2012.12.26 16:51:17.080,0.29884,0.29922,0.03,0.02
2012.12.26 16:51:17.395,0.29884,0.29925,0.03,0.02
2012.12.26 16:51:17.601,0.29885,0.29926,0.02,0.03
2012.12.26 16:51:27.101,0.29884,0.29924,0.03,0.03
2012.12.26 16:51:27.431,0.29884,0.29926,0.03,0.05
2012.12.26 16:51:27.954,0.29885,0.29925,0.03,0.02
2012.12.26 16:52:14.154,0.29883,0.29924,0.03,0.02
2012.12.26 16:52:16.271,0.29884,0.29926,0.03,0.03
2012.12.26 16:52:21.641,0.29887,0.29927,0.02,0.02
2012.12.26 16:52:28.381,0.29884,0.29926,0.04,0.03
2012.12.26 16:52:29.024,0.29886,0.29926,0.03,0.02
2012.12.26 16:52:43.071,0.29894,0.29935,0.04,0.03
2012.12.26 16:52:51.853,0.29893,0.29933,0.04,0.02
2012.12.26 16:52:55.113,0.29895,0.29935,0.03,0.02
2012.12.26 16:52:58.813,0.29897,0.29937,0.03,0.04
2012.12.26 16:53:14.713,0.29894,0.29936,0.05,0.05
2012.12.26 16:53:15.813,0.29896,0.29936,0.03,0.02
2012.12.26 16:53:27.446,0.29893,0.29934,0.03,0.03
2012.12.26 16:53:27.981,0.29894,0.29933,0.03,0.02
2012.12.26 16:53:28.553,0.29894,0.29933,0.03,0.03
2012.12.26 16:53:36.873,0.29895,0.29935,0.03,0.02
2012.12.26 16:53:42.623,0.29903,0.29937,0.03,0.03
2012.12.26 16:53:53.572,0.29894,0.29936,0.03,0.03
2012.12.26 16:53:56.322,0.29897,0.29937,0.02,0.02
2012.12.26 16:53:58.402,0.29894,0.29936,0.05,0.05
2012.12.26 16:54:37.941,0.29896,0.29936,0.02,0.02
2012.12.26 16:54:38.142,0.29896,0.29937,0.03,0.03
2012.12.26 16:54:56.731,0.299,0.2994,0.03,0.02
2012.12.26 16:55:00.791,0.29903,0.29942,0.03,0.02
2012.12.26 16:55:38.561,0.29905,0.29946,0.03,0.03
2012.12.26 16:55:40.311,0.29907,0.29947,0.02,0.04
2012.12.26 16:56:16.481,0.29905,0.29945,0.02,0.02
2012.12.26 16:56:22.930,0.29904,0.29943,0.03,0.02
2012.12.26 16:56:41.821,0.29906,0.29946,0.03,0.02
2012.12.26 16:56:42.182,0.29906,0.29947,0.03,0.03
2012.12.26 16:56:51.113,0.29905,0.29945,0.03,0.02
2012.12.26 16:56:55.520,0.29904,0.29943,0.03,0.02
2012.12.26 16:57:09.421,0.29904,0.29941,0.03,0.02
2012.12.26 16:58:41.051,0.29904,0.29942,0.03,0.03
2012.12.26 16:58:41.268,0.29903,0.29941,0.03,0.02
2012.12.26 16:58:41.708,0.29905,0.29945,0.02,0.02
2012.12.26 16:58:47.868,0.29906,0.29947,0.02,0.03
2012.12.26 16:59:06.228,0.29904,0.29946,0.04,0.05
2012.12.26 16:59:25.502,0.29907,0.29947,0.03,0.04
2012.12.26 16:59:36.172,0.29911,0.29952,0.02,0.03
2012.12.26 16:59:50.277,0.29914,0.29951,0.03,0.03
2012.12.26 16:59:58.597,0.29913,0.29953,0.03,0.03
2012.12.26 16:59:59.372,0.29915,0.29956,0.03,0.03
