2015.10.21 00:00:01.311,0.15918,0.15951,0.01,0.18
2015.10.21 00:00:01.432,0.15919,0.15949,0.01,0.24
2015.10.21 00:00:01.538,0.15919,0.15952,0.01,0.14
2015.10.21 00:00:01.639,0.15921,0.15955,0.19,0.18
2015.10.21 00:00:01.689,0.15921,0.15953,0.02,0.18
2015.10.21 00:00:02.592,0.15921,0.15955,0.18,0.21
2015.10.21 00:00:03.120,0.1592,0.15954,0.18,0.16
2015.10.21 00:00:03.797,0.15922,0.15954,0.16,0.16
2015.10.21 00:00:05.717,0.15921,0.15953,0.02,0.18
2015.10.21 00:00:09.025,0.15922,0.15954,0.11,0.17
2015.10.21 00:00:10.410,0.1592,0.15954,0.02,0.18
2015.10.21 00:00:12.114,0.15922,0.15954,0.15,0.18
2015.10.21 00:00:12.854,0.15921,0.15953,0.02,0.21
2015.10.21 00:00:13.435,0.15922,0.15954,0.17,0.19
2015.10.21 00:00:13.817,0.1592,0.15954,0.03,0.19
2015.10.21 00:00:14.018,0.15922,0.15954,0.13,0.23
2015.10.21 00:00:14.519,0.1592,0.15952,0.23,0.14
2015.10.21 00:00:14.719,0.15921,0.15955,0.16,0.20
2015.10.21 00:00:14.820,0.15921,0.15953,0.21,0.22
2015.10.21 00:00:14.950,0.15921,0.15955,0.18,0.20
2015.10.21 00:00:15.020,0.15921,0.15953,0.20,0.25
2015.10.21 00:00:17.243,0.1592,0.15953,0.01,0.20
2015.10.21 00:00:18.667,0.15919,0.15953,0.17,0.20
2015.10.21 00:00:20.487,0.1592,0.15953,0.01,0.20
2015.10.21 00:00:24.400,0.15919,0.15953,0.17,0.20
2015.10.21 00:00:26.206,0.1592,0.15953,0.01,0.20
2015.10.21 00:00:26.814,0.15919,0.15953,0.16,0.20
2015.10.21 00:00:27.339,0.15919,0.15951,0.19,0.24
2015.10.21 00:00:27.711,0.15916,0.15948,0.17,0.16
2015.10.21 00:00:29.973,0.15917,0.15949,0.19,0.22
2015.10.21 00:00:30.532,0.15916,0.15948,0.13,0.21
2015.10.21 00:00:30.582,0.15916,0.1595,0.15,0.19
2015.10.21 00:00:30.885,0.15918,0.15952,0.16,0.12
2015.10.21 00:00:33.586,0.15919,0.1595,0.02,0.02
2015.10.21 00:00:33.787,0.1592,0.15953,0.02,0.02
2015.10.21 00:00:34.486,0.1592,0.15952,0.14,0.21
2015.10.21 00:00:35.751,0.15918,0.15951,0.02,0.02
2015.10.21 00:00:35.952,0.15921,0.15952,0.02,0.02
2015.10.21 00:00:36.395,0.15919,0.15951,0.18,0.10
2015.10.21 00:00:36.753,0.15916,0.1595,0.18,0.25
2015.10.21 00:00:37.562,0.15916,0.15948,0.22,0.20
2015.10.21 00:00:41.159,0.15917,0.15949,0.15,0.13
2015.10.21 00:00:41.774,0.15916,0.15948,0.24,0.24
2015.10.21 00:00:42.380,0.15917,0.15949,0.16,0.16
2015.10.21 00:00:42.802,0.15915,0.15949,0.24,0.21
2015.10.21 00:00:43.792,0.15916,0.15949,0.01,0.21
2015.10.21 00:00:45.687,0.15915,0.15949,0.24,0.21
2015.10.21 00:00:47.768,0.15916,0.15948,0.20,0.08
2015.10.21 00:00:52.020,0.15917,0.15948,0.01,0.08
2015.10.21 00:00:52.073,0.15917,0.1595,0.01,0.14
2015.10.21 00:00:52.276,0.15919,0.15953,0.12,0.22
2015.10.21 00:00:52.474,0.15919,0.15951,0.15,0.18
2015.10.21 00:00:52.774,0.15916,0.1595,0.14,0.16
2015.10.21 00:00:53.305,0.15917,0.15949,0.14,0.21
2015.10.21 00:00:53.970,0.15916,0.15948,0.22,0.19
2015.10.21 00:00:55.778,0.15915,0.15947,0.22,0.16
2015.10.21 00:01:12.202,0.15915,0.15948,0.02,0.02
2015.10.21 00:01:12.857,0.15914,0.15948,0.19,0.22
2015.10.21 00:01:26.523,0.15915,0.15948,0.02,0.02
2015.10.21 00:01:27.024,0.15916,0.15947,0.02,0.02
2015.10.21 00:01:27.725,0.15915,0.15947,0.22,0.14
2015.10.21 00:01:52.222,0.15916,0.15947,0.02,0.02
2015.10.21 00:01:55.637,0.15914,0.15948,0.23,0.20
2015.10.21 00:02:01.023,0.15913,0.15946,0.07,0.02
2015.10.21 00:02:02.597,0.15914,0.15946,0.05,0.02
2015.10.21 00:02:04.490,0.15913,0.15946,0.07,0.02
2015.10.21 00:02:04.705,0.1591,0.15944,0.19,0.23
2015.10.21 00:02:05.472,0.15911,0.15943,0.19,0.17
2015.10.21 00:02:09.405,0.15911,0.15945,0.12,0.22
2015.10.21 00:02:09.906,0.15913,0.15947,0.17,0.14
2015.10.21 00:02:10.425,0.15913,0.15946,0.02,0.02
2015.10.21 00:02:11.811,0.15913,0.15947,0.23,0.09
2015.10.21 00:02:12.315,0.15913,0.15946,0.02,0.02
2015.10.21 00:02:12.862,0.15913,0.15947,0.21,0.22
2015.10.21 00:02:18.727,0.15916,0.15947,0.02,0.02
2015.10.21 00:02:25.569,0.15914,0.15948,0.11,0.20
2015.10.21 00:02:25.669,0.15914,0.15946,0.09,0.16
2015.10.21 00:02:25.743,0.1591,0.15944,0.19,0.17
2015.10.21 00:02:28.147,0.15911,0.15945,0.17,0.20
2015.10.21 00:02:29.771,0.15911,0.15943,0.21,0.14
2015.10.21 00:02:51.542,0.15912,0.15944,0.14,0.17
2015.10.21 00:02:53.558,0.15911,0.15942,0.02,0.02
2015.10.21 00:02:54.212,0.1591,0.15942,0.16,0.19
2015.10.21 00:02:57.964,0.1591,0.15943,0.02,0.02
2015.10.21 00:03:07.747,0.15909,0.15943,0.18,0.13
2015.10.21 00:03:14.564,0.1591,0.15944,0.16,0.22
2015.10.21 00:03:30.090,0.1591,0.15943,0.02,0.02
2015.10.21 00:03:32.318,0.1591,0.15944,0.21,0.06
2015.10.21 00:03:38.592,0.15911,0.15944,0.01,0.06
2015.10.21 00:03:38.808,0.15913,0.15947,0.23,0.11
2015.10.21 00:03:43.542,0.15915,0.15947,0.22,0.15
2015.10.21 00:03:44.327,0.15914,0.15946,0.19,0.16
2015.10.21 00:03:47.723,0.15914,0.15945,0.02,0.02
2015.10.21 00:03:58.846,0.15914,0.15946,0.16,0.09
2015.10.21 00:03:58.960,0.15915,0.15949,0.07,0.19
2015.10.21 00:03:59.602,0.15914,0.15948,0.15,0.22
2015.10.21 00:04:00.260,0.15915,0.15948,0.02,0.02
2015.10.21 00:04:07.767,0.15915,0.15947,0.19,0.14
2015.10.21 00:04:39.440,0.15916,0.15947,0.02,0.02
2015.10.21 00:04:43.368,0.15914,0.15948,0.13,0.22
2015.10.21 00:04:47.774,0.15915,0.15947,0.19,0.15
2015.10.21 00:05:13.052,0.15913,0.15947,0.24,0.15
2015.10.21 00:05:13.204,0.15909,0.15943,0.13,0.21
2015.10.21 00:05:16.735,0.15906,0.15938,0.20,0.24
2015.10.21 00:05:18.113,0.15907,0.15939,0.14,0.21
2015.10.21 00:05:20.927,0.15908,0.15942,0.19,0.13
2015.10.21 00:05:25.429,0.15909,0.1594,0.02,0.02
2015.10.21 00:05:26.030,0.15909,0.15941,0.20,0.12
2015.10.21 00:05:26.530,0.15911,0.15942,0.02,0.02
2015.10.21 00:05:26.632,0.15909,0.15942,0.01,0.15
2015.10.21 00:05:27.641,0.15908,0.15942,0.17,0.15
2015.10.21 00:05:28.285,0.15908,0.15941,0.03,0.02
2015.10.21 00:05:29.045,0.15909,0.15941,0.01,0.02
2015.10.21 00:05:29.738,0.15909,0.15942,0.01,0.11
2015.10.21 00:05:30.263,0.15908,0.15942,0.20,0.11
2015.10.21 00:05:31.753,0.15909,0.15942,0.01,0.11
2015.10.21 00:05:32.573,0.15909,0.15941,0.01,0.02
2015.10.21 00:05:39.376,0.15908,0.15941,0.03,0.02
2015.10.21 00:05:41.760,0.15909,0.15941,0.23,0.12
2015.10.21 00:06:11.920,0.1591,0.15944,0.08,0.15
2015.10.21 00:06:26.057,0.1591,0.15942,0.13,0.15
2015.10.21 00:06:28.413,0.15911,0.15942,0.01,0.15
2015.10.21 00:06:32.131,0.1591,0.15942,0.14,0.15
2015.10.21 00:06:40.010,0.15908,0.15941,0.02,0.02
2015.10.21 00:06:40.170,0.15907,0.15938,0.01,0.20
2015.10.21 00:06:40.671,0.15906,0.15938,0.01,0.17
2015.10.21 00:06:41.766,0.15907,0.15938,0.01,0.17
2015.10.21 00:06:43.773,0.15905,0.15938,0.01,0.17
2015.10.21 00:06:43.976,0.15901,0.15934,0.01,0.16
2015.10.21 00:06:49.505,0.15902,0.15934,0.01,0.16
2015.10.21 00:06:50.266,0.15901,0.15934,0.01,0.16
2015.10.21 00:06:58.639,0.15902,0.15934,0.01,0.16
2015.10.21 00:07:02.337,0.15902,0.15935,0.01,0.16
2015.10.21 00:07:04.443,0.15901,0.15935,0.16,0.16
2015.10.21 00:07:06.268,0.15902,0.15935,0.01,0.16
2015.10.21 00:07:07.847,0.15902,0.15934,0.01,0.05
2015.10.21 00:07:08.511,0.15901,0.15934,0.01,0.05
2015.10.21 00:07:11.988,0.15902,0.15934,0.01,0.05
2015.10.21 00:07:13.793,0.15901,0.15934,0.01,0.05
2015.10.21 00:07:15.624,0.15901,0.15933,0.01,0.02
2015.10.21 00:07:16.207,0.15902,0.15932,0.01,0.21
2015.10.21 00:07:19.557,0.15901,0.15932,0.01,0.21
2015.10.21 00:07:21.438,0.15902,0.15932,0.01,0.21
2015.10.21 00:07:23.347,0.15901,0.15932,0.01,0.21
2015.10.21 00:07:29.019,0.15904,0.15934,0.01,0.21
2015.10.21 00:07:29.176,0.15904,0.15936,0.21,0.10
2015.10.21 00:07:39.902,0.15904,0.15935,0.02,0.02
2015.10.21 00:07:40.093,0.15902,0.15934,0.13,0.21
2015.10.21 00:07:41.265,0.15904,0.15936,0.15,0.12
2015.10.21 00:07:46.194,0.15903,0.15936,0.02,0.02
2015.10.21 00:07:46.555,0.15902,0.15934,0.14,0.14
2015.10.21 00:07:47.215,0.15902,0.15933,0.01,0.22
2015.10.21 00:07:48.743,0.15908,0.15938,0.01,0.22
2015.10.21 00:07:48.794,0.15908,0.15938,0.01,0.24
2015.10.21 00:07:48.894,0.15908,0.1594,0.01,0.19
2015.10.21 00:07:48.945,0.1591,0.1594,0.01,0.19
2015.10.21 00:07:48.995,0.15912,0.15944,0.11,0.21
2015.10.21 00:07:49.096,0.1591,0.15944,0.07,0.21
2015.10.21 00:07:50.245,0.15912,0.15944,0.01,0.06
2015.10.21 00:07:50.747,0.15911,0.15944,0.01,0.06
2015.10.21 00:07:51.294,0.1591,0.15944,0.18,0.06
2015.10.21 00:07:52.053,0.15911,0.15944,0.01,0.06
2015.10.21 00:07:55.967,0.1591,0.15944,0.18,0.06
2015.10.21 00:07:57.777,0.15911,0.15944,0.01,0.06
2015.10.21 00:08:01.716,0.1591,0.15944,0.18,0.06
2015.10.21 00:08:06.253,0.15911,0.15944,0.01,0.06
2015.10.21 00:08:07.400,0.1591,0.15944,0.18,0.06
2015.10.21 00:08:09.148,0.15911,0.15944,0.01,0.07
2015.10.21 00:08:11.180,0.1591,0.15944,0.18,0.07
2015.10.21 00:08:22.553,0.15909,0.1594,0.02,0.02
2015.10.21 00:08:28.453,0.15907,0.15939,0.15,0.22
2015.10.21 00:08:29.037,0.15906,0.15938,0.21,0.20
2015.10.21 00:08:32.879,0.15907,0.15939,0.14,0.17
2015.10.21 00:08:39.106,0.15905,0.15939,0.21,0.21
2015.10.21 00:08:45.821,0.15904,0.15938,0.13,0.22
2015.10.21 00:08:45.927,0.15906,0.15937,0.02,0.02
2015.10.21 00:08:49.108,0.15904,0.15938,0.11,0.24
2015.10.21 00:08:49.644,0.15905,0.15938,0.02,0.02
2015.10.21 00:08:50.304,0.15904,0.15938,0.15,0.20
2015.10.21 00:08:57.826,0.15905,0.15938,0.02,0.02
2015.10.21 00:09:04.059,0.15905,0.15939,0.17,0.08
2015.10.21 00:09:33.335,0.15907,0.15939,0.15,0.22
2015.10.21 00:09:35.749,0.15905,0.15939,0.24,0.21
2015.10.21 00:09:37.221,0.15907,0.15939,0.18,0.19
2015.10.21 00:09:37.818,0.15905,0.15939,0.17,0.13
2015.10.21 00:09:38.820,0.15907,0.15939,0.18,0.18
2015.10.21 00:09:41.425,0.15905,0.15939,0.18,0.21
2015.10.21 00:09:42.051,0.15906,0.1594,0.15,0.23
2015.10.21 00:09:42.350,0.15906,0.15938,0.21,0.23
2015.10.21 00:09:42.451,0.15904,0.15938,0.19,0.22
2015.10.21 00:09:42.526,0.15906,0.15937,0.02,0.02
2015.10.21 00:09:43.104,0.15906,0.15938,0.17,0.15
2015.10.21 00:09:46.875,0.15904,0.15938,0.21,0.16
2015.10.21 00:09:46.936,0.15906,0.15938,0.16,0.16
2015.10.21 00:09:52.947,0.15907,0.15939,0.16,0.22
2015.10.21 00:09:59.079,0.15906,0.15938,0.21,0.21
2015.10.21 00:09:59.758,0.15907,0.15939,0.18,0.23
2015.10.21 00:10:10.508,0.15906,0.15938,0.21,0.20
2015.10.21 00:10:14.493,0.15907,0.15939,0.14,0.22
2015.10.21 00:10:15.629,0.15906,0.15938,0.23,0.21
2015.10.21 00:10:17.420,0.15907,0.15939,0.18,0.19
2015.10.21 00:10:21.127,0.15906,0.15938,0.21,0.19
2015.10.21 00:10:26.121,0.15906,0.1594,0.15,0.22
2015.10.21 00:10:30.450,0.15905,0.15939,0.22,0.24
2015.10.21 00:10:31.002,0.15906,0.1594,0.14,0.19
2015.10.21 00:10:32.853,0.15906,0.15938,0.24,0.19
2015.10.21 00:10:43.273,0.15907,0.15939,0.14,0.13
2015.10.21 00:10:44.011,0.15905,0.15939,0.23,0.20
2015.10.21 00:10:47.185,0.15907,0.15939,0.12,0.20
2015.10.21 00:10:53.097,0.15906,0.15938,0.23,0.22
2015.10.21 00:10:55.290,0.15906,0.1594,0.18,0.17
2015.10.21 00:10:57.240,0.15905,0.15939,0.21,0.22
2015.10.21 00:11:00.802,0.15907,0.15939,0.15,0.15
2015.10.21 00:11:01.502,0.15905,0.15939,0.21,0.19
2015.10.21 00:11:04.609,0.15907,0.15939,0.11,0.19
2015.10.21 00:11:09.822,0.15906,0.15938,0.21,0.21
2015.10.21 00:11:27.759,0.15905,0.15939,0.22,0.21
2015.10.21 00:11:47.699,0.15906,0.15938,0.18,0.23
2015.10.21 00:12:10.661,0.15904,0.15938,0.11,0.20
2015.10.21 00:12:27.822,0.15905,0.15937,0.18,0.17
2015.10.21 00:12:47.746,0.15905,0.15938,0.02,0.02
2015.10.21 00:12:48.571,0.15904,0.15938,0.17,0.18
2015.10.21 00:12:49.966,0.15906,0.15937,0.02,0.02
2015.10.21 00:12:57.891,0.15905,0.15937,0.12,0.24
2015.10.21 00:13:02.179,0.15906,0.15937,0.02,0.02
2015.10.21 00:13:07.900,0.15905,0.15937,0.15,0.24
2015.10.21 00:13:08.510,0.15905,0.15938,0.02,0.02
2015.10.21 00:13:47.778,0.15906,0.15937,0.02,0.02
2015.10.21 00:13:56.919,0.15904,0.15938,0.16,0.17
2015.10.21 00:14:01.528,0.15905,0.15938,0.02,0.02
2015.10.21 00:14:27.769,0.15906,0.15937,0.02,0.02
2015.10.21 00:14:47.714,0.15905,0.15938,0.02,0.02
2015.10.21 00:15:07.785,0.15906,0.15937,0.02,0.02
2015.10.21 00:15:12.730,0.15905,0.15937,0.13,0.17
2015.10.21 00:15:13.269,0.15906,0.15937,0.02,0.02
2015.10.21 00:15:15.211,0.15904,0.15938,0.17,0.17
2015.10.21 00:15:47.818,0.15906,0.15937,0.02,0.02
2015.10.21 00:15:52.542,0.15905,0.15937,0.13,0.16
2015.10.21 00:16:00.134,0.15906,0.15937,0.02,0.02
2015.10.21 00:16:06.753,0.15904,0.15938,0.17,0.22
2015.10.21 00:16:33.325,0.15904,0.15936,0.18,0.20
2015.10.21 00:16:33.478,0.15901,0.15934,0.01,0.22
2015.10.21 00:16:33.579,0.15904,0.15936,0.24,0.19
2015.10.21 00:16:41.889,0.15901,0.15934,0.01,0.24
2015.10.21 00:16:42.417,0.15902,0.15934,0.19,0.21
2015.10.21 00:16:47.797,0.159,0.15934,0.21,0.06
2015.10.21 00:16:48.373,0.15901,0.15934,0.01,0.06
2015.10.21 00:16:49.299,0.159,0.15934,0.21,0.06
2015.10.21 00:16:53.127,0.15901,0.15934,0.01,0.06
2015.10.21 00:16:55.041,0.159,0.15934,0.21,0.06
2015.10.21 00:16:56.096,0.15901,0.15934,0.01,0.06
2015.10.21 00:16:56.653,0.159,0.15934,0.21,0.06
2015.10.21 00:16:57.157,0.15901,0.15934,0.01,0.06
2015.10.21 00:17:00.410,0.159,0.15934,0.21,0.06
2015.10.21 00:17:02.279,0.15901,0.15934,0.01,0.06
2015.10.21 00:17:03.181,0.159,0.15934,0.21,0.06
2015.10.21 00:17:04.184,0.15901,0.15934,0.01,0.06
2015.10.21 00:17:07.833,0.15901,0.15933,0.20,0.08
2015.10.21 00:17:26.156,0.159,0.15933,0.01,0.19
2015.10.21 00:17:26.658,0.15901,0.15932,0.02,0.02
2015.10.21 00:17:27.318,0.159,0.15933,0.01,0.21
2015.10.21 00:17:27.933,0.15901,0.15933,0.21,0.18
2015.10.21 00:17:31.568,0.15901,0.15932,0.01,0.14
2015.10.21 00:17:32.781,0.159,0.15932,0.20,0.14
2015.10.21 00:17:38.103,0.15901,0.15932,0.01,0.14
2015.10.21 00:17:40.008,0.159,0.15932,0.20,0.14
2015.10.21 00:17:41.312,0.15901,0.15932,0.01,0.14
2015.10.21 00:17:42.014,0.159,0.15932,0.19,0.14
2015.10.21 00:17:42.222,0.15896,0.15929,0.01,0.20
2015.10.21 00:17:42.324,0.159,0.15932,0.12,0.19
2015.10.21 00:17:42.481,0.15898,0.15932,0.24,0.25
2015.10.21 00:17:42.681,0.15897,0.1593,0.01,0.18
2015.10.21 00:17:42.983,0.15897,0.15928,0.01,0.19
2015.10.21 00:17:44.019,0.15896,0.15928,0.20,0.19
2015.10.21 00:17:47.990,0.15895,0.15928,0.01,0.19
2015.10.21 00:17:48.352,0.15897,0.15928,0.01,0.06
2015.10.21 00:17:48.790,0.15898,0.1593,0.01,0.12
2015.10.21 00:17:49.292,0.15899,0.1593,0.02,0.02
2015.10.21 00:17:49.490,0.15896,0.15928,0.20,0.16
2015.10.21 00:17:49.619,0.15896,0.1593,0.12,0.21
2015.10.21 00:17:50.232,0.15895,0.15929,0.19,0.19
2015.10.21 00:17:50.892,0.15896,0.15929,0.01,0.19
2015.10.21 00:17:51.942,0.15895,0.15929,0.19,0.19
2015.10.21 00:17:52.543,0.15895,0.15928,0.01,0.19
2015.10.21 00:17:53.550,0.15896,0.15928,0.01,0.19
2015.10.21 00:17:54.448,0.15895,0.15928,0.01,0.19
2015.10.21 00:17:57.227,0.15896,0.15927,0.02,0.02
2015.10.21 00:17:59.804,0.15895,0.15927,0.19,0.20
2015.10.21 00:18:01.585,0.15896,0.15927,0.01,0.20
2015.10.21 00:18:02.119,0.15895,0.15927,0.19,0.20
2015.10.21 00:18:05.112,0.15896,0.15927,0.01,0.20
2015.10.21 00:18:05.816,0.15896,0.15928,0.01,0.02
2015.10.21 00:18:06.430,0.15895,0.15928,0.03,0.02
2015.10.21 00:18:07.847,0.15896,0.15928,0.01,0.02
2015.10.21 00:18:08.661,0.15896,0.15927,0.01,0.18
2015.10.21 00:18:09.725,0.15895,0.15927,0.16,0.18
2015.10.21 00:18:11.630,0.15896,0.15927,0.01,0.18
2015.10.21 00:18:13.458,0.15895,0.15927,0.16,0.18
2015.10.21 00:18:17.252,0.15896,0.15927,0.01,0.18
2015.10.21 00:18:19.175,0.15895,0.15927,0.16,0.18
2015.10.21 00:18:21.069,0.15896,0.15927,0.01,0.18
2015.10.21 00:18:22.353,0.15895,0.15927,0.15,0.18
2015.10.21 00:18:22.404,0.15893,0.15927,0.24,0.21
2015.10.21 00:18:22.455,0.1589,0.15922,0.11,0.16
2015.10.21 00:18:22.562,0.15891,0.15925,0.17,0.20
2015.10.21 00:18:23.141,0.1589,0.15924,0.17,0.20
2015.10.21 00:18:23.241,0.15892,0.15924,0.12,0.21
2015.10.21 00:18:27.239,0.15891,0.15923,0.20,0.19
2015.10.21 00:18:37.302,0.15892,0.15924,0.17,0.15
2015.10.21 00:18:37.353,0.1589,0.15924,0.02,0.21
2015.10.21 00:18:40.959,0.1589,0.15922,0.14,0.19
2015.10.21 00:18:41.106,0.15888,0.15922,0.02,0.23
2015.10.21 00:18:41.894,0.15889,0.15921,0.20,0.09
2015.10.21 00:18:42.461,0.15888,0.15922,0.02,0.18
2015.10.21 00:18:48.811,0.15886,0.15918,0.22,0.16
2015.10.21 00:18:49.063,0.15888,0.15921,0.04,0.20
2015.10.21 00:18:49.113,0.15891,0.15923,0.05,0.21
2015.10.21 00:18:49.214,0.15889,0.15923,0.16,0.16
2015.10.21 00:18:49.679,0.15892,0.15924,0.17,0.17
2015.10.21 00:18:49.780,0.1589,0.15924,0.16,0.22
2015.10.21 00:18:51.918,0.1589,0.15922,0.12,0.21
2015.10.21 00:18:52.426,0.15889,0.1592,0.02,0.02
2015.10.21 00:18:55.823,0.15885,0.15919,0.24,0.22
2015.10.21 00:18:55.893,0.15889,0.15923,0.13,0.20
2015.10.21 00:18:56.276,0.15889,0.15921,0.23,0.21
2015.10.21 00:18:57.434,0.15885,0.15919,0.21,0.19
2015.10.21 00:18:58.500,0.15885,0.15917,0.16,0.21
2015.10.21 00:18:58.606,0.15886,0.15919,0.02,0.15
2015.10.21 00:18:59.124,0.15885,0.15919,0.08,0.15
2015.10.21 00:18:59.701,0.15885,0.15917,0.14,0.20
2015.10.21 00:19:05.640,0.15886,0.15917,0.02,0.02
2015.10.21 00:19:09.569,0.15885,0.15917,0.13,0.22
2015.10.21 00:19:21.865,0.15886,0.15917,0.02,0.02
2015.10.21 00:19:24.893,0.15884,0.15918,0.14,0.16
2015.10.21 00:19:35.621,0.15883,0.15917,0.12,0.19
2015.10.21 00:19:35.859,0.1588,0.15914,0.17,0.20
2015.10.21 00:19:37.880,0.15881,0.15915,0.14,0.22
2015.10.21 00:19:38.287,0.15883,0.15917,0.21,0.12
2015.10.21 00:19:41.129,0.1588,0.15914,0.03,0.18
2015.10.21 00:19:41.733,0.15882,0.15914,0.16,0.19
2015.10.21 00:19:42.248,0.15884,0.15916,0.19,0.09
2015.10.21 00:19:45.010,0.15884,0.15915,0.02,0.02
2015.10.21 00:19:45.194,0.15881,0.15913,0.21,0.17
2015.10.21 00:19:47.346,0.15882,0.15914,0.16,0.21
2015.10.21 00:19:47.446,0.15884,0.15916,0.18,0.10
2015.10.21 00:19:48.801,0.15883,0.15916,0.02,0.02
2015.10.21 00:19:51.607,0.1588,0.15914,0.21,0.17
2015.10.21 00:19:51.808,0.15882,0.15914,0.16,0.20
2015.10.21 00:19:52.481,0.15881,0.15913,0.16,0.17
2015.10.21 00:19:57.967,0.15882,0.15914,0.17,0.20
2015.10.21 00:19:59.727,0.1588,0.15914,0.20,0.19
2015.10.21 00:20:00.949,0.15881,0.15915,0.16,0.20
2015.10.21 00:20:02.621,0.15882,0.15915,0.04,0.20
2015.10.21 00:20:02.773,0.15884,0.15916,0.16,0.07
2015.10.21 00:20:06.841,0.15885,0.15918,0.02,0.02
2015.10.21 00:20:07.455,0.15885,0.15917,0.10,0.18
2015.10.21 00:20:08.106,0.15885,0.15918,0.02,0.02
2015.10.21 00:20:14.457,0.15885,0.15917,0.17,0.16
2015.10.21 00:20:14.959,0.15886,0.15917,0.02,0.02
2015.10.21 00:20:23.124,0.15885,0.15917,0.17,0.22
2015.10.21 00:20:23.281,0.15884,0.15915,0.02,0.02
2015.10.21 00:20:24.187,0.15881,0.15913,0.21,0.21
2015.10.21 00:20:24.944,0.15882,0.15914,0.11,0.20
2015.10.21 00:20:28.095,0.15883,0.15914,0.01,0.20
2015.10.21 00:20:28.319,0.15883,0.15917,0.17,0.10
2015.10.21 00:20:28.688,0.15885,0.15919,0.08,0.20
2015.10.21 00:20:33.197,0.15885,0.15917,0.13,0.18
2015.10.21 00:20:40.236,0.15889,0.15919,0.02,0.18
2015.10.21 00:20:40.337,0.15889,0.15919,0.05,0.18
2015.10.21 00:20:40.412,0.15889,0.15921,0.05,0.18
2015.10.21 00:20:40.520,0.15892,0.15924,0.16,0.15
2015.10.21 00:20:40.613,0.1589,0.15924,0.16,0.23
2015.10.21 00:20:40.758,0.15892,0.15924,0.19,0.17
2015.10.21 00:20:42.619,0.15891,0.15923,0.20,0.20
2015.10.21 00:20:43.020,0.15891,0.15925,0.18,0.18
2015.10.21 00:20:44.155,0.1589,0.15924,0.20,0.19
2015.10.21 00:20:45.146,0.15891,0.15925,0.15,0.23
2015.10.21 00:20:48.576,0.1589,0.15924,0.20,0.15
2015.10.21 00:20:50.882,0.15892,0.15924,0.16,0.18
2015.10.21 00:20:52.538,0.15891,0.15923,0.27,0.25
2015.10.21 00:20:56.989,0.15891,0.15925,0.16,0.19
2015.10.21 00:20:59.753,0.15891,0.15923,0.23,0.19
2015.10.21 00:21:01.155,0.1589,0.15923,0.01,0.20
2015.10.21 00:21:01.717,0.15891,0.15923,0.07,0.16
2015.10.21 00:21:02.588,0.15889,0.15923,0.20,0.19
2015.10.21 00:21:03.306,0.1589,0.15923,0.02,0.02
2015.10.21 00:21:04.300,0.1589,0.15922,0.09,0.18
2015.10.21 00:21:16.731,0.15888,0.15922,0.15,0.18
2015.10.21 00:21:16.788,0.15886,0.15918,0.20,0.21
2015.10.21 00:21:17.188,0.15886,0.1592,0.03,0.19
2015.10.21 00:21:18.792,0.15886,0.15919,0.01,0.14
2015.10.21 00:21:23.282,0.15885,0.15919,0.20,0.14
2015.10.21 00:21:24.803,0.15887,0.15919,0.02,0.18
2015.10.21 00:21:30.112,0.15885,0.15919,0.22,0.16
2015.10.21 00:21:30.754,0.15885,0.15917,0.19,0.16
2015.10.21 00:21:34.726,0.15886,0.15918,0.19,0.18
2015.10.21 00:21:34.928,0.1589,0.15924,0.06,0.23
2015.10.21 00:21:35.466,0.1589,0.15923,0.02,0.02
2015.10.21 00:21:44.874,0.15892,0.15924,0.02,0.21
2015.10.21 00:21:44.944,0.1589,0.15924,0.20,0.23
2015.10.21 00:21:46.647,0.15891,0.15925,0.02,0.20
2015.10.21 00:21:48.695,0.15891,0.15923,0.25,0.18
2015.10.21 00:22:01.680,0.15892,0.15924,0.11,0.25
2015.10.21 00:22:02.156,0.15891,0.15922,0.02,0.02
2015.10.21 00:22:07.820,0.15889,0.15923,0.22,0.16
2015.10.21 00:22:15.824,0.15889,0.15921,0.05,0.19
2015.10.21 00:22:16.428,0.1589,0.15922,0.20,0.19
2015.10.21 00:22:29.470,0.15891,0.15922,0.02,0.02
2015.10.21 00:22:30.026,0.15892,0.15924,0.02,0.22
2015.10.21 00:22:37.540,0.1589,0.15924,0.16,0.18
2015.10.21 00:22:41.146,0.1589,0.15922,0.15,0.21
2015.10.21 00:22:47.757,0.1589,0.15923,0.01,0.19
2015.10.21 00:22:50.182,0.15889,0.15923,0.24,0.19
2015.10.21 00:22:51.260,0.1589,0.15923,0.01,0.19
2015.10.21 00:22:52.573,0.15889,0.15923,0.23,0.19
2015.10.21 00:22:53.205,0.1589,0.15923,0.02,0.02
2015.10.21 00:22:58.516,0.1589,0.15922,0.17,0.21
2015.10.21 00:22:59.726,0.1589,0.15923,0.03,0.02
2015.10.21 00:23:00.882,0.15889,0.15923,0.11,0.22
2015.10.21 00:23:03.119,0.15889,0.1592,0.05,0.19
2015.10.21 00:23:03.186,0.1589,0.15923,0.02,0.02
2015.10.21 00:23:14.613,0.15889,0.1592,0.07,0.02
2015.10.21 00:23:14.713,0.1589,0.15923,0.02,0.02
2015.10.21 00:23:14.814,0.15891,0.15925,0.12,0.25
2015.10.21 00:23:15.263,0.1589,0.15922,0.21,0.18
2015.10.21 00:23:17.119,0.1589,0.15923,0.03,0.02
2015.10.21 00:23:17.685,0.1589,0.15924,0.18,0.21
2015.10.21 00:23:28.988,0.15892,0.15924,0.02,0.20
2015.10.21 00:23:42.719,0.15891,0.15923,0.17,0.19
2015.10.21 00:23:47.795,0.1589,0.15924,0.24,0.05
2015.10.21 00:23:55.410,0.15889,0.15921,0.01,0.02
2015.10.21 00:23:55.611,0.15885,0.15918,0.01,0.20
2015.10.21 00:23:56.214,0.15885,0.15917,0.15,0.15
2015.10.21 00:24:24.757,0.15885,0.15918,0.02,0.02
2015.10.21 00:24:28.598,0.15884,0.15918,0.23,0.18
2015.10.21 00:24:28.799,0.15881,0.15913,0.27,0.20
2015.10.21 00:24:28.899,0.15881,0.15915,0.15,0.19
2015.10.21 00:24:30.525,0.15882,0.15915,0.01,0.19
2015.10.21 00:24:31.130,0.15881,0.15915,0.15,0.19
2015.10.21 00:24:33.685,0.15881,0.15914,0.05,0.21
2015.10.21 00:24:34.389,0.15881,0.15915,0.07,0.21
2015.10.21 00:24:36.620,0.1588,0.15914,0.22,0.19
2015.10.21 00:24:37.137,0.1588,0.15913,0.01,0.24
2015.10.21 00:24:38.508,0.15879,0.15913,0.16,0.24
2015.10.21 00:24:41.214,0.1588,0.15913,0.01,0.24
2015.10.21 00:24:42.317,0.15879,0.15913,0.16,0.24
2015.10.21 00:24:44.169,0.1588,0.15913,0.01,0.24
2015.10.21 00:24:44.686,0.15879,0.15913,0.16,0.24
2015.10.21 00:24:45.440,0.1588,0.15913,0.01,0.24
2015.10.21 00:24:46.029,0.15879,0.15913,0.16,0.24
2015.10.21 00:24:46.833,0.1588,0.15913,0.01,0.24
2015.10.21 00:24:47.936,0.15879,0.15913,0.16,0.24
2015.10.21 00:24:51.750,0.1588,0.15913,0.01,0.24
2015.10.21 00:24:52.552,0.15879,0.15913,0.16,0.24
2015.10.21 00:24:55.561,0.1588,0.15913,0.01,0.24
2015.10.21 00:24:56.363,0.15879,0.15913,0.16,0.24
2015.10.21 00:24:57.467,0.1588,0.15913,0.01,0.24
2015.10.21 00:24:59.419,0.15879,0.15913,0.16,0.24
2015.10.21 00:25:02.084,0.1588,0.15913,0.01,0.24
2015.10.21 00:25:03.189,0.15879,0.15913,0.16,0.24
2015.10.21 00:25:05.896,0.1588,0.15913,0.01,0.24
2015.10.21 00:25:08.908,0.15879,0.15913,0.17,0.14
2015.10.21 00:25:10.735,0.1588,0.15913,0.01,0.14
2015.10.21 00:25:11.625,0.15879,0.15913,0.17,0.14
2015.10.21 00:25:12.629,0.1588,0.15913,0.01,0.14
2015.10.21 00:25:13.223,0.15879,0.15913,0.17,0.14
2015.10.21 00:25:13.743,0.1588,0.15913,0.01,0.14
2015.10.21 00:25:14.636,0.15879,0.15913,0.17,0.14
2015.10.21 00:25:15.439,0.1588,0.15913,0.01,0.14
2015.10.21 00:25:16.041,0.15879,0.15913,0.17,0.14
2015.10.21 00:25:16.625,0.1588,0.15913,0.01,0.14
2015.10.21 00:25:17.156,0.15879,0.15913,0.17,0.14
2015.10.21 00:25:20.740,0.15879,0.15911,0.22,0.15
2015.10.21 00:25:20.941,0.15874,0.15908,0.10,0.14
2015.10.21 00:25:20.992,0.15878,0.15908,0.01,0.14
2015.10.21 00:25:21.175,0.15876,0.15908,0.18,0.08
2015.10.21 00:25:21.285,0.15878,0.15912,0.07,0.19
2015.10.21 00:25:21.336,0.15876,0.15908,0.21,0.16
2015.10.21 00:25:21.606,0.15876,0.1591,0.02,0.21
2015.10.21 00:25:26.703,0.15878,0.1591,0.05,0.21
2015.10.21 00:25:27.251,0.15879,0.15911,0.02,0.13
2015.10.21 00:25:27.527,0.15876,0.1591,0.02,0.21
2015.10.21 00:25:27.829,0.15876,0.15908,0.21,0.07
2015.10.21 00:25:36.683,0.15875,0.15907,0.13,0.17
2015.10.21 00:25:46.074,0.15876,0.15907,0.02,0.02
2015.10.21 00:25:48.522,0.15874,0.15908,0.17,0.19
2015.10.21 00:25:49.699,0.15875,0.15908,0.01,0.19
2015.10.21 00:25:53.611,0.15874,0.15908,0.17,0.19
2015.10.21 00:26:08.759,0.15875,0.15908,0.01,0.14
2015.10.21 00:26:18.199,0.15874,0.15908,0.24,0.14
2015.10.21 00:26:20.130,0.15875,0.15908,0.01,0.14
2015.10.21 00:26:22.039,0.15874,0.15908,0.24,0.14
2015.10.21 00:26:27.766,0.15875,0.15907,0.18,0.17
2015.10.21 00:26:47.794,0.15875,0.15908,0.02,0.02
2015.10.21 00:26:52.242,0.15875,0.15907,0.14,0.16
2015.10.21 00:26:52.795,0.15875,0.15908,0.03,0.02
2015.10.21 00:26:53.704,0.15874,0.15908,0.13,0.20
2015.10.21 00:26:54.298,0.15875,0.15908,0.01,0.20
2015.10.21 00:26:58.111,0.15874,0.15908,0.13,0.20
2015.10.21 00:27:00.022,0.15875,0.15908,0.01,0.20
2015.10.21 00:27:01.927,0.15874,0.15908,0.13,0.20
2015.10.21 00:27:07.645,0.15875,0.15908,0.01,0.20
2015.10.21 00:27:08.345,0.15875,0.15907,0.20,0.15
2015.10.21 00:27:23.620,0.15882,0.15912,0.01,0.20
2015.10.21 00:27:23.722,0.15884,0.15914,0.01,0.21
2015.10.21 00:27:23.874,0.15884,0.15917,0.05,0.17
2015.10.21 00:27:23.973,0.15885,0.15919,0.06,0.20
2015.10.21 00:27:24.196,0.15885,0.15917,0.10,0.16
2015.10.21 00:27:24.499,0.15888,0.15922,0.28,0.10
2015.10.21 00:27:24.599,0.1589,0.15923,0.02,0.02
2015.10.21 00:27:25.079,0.15891,0.15925,0.10,0.21
2015.10.21 00:27:33.703,0.15891,0.15923,0.19,0.21
2015.10.21 00:27:39.707,0.15889,0.15923,0.17,0.21
2015.10.21 00:27:40.288,0.1589,0.15923,0.02,0.02
2015.10.21 00:27:46.717,0.1589,0.15922,0.13,0.13
2015.10.21 00:28:00.271,0.1589,0.15923,0.02,0.02
2015.10.21 00:28:00.372,0.15891,0.15925,0.17,0.18
2015.10.21 00:28:00.931,0.1589,0.15924,0.16,0.22
2015.10.21 00:28:09.150,0.15891,0.15922,0.02,0.02
2015.10.21 00:28:10.380,0.1589,0.15922,0.12,0.19
2015.10.21 00:28:10.850,0.15886,0.15918,0.22,0.19
2015.10.21 00:28:11.391,0.15885,0.15917,0.18,0.18
2015.10.21 00:28:22.622,0.15883,0.15917,0.08,0.13
2015.10.21 00:28:22.673,0.15882,0.15913,0.01,0.21
2015.10.21 00:28:22.875,0.15882,0.15915,0.01,0.18
2015.10.21 00:28:23.178,0.15882,0.15913,0.01,0.23
2015.10.21 00:28:26.746,0.15881,0.15913,0.20,0.23
2015.10.21 00:28:45.100,0.15881,0.15915,0.12,0.19
2015.10.21 00:28:54.927,0.15883,0.15915,0.07,0.18
2015.10.21 00:28:55.421,0.15885,0.15916,0.01,0.19
2015.10.21 00:28:56.532,0.15884,0.15916,0.04,0.19
2015.10.21 00:28:56.917,0.15883,0.15914,0.01,0.23
2015.10.21 00:29:00.447,0.15883,0.15913,0.01,0.21
2015.10.21 00:29:04.041,0.15882,0.15913,0.01,0.21
2015.10.21 00:29:05.947,0.15883,0.15913,0.01,0.21
2015.10.21 00:29:07.852,0.15882,0.15913,0.01,0.21
2015.10.21 00:29:09.806,0.15883,0.15913,0.01,0.21
2015.10.21 00:29:11.663,0.15882,0.15913,0.01,0.21
2015.10.21 00:29:17.389,0.15883,0.15913,0.01,0.21
2015.10.21 00:29:19.324,0.15882,0.15913,0.01,0.21
2015.10.21 00:29:27.755,0.15882,0.15914,0.01,0.05
2015.10.21 00:29:34.436,0.15883,0.15914,0.01,0.05
2015.10.21 00:29:36.343,0.15882,0.15914,0.01,0.05
2015.10.21 00:29:38.251,0.15883,0.15914,0.01,0.05
2015.10.21 00:29:47.777,0.15882,0.15914,0.01,0.05
2015.10.21 00:29:49.683,0.15883,0.15914,0.01,0.17
2015.10.21 00:29:51.589,0.15882,0.15914,0.01,0.17
2015.10.21 00:29:55.309,0.15883,0.15914,0.01,0.17
2015.10.21 00:29:59.122,0.15882,0.15914,0.01,0.17
2015.10.21 00:30:01.552,0.15881,0.15914,0.01,0.14
2015.10.21 00:30:02.103,0.15881,0.15915,0.13,0.25
2015.10.21 00:30:04.307,0.15881,0.15914,0.01,0.22
2015.10.21 00:30:05.250,0.15882,0.15914,0.01,0.22
2015.10.21 00:30:07.159,0.15881,0.15914,0.01,0.22
2015.10.21 00:30:08.977,0.15882,0.15914,0.01,0.22
2015.10.21 00:30:14.797,0.15881,0.15914,0.01,0.22
2015.10.21 00:30:18.514,0.15882,0.15914,0.01,0.22
2015.10.21 00:30:27.855,0.15882,0.15913,0.01,0.05
2015.10.21 00:30:28.685,0.15881,0.15913,0.17,0.05
2015.10.21 00:30:47.778,0.1588,0.15914,0.16,0.08
2015.10.21 00:30:52.678,0.15881,0.15914,0.05,0.08
2015.10.21 00:30:54.578,0.1588,0.15914,0.22,0.08
2015.10.21 00:30:56.447,0.15881,0.15914,0.05,0.08
2015.10.21 00:31:04.073,0.1588,0.15914,0.22,0.08
2015.10.21 00:31:07.740,0.15882,0.15914,0.10,0.18
2015.10.21 00:31:09.642,0.15881,0.15914,0.05,0.19
2015.10.21 00:31:10.143,0.15881,0.15915,0.18,0.16
2015.10.21 00:31:15.878,0.15881,0.15913,0.28,0.22
2015.10.21 00:31:20.178,0.15882,0.15914,0.10,0.17
2015.10.21 00:31:25.667,0.15881,0.15913,0.16,0.16
2015.10.21 00:31:47.701,0.15882,0.15914,0.11,0.21
2015.10.21 00:31:51.244,0.15891,0.15921,0.01,0.21
2015.10.21 00:31:51.349,0.15892,0.15922,0.05,0.18
2015.10.21 00:31:51.406,0.15895,0.15925,0.15,0.02
2015.10.21 00:31:51.889,0.15895,0.15927,0.15,0.17
2015.10.21 00:31:52.156,0.15895,0.15929,0.19,0.21
2015.10.21 00:31:52.256,0.15897,0.15929,0.04,0.21
2015.10.21 00:31:52.608,0.15898,0.15931,0.06,0.02
2015.10.21 00:32:07.349,0.15899,0.15931,0.16,0.13
2015.10.21 00:32:21.354,0.159,0.15934,0.07,0.20
2015.10.21 00:32:21.891,0.15899,0.15933,0.10,0.17
2015.10.21 00:32:22.283,0.15899,0.1593,0.02,0.02
2015.10.21 00:32:22.882,0.15899,0.15931,0.21,0.16
2015.10.21 00:33:00.051,0.159,0.15931,0.01,0.19
2015.10.21 00:33:00.107,0.15901,0.15933,0.06,0.17
2015.10.21 00:33:04.917,0.15899,0.15935,0.01,0.02
2015.10.21 00:33:05.645,0.159,0.15935,0.01,0.02
2015.10.21 00:33:07.149,0.15899,0.15935,0.01,0.02
2015.10.21 00:33:07.651,0.159,0.15935,0.01,0.02
2015.10.21 00:33:07.751,0.15897,0.15935,0.11,0.18
2015.10.21 00:33:09.656,0.15898,0.15935,0.01,0.18
2015.10.21 00:33:11.562,0.15897,0.15935,0.01,0.18
2015.10.21 00:33:13.368,0.15898,0.15935,0.01,0.18
2015.10.21 00:33:15.374,0.15897,0.15935,0.01,0.18
2015.10.21 00:33:17.317,0.15898,0.15935,0.01,0.18
2015.10.21 00:33:18.967,0.15899,0.15931,0.05,0.16
2015.10.21 00:33:19.437,0.15897,0.15929,0.11,0.19
2015.10.21 00:33:30.236,0.15898,0.15929,0.01,0.19
2015.10.21 00:33:30.387,0.15898,0.15932,0.23,0.16
2015.10.21 00:33:44.073,0.15896,0.15928,0.16,0.21
2015.10.21 00:33:44.420,0.15896,0.1593,0.13,0.18
2015.10.21 00:33:47.743,0.15898,0.1593,0.01,0.18
2015.10.21 00:33:48.282,0.15898,0.15932,0.10,0.19
2015.10.21 00:33:50.086,0.15896,0.1593,0.08,0.23
2015.10.21 00:33:56.916,0.15895,0.15929,0.25,0.19
2015.10.21 00:33:57.824,0.15897,0.15929,0.11,0.21
2015.10.21 00:33:58.798,0.15895,0.15929,0.19,0.24
2015.10.21 00:33:59.473,0.15896,0.15929,0.01,0.24
2015.10.21 00:34:00.134,0.15897,0.15929,0.09,0.18
2015.10.21 00:34:00.847,0.15895,0.15929,0.22,0.17
2015.10.21 00:34:02.825,0.15897,0.15929,0.09,0.22
2015.10.21 00:34:03.825,0.15896,0.15928,0.17,0.24
2015.10.21 00:34:04.425,0.15897,0.15929,0.07,0.18
2015.10.21 00:34:05.085,0.15896,0.15928,0.19,0.17
2015.10.21 00:34:05.859,0.15897,0.15929,0.12,0.21
2015.10.21 00:34:06.849,0.15896,0.15928,0.19,0.22
2015.10.21 00:34:07.839,0.15897,0.15929,0.08,0.25
2015.10.21 00:34:08.162,0.15901,0.15931,0.05,0.20
2015.10.21 00:34:08.263,0.15902,0.15934,0.19,0.17
2015.10.21 00:34:08.779,0.15902,0.15935,0.01,0.16
2015.10.21 00:34:10.083,0.15903,0.15935,0.01,0.16
2015.10.21 00:34:10.418,0.15903,0.15933,0.01,0.21
2015.10.21 00:34:11.637,0.15903,0.15934,0.01,0.22
2015.10.21 00:34:12.409,0.15902,0.15934,0.13,0.22
2015.10.21 00:34:15.817,0.15903,0.15934,0.01,0.22
2015.10.21 00:34:23.140,0.15903,0.15933,0.01,0.23
2015.10.21 00:34:25.145,0.15901,0.15933,0.21,0.23
2015.10.21 00:34:25.653,0.15901,0.15935,0.11,0.25
2015.10.21 00:34:28.879,0.159,0.15934,0.20,0.17
2015.10.21 00:34:29.685,0.15901,0.15935,0.10,0.15
2015.10.21 00:34:29.955,0.15901,0.15933,0.23,0.20
2015.10.21 00:35:03.565,0.159,0.15932,0.02,0.18
2015.10.21 00:35:04.385,0.15901,0.15932,0.02,0.02
2015.10.21 00:35:05.116,0.15902,0.15934,0.13,0.21
2015.10.21 00:35:07.797,0.15901,0.15933,0.23,0.05
2015.10.21 00:35:14.206,0.15899,0.15933,0.17,0.26
2015.10.21 00:35:18.111,0.159,0.15933,0.02,0.02
2015.10.21 00:35:30.982,0.15899,0.15933,0.16,0.23
2015.10.21 00:35:36.056,0.15901,0.15932,0.02,0.02
2015.10.21 00:35:49.215,0.15902,0.15934,0.10,0.20
2015.10.21 00:35:49.895,0.15901,0.15933,0.18,0.17
2015.10.21 00:36:04.702,0.15902,0.15934,0.12,0.17
2015.10.21 00:36:08.807,0.15901,0.15933,0.20,0.20
2015.10.21 00:36:27.729,0.159,0.15934,0.17,0.05
2015.10.21 00:36:37.170,0.15901,0.15934,0.01,0.05
2015.10.21 00:36:38.076,0.159,0.15934,0.19,0.05
2015.10.21 00:36:43.794,0.15901,0.15934,0.01,0.05
2015.10.21 00:36:47.607,0.159,0.15934,0.19,0.05
2015.10.21 00:36:48.121,0.15901,0.15935,0.12,0.15
2015.10.21 00:37:07.783,0.15901,0.15934,0.01,0.08
2015.10.21 00:37:10.411,0.159,0.15934,0.18,0.08
2015.10.21 00:37:12.216,0.15901,0.15934,0.01,0.08
2015.10.21 00:37:17.934,0.159,0.15934,0.18,0.08
2015.10.21 00:37:23.651,0.15901,0.15934,0.01,0.08
2015.10.21 00:37:25.566,0.159,0.15934,0.18,0.08
2015.10.21 00:37:29.373,0.15901,0.15934,0.01,0.08
2015.10.21 00:37:31.318,0.159,0.15934,0.17,0.08
2015.10.21 00:37:33.184,0.15901,0.15934,0.01,0.08
2015.10.21 00:37:37.040,0.159,0.15934,0.17,0.08
2015.10.21 00:37:38.932,0.15901,0.15934,0.01,0.08
2015.10.21 00:37:40.704,0.159,0.15934,0.17,0.08
2015.10.21 00:37:42.681,0.15901,0.15934,0.01,0.08
2015.10.21 00:37:46.544,0.159,0.15934,0.17,0.08
2015.10.21 00:37:47.842,0.15901,0.15933,0.17,0.06
2015.10.21 00:38:25.601,0.159,0.15934,0.17,0.21
2015.10.21 00:38:26.186,0.159,0.15933,0.01,0.14
2015.10.21 00:38:27.049,0.15899,0.15933,0.03,0.14
2015.10.21 00:38:28.261,0.159,0.15933,0.01,0.14
2015.10.21 00:38:28.882,0.15899,0.15933,0.03,0.14
2015.10.21 00:38:30.097,0.159,0.15933,0.01,0.14
2015.10.21 00:38:30.216,0.159,0.1593,0.01,0.08
2015.10.21 00:38:30.554,0.159,0.15932,0.05,0.21
2015.10.21 00:38:30.747,0.159,0.1593,0.01,0.18
2015.10.21 00:38:31.538,0.15899,0.15931,0.01,0.11
2015.10.21 00:38:33.597,0.15898,0.15931,0.01,0.11
2015.10.21 00:38:36.035,0.15898,0.1593,0.03,0.25
2015.10.21 00:38:36.226,0.15893,0.15927,0.16,0.24
2015.10.21 00:38:36.327,0.15893,0.15925,0.03,0.21
2015.10.21 00:38:36.815,0.15895,0.15925,0.01,0.18
2015.10.21 00:38:37.526,0.15894,0.15925,0.01,0.18
2015.10.21 00:38:37.627,0.15892,0.15922,0.01,0.24
2015.10.21 00:38:39.193,0.15893,0.15923,0.01,0.24
2015.10.21 00:38:43.287,0.15892,0.15922,0.01,0.24
2015.10.21 00:38:45.150,0.15893,0.15923,0.01,0.24
2015.10.21 00:38:47.029,0.15892,0.15922,0.01,0.24
2015.10.21 00:38:51.289,0.1589,0.15922,0.19,0.24
2015.10.21 00:38:51.794,0.15891,0.15923,0.01,0.18
2015.10.21 00:38:55.056,0.1589,0.15923,0.01,0.18
2015.10.21 00:38:58.760,0.1589,0.15922,0.01,0.19
2015.10.21 00:38:59.447,0.15891,0.15922,0.01,0.19
2015.10.21 00:39:01.895,0.1589,0.15922,0.01,0.19
2015.10.21 00:39:01.996,0.1589,0.1592,0.01,0.20
2015.10.21 00:39:02.429,0.15888,0.15918,0.01,0.16
2015.10.21 00:39:02.585,0.15885,0.15918,0.01,0.16
2015.10.21 00:39:02.636,0.15885,0.15916,0.01,0.23
2015.10.21 00:39:04.394,0.15885,0.15918,0.01,0.19
2015.10.21 00:39:05.893,0.15886,0.15918,0.01,0.02
2015.10.21 00:39:07.713,0.15885,0.15918,0.03,0.02
2015.10.21 00:39:11.453,0.15886,0.15918,0.01,0.02
2015.10.21 00:39:17.138,0.15885,0.15918,0.03,0.02
2015.10.21 00:39:20.950,0.15886,0.15918,0.01,0.02
2015.10.21 00:39:24.762,0.15885,0.15918,0.03,0.02
2015.10.21 00:39:26.002,0.15889,0.15919,0.01,0.21
2015.10.21 00:39:26.052,0.15889,0.1592,0.01,0.21
2015.10.21 00:39:26.648,0.15889,0.15921,0.01,0.08
2015.10.21 00:39:29.777,0.1589,0.15921,0.01,0.08
2015.10.21 00:39:33.588,0.15889,0.15921,0.01,0.08
2015.10.21 00:39:37.397,0.1589,0.15921,0.01,0.08
2015.10.21 00:39:45.020,0.15889,0.15921,0.01,0.08
2015.10.21 00:39:45.922,0.1589,0.15921,0.01,0.08
2015.10.21 00:39:46.134,0.1589,0.15923,0.01,0.21
2015.10.21 00:39:46.925,0.15889,0.15923,0.10,0.21
2015.10.21 00:39:47.737,0.15889,0.15922,0.01,0.14
2015.10.21 00:39:50.735,0.1589,0.15922,0.01,0.14
2015.10.21 00:39:53.463,0.15889,0.15922,0.01,0.14
2015.10.21 00:39:54.542,0.1589,0.15922,0.01,0.14
2015.10.21 00:39:58.263,0.15889,0.15922,0.01,0.14
2015.10.21 00:40:00.185,0.1589,0.15922,0.01,0.14
2015.10.21 00:40:02.125,0.15889,0.15922,0.01,0.14
2015.10.21 00:40:03.991,0.1589,0.15922,0.01,0.14
2015.10.21 00:40:09.406,0.15889,0.15922,0.01,0.14
2015.10.21 00:40:09.620,0.15887,0.15921,0.17,0.19
2015.10.21 00:40:09.816,0.15885,0.15917,0.22,0.16
2015.10.21 00:40:10.806,0.15884,0.15916,0.19,0.20
2015.10.21 00:40:12.357,0.15885,0.15916,0.01,0.21
2015.10.21 00:40:13.418,0.15884,0.15916,0.19,0.21
2015.10.21 00:40:15.326,0.15885,0.15916,0.01,0.21
2015.10.21 00:40:16.481,0.15885,0.15918,0.01,0.20
2015.10.21 00:40:16.581,0.15885,0.15916,0.01,0.22
2015.10.21 00:40:16.682,0.15882,0.15916,0.07,0.20
2015.10.21 00:40:17.243,0.15883,0.15915,0.19,0.10
2015.10.21 00:40:26.695,0.15882,0.15916,0.22,0.13
2015.10.21 00:40:27.219,0.15883,0.15916,0.01,0.13
2015.10.21 00:40:27.498,0.15884,0.15918,0.07,0.16
2015.10.21 00:40:27.799,0.15884,0.15916,0.17,0.15
2015.10.21 00:40:30.594,0.15885,0.15916,0.01,0.15
2015.10.21 00:40:37.236,0.15886,0.15916,0.01,0.15
2015.10.21 00:40:37.425,0.15889,0.15921,0.01,0.08
2015.10.21 00:40:37.970,0.15888,0.15921,0.01,0.08
2015.10.21 00:40:38.523,0.15887,0.15921,0.07,0.21
2015.10.21 00:40:39.119,0.15888,0.15921,0.01,0.21
2015.10.21 00:40:41.024,0.15887,0.15921,0.07,0.21
2015.10.21 00:40:46.852,0.15888,0.15921,0.01,0.21
2015.10.21 00:40:49.349,0.15887,0.15921,0.06,0.21
2015.10.21 00:40:50.335,0.15886,0.15917,0.01,0.17
2015.10.21 00:40:52.056,0.15885,0.15917,0.24,0.17
2015.10.21 00:40:53.960,0.15886,0.15917,0.01,0.17
2015.10.21 00:40:57.819,0.15885,0.15917,0.24,0.17
2015.10.21 00:40:59.691,0.15886,0.15917,0.01,0.17
2015.10.21 00:41:03.404,0.15885,0.15917,0.24,0.17
2015.10.21 00:41:07.233,0.15886,0.15917,0.01,0.17
2015.10.21 00:41:07.759,0.15886,0.15918,0.01,0.15
2015.10.21 00:41:11.127,0.15885,0.15918,0.01,0.15
2015.10.21 00:41:12.932,0.15886,0.15918,0.01,0.15
2015.10.21 00:41:30.080,0.15885,0.15918,0.03,0.02
2015.10.21 00:41:39.649,0.15886,0.15918,0.01,0.02
2015.10.21 00:41:41.348,0.15885,0.15918,0.03,0.02
2015.10.21 00:41:43.414,0.15886,0.15918,0.01,0.02
2015.10.21 00:41:47.724,0.15886,0.15919,0.01,0.17
2015.10.21 00:41:50.975,0.15885,0.15919,0.19,0.17
2015.10.21 00:41:54.753,0.15887,0.15919,0.01,0.17
2015.10.21 00:41:55.253,0.1589,0.15921,0.01,0.08
2015.10.21 00:41:55.434,0.1589,0.15923,0.01,0.13
2015.10.21 00:41:55.936,0.1589,0.15922,0.01,0.21
2015.10.21 00:41:56.664,0.15889,0.15922,0.01,0.21
2015.10.21 00:41:59.643,0.15889,0.15923,0.08,0.15
2015.10.21 00:42:02.399,0.1589,0.15923,0.01,0.15
2015.10.21 00:42:06.125,0.15889,0.15923,0.08,0.15
2015.10.21 00:42:07.758,0.15889,0.15922,0.01,0.10
2015.10.21 00:42:09.957,0.1589,0.15922,0.01,0.10
2015.10.21 00:42:17.592,0.15889,0.15922,0.01,0.10
2015.10.21 00:42:19.513,0.1589,0.15922,0.01,0.10
2015.10.21 00:42:24.839,0.15889,0.15922,0.01,0.10
2015.10.21 00:42:27.693,0.15889,0.15923,0.08,0.19
2015.10.21 00:42:29.056,0.1589,0.15923,0.01,0.19
2015.10.21 00:42:31.205,0.1589,0.15924,0.15,0.23
2015.10.21 00:42:31.838,0.1589,0.15923,0.01,0.20
2015.10.21 00:42:32.776,0.15889,0.15923,0.19,0.20
2015.10.21 00:42:38.534,0.1589,0.15923,0.01,0.20
2015.10.21 00:42:38.803,0.15893,0.15923,0.01,0.20
2015.10.21 00:42:41.532,0.15891,0.15921,0.01,0.16
2015.10.21 00:42:42.350,0.15892,0.15922,0.01,0.21
2015.10.21 00:42:44.218,0.15893,0.15923,0.01,0.21
2015.10.21 00:42:46.924,0.15892,0.15922,0.01,0.21
2015.10.21 00:42:47.032,0.15892,0.15923,0.01,0.21
2015.10.21 00:42:47.769,0.15892,0.15922,0.01,0.02
2015.10.21 00:42:48.378,0.15893,0.15923,0.01,0.19
2015.10.21 00:42:51.842,0.15893,0.15923,0.01,0.18
2015.10.21 00:42:52.547,0.15892,0.15923,0.01,0.18
2015.10.21 00:42:53.752,0.15893,0.15923,0.01,0.20
2015.10.21 00:42:57.552,0.15893,0.15924,0.01,0.17
2015.10.21 00:42:58.056,0.15892,0.15924,0.01,0.17
2015.10.21 00:43:02.522,0.15894,0.15924,0.01,0.17
2015.10.21 00:43:02.764,0.15894,0.15926,0.01,0.17
2015.10.21 00:43:03.289,0.15894,0.15925,0.01,0.19
2015.10.21 00:43:04.933,0.15895,0.15925,0.01,0.19
2015.10.21 00:43:06.315,0.15894,0.15925,0.01,0.19
2015.10.21 00:43:08.201,0.15895,0.15925,0.01,0.19
2015.10.21 00:43:10.106,0.15894,0.15925,0.01,0.19
2015.10.21 00:43:12.010,0.15895,0.15925,0.01,0.19
2015.10.21 00:43:13.916,0.15894,0.15925,0.01,0.19
2015.10.21 00:43:15.826,0.15895,0.15925,0.01,0.19
2015.10.21 00:43:19.638,0.15894,0.15925,0.01,0.19
2015.10.21 00:43:21.544,0.15895,0.15925,0.01,0.19
2015.10.21 00:43:23.543,0.15894,0.15925,0.01,0.19
2015.10.21 00:43:25.357,0.15895,0.15925,0.01,0.19
2015.10.21 00:43:27.806,0.15895,0.15926,0.01,0.13
2015.10.21 00:43:28.406,0.15895,0.15925,0.01,0.21
2015.10.21 00:43:31.002,0.15894,0.15925,0.01,0.21
2015.10.21 00:43:31.542,0.15895,0.15925,0.01,0.21
2015.10.21 00:43:36.795,0.15894,0.15925,0.01,0.21
2015.10.21 00:43:38.701,0.15895,0.15925,0.01,0.21
2015.10.21 00:43:42.512,0.15894,0.15925,0.01,0.21
2015.10.21 00:43:48.174,0.15895,0.15925,0.01,0.06
2015.10.21 00:43:49.740,0.15896,0.15927,0.01,0.24
2015.10.21 00:43:50.261,0.15897,0.15927,0.01,0.21
2015.10.21 00:43:51.554,0.15896,0.15927,0.01,0.21
2015.10.21 00:43:52.223,0.15897,0.15927,0.01,0.14
2015.10.21 00:43:53.525,0.15896,0.15927,0.01,0.14
2015.10.21 00:43:57.269,0.15897,0.15927,0.01,0.14
2015.10.21 00:43:59.182,0.15896,0.15927,0.01,0.14
2015.10.21 00:44:02.130,0.15897,0.15927,0.01,0.24
2015.10.21 00:44:02.822,0.15896,0.15926,0.01,0.13
2015.10.21 00:44:03.398,0.15896,0.15926,0.01,0.13
2015.10.21 00:44:04.143,0.15897,0.15927,0.01,0.20
2015.10.21 00:44:06.834,0.15896,0.15927,0.01,0.20
2015.10.21 00:44:14.351,0.15897,0.15927,0.01,0.20
2015.10.21 00:44:14.808,0.15897,0.15929,0.01,0.19
2015.10.21 00:44:16.087,0.15896,0.15929,0.01,0.19
2015.10.21 00:44:16.593,0.15896,0.15928,0.19,0.22
2015.10.21 00:44:22.018,0.15897,0.15928,0.01,0.22
2015.10.21 00:44:23.222,0.15898,0.15928,0.01,0.22
2015.10.21 00:44:23.865,0.15897,0.15928,0.01,0.22
2015.10.21 00:44:28.271,0.15902,0.15932,0.01,0.22
2015.10.21 00:44:28.321,0.159,0.1593,0.01,0.06
2015.10.21 00:44:28.423,0.15903,0.15933,0.01,0.16
2015.10.21 00:44:29.141,0.15904,0.15934,0.01,0.21
2015.10.21 00:44:30.300,0.15902,0.15932,0.01,0.04
2015.10.21 00:44:33.956,0.15903,0.15933,0.01,0.15
2015.10.21 00:44:35.871,0.15902,0.15932,0.01,0.04
2015.10.21 00:44:36.723,0.15903,0.15933,0.01,0.18
2015.10.21 00:44:37.375,0.15902,0.15933,0.01,0.18
2015.10.21 00:44:38.779,0.15901,0.15933,0.01,0.07
2015.10.21 00:44:40.770,0.15902,0.15933,0.01,0.07
2015.10.21 00:44:41.413,0.15902,0.15934,0.01,0.18
2015.10.21 00:44:42.590,0.15901,0.15934,0.01,0.18
2015.10.21 00:44:45.019,0.15901,0.15932,0.01,0.07
2015.10.21 00:44:45.740,0.15901,0.15931,0.01,0.02
2015.10.21 00:44:48.330,0.15903,0.15933,0.01,0.21
2015.10.21 00:44:48.535,0.15904,0.15936,0.06,0.13
2015.10.21 00:44:49.468,0.15905,0.15938,0.01,0.21
2015.10.21 00:44:50.029,0.15905,0.15937,0.01,0.18
2015.10.21 00:44:51.168,0.15904,0.15937,0.01,0.18
2015.10.21 00:44:53.474,0.15905,0.15937,0.12,0.20
2015.10.21 00:44:59.643,0.15905,0.15938,0.01,0.19
2015.10.21 00:45:00.220,0.15904,0.15938,0.14,0.19
2015.10.21 00:45:02.473,0.15905,0.15938,0.01,0.19
2015.10.21 00:45:05.076,0.15904,0.15938,0.14,0.19
2015.10.21 00:45:05.177,0.15906,0.15938,0.01,0.19
2015.10.21 00:45:05.755,0.15906,0.15937,0.01,0.23
2015.10.21 00:45:07.048,0.15905,0.15937,0.01,0.23
2015.10.21 00:45:07.637,0.15905,0.15938,0.01,0.21
2015.10.21 00:45:10.868,0.15906,0.15938,0.01,0.21
2015.10.21 00:45:12.776,0.15905,0.15938,0.01,0.21
2015.10.21 00:45:13.965,0.15905,0.15936,0.01,0.18
2015.10.21 00:45:14.116,0.15903,0.15935,0.15,0.18
2015.10.21 00:45:15.885,0.15904,0.15935,0.01,0.18
2015.10.21 00:45:17.701,0.15905,0.15937,0.01,0.21
2015.10.21 00:45:18.395,0.15905,0.15938,0.01,0.20
2015.10.21 00:45:23.457,0.15904,0.15938,0.20,0.20
2015.10.21 00:45:25.319,0.15905,0.15938,0.01,0.20
2015.10.21 00:45:26.623,0.15906,0.15938,0.01,0.20
2015.10.21 00:45:27.225,0.15907,0.15938,0.01,0.20
2015.10.21 00:45:27.284,0.15906,0.15936,0.01,0.19
2015.10.21 00:45:29.589,0.15907,0.15938,0.01,0.18
2015.10.21 00:45:32.843,0.15906,0.15938,0.01,0.18
2015.10.21 00:45:36.682,0.15907,0.15938,0.01,0.18
2015.10.21 00:45:38.562,0.15906,0.15938,0.01,0.18
2015.10.21 00:45:40.467,0.15907,0.15938,0.01,0.18
2015.10.21 00:45:41.593,0.15906,0.15938,0.01,0.18
2015.10.21 00:45:42.375,0.15907,0.15938,0.01,0.18
2015.10.21 00:45:44.280,0.15906,0.15938,0.01,0.18
2015.10.21 00:45:46.312,0.15906,0.15936,0.01,0.23
2015.10.21 00:45:49.925,0.15905,0.15935,0.01,0.16
2015.10.21 00:45:50.018,0.15906,0.15938,0.01,0.18
2015.10.21 00:45:51.320,0.15906,0.15936,0.01,0.14
2015.10.21 00:45:57.322,0.15907,0.15937,0.01,0.19
2015.10.21 00:45:58.070,0.15907,0.15937,0.01,0.21
2015.10.21 00:46:03.041,0.15906,0.15937,0.01,0.21
2015.10.21 00:46:03.543,0.15906,0.15939,0.01,0.18
2015.10.21 00:46:03.643,0.15906,0.15937,0.01,0.08
2015.10.21 00:46:04.386,0.15906,0.15938,0.18,0.23
2015.10.21 00:46:04.895,0.15907,0.15939,0.27,0.18
2015.10.21 00:46:04.945,0.15907,0.15941,0.21,0.16
2015.10.21 00:46:04.996,0.15911,0.15941,0.01,0.16
2015.10.21 00:46:05.497,0.15911,0.15942,0.01,0.18
2015.10.21 00:46:08.661,0.1591,0.15942,0.18,0.18
2015.10.21 00:46:10.567,0.15911,0.15942,0.01,0.18
2015.10.21 00:46:11.158,0.15911,0.15941,0.01,0.14
2015.10.21 00:46:12.992,0.15909,0.1594,0.01,0.22
2015.10.21 00:46:18.628,0.15908,0.1594,0.19,0.22
2015.10.21 00:46:24.290,0.15909,0.15941,0.06,0.14
2015.10.21 00:46:24.391,0.15909,0.15939,0.01,0.22
2015.10.21 00:46:25.180,0.15908,0.1594,0.21,0.21
2015.10.21 00:46:25.840,0.15909,0.15941,0.07,0.18
2015.10.21 00:46:27.691,0.15908,0.1594,0.20,0.14
2015.10.21 00:46:28.330,0.1591,0.1594,0.01,0.14
2015.10.21 00:46:32.132,0.15909,0.1594,0.01,0.14
2015.10.21 00:46:34.196,0.15909,0.15943,0.22,0.15
2015.10.21 00:46:35.950,0.1591,0.15943,0.01,0.15
2015.10.21 00:46:39.258,0.15909,0.15943,0.26,0.15
2015.10.21 00:46:41.607,0.15909,0.15941,0.07,0.16
2015.10.21 00:46:52.522,0.15909,0.15943,0.12,0.19
2015.10.21 00:47:07.844,0.15909,0.15942,0.02,0.02
2015.10.21 00:47:27.772,0.1591,0.15942,0.15,0.14
2015.10.21 00:47:29.814,0.15909,0.15942,0.05,0.14
2015.10.21 00:47:30.535,0.15909,0.15941,0.15,0.18
2015.10.21 00:47:31.597,0.15908,0.1594,0.25,0.23
2015.10.21 00:47:34.855,0.15909,0.1594,0.05,0.23
2015.10.21 00:47:36.759,0.15908,0.1594,0.25,0.23
2015.10.21 00:47:44.296,0.15909,0.1594,0.05,0.23
2015.10.21 00:47:47.813,0.15909,0.15941,0.05,0.19
2015.10.21 00:47:48.423,0.15908,0.15942,0.13,0.18
2015.10.21 00:47:50.112,0.15909,0.15942,0.05,0.18
2015.10.21 00:47:51.917,0.15908,0.15942,0.13,0.18
2015.10.21 00:47:53.838,0.15909,0.15942,0.05,0.18
2015.10.21 00:47:56.730,0.15908,0.15942,0.13,0.18
2015.10.21 00:47:57.570,0.15909,0.15943,0.15,0.18
2015.10.21 00:48:04.416,0.15908,0.15942,0.07,0.14
2015.10.21 00:48:05.252,0.15909,0.15942,0.05,0.14
2015.10.21 00:48:07.193,0.15908,0.15942,0.07,0.14
2015.10.21 00:48:10.974,0.15909,0.15942,0.05,0.14
2015.10.21 00:48:12.879,0.15908,0.15942,0.07,0.14
2015.10.21 00:48:15.036,0.15909,0.15943,0.15,0.20
2015.10.21 00:48:15.739,0.15909,0.15941,0.02,0.13
2015.10.21 00:48:16.034,0.15909,0.15943,0.14,0.21
2015.10.21 00:48:19.148,0.15909,0.15941,0.02,0.17
2015.10.21 00:48:25.045,0.15909,0.15942,0.01,0.21
2015.10.21 00:48:28.024,0.15908,0.15942,0.11,0.21
2015.10.21 00:48:29.930,0.15909,0.15942,0.01,0.21
2015.10.21 00:48:33.748,0.15908,0.15942,0.11,0.21
2015.10.21 00:48:35.653,0.15909,0.15942,0.01,0.21
2015.10.21 00:48:39.364,0.15908,0.15942,0.14,0.21
2015.10.21 00:48:39.866,0.15909,0.15943,0.22,0.17
2015.10.21 00:48:47.912,0.15909,0.15941,0.02,0.19
2015.10.21 00:48:48.073,0.15907,0.15941,0.16,0.16
2015.10.21 00:48:53.521,0.15908,0.15941,0.01,0.16
2015.10.21 00:48:54.140,0.15909,0.15941,0.08,0.23
2015.10.21 00:48:54.709,0.15909,0.1594,0.01,0.21
2015.10.21 00:48:55.270,0.15909,0.15941,0.09,0.19
2015.10.21 00:49:00.793,0.1591,0.15942,0.17,0.18
2015.10.21 00:49:02.728,0.15909,0.15941,0.19,0.08
2015.10.21 00:49:04.814,0.1591,0.15942,0.17,0.19
2015.10.21 00:49:06.301,0.15909,0.15942,0.05,0.05
2015.10.21 00:49:06.804,0.15908,0.15942,0.13,0.15
2015.10.21 00:49:06.920,0.15908,0.1594,0.24,0.18
2015.10.21 00:49:07.002,0.15908,0.15942,0.18,0.07
2015.10.21 00:49:07.595,0.15909,0.15943,0.19,0.19
2015.10.21 00:49:12.435,0.15907,0.15941,0.23,0.15
2015.10.21 00:49:14.189,0.15908,0.15941,0.01,0.20
2015.10.21 00:49:14.811,0.15909,0.15941,0.11,0.18
2015.10.21 00:49:15.042,0.15909,0.15943,0.23,0.19
2015.10.21 00:49:15.869,0.15908,0.15942,0.20,0.06
2015.10.21 00:49:16.796,0.15909,0.15942,0.05,0.06
2015.10.21 00:49:18.700,0.15908,0.15942,0.20,0.06
2015.10.21 00:49:26.231,0.15909,0.15942,0.05,0.06
2015.10.21 00:49:26.814,0.15908,0.15942,0.20,0.06
2015.10.21 00:49:28.258,0.15909,0.15942,0.05,0.06
2015.10.21 00:49:28.868,0.15909,0.15943,0.17,0.15
2015.10.21 00:49:47.754,0.1591,0.15942,0.16,0.23
2015.10.21 00:49:53.560,0.15909,0.15942,0.05,0.08
2015.10.21 00:49:54.817,0.15908,0.15942,0.22,0.08
2015.10.21 00:50:00.133,0.15909,0.15942,0.05,0.08
2015.10.21 00:50:00.890,0.15908,0.15942,0.22,0.08
2015.10.21 00:50:02.343,0.15909,0.15942,0.05,0.08
2015.10.21 00:50:02.873,0.1591,0.15942,0.20,0.17
2015.10.21 00:50:03.432,0.15909,0.15941,0.22,0.08
2015.10.21 00:50:04.894,0.15909,0.15943,0.28,0.19
2015.10.21 00:50:09.437,0.15909,0.15941,0.20,0.07
2015.10.21 00:50:09.496,0.15907,0.15941,0.22,0.18
2015.10.21 00:50:09.597,0.15905,0.15936,0.01,0.05
2015.10.21 00:50:09.697,0.15905,0.15938,0.01,0.24
2015.10.21 00:50:11.211,0.15906,0.15938,0.01,0.24
2015.10.21 00:50:15.018,0.15905,0.15938,0.01,0.24
2015.10.21 00:50:15.206,0.15905,0.15936,0.01,0.07
2015.10.21 00:50:22.029,0.15904,0.15936,0.20,0.07
2015.10.21 00:50:22.134,0.15905,0.15938,0.01,0.24
2015.10.21 00:50:22.757,0.15904,0.15938,0.15,0.24
2015.10.21 00:50:24.321,0.15904,0.15937,0.01,0.08
2015.10.21 00:50:26.438,0.15905,0.15937,0.01,0.08
2015.10.21 00:50:47.764,0.15905,0.15936,0.01,0.07
2015.10.21 00:50:51.123,0.15904,0.15936,0.25,0.07
2015.10.21 00:50:53.036,0.15905,0.15936,0.01,0.07
2015.10.21 00:50:58.779,0.15904,0.15936,0.25,0.07
2015.10.21 00:51:02.491,0.15905,0.15936,0.01,0.07
2015.10.21 00:51:04.120,0.15908,0.15938,0.01,0.17
2015.10.21 00:51:04.220,0.15908,0.1594,0.02,0.16
2015.10.21 00:51:04.326,0.15907,0.15937,0.01,0.14
2015.10.21 00:51:04.436,0.15909,0.15941,0.22,0.18
2015.10.21 00:51:05.110,0.15909,0.1594,0.01,0.15
2015.10.21 00:51:06.903,0.15911,0.15941,0.04,0.16
2015.10.21 00:51:07.004,0.15911,0.15943,0.28,0.07
2015.10.21 00:51:09.736,0.15913,0.15943,0.01,0.17
2015.10.21 00:51:09.802,0.15913,0.15947,0.14,0.18
2015.10.21 00:51:09.903,0.15915,0.15947,0.17,0.17
2015.10.21 00:51:10.172,0.15913,0.15947,0.20,0.07
2015.10.21 00:51:10.676,0.15914,0.15947,0.01,0.07
2015.10.21 00:51:11.726,0.15914,0.15948,0.21,0.23
2015.10.21 00:51:15.853,0.15914,0.15947,0.01,0.07
2015.10.21 00:51:19.542,0.15915,0.15947,0.25,0.21
2015.10.21 00:51:20.844,0.15914,0.15947,0.01,0.08
2015.10.21 00:51:22.226,0.15914,0.15948,0.23,0.24
2015.10.21 00:51:36.924,0.15918,0.15948,0.01,0.24
2015.10.21 00:51:37.176,0.15919,0.15951,0.11,0.21
2015.10.21 00:51:37.690,0.15918,0.15952,0.20,0.17
2015.10.21 00:51:39.030,0.15919,0.15952,0.01,0.17
2015.10.21 00:51:40.034,0.15918,0.15952,0.19,0.17
2015.10.21 00:51:40.706,0.15917,0.15951,0.03,0.14
2015.10.21 00:51:41.747,0.15918,0.15951,0.05,0.14
2015.10.21 00:51:42.289,0.15918,0.15952,0.24,0.23
2015.10.21 00:51:42.922,0.15917,0.15951,0.03,0.20
2015.10.21 00:51:42.973,0.15919,0.15951,0.14,0.17
2015.10.21 00:51:45.695,0.15918,0.1595,0.07,0.14
2015.10.21 00:51:46.802,0.15919,0.15951,0.16,0.21
2015.10.21 00:51:48.009,0.15917,0.15951,0.02,0.17
2015.10.21 00:51:48.511,0.15918,0.1595,0.02,0.14
2015.10.21 00:51:52.690,0.15919,0.15951,0.14,0.23
2015.10.21 00:51:59.079,0.15919,0.15953,0.22,0.21
2015.10.21 00:51:59.796,0.1592,0.15953,0.01,0.21
2015.10.21 00:52:02.319,0.15919,0.15953,0.24,0.21
2015.10.21 00:52:03.461,0.15919,0.15951,0.25,0.07
2015.10.21 00:52:10.635,0.15919,0.15953,0.22,0.16
2015.10.21 00:52:17.636,0.15918,0.15952,0.25,0.07
2015.10.21 00:52:19.295,0.15919,0.15952,0.05,0.07
2015.10.21 00:52:21.072,0.15918,0.15952,0.25,0.07
2015.10.21 00:52:23.078,0.15919,0.15952,0.05,0.07
2015.10.21 00:52:24.983,0.15918,0.15952,0.25,0.07
2015.10.21 00:52:28.694,0.15919,0.15952,0.05,0.07
2015.10.21 00:52:32.609,0.15918,0.15952,0.25,0.07
2015.10.21 00:52:36.420,0.15919,0.15952,0.05,0.07
2015.10.21 00:52:39.129,0.1592,0.15952,0.01,0.07
2015.10.21 00:52:39.833,0.1592,0.15953,0.01,0.17
2015.10.21 00:52:40.493,0.15919,0.15952,0.01,0.05
2015.10.21 00:52:42.048,0.1592,0.15952,0.01,0.05
2015.10.21 00:52:45.885,0.15919,0.15952,0.01,0.05
2015.10.21 00:52:55.483,0.1592,0.15953,0.01,0.22
2015.10.21 00:52:57.262,0.15919,0.15953,0.22,0.22
2015.10.21 00:53:00.619,0.15919,0.15951,0.25,0.08
2015.10.21 00:53:02.998,0.1592,0.15951,0.01,0.08
2015.10.21 00:53:03.805,0.15919,0.15951,0.25,0.08
2015.10.21 00:53:03.942,0.15919,0.15953,0.19,0.20
2015.10.21 00:53:04.794,0.1592,0.15953,0.01,0.20
2015.10.21 00:53:06.691,0.15919,0.15953,0.19,0.20
2015.10.21 00:53:07.780,0.1592,0.15952,0.10,0.23
2015.10.21 00:53:14.440,0.15921,0.15952,0.01,0.23
2015.10.21 00:53:16.321,0.1592,0.15952,0.11,0.23
2015.10.21 00:53:18.137,0.15921,0.15952,0.01,0.23
2015.10.21 00:53:20.050,0.1592,0.15952,0.11,0.23
2015.10.21 00:53:26.405,0.15921,0.15952,0.01,0.23
2015.10.21 00:53:27.812,0.15921,0.15951,0.01,0.08
2015.10.21 00:53:29.519,0.1592,0.15951,0.01,0.08
2015.10.21 00:53:30.916,0.1592,0.15953,0.01,0.25
2015.10.21 00:53:33.329,0.15921,0.15953,0.01,0.25
2015.10.21 00:53:37.141,0.1592,0.15953,0.01,0.25
2015.10.21 00:53:39.050,0.15921,0.15953,0.01,0.25
2015.10.21 00:53:42.859,0.1592,0.15953,0.01,0.25
2015.10.21 00:53:44.764,0.15921,0.15953,0.01,0.25
2015.10.21 00:53:47.740,0.15921,0.15952,0.01,0.19
2015.10.21 00:53:50.478,0.1592,0.15952,0.12,0.19
2015.10.21 00:53:52.383,0.15921,0.15952,0.01,0.19
2015.10.21 00:53:54.289,0.1592,0.15952,0.12,0.19
2015.10.21 00:53:56.299,0.15921,0.15952,0.01,0.19
2015.10.21 00:54:00.012,0.1592,0.15952,0.12,0.19
2015.10.21 00:54:03.824,0.15921,0.15952,0.01,0.19
2015.10.21 00:54:05.630,0.1592,0.15952,0.12,0.19
2015.10.21 00:54:09.448,0.15921,0.15952,0.01,0.18
2015.10.21 00:54:17.074,0.1592,0.15952,0.01,0.08
2015.10.21 00:54:20.711,0.15921,0.15952,0.01,0.08
2015.10.21 00:54:21.430,0.15921,0.15951,0.01,0.20
2015.10.21 00:54:21.996,0.1592,0.15951,0.01,0.20
2015.10.21 00:54:22.534,0.1592,0.15952,0.01,0.19
2015.10.21 00:54:25.140,0.15919,0.15952,0.01,0.19
2015.10.21 00:54:25.414,0.15919,0.1595,0.01,0.17
2015.10.21 00:54:26.226,0.1592,0.15951,0.01,0.17
2015.10.21 00:54:28.162,0.1592,0.15952,0.01,0.17
2015.10.21 00:54:28.620,0.15917,0.15951,0.22,0.08
2015.10.21 00:54:30.567,0.15918,0.15951,0.01,0.08
2015.10.21 00:54:32.183,0.15917,0.15951,0.22,0.08
2015.10.21 00:54:32.233,0.15916,0.15949,0.01,0.18
2015.10.21 00:54:34.140,0.15917,0.15949,0.01,0.18
2015.10.21 00:54:34.857,0.15915,0.15949,0.17,0.18
2015.10.21 00:54:41.450,0.15915,0.15947,0.17,0.19
2015.10.21 00:54:47.764,0.15915,0.15946,0.02,0.02
2015.10.21 00:54:50.113,0.15914,0.15944,0.23,0.02
2015.10.21 00:54:50.170,0.15913,0.15944,0.21,0.02
2015.10.21 00:54:50.296,0.15909,0.15941,0.20,0.08
2015.10.21 00:54:50.614,0.15909,0.15943,0.23,0.15
2015.10.21 00:54:50.814,0.1591,0.15941,0.02,0.02
2015.10.21 00:54:59.939,0.15906,0.15939,0.04,0.22
2015.10.21 00:55:00.442,0.15905,0.15939,0.20,0.22
2015.10.21 00:55:00.601,0.15905,0.15937,0.01,0.02
2015.10.21 00:55:01.160,0.15904,0.15937,0.03,0.02
2015.10.21 00:55:02.438,0.15905,0.15937,0.01,0.02
2015.10.21 00:55:03.491,0.15904,0.15937,0.02,0.02
2015.10.21 00:55:04.103,0.15903,0.15935,0.20,0.11
2015.10.21 00:55:04.930,0.15904,0.15936,0.14,0.16
2015.10.21 00:55:06.619,0.15904,0.15935,0.01,0.08
2015.10.21 00:55:07.405,0.15904,0.15936,0.18,0.19
2015.10.21 00:55:07.836,0.15904,0.15938,0.17,0.16
2015.10.21 00:55:08.621,0.15905,0.15936,0.02,0.02
2015.10.21 00:55:10.124,0.15905,0.15937,0.15,0.16
2015.10.21 00:55:11.127,0.15904,0.15937,0.02,0.02
2015.10.21 00:55:11.696,0.15905,0.15937,0.23,0.14
2015.10.21 00:55:15.049,0.15904,0.15937,0.02,0.02
2015.10.21 00:55:27.759,0.15904,0.15938,0.21,0.17
2015.10.21 00:55:47.791,0.15905,0.15937,0.25,0.15
2015.10.21 00:55:55.040,0.15905,0.15936,0.02,0.02
2015.10.21 00:55:55.320,0.15904,0.15938,0.19,0.12
2015.10.21 00:56:07.456,0.15905,0.15936,0.02,0.02
2015.10.21 00:56:17.476,0.15904,0.15938,0.22,0.18
2015.10.21 00:56:18.178,0.15905,0.15936,0.02,0.02
2015.10.21 00:56:27.803,0.15905,0.15937,0.22,0.19
2015.10.21 00:56:47.751,0.15904,0.15938,0.21,0.09
2015.10.21 00:56:50.001,0.15905,0.15936,0.02,0.02
2015.10.21 00:56:54.375,0.15904,0.15938,0.26,0.16
2015.10.21 00:57:13.026,0.15905,0.15936,0.02,0.02
2015.10.21 00:57:19.960,0.15903,0.15935,0.18,0.07
2015.10.21 00:57:20.161,0.15899,0.15932,0.01,0.07
2015.10.21 00:57:20.766,0.159,0.15932,0.01,0.02
2015.10.21 00:57:21.523,0.15899,0.15932,0.03,0.02
2015.10.21 00:57:22.219,0.159,0.15932,0.01,0.02
2015.10.21 00:57:23.802,0.15899,0.15932,0.03,0.02
2015.10.21 00:57:27.614,0.159,0.15932,0.01,0.02
2015.10.21 00:57:29.519,0.15899,0.15932,0.03,0.02
2015.10.21 00:57:30.423,0.159,0.15932,0.01,0.02
2015.10.21 00:57:32.030,0.15899,0.15932,0.03,0.02
2015.10.21 00:57:32.827,0.159,0.15932,0.16,0.12
2015.10.21 00:57:49.507,0.159,0.15931,0.02,0.02
2015.10.21 00:57:51.884,0.159,0.15932,0.20,0.18
2015.10.21 00:57:58.749,0.15899,0.15932,0.03,0.02
2015.10.21 00:58:00.546,0.159,0.15932,0.01,0.02
2015.10.21 00:58:02.553,0.15899,0.15932,0.03,0.02
2015.10.21 00:58:07.732,0.159,0.15932,0.18,0.22
2015.10.21 00:58:27.750,0.15899,0.15931,0.20,0.07
2015.10.21 00:58:41.210,0.15899,0.15933,0.18,0.16
2015.10.21 00:59:07.832,0.159,0.15931,0.02,0.02
2015.10.21 00:59:16.848,0.15896,0.15928,0.24,0.22
2015.10.21 00:59:16.947,0.15898,0.1593,0.19,0.16
2015.10.21 00:59:17.275,0.15898,0.15932,0.20,0.19
2015.10.21 00:59:24.468,0.15899,0.15933,0.26,0.16
2015.10.21 00:59:24.576,0.15899,0.15931,0.15,0.07
2015.10.21 00:59:25.391,0.159,0.15932,0.22,0.09
2015.10.21 00:59:25.901,0.159,0.15931,0.02,0.02
2015.10.21 00:59:26.165,0.15898,0.1593,0.19,0.09
2015.10.21 00:59:27.768,0.15899,0.15931,0.06,0.19
2015.10.21 00:59:33.779,0.15899,0.15933,0.18,0.14
2015.10.21 00:59:33.880,0.159,0.15931,0.02,0.02
2015.10.21 00:59:36.199,0.15897,0.15931,0.22,0.08
2015.10.21 00:59:37.612,0.15898,0.15931,0.01,0.08
2015.10.21 00:59:39.518,0.15897,0.15931,0.22,0.08
2015.10.21 00:59:41.927,0.15898,0.15931,0.01,0.08
2015.10.21 00:59:42.112,0.15899,0.15933,0.16,0.18
2015.10.21 00:59:47.803,0.159,0.15932,0.14,0.22
2015.10.21 00:59:49.184,0.15897,0.15931,0.21,0.14
2015.10.21 00:59:50.862,0.15898,0.15931,0.01,0.14
2015.10.21 00:59:52.763,0.15897,0.15931,0.21,0.14
2015.10.21 00:59:54.670,0.15898,0.15931,0.01,0.14
2015.10.21 00:59:55.178,0.15897,0.15931,0.19,0.14
2015.10.21 00:59:55.229,0.15895,0.15927,0.20,0.24
2015.10.21 00:59:55.417,0.15895,0.15929,0.10,0.16
2015.10.21 00:59:56.212,0.15894,0.15927,0.03,0.02
2015.10.21 00:59:56.871,0.15894,0.15928,0.26,0.17
