2012.02.29 05:00:03.975,0.37142,0.3718,0.02,0.02
2012.02.29 05:00:09.352,0.3714,0.37177,0.02,0.03
2012.02.29 05:00:23.572,0.37141,0.37179,0.02,0.02
2012.02.29 05:00:31.852,0.37145,0.37182,0.02,0.02
2012.02.29 05:00:37.231,0.37142,0.3718,0.02,0.02
2012.02.29 05:00:45.965,0.37142,0.37181,0.03,0.02
2012.02.29 05:00:58.202,0.37145,0.37182,0.02,0.02
2012.02.29 05:01:08.871,0.37146,0.37185,0.02,0.02
2012.02.29 05:01:10.218,0.37145,0.37183,0.02,0.02
2012.02.29 05:01:18.975,0.37145,0.37176,0.02,0.02
2012.02.29 05:01:20.510,0.37145,0.37177,0.02,0.03
2012.02.29 05:01:26.452,0.37145,0.37176,0.02,0.02
2012.02.29 05:01:27.682,0.37145,0.37183,0.02,0.02
2012.02.29 05:01:34.562,0.37145,0.37176,0.02,0.02
2012.02.29 05:01:34.781,0.37141,0.37178,0.02,0.02
2012.02.29 05:01:55.162,0.37143,0.37176,0.02,0.02
2012.02.29 05:01:58.796,0.37144,0.37183,0.02,0.02
2012.02.29 05:01:59.260,0.37149,0.37186,0.02,0.02
2012.02.29 05:02:04.696,0.37159,0.37195,0.02,0.02
2012.02.29 05:02:04.842,0.3716,0.37196,0.02,0.08
2012.02.29 05:02:05.062,0.37161,0.37196,0.02,0.06
2012.02.29 05:02:12.383,0.3716,0.37196,0.02,0.04
2012.02.29 05:02:26.992,0.37158,0.37195,0.02,0.02
2012.02.29 05:02:28.529,0.37155,0.37193,0.02,0.03
2012.02.29 05:02:42.345,0.37155,0.37194,0.02,0.02
2012.02.29 05:02:55.752,0.3716,0.37197,0.02,0.04
2012.02.29 05:02:59.287,0.37161,0.37197,0.02,0.02
2012.02.29 05:03:18.604,0.37164,0.37201,0.02,0.02
2012.02.29 05:03:18.936,0.37178,0.37212,0.02,0.05
2012.02.29 05:03:19.328,0.37173,0.3721,0.02,0.02
2012.02.29 05:03:19.813,0.37171,0.37207,0.02,0.03
2012.02.29 05:03:20.992,0.37172,0.37211,0.02,0.02
2012.02.29 05:03:25.737,0.37171,0.37206,0.02,0.02
2012.02.29 05:03:27.272,0.37173,0.37214,0.05,0.02
2012.02.29 05:03:27.386,0.37177,0.37213,0.02,0.03
2012.02.29 05:03:27.913,0.37175,0.37206,0.02,0.02
2012.02.29 05:03:28.433,0.37176,0.37207,0.02,0.02
2012.02.29 05:03:28.934,0.37176,0.37206,0.02,0.02
2012.02.29 05:03:29.413,0.37182,0.37217,0.02,0.02
2012.02.29 05:03:29.820,0.37182,0.37217,0.02,0.02
2012.02.29 05:03:30.165,0.37179,0.37217,0.02,0.02
2012.02.29 05:03:30.292,0.37175,0.37207,0.02,0.02
2012.02.29 05:03:30.382,0.37178,0.37217,0.02,0.03
2012.02.29 05:03:30.450,0.37178,0.37217,0.02,0.03
2012.02.29 05:03:30.915,0.37178,0.37217,0.02,0.03
2012.02.29 05:03:30.972,0.3718,0.37217,0.02,0.03
2012.02.29 05:03:35.874,0.3718,0.37217,0.02,0.03
2012.02.29 05:03:36.501,0.37181,0.37217,0.02,0.03
2012.02.29 05:03:38.050,0.37181,0.37216,0.02,0.03
2012.02.29 05:03:40.882,0.37181,0.37216,0.02,0.03
2012.02.29 05:03:41.421,0.37181,0.37217,0.02,0.03
2012.02.29 05:03:49.672,0.37181,0.37217,0.02,0.03
2012.02.29 05:03:51.019,0.37182,0.3722,0.02,0.03
2012.02.29 05:03:54.517,0.37185,0.37222,0.02,0.03
2012.02.29 05:03:54.847,0.37183,0.3722,0.02,0.03
2012.02.29 05:03:55.376,0.37182,0.37219,0.02,0.03
2012.02.29 05:03:58.023,0.37185,0.37223,0.02,0.03
2012.02.29 05:03:58.141,0.37185,0.37216,0.02,0.03
2012.02.29 05:03:59.013,0.37185,0.37217,0.02,0.02
2012.02.29 05:04:02.465,0.37185,0.37216,0.02,0.02
2012.02.29 05:04:03.047,0.37185,0.37217,0.02,0.02
2012.02.29 05:04:03.886,0.37188,0.37224,0.02,0.02
2012.02.29 05:04:04.013,0.37191,0.37227,0.02,0.05
2012.02.29 05:04:04.632,0.37191,0.37227,0.02,0.05
2012.02.29 05:04:04.973,0.37191,0.37227,0.02,0.05
2012.02.29 05:04:06.062,0.37188,0.37227,0.02,0.05
2012.02.29 05:04:08.054,0.37188,0.37227,0.02,0.05
2012.02.29 05:04:08.295,0.37186,0.37216,0.02,0.02
2012.02.29 05:04:09.193,0.37186,0.37217,0.02,0.02
2012.02.29 05:04:10.963,0.37185,0.37222,0.02,0.02
2012.02.29 05:04:11.623,0.37185,0.37217,0.02,0.02
2012.02.29 05:04:12.921,0.37185,0.37216,0.02,0.02
2012.02.29 05:04:13.273,0.37186,0.37227,0.02,0.05
2012.02.29 05:04:13.335,0.37189,0.37227,0.02,0.05
2012.02.29 05:04:14.152,0.37189,0.37226,0.02,0.03
2012.02.29 05:04:15.200,0.3719,0.37227,0.02,0.03
2012.02.29 05:04:15.851,0.3719,0.37226,0.02,0.04
2012.02.29 05:04:16.206,0.3719,0.37226,0.02,0.05
2012.02.29 05:04:17.091,0.37191,0.37226,0.02,0.04
2012.02.29 05:04:17.282,0.37193,0.37227,0.02,0.02
2012.02.29 05:04:17.824,0.37192,0.37226,0.02,0.03
2012.02.29 05:04:18.390,0.37189,0.37226,0.02,0.03
2012.02.29 05:04:18.873,0.37189,0.37226,0.02,0.03
2012.02.29 05:04:18.934,0.37189,0.37227,0.02,0.05
2012.02.29 05:04:19.104,0.37189,0.37227,0.02,0.05
2012.02.29 05:04:19.422,0.37189,0.37227,0.02,0.03
2012.02.29 05:04:20.482,0.37192,0.37229,0.02,0.02
2012.02.29 05:04:28.871,0.37192,0.37226,0.02,0.03
2012.02.29 05:04:30.611,0.37195,0.37233,0.02,0.03
2012.02.29 05:04:35.661,0.37195,0.37226,0.02,0.03
2012.02.29 05:04:36.716,0.37193,0.3723,0.02,0.03
2012.02.29 05:04:36.783,0.3719,0.37226,0.02,0.03
2012.02.29 05:04:37.342,0.37194,0.37227,0.02,0.03
2012.02.29 05:04:38.008,0.37196,0.37233,0.02,0.02
2012.02.29 05:04:38.132,0.37194,0.37233,0.02,0.03
2012.02.29 05:04:38.628,0.37194,0.37226,0.02,0.03
2012.02.29 05:04:39.751,0.37194,0.37227,0.02,0.03
2012.02.29 05:04:39.813,0.37194,0.37227,0.02,0.02
2012.02.29 05:04:43.346,0.37195,0.37233,0.02,0.03
2012.02.29 05:04:45.132,0.37195,0.37226,0.02,0.02
2012.02.29 05:04:49.624,0.37197,0.37233,0.02,0.02
2012.02.29 05:04:51.693,0.37193,0.37231,0.02,0.03
2012.02.29 05:04:52.232,0.37193,0.37227,0.02,0.03
2012.02.29 05:04:55.592,0.37192,0.37229,0.02,0.03
2012.02.29 05:05:02.961,0.37192,0.37226,0.02,0.03
2012.02.29 05:05:03.024,0.37195,0.37227,0.02,0.02
2012.02.29 05:05:06.805,0.37188,0.37227,0.02,0.03
2012.02.29 05:05:06.863,0.37188,0.37227,0.02,0.05
2012.02.29 05:05:10.367,0.37185,0.37217,0.02,0.02
2012.02.29 05:05:12.133,0.37184,0.37216,0.02,0.02
2012.02.29 05:05:13.222,0.37187,0.37226,0.02,0.05
2012.02.29 05:05:16.837,0.37188,0.37227,0.02,0.09
2012.02.29 05:05:17.412,0.37188,0.37226,0.02,0.05
2012.02.29 05:05:18.941,0.37185,0.37217,0.02,0.02
2012.02.29 05:05:19.882,0.37185,0.37216,0.02,0.02
2012.02.29 05:05:20.469,0.37185,0.37217,0.02,0.02
2012.02.29 05:05:20.997,0.37185,0.37222,0.02,0.02
2012.02.29 05:05:22.302,0.37185,0.37216,0.02,0.02
2012.02.29 05:05:22.838,0.37185,0.37217,0.02,0.02
2012.02.29 05:05:24.225,0.37188,0.37226,0.02,0.03
2012.02.29 05:05:24.829,0.37187,0.37223,0.02,0.03
2012.02.29 05:05:25.453,0.37185,0.37218,0.02,0.03
2012.02.29 05:05:26.931,0.37185,0.37217,0.02,0.02
2012.02.29 05:05:27.611,0.37185,0.37216,0.02,0.02
2012.02.29 05:05:28.692,0.37185,0.37217,0.02,0.02
2012.02.29 05:05:29.289,0.37185,0.37216,0.02,0.02
2012.02.29 05:05:30.492,0.37185,0.37217,0.02,0.02
2012.02.29 05:05:31.213,0.37185,0.37216,0.02,0.02
2012.02.29 05:05:33.181,0.37185,0.37217,0.02,0.02
2012.02.29 05:05:34.852,0.37185,0.37216,0.02,0.02
2012.02.29 05:05:35.533,0.37183,0.37217,0.02,0.02
2012.02.29 05:05:36.193,0.37185,0.37223,0.02,0.03
2012.02.29 05:05:36.709,0.37185,0.37217,0.02,0.02
2012.02.29 05:05:37.262,0.37184,0.37216,0.02,0.02
2012.02.29 05:05:37.973,0.37187,0.37217,0.02,0.02
2012.02.29 05:05:39.492,0.37188,0.37227,0.02,0.03
2012.02.29 05:05:41.342,0.37188,0.37226,0.02,0.03
2012.02.29 05:05:44.786,0.37189,0.37227,0.02,0.03
2012.02.29 05:05:46.444,0.37186,0.37216,0.02,0.02
2012.02.29 05:05:47.999,0.37188,0.37226,0.02,0.03
2012.02.29 05:05:49.189,0.37185,0.37217,0.02,0.02
2012.02.29 05:05:49.524,0.37187,0.37225,0.02,0.03
2012.02.29 05:05:50.170,0.37189,0.37227,0.02,0.03
2012.02.29 05:05:50.232,0.37189,0.37226,0.02,0.04
2012.02.29 05:05:50.292,0.37191,0.37228,0.02,0.05
2012.02.29 05:05:51.914,0.37191,0.37232,0.02,0.02
2012.02.29 05:05:52.099,0.37191,0.37226,0.02,0.03
2012.02.29 05:05:57.482,0.37191,0.37227,0.02,0.03
2012.02.29 05:05:57.542,0.37193,0.37232,0.02,0.03
2012.02.29 05:06:07.990,0.3719,0.37226,0.02,0.03
2012.02.29 05:06:08.336,0.37191,0.37228,0.02,0.03
2012.02.29 05:06:09.433,0.37191,0.37227,0.02,0.03
2012.02.29 05:06:11.753,0.37191,0.37227,0.02,0.03
2012.02.29 05:06:12.855,0.3719,0.37227,0.02,0.03
2012.02.29 05:06:22.682,0.37191,0.37228,0.02,0.03
2012.02.29 05:06:39.900,0.37193,0.37231,0.02,0.02
2012.02.29 05:06:39.964,0.37193,0.37226,0.02,0.03
2012.02.29 05:06:40.084,0.37195,0.37232,0.02,0.05
2012.02.29 05:06:41.112,0.37192,0.37226,0.02,0.03
2012.02.29 05:06:41.233,0.37189,0.37226,0.02,0.03
2012.02.29 05:06:44.125,0.37193,0.37231,0.02,0.03
2012.02.29 05:06:45.674,0.37193,0.37226,0.02,0.03
2012.02.29 05:06:47.241,0.37193,0.37226,0.02,0.03
2012.02.29 05:06:47.503,0.3719,0.37229,0.02,0.03
2012.02.29 05:06:50.555,0.37189,0.37226,0.02,0.03
2012.02.29 05:06:50.630,0.37189,0.37226,0.02,0.03
2012.02.29 05:06:55.094,0.37186,0.37227,0.02,0.03
2012.02.29 05:06:56.624,0.37186,0.37217,0.02,0.02
2012.02.29 05:06:59.002,0.37184,0.37222,0.03,0.03
2012.02.29 05:07:00.415,0.37184,0.37216,0.02,0.02
2012.02.29 05:07:01.819,0.37184,0.37217,0.02,0.02
2012.02.29 05:07:03.193,0.37184,0.37216,0.02,0.02
2012.02.29 05:07:03.911,0.37184,0.37217,0.02,0.02
2012.02.29 05:07:04.843,0.37184,0.37216,0.02,0.02
2012.02.29 05:07:05.442,0.37184,0.37225,0.02,0.02
2012.02.29 05:07:07.213,0.37184,0.37217,0.02,0.02
2012.02.29 05:07:08.364,0.37184,0.37222,0.02,0.03
2012.02.29 05:07:09.040,0.37183,0.37221,0.03,0.03
2012.02.29 05:07:10.367,0.37183,0.37217,0.02,0.02
2012.02.29 05:07:11.303,0.37183,0.37216,0.02,0.02
2012.02.29 05:07:12.688,0.37183,0.37217,0.02,0.03
2012.02.29 05:07:13.843,0.37181,0.37219,0.02,0.03
2012.02.29 05:07:14.284,0.37181,0.37216,0.02,0.03
2012.02.29 05:07:15.756,0.3718,0.37217,0.02,0.03
2012.02.29 05:07:16.635,0.3718,0.37217,0.02,0.03
2012.02.29 05:07:17.258,0.37179,0.37217,0.02,0.03
2012.02.29 05:07:17.334,0.37176,0.37217,0.02,0.03
2012.02.29 05:07:18.585,0.37177,0.37216,0.02,0.05
2012.02.29 05:07:20.060,0.37174,0.37216,0.02,0.07
2012.02.29 05:07:20.123,0.37174,0.37216,0.02,0.07
2012.02.29 05:07:22.725,0.37172,0.3721,0.02,0.03
2012.02.29 05:07:22.844,0.37176,0.37216,0.02,0.05
2012.02.29 05:07:23.101,0.37175,0.37216,0.02,0.05
2012.02.29 05:07:23.163,0.37175,0.37215,0.03,0.02
2012.02.29 05:07:23.476,0.37175,0.37214,0.03,0.03
2012.02.29 05:07:24.685,0.37175,0.37212,0.02,0.02
2012.02.29 05:07:25.328,0.37175,0.37212,0.02,0.02
2012.02.29 05:07:28.924,0.37171,0.37209,0.02,0.02
2012.02.29 05:07:29.264,0.37168,0.37206,0.02,0.02
2012.02.29 05:07:29.818,0.37167,0.37205,0.02,0.02
2012.02.29 05:07:33.994,0.37168,0.37206,0.02,0.04
2012.02.29 05:07:34.395,0.37171,0.37206,0.02,0.03
2012.02.29 05:07:46.023,0.37169,0.37206,0.02,0.04
2012.02.29 05:07:48.755,0.37167,0.37205,0.02,0.02
2012.02.29 05:07:52.472,0.37166,0.37203,0.02,0.02
2012.02.29 05:08:01.125,0.37166,0.37205,0.02,0.02
2012.02.29 05:08:02.157,0.37165,0.37204,0.03,0.03
2012.02.29 05:08:03.803,0.37164,0.37201,0.03,0.02
2012.02.29 05:08:04.784,0.37166,0.37204,0.02,0.02
2012.02.29 05:08:11.232,0.37164,0.37196,0.02,0.02
2012.02.29 05:08:12.601,0.37164,0.37203,0.02,0.02
2012.02.29 05:08:13.334,0.37163,0.37202,0.02,0.03
2012.02.29 05:08:14.953,0.37166,0.37203,0.02,0.02
2012.02.29 05:08:21.104,0.37163,0.37202,0.02,0.02
2012.02.29 05:08:23.679,0.37162,0.37199,0.02,0.02
2012.02.29 05:08:25.511,0.37163,0.372,0.02,0.03
2012.02.29 05:08:26.252,0.37161,0.372,0.02,0.02
2012.02.29 05:08:31.129,0.3716,0.37197,0.02,0.03
2012.02.29 05:08:32.535,0.37155,0.37192,0.02,0.02
2012.02.29 05:08:32.990,0.37157,0.37194,0.02,0.02
2012.02.29 05:08:33.893,0.37159,0.37196,0.02,0.02
2012.02.29 05:08:34.270,0.37161,0.37197,0.02,0.02
2012.02.29 05:08:34.617,0.37156,0.37194,0.02,0.02
2012.02.29 05:08:38.192,0.37155,0.37193,0.02,0.02
2012.02.29 05:08:39.307,0.37152,0.37191,0.02,0.02
2012.02.29 05:08:48.469,0.37152,0.37189,0.02,0.02
2012.02.29 05:08:49.039,0.3715,0.37186,0.02,0.03
2012.02.29 05:08:49.995,0.37149,0.37188,0.02,0.02
2012.02.29 05:08:50.114,0.37151,0.3719,0.02,0.02
2012.02.29 05:08:51.163,0.3715,0.37187,0.02,0.03
2012.02.29 05:08:52.394,0.37147,0.37186,0.02,0.03
2012.02.29 05:08:53.733,0.37145,0.37183,0.02,0.02
2012.02.29 05:08:56.393,0.37138,0.37177,0.02,0.02
2012.02.29 05:08:59.877,0.37136,0.37173,0.03,0.02
2012.02.29 05:09:07.393,0.37136,0.37166,0.02,0.02
2012.02.29 05:09:08.667,0.37133,0.3717,0.02,0.02
2012.02.29 05:09:13.532,0.37147,0.37185,0.02,0.02
2012.02.29 05:09:13.605,0.37147,0.37185,0.02,0.02
2012.02.29 05:09:13.664,0.37144,0.37182,0.02,0.05
2012.02.29 05:09:13.878,0.37143,0.37179,0.02,0.02
2012.02.29 05:09:14.619,0.3714,0.37178,0.02,0.02
2012.02.29 05:09:16.997,0.37142,0.37179,0.02,0.02
2012.02.29 05:09:24.820,0.37147,0.37185,0.02,0.02
2012.02.29 05:09:25.624,0.37149,0.37187,0.02,0.04
2012.02.29 05:09:27.252,0.37147,0.37186,0.03,0.03
2012.02.29 05:09:41.643,0.3715,0.37186,0.02,0.03
2012.02.29 05:09:46.761,0.37148,0.37185,0.02,0.02
2012.02.29 05:09:47.320,0.37144,0.37182,0.03,0.02
2012.02.29 05:09:49.227,0.37143,0.3718,0.02,0.02
2012.02.29 05:09:50.880,0.37141,0.37178,0.03,0.02
2012.02.29 05:10:07.587,0.37142,0.37181,0.03,0.02
2012.02.29 05:10:16.833,0.37142,0.37178,0.02,0.02
2012.02.29 05:10:37.831,0.37142,0.3718,0.02,0.02
2012.02.29 05:10:40.208,0.37145,0.37183,0.02,0.02
2012.02.29 05:10:41.065,0.37148,0.37185,0.03,0.02
2012.02.29 05:10:42.544,0.37147,0.37183,0.02,0.02
2012.02.29 05:10:43.087,0.37148,0.37185,0.02,0.02
2012.02.29 05:10:47.594,0.3715,0.37187,0.02,0.02
2012.02.29 05:10:48.023,0.37147,0.37186,0.03,0.03
2012.02.29 05:10:49.315,0.37149,0.37187,0.02,0.02
2012.02.29 05:10:50.415,0.37151,0.3719,0.02,0.02
2012.02.29 05:10:50.516,0.37153,0.3719,0.02,0.02
2012.02.29 05:10:54.571,0.37151,0.37187,0.02,0.02
2012.02.29 05:10:56.713,0.37153,0.37192,0.02,0.02
2012.02.29 05:11:06.852,0.37155,0.37193,0.02,0.02
2012.02.29 05:11:08.694,0.37156,0.37195,0.02,0.02
2012.02.29 05:11:09.128,0.37158,0.37196,0.02,0.03
2012.02.29 05:11:10.441,0.37158,0.37197,0.02,0.02
2012.02.29 05:11:19.936,0.3716,0.37199,0.02,0.02
2012.02.29 05:11:23.478,0.37158,0.37197,0.02,0.02
2012.02.29 05:11:36.334,0.37158,0.37195,0.02,0.02
2012.02.29 05:11:48.505,0.37159,0.37197,0.02,0.02
2012.02.29 05:11:48.786,0.3716,0.37199,0.02,0.02
2012.02.29 05:11:49.861,0.37159,0.37196,0.02,0.02
2012.02.29 05:12:03.665,0.37156,0.37194,0.02,0.02
2012.02.29 05:12:19.332,0.37157,0.37196,0.02,0.03
2012.02.29 05:12:35.110,0.37161,0.37196,0.02,0.02
2012.02.29 05:12:42.947,0.37163,0.37199,0.02,0.02
2012.02.29 05:12:47.823,0.37163,0.37201,0.03,0.02
2012.02.29 05:13:02.374,0.37166,0.37204,0.02,0.02
2012.02.29 05:13:02.734,0.37165,0.37201,0.02,0.02
2012.02.29 05:13:23.646,0.37164,0.37203,0.03,0.02
2012.02.29 05:13:30.665,0.37168,0.37206,0.02,0.03
2012.02.29 05:13:36.863,0.37169,0.37208,0.02,0.02
2012.02.29 05:13:47.131,0.37171,0.37209,0.03,0.02
2012.02.29 05:13:51.724,0.37174,0.37211,0.02,0.02
2012.02.29 05:13:58.562,0.37174,0.37213,0.02,0.02
2012.02.29 05:14:00.056,0.37174,0.37211,0.02,0.02
2012.02.29 05:14:01.786,0.37175,0.37212,0.02,0.02
2012.02.29 05:14:07.045,0.37173,0.37211,0.02,0.02
2012.02.29 05:14:08.205,0.37169,0.37207,0.02,0.02
2012.02.29 05:14:16.404,0.37167,0.37205,0.02,0.02
2012.02.29 05:14:22.852,0.37169,0.37207,0.02,0.04
2012.02.29 05:14:25.251,0.3717,0.37207,0.03,0.02
2012.02.29 05:14:31.223,0.37173,0.37211,0.03,0.02
2012.02.29 05:14:32.005,0.3717,0.37208,0.02,0.02
2012.02.29 05:14:35.197,0.37172,0.3721,0.02,0.02
2012.02.29 05:14:36.651,0.37169,0.37207,0.02,0.04
2012.02.29 05:14:39.048,0.3717,0.37208,0.03,0.02
2012.02.29 05:14:42.877,0.37171,0.3721,0.02,0.02
2012.02.29 05:14:49.786,0.37171,0.37206,0.02,0.03
2012.02.29 05:14:55.988,0.37172,0.37208,0.02,0.02
2012.02.29 05:14:56.056,0.37173,0.37211,0.03,0.02
2012.02.29 05:14:59.084,0.37172,0.37208,0.02,0.02
2012.02.29 05:15:07.563,0.37168,0.37207,0.02,0.04
2012.02.29 05:15:13.640,0.37168,0.37205,0.02,0.02
2012.02.29 05:15:31.535,0.37168,0.37207,0.03,0.05
2012.02.29 05:15:43.655,0.37168,0.37206,0.02,0.02
2012.02.29 05:15:46.932,0.37167,0.37203,0.02,0.02
2012.02.29 05:16:01.729,0.37168,0.37205,0.02,0.02
2012.02.29 05:16:09.545,0.3717,0.37207,0.02,0.04
2012.02.29 05:16:12.753,0.37172,0.37209,0.02,0.02
2012.02.29 05:16:19.913,0.37173,0.3721,0.02,0.02
2012.02.29 05:16:32.835,0.37173,0.37212,0.02,0.02
2012.02.29 05:16:50.074,0.37173,0.3721,0.03,0.02
2012.02.29 05:16:50.576,0.3717,0.37206,0.02,0.04
2012.02.29 05:16:57.743,0.3717,0.37207,0.03,0.02
2012.02.29 05:16:57.964,0.37173,0.3721,0.02,0.02
2012.02.29 05:17:11.665,0.37171,0.37209,0.02,0.02
2012.02.29 05:17:12.156,0.37169,0.37207,0.02,0.02
2012.02.29 05:17:18.165,0.37171,0.3721,0.02,0.02
2012.02.29 05:17:25.398,0.37169,0.37206,0.02,0.02
2012.02.29 05:17:32.136,0.37167,0.37205,0.02,0.02
2012.02.29 05:17:35.005,0.37168,0.37206,0.02,0.03
2012.02.29 05:17:37.385,0.3717,0.37208,0.02,0.02
2012.02.29 05:17:40.783,0.37172,0.37208,0.02,0.02
2012.02.29 05:17:41.959,0.37174,0.37211,0.02,0.02
2012.02.29 05:18:19.254,0.37173,0.3721,0.02,0.02
2012.02.29 05:18:19.915,0.37169,0.37205,0.02,0.02
2012.02.29 05:18:29.339,0.37166,0.37201,0.02,0.02
2012.02.29 05:18:29.525,0.37165,0.37204,0.03,0.02
2012.02.29 05:18:37.020,0.37168,0.37206,0.02,0.04
2012.02.29 05:19:10.072,0.3717,0.37206,0.02,0.02
2012.02.29 05:19:27.307,0.37172,0.37211,0.03,0.02
2012.02.29 05:19:38.165,0.37171,0.37209,0.02,0.02
2012.02.29 05:20:02.145,0.37171,0.37209,0.02,0.02
2012.02.29 05:20:02.264,0.37173,0.37211,0.02,0.02
2012.02.29 05:20:02.804,0.37175,0.37212,0.02,0.02
2012.02.29 05:20:21.524,0.37168,0.37206,0.02,0.02
2012.02.29 05:20:21.584,0.37168,0.37206,0.02,0.02
2012.02.29 05:20:21.746,0.3717,0.37205,0.02,0.02
2012.02.29 05:20:22.122,0.37168,0.37203,0.02,0.02
2012.02.29 05:20:23.903,0.37165,0.37202,0.02,0.02
2012.02.29 05:20:24.718,0.37164,0.372,0.02,0.02
2012.02.29 05:20:25.565,0.37162,0.37198,0.02,0.02
2012.02.29 05:20:28.248,0.37163,0.37201,0.02,0.02
2012.02.29 05:20:28.815,0.37164,0.37201,0.02,0.02
2012.02.29 05:20:32.612,0.37165,0.37203,0.02,0.02
2012.02.29 05:20:34.804,0.37172,0.3721,0.02,0.02
2012.02.29 05:20:35.585,0.37171,0.37207,0.02,0.02
2012.02.29 05:20:36.325,0.37163,0.37199,0.05,0.02
2012.02.29 05:20:36.724,0.3716,0.37197,0.03,0.02
2012.02.29 05:20:37.500,0.37159,0.37196,0.02,0.02
2012.02.29 05:20:51.516,0.37156,0.37194,0.02,0.02
2012.02.29 05:21:07.914,0.37153,0.3719,0.02,0.02
2012.02.29 05:21:19.434,0.37156,0.37194,0.02,0.02
2012.02.29 05:21:19.655,0.37155,0.3719,0.02,0.02
2012.02.29 05:21:22.664,0.37152,0.37188,0.02,0.02
2012.02.29 05:21:23.223,0.37153,0.37191,0.02,0.02
2012.02.29 05:21:37.898,0.3715,0.37186,0.02,0.03
2012.02.29 05:21:49.972,0.37153,0.3719,0.03,0.02
2012.02.29 05:21:52.864,0.37151,0.37187,0.02,0.02
2012.02.29 05:21:54.254,0.37151,0.3719,0.03,0.02
2012.02.29 05:21:55.073,0.37149,0.37186,0.02,0.02
2012.02.29 05:21:55.504,0.37148,0.37184,0.02,0.02
2012.02.29 05:22:09.717,0.37145,0.37181,0.02,0.02
2012.02.29 05:22:10.907,0.37136,0.37169,0.07,0.02
2012.02.29 05:22:11.017,0.37147,0.37185,0.02,0.02
2012.02.29 05:22:11.126,0.37136,0.37169,0.07,0.02
2012.02.29 05:22:11.237,0.37147,0.37185,0.02,0.02
2012.02.29 05:22:13.353,0.37146,0.37185,0.03,0.02
2012.02.29 05:22:14.204,0.37145,0.37181,0.02,0.02
2012.02.29 05:22:21.705,0.37142,0.37179,0.02,0.02
2012.02.29 05:22:39.020,0.37139,0.37175,0.02,0.02
2012.02.29 05:22:39.335,0.3713,0.37166,0.03,0.02
2012.02.29 05:22:51.017,0.3713,0.37166,0.02,0.02
2012.02.29 05:22:54.226,0.37133,0.3717,0.03,0.02
2012.02.29 05:22:54.356,0.37136,0.37173,0.02,0.02
2012.02.29 05:22:56.285,0.37137,0.37175,0.02,0.02
2012.02.29 05:22:58.907,0.37134,0.37172,0.02,0.02
2012.02.29 05:23:02.035,0.37133,0.37169,0.02,0.02
2012.02.29 05:23:04.595,0.37133,0.37172,0.03,0.03
2012.02.29 05:23:13.715,0.37132,0.37169,0.03,0.02
2012.02.29 05:23:13.896,0.3713,0.37166,0.02,0.03
2012.02.29 05:23:39.345,0.37132,0.37169,0.02,0.02
2012.02.29 05:23:39.741,0.37137,0.37174,0.02,0.02
2012.02.29 05:23:42.365,0.37138,0.37176,0.02,0.03
2012.02.29 05:23:51.995,0.37136,0.37174,0.02,0.02
2012.02.29 05:23:52.335,0.3714,0.37176,0.02,0.04
2012.02.29 05:23:53.302,0.37139,0.37175,0.02,0.02
2012.02.29 05:23:59.435,0.37136,0.37173,0.02,0.02
2012.02.29 05:24:01.009,0.37135,0.37171,0.02,0.02
2012.02.29 05:24:17.256,0.37135,0.37173,0.02,0.02
2012.02.29 05:24:17.586,0.37135,0.3717,0.02,0.02
2012.02.29 05:24:18.127,0.37132,0.37168,0.02,0.02
2012.02.29 05:24:18.668,0.37134,0.37171,0.02,0.02
2012.02.29 05:24:21.637,0.37132,0.37167,0.02,0.02
2012.02.29 05:24:57.104,0.37133,0.37171,0.02,0.02
2012.02.29 05:25:00.016,0.3713,0.37168,0.02,0.02
2012.02.29 05:25:16.816,0.37133,0.3717,0.02,0.02
2012.02.29 05:25:25.414,0.37131,0.37168,0.02,0.02
2012.02.29 05:25:40.445,0.37132,0.37171,0.02,0.03
2012.02.29 05:25:41.804,0.37131,0.37168,0.02,0.02
2012.02.29 05:25:42.142,0.37123,0.37156,0.05,0.03
2012.02.29 05:25:42.756,0.37123,0.37156,0.05,0.04
2012.02.29 05:25:49.334,0.37116,0.37153,0.02,0.02
2012.02.29 05:25:49.683,0.3711,0.37141,0.05,0.02
2012.02.29 05:25:56.182,0.37096,0.3713,0.05,0.02
2012.02.29 05:25:56.719,0.37096,0.3713,0.05,0.03
2012.02.29 05:26:01.230,0.37093,0.37132,0.02,0.02
2012.02.29 05:26:02.866,0.37095,0.37132,0.02,0.02
2012.02.29 05:26:03.245,0.37087,0.37124,0.03,0.02
2012.02.29 05:26:04.016,0.37088,0.37126,0.03,0.02
2012.02.29 05:26:04.186,0.37088,0.37124,0.02,0.02
2012.02.29 05:26:09.171,0.37085,0.37123,0.02,0.02
2012.02.29 05:26:09.237,0.3708,0.37116,0.05,0.02
2012.02.29 05:26:09.886,0.37081,0.37119,0.02,0.02
2012.02.29 05:26:13.886,0.37082,0.37119,0.03,0.02
2012.02.29 05:26:24.844,0.3708,0.37117,0.02,0.02
2012.02.29 05:26:26.555,0.37083,0.37119,0.02,0.02
2012.02.29 05:26:28.476,0.37081,0.37117,0.02,0.04
2012.02.29 05:26:28.536,0.37083,0.3712,0.02,0.02
2012.02.29 05:26:32.602,0.37085,0.37122,0.03,0.02
2012.02.29 05:26:40.970,0.37087,0.37125,0.02,0.02
2012.02.29 05:26:41.095,0.37093,0.37132,0.03,0.02
2012.02.29 05:26:41.442,0.37092,0.3713,0.02,0.03
2012.02.29 05:26:46.235,0.37089,0.37127,0.02,0.02
2012.02.29 05:26:49.308,0.37091,0.37129,0.03,0.02
2012.02.29 05:26:49.428,0.37092,0.37131,0.02,0.02
2012.02.29 05:26:55.235,0.37092,0.37127,0.02,0.02
2012.02.29 05:26:56.478,0.37094,0.37129,0.02,0.02
2012.02.29 05:26:57.077,0.3709,0.37128,0.02,0.02
2012.02.29 05:27:00.204,0.37093,0.3713,0.02,0.02
2012.02.29 05:27:01.107,0.3709,0.37127,0.02,0.02
2012.02.29 05:27:02.965,0.37092,0.3713,0.02,0.02
2012.02.29 05:27:04.587,0.3709,0.37128,0.02,0.02
2012.02.29 05:27:05.677,0.3709,0.37128,0.02,0.02
2012.02.29 05:27:07.464,0.37094,0.37131,0.03,0.02
2012.02.29 05:27:07.706,0.37094,0.37132,0.02,0.02
2012.02.29 05:27:08.240,0.37098,0.37133,0.02,0.02
2012.02.29 05:27:11.466,0.37095,0.37131,0.02,0.02
2012.02.29 05:27:19.111,0.37097,0.37133,0.02,0.02
2012.02.29 05:27:20.435,0.37094,0.37132,0.03,0.02
2012.02.29 05:27:23.296,0.37094,0.37129,0.02,0.02
2012.02.29 05:27:23.771,0.37096,0.37132,0.02,0.02
2012.02.29 05:27:27.369,0.37097,0.37133,0.02,0.02
2012.02.29 05:27:27.756,0.37094,0.37132,0.02,0.02
2012.02.29 05:27:33.307,0.37098,0.37133,0.02,0.02
2012.02.29 05:27:36.587,0.37098,0.37136,0.03,0.02
2012.02.29 05:27:37.169,0.37097,0.37134,0.02,0.02
2012.02.29 05:27:53.052,0.37095,0.37131,0.02,0.02
2012.02.29 05:27:53.824,0.37097,0.37133,0.02,0.02
2012.02.29 05:27:58.461,0.37095,0.37132,0.02,0.02
2012.02.29 05:27:59.894,0.37096,0.37134,0.02,0.02
2012.02.29 05:28:00.272,0.37095,0.37131,0.02,0.02
2012.02.29 05:28:23.306,0.37092,0.3713,0.02,0.02
2012.02.29 05:28:23.576,0.37094,0.37131,0.02,0.02
2012.02.29 05:28:46.037,0.37098,0.37136,0.02,0.02
2012.02.29 05:28:54.715,0.37096,0.37132,0.02,0.02
2012.02.29 05:28:55.465,0.37098,0.37136,0.02,0.03
2012.02.29 05:29:00.025,0.37095,0.37133,0.02,0.02
2012.02.29 05:29:00.369,0.37095,0.37132,0.03,0.02
2012.02.29 05:29:01.406,0.37099,0.37135,0.02,0.02
2012.02.29 05:29:04.126,0.37101,0.37136,0.02,0.02
2012.02.29 05:29:08.743,0.37098,0.37136,0.02,0.06
2012.02.29 05:29:09.465,0.37093,0.37128,0.03,0.02
2012.02.29 05:29:10.040,0.37092,0.37127,0.05,0.02
2012.02.29 05:29:15.105,0.37094,0.37129,0.02,0.02
2012.02.29 05:29:21.599,0.37097,0.37135,0.02,0.02
2012.02.29 05:29:21.656,0.37098,0.37135,0.02,0.02
2012.02.29 05:29:24.811,0.37105,0.37142,0.02,0.02
2012.02.29 05:29:25.786,0.37103,0.37141,0.02,0.02
2012.02.29 05:29:29.227,0.37103,0.37139,0.02,0.02
2012.02.29 05:29:38.388,0.37102,0.37141,0.02,0.02
2012.02.29 05:29:41.245,0.37094,0.3713,0.05,0.02
2012.02.29 05:29:41.585,0.37093,0.37126,0.05,0.04
2012.02.29 05:29:41.922,0.37093,0.37124,0.05,0.02
2012.02.29 05:29:42.445,0.37086,0.37122,0.02,0.02
2012.02.29 05:29:46.795,0.37083,0.3712,0.04,0.02
2012.02.29 05:29:47.345,0.37079,0.37113,0.03,0.02
2012.02.29 05:29:47.405,0.37077,0.37113,0.05,0.02
2012.02.29 05:29:47.676,0.37077,0.37114,0.05,0.02
2012.02.29 05:29:48.165,0.37078,0.37116,0.02,0.03
2012.02.29 05:29:49.064,0.37078,0.37115,0.02,0.02
2012.02.29 05:29:50.545,0.37074,0.37111,0.02,0.02
2012.02.29 05:29:52.165,0.37073,0.3711,0.02,0.02
2012.02.29 05:29:52.232,0.37068,0.37106,0.02,0.02
2012.02.29 05:29:55.272,0.3707,0.37107,0.03,0.02
2012.02.29 05:29:55.922,0.37073,0.37109,0.02,0.02
2012.02.29 05:29:56.462,0.37075,0.37111,0.02,0.02
2012.02.29 05:29:56.795,0.37078,0.37114,0.02,0.02
2012.02.29 05:30:00.777,0.37076,0.37112,0.02,0.02
2012.02.29 05:30:02.235,0.37078,0.37115,0.02,0.02
2012.02.29 05:30:05.496,0.37075,0.37112,0.02,0.02
2012.02.29 05:30:07.561,0.37077,0.37114,0.02,0.02
2012.02.29 05:30:08.285,0.37075,0.37113,0.02,0.02
2012.02.29 05:30:11.609,0.37079,0.37116,0.02,0.02
2012.02.29 05:30:12.336,0.37077,0.37113,0.02,0.02
2012.02.29 05:30:16.406,0.37077,0.37115,0.03,0.02
2012.02.29 05:30:21.558,0.37074,0.37112,0.02,0.02
2012.02.29 05:30:23.486,0.37074,0.37112,0.02,0.02
2012.02.29 05:30:23.547,0.37081,0.37119,0.02,0.02
2012.02.29 05:30:47.986,0.37085,0.37121,0.02,0.02
2012.02.29 05:30:52.619,0.37084,0.37123,0.03,0.02
2012.02.29 05:30:53.396,0.37084,0.37116,0.02,0.02
2012.02.29 05:30:53.508,0.37079,0.37116,0.02,0.04
2012.02.29 05:30:53.997,0.37075,0.37114,0.03,0.02
2012.02.29 05:30:54.395,0.37073,0.37111,0.02,0.02
2012.02.29 05:31:07.106,0.37075,0.37113,0.02,0.02
2012.02.29 05:31:08.419,0.3708,0.37117,0.02,0.02
2012.02.29 05:31:08.805,0.37082,0.37119,0.02,0.02
2012.02.29 05:31:09.419,0.3708,0.37117,0.02,0.04
2012.02.29 05:31:10.565,0.37078,0.37113,0.02,0.02
2012.02.29 05:31:11.165,0.37075,0.3711,0.02,0.02
2012.02.29 05:31:11.705,0.37075,0.37113,0.02,0.03
2012.02.29 05:31:12.055,0.37077,0.37114,0.02,0.02
2012.02.29 05:31:13.366,0.3708,0.37116,0.02,0.02
2012.02.29 05:31:18.695,0.37077,0.37115,0.02,0.02
2012.02.29 05:31:23.430,0.37075,0.37113,0.02,0.03
2012.02.29 05:31:27.268,0.37074,0.3711,0.02,0.02
2012.02.29 05:31:32.289,0.37076,0.37113,0.03,0.02
2012.02.29 05:31:39.990,0.37076,0.37111,0.02,0.02
2012.02.29 05:31:41.201,0.37076,0.37114,0.02,0.02
2012.02.29 05:31:54.263,0.37075,0.37111,0.02,0.02
2012.02.29 05:31:55.553,0.37076,0.37113,0.02,0.02
2012.02.29 05:31:56.009,0.3708,0.37119,0.02,0.02
2012.02.29 05:31:56.076,0.37082,0.3712,0.02,0.02
2012.02.29 05:31:56.465,0.37078,0.37114,0.02,0.02
2012.02.29 05:31:57.148,0.37076,0.37114,0.02,0.02
2012.02.29 05:31:58.535,0.37077,0.37115,0.02,0.02
2012.02.29 05:31:58.816,0.37078,0.37117,0.02,0.02
2012.02.29 05:31:59.355,0.37078,0.37115,0.02,0.02
2012.02.29 05:31:59.662,0.37076,0.37113,0.02,0.02
2012.02.29 05:32:04.141,0.37073,0.37112,0.03,0.02
2012.02.29 05:32:04.266,0.37073,0.3711,0.02,0.02
2012.02.29 05:32:05.861,0.37071,0.37109,0.02,0.03
2012.02.29 05:32:07.201,0.37072,0.3711,0.02,0.02
2012.02.29 05:32:07.420,0.37073,0.37112,0.02,0.02
2012.02.29 05:32:07.740,0.37075,0.37113,0.02,0.02
2012.02.29 05:32:08.225,0.37076,0.37115,0.02,0.02
2012.02.29 05:32:08.647,0.37078,0.37116,0.02,0.02
2012.02.29 05:32:09.344,0.37079,0.37117,0.02,0.03
2012.02.29 05:32:09.655,0.37073,0.37111,0.02,0.03
2012.02.29 05:32:12.280,0.37071,0.37108,0.02,0.02
2012.02.29 05:32:12.718,0.37069,0.37106,0.02,0.03
2012.02.29 05:32:12.929,0.37067,0.37104,0.02,0.02
2012.02.29 05:32:13.306,0.37063,0.37102,0.03,0.02
2012.02.29 05:32:13.813,0.37064,0.37099,0.02,0.02
2012.02.29 05:32:14.446,0.37066,0.37102,0.02,0.02
2012.02.29 05:32:14.758,0.37068,0.37107,0.02,0.04
2012.02.29 05:32:15.188,0.37071,0.37109,0.02,0.02
2012.02.29 05:32:15.618,0.37074,0.37112,0.03,0.02
2012.02.29 05:32:16.174,0.37077,0.37115,0.02,0.02
2012.02.29 05:32:16.607,0.37074,0.3711,0.02,0.02
2012.02.29 05:32:17.368,0.37069,0.37107,0.02,0.02
2012.02.29 05:32:20.146,0.37074,0.3711,0.02,0.02
2012.02.29 05:32:20.538,0.37072,0.37109,0.02,0.02
2012.02.29 05:32:20.596,0.37074,0.37111,0.02,0.02
2012.02.29 05:32:21.036,0.37075,0.37114,0.03,0.02
2012.02.29 05:32:30.285,0.3708,0.37117,0.02,0.02
2012.02.29 05:32:31.369,0.37075,0.37112,0.02,0.02
2012.02.29 05:32:36.204,0.37072,0.3711,0.02,0.02
2012.02.29 05:32:39.243,0.37073,0.37112,0.02,0.02
2012.02.29 05:32:44.080,0.37076,0.37115,0.02,0.02
2012.02.29 05:32:44.417,0.3708,0.37118,0.02,0.02
2012.02.29 05:32:45.920,0.37081,0.3712,0.02,0.02
2012.02.29 05:32:49.150,0.37079,0.37118,0.02,0.02
2012.02.29 05:32:57.226,0.37082,0.37119,0.02,0.02
2012.02.29 05:32:58.335,0.37082,0.37121,0.03,0.03
2012.02.29 05:33:10.276,0.37083,0.37121,0.02,0.02
2012.02.29 05:33:10.336,0.3709,0.37127,0.02,0.03
2012.02.29 05:33:11.205,0.37086,0.37125,0.02,0.02
2012.02.29 05:33:11.645,0.37089,0.37126,0.02,0.02
2012.02.29 05:33:15.146,0.37087,0.37125,0.02,0.03
2012.02.29 05:33:21.132,0.37086,0.37122,0.02,0.02
2012.02.29 05:33:22.841,0.37083,0.3712,0.03,0.02
2012.02.29 05:33:23.544,0.37081,0.37118,0.03,0.02
2012.02.29 05:33:38.845,0.3708,0.37117,0.02,0.02
2012.02.29 05:33:39.597,0.37078,0.37114,0.02,0.02
2012.02.29 05:33:49.243,0.37071,0.37109,0.05,0.02
2012.02.29 05:33:49.396,0.37075,0.37111,0.02,0.02
2012.02.29 05:33:52.487,0.37068,0.37106,0.02,0.02
2012.02.29 05:33:52.584,0.37071,0.37106,0.02,0.02
2012.02.29 05:33:52.805,0.37068,0.37107,0.02,0.03
2012.02.29 05:33:53.066,0.3707,0.37109,0.02,0.02
2012.02.29 05:33:53.704,0.37069,0.37105,0.02,0.02
2012.02.29 05:33:54.245,0.37066,0.37105,0.03,0.02
2012.02.29 05:33:58.295,0.37066,0.37103,0.02,0.02
2012.02.29 05:34:06.488,0.37069,0.37106,0.02,0.02
2012.02.29 05:34:06.720,0.37069,0.37105,0.02,0.02
2012.02.29 05:34:09.509,0.37064,0.37103,0.04,0.02
2012.02.29 05:34:09.635,0.37066,0.37105,0.02,0.02
2012.02.29 05:34:09.957,0.37072,0.37108,0.02,0.02
2012.02.29 05:34:26.333,0.37069,0.37107,0.02,0.02
2012.02.29 05:34:32.277,0.37069,0.37108,0.03,0.02
2012.02.29 05:34:50.499,0.37077,0.37114,0.02,0.02
2012.02.29 05:34:53.296,0.37074,0.37109,0.02,0.02
2012.02.29 05:34:53.615,0.37071,0.37109,0.02,0.02
2012.02.29 05:34:54.230,0.37069,0.37106,0.03,0.02
2012.02.29 05:35:00.527,0.37079,0.37116,0.02,0.03
2012.02.29 05:35:00.585,0.3708,0.37116,0.02,0.02
2012.02.29 05:35:01.518,0.37079,0.37114,0.02,0.02
2012.02.29 05:35:03.530,0.37074,0.37109,0.02,0.02
2012.02.29 05:35:05.237,0.3707,0.37106,0.02,0.02
2012.02.29 05:35:08.112,0.37064,0.371,0.02,0.02
2012.02.29 05:35:09.265,0.37061,0.37097,0.02,0.02
2012.02.29 05:35:10.096,0.37059,0.37096,0.02,0.02
2012.02.29 05:35:10.177,0.37055,0.37093,0.02,0.02
2012.02.29 05:35:37.117,0.37057,0.37095,0.02,0.02
2012.02.29 05:35:42.305,0.37055,0.37093,0.02,0.02
2012.02.29 05:35:43.542,0.37055,0.37096,0.02,0.02
2012.02.29 05:35:43.605,0.37061,0.37099,0.02,0.02
2012.02.29 05:35:47.235,0.37064,0.37102,0.03,0.02
2012.02.29 05:35:47.776,0.37063,0.371,0.02,0.02
2012.02.29 05:35:49.416,0.37061,0.37096,0.02,0.02
2012.02.29 05:35:51.265,0.37059,0.37094,0.02,0.02
2012.02.29 05:35:51.506,0.3706,0.37097,0.02,0.02
2012.02.29 05:35:55.307,0.37058,0.37096,0.02,0.02
2012.02.29 05:35:58.916,0.37058,0.37096,0.02,0.02
2012.02.29 05:35:59.675,0.37058,0.37096,0.02,0.02
2012.02.29 05:36:00.462,0.37061,0.37097,0.02,0.02
2012.02.29 05:36:01.660,0.37067,0.37106,0.02,0.02
2012.02.29 05:36:03.662,0.37071,0.37108,0.02,0.02
2012.02.29 05:36:05.924,0.37073,0.37111,0.02,0.02
2012.02.29 05:36:11.366,0.37076,0.37112,0.02,0.02
2012.02.29 05:36:12.775,0.37077,0.37114,0.03,0.02
2012.02.29 05:36:15.982,0.37081,0.37117,0.02,0.02
2012.02.29 05:36:28.565,0.37079,0.37115,0.02,0.02
2012.02.29 05:36:32.463,0.37077,0.37113,0.02,0.02
2012.02.29 05:36:35.382,0.37071,0.37105,0.03,0.02
2012.02.29 05:36:35.514,0.37068,0.37105,0.02,0.02
2012.02.29 05:36:36.204,0.37068,0.37107,0.02,0.02
2012.02.29 05:36:39.692,0.37068,0.37105,0.02,0.02
2012.02.29 05:36:44.792,0.37068,0.37108,0.02,0.02
2012.02.29 05:36:48.991,0.37068,0.37105,0.02,0.02
2012.02.29 05:36:49.495,0.3707,0.37106,0.02,0.02
2012.02.29 05:36:54.847,0.37071,0.37108,0.02,0.02
2012.02.29 05:36:57.254,0.37075,0.3711,0.02,0.02
2012.02.29 05:36:59.614,0.37072,0.3711,0.02,0.02
2012.02.29 05:37:04.914,0.37065,0.37104,0.02,0.02
2012.02.29 05:37:11.843,0.37068,0.37105,0.02,0.02
2012.02.29 05:37:15.016,0.37073,0.3711,0.02,0.02
2012.02.29 05:37:15.238,0.37071,0.37108,0.02,0.02
2012.02.29 05:37:18.582,0.37068,0.37105,0.02,0.02
2012.02.29 05:37:21.777,0.37066,0.37103,0.02,0.02
2012.02.29 05:37:22.175,0.37062,0.37099,0.02,0.02
2012.02.29 05:37:22.673,0.37059,0.37097,0.02,0.02
2012.02.29 05:37:33.935,0.37061,0.37099,0.02,0.02
2012.02.29 05:37:35.184,0.3706,0.37097,0.02,0.02
2012.02.29 05:37:55.852,0.37061,0.37098,0.02,0.02
2012.02.29 05:37:57.937,0.37059,0.37095,0.02,0.02
2012.02.29 05:37:58.367,0.37061,0.37097,0.02,0.02
2012.02.29 05:37:59.473,0.37058,0.37095,0.03,0.02
2012.02.29 05:38:01.235,0.37062,0.37099,0.02,0.02
2012.02.29 05:38:05.106,0.3706,0.37098,0.02,0.02
2012.02.29 05:38:43.561,0.37059,0.37097,0.02,0.02
2012.02.29 05:38:44.371,0.37058,0.37096,0.02,0.02
2012.02.29 05:38:46.401,0.37057,0.37093,0.02,0.02
2012.02.29 05:39:07.796,0.37058,0.37096,0.02,0.02
2012.02.29 05:39:24.715,0.37058,0.37097,0.03,0.02
2012.02.29 05:39:37.797,0.37057,0.37095,0.03,0.02
2012.02.29 05:39:51.344,0.37055,0.37093,0.02,0.02
2012.02.29 05:40:19.950,0.37048,0.37087,0.02,0.02
2012.02.29 05:40:24.856,0.37047,0.37085,0.02,0.02
2012.02.29 05:40:28.200,0.37048,0.37085,0.02,0.02
2012.02.29 05:40:38.095,0.37045,0.37082,0.03,0.02
2012.02.29 05:40:38.157,0.37044,0.3708,0.05,0.02
2012.02.29 05:40:40.152,0.37041,0.37076,0.02,0.02
2012.02.29 05:40:40.482,0.37037,0.37075,0.02,0.02
2012.02.29 05:40:47.534,0.3704,0.37079,0.02,0.02
2012.02.29 05:40:52.865,0.37036,0.37074,0.02,0.02
2012.02.29 05:40:53.185,0.37038,0.37075,0.03,0.02
2012.02.29 05:41:03.256,0.37037,0.37073,0.02,0.02
2012.02.29 05:41:24.044,0.37031,0.37068,0.02,0.02
2012.02.29 05:41:25.089,0.37031,0.37067,0.02,0.04
2012.02.29 05:41:50.441,0.37027,0.37065,0.02,0.02
2012.02.29 05:42:01.697,0.3703,0.37066,0.02,0.02
2012.02.29 05:42:18.018,0.37027,0.37063,0.02,0.02
2012.02.29 05:42:22.715,0.37024,0.37059,0.02,0.02
2012.02.29 05:42:23.716,0.37024,0.37062,0.03,0.02
2012.02.29 05:42:26.614,0.37028,0.37067,0.03,0.02
2012.02.29 05:42:26.935,0.37035,0.37072,0.02,0.04
2012.02.29 05:42:32.185,0.37037,0.37075,0.02,0.02
2012.02.29 05:42:40.684,0.37035,0.37072,0.03,0.02
2012.02.29 05:42:45.521,0.37035,0.3707,0.02,0.02
2012.02.29 05:42:47.051,0.37033,0.37068,0.02,0.02
2012.02.29 05:42:55.470,0.3703,0.37066,0.02,0.04
2012.02.29 05:42:58.938,0.37032,0.37067,0.02,0.02
2012.02.29 05:43:00.577,0.37029,0.37067,0.02,0.04
2012.02.29 05:43:01.329,0.37028,0.37063,0.02,0.02
2012.02.29 05:43:02.487,0.37029,0.37066,0.02,0.02
2012.02.29 05:43:02.841,0.37027,0.37064,0.02,0.02
2012.02.29 05:43:10.395,0.37024,0.37062,0.02,0.02
2012.02.29 05:43:23.705,0.37026,0.37064,0.03,0.02
2012.02.29 05:43:33.169,0.3703,0.37067,0.02,0.03
2012.02.29 05:43:49.825,0.37029,0.37065,0.02,0.02
2012.02.29 05:43:59.354,0.3703,0.37068,0.03,0.02
2012.02.29 05:44:08.856,0.37028,0.37065,0.02,0.02
2012.02.29 05:44:25.394,0.37025,0.37063,0.02,0.02
2012.02.29 05:44:26.229,0.3702,0.37056,0.02,0.04
2012.02.29 05:44:27.217,0.37021,0.37059,0.02,0.02
2012.02.29 05:44:29.854,0.37018,0.37056,0.02,0.04
2012.02.29 05:44:30.986,0.37017,0.37053,0.02,0.02
2012.02.29 05:44:36.230,0.37017,0.37053,0.02,0.02
2012.02.29 05:44:36.752,0.37017,0.37053,0.02,0.02
2012.02.29 05:44:41.875,0.37014,0.37052,0.02,0.02
2012.02.29 05:44:42.232,0.37014,0.3705,0.02,0.02
2012.02.29 05:44:45.721,0.37015,0.37053,0.02,0.02
2012.02.29 05:44:50.735,0.37014,0.3705,0.02,0.02
2012.02.29 05:44:50.941,0.37011,0.37048,0.02,0.02
2012.02.29 05:44:52.716,0.37014,0.37053,0.02,0.02
2012.02.29 05:44:53.115,0.37011,0.37049,0.02,0.02
2012.02.29 05:44:54.000,0.37016,0.37052,0.02,0.02
2012.02.29 05:44:59.657,0.37011,0.37047,0.02,0.02
2012.02.29 05:44:59.719,0.37011,0.37047,0.02,0.02
2012.02.29 05:45:10.388,0.37012,0.3705,0.02,0.02
2012.02.29 05:45:11.453,0.37016,0.37052,0.02,0.02
2012.02.29 05:45:11.545,0.37018,0.37057,0.02,0.04
2012.02.29 05:45:12.211,0.37017,0.37055,0.02,0.03
2012.02.29 05:45:17.213,0.37019,0.37056,0.02,0.02
2012.02.29 05:45:21.965,0.37021,0.37059,0.02,0.02
2012.02.29 05:45:35.539,0.3702,0.37055,0.02,0.02
2012.02.29 05:45:45.230,0.37013,0.37048,0.05,0.02
2012.02.29 05:45:45.766,0.37012,0.37048,0.02,0.02
2012.02.29 05:45:47.815,0.37008,0.37045,0.02,0.02
2012.02.29 05:45:48.137,0.37005,0.37041,0.02,0.02
2012.02.29 05:45:52.829,0.37001,0.37036,0.02,0.02
2012.02.29 05:45:52.896,0.37004,0.37039,0.02,0.02
2012.02.29 05:45:55.418,0.37002,0.37037,0.02,0.02
2012.02.29 05:45:55.884,0.36998,0.37035,0.02,0.02
2012.02.29 05:45:56.227,0.36997,0.37033,0.02,0.02
2012.02.29 05:45:56.825,0.36997,0.37034,0.03,0.02
2012.02.29 05:45:56.885,0.36998,0.37037,0.02,0.02
2012.02.29 05:45:57.954,0.36996,0.37033,0.03,0.02
2012.02.29 05:45:59.685,0.36997,0.37036,0.03,0.04
2012.02.29 05:46:00.265,0.37002,0.37037,0.02,0.03
2012.02.29 05:46:03.323,0.37004,0.37041,0.04,0.02
2012.02.29 05:46:04.292,0.37006,0.37045,0.02,0.02
2012.02.29 05:46:04.965,0.3701,0.37049,0.02,0.03
2012.02.29 05:46:09.955,0.37006,0.37042,0.02,0.02
2012.02.29 05:46:10.460,0.37009,0.37045,0.02,0.02
2012.02.29 05:46:10.780,0.3701,0.37049,0.02,0.02
2012.02.29 05:46:11.035,0.37013,0.37051,0.03,0.02
2012.02.29 05:46:11.596,0.37011,0.37047,0.02,0.02
2012.02.29 05:46:18.068,0.37008,0.37046,0.02,0.02
2012.02.29 05:46:18.399,0.37007,0.37042,0.02,0.02
2012.02.29 05:46:19.158,0.37003,0.37041,0.03,0.02
2012.02.29 05:46:19.588,0.37003,0.37039,0.02,0.02
2012.02.29 05:46:20.577,0.36998,0.37037,0.02,0.02
2012.02.29 05:46:22.885,0.36996,0.37035,0.02,0.02
2012.02.29 05:46:23.087,0.36995,0.37033,0.02,0.02
2012.02.29 05:46:23.606,0.36995,0.37032,0.03,0.02
2012.02.29 05:46:24.006,0.36997,0.37036,0.02,0.02
2012.02.29 05:46:24.622,0.37,0.37038,0.02,0.02
2012.02.29 05:46:26.448,0.36998,0.37035,0.02,0.02
2012.02.29 05:46:33.347,0.36996,0.37034,0.02,0.03
2012.02.29 05:46:35.185,0.36995,0.3703,0.02,0.02
2012.02.29 05:46:36.098,0.36992,0.37029,0.02,0.02
2012.02.29 05:46:36.156,0.36993,0.37031,0.02,0.02
2012.02.29 05:46:37.835,0.36992,0.37029,0.02,0.02
2012.02.29 05:46:38.964,0.3699,0.37028,0.02,0.02
2012.02.29 05:46:39.403,0.36988,0.37023,0.02,0.02
2012.02.29 05:46:47.274,0.3699,0.37026,0.02,0.02
2012.02.29 05:46:48.661,0.36986,0.37022,0.02,0.02
2012.02.29 05:46:49.146,0.36987,0.37024,0.03,0.02
2012.02.29 05:46:52.645,0.36986,0.37023,0.02,0.02
2012.02.29 05:46:52.757,0.36984,0.37022,0.02,0.02
2012.02.29 05:46:54.833,0.36983,0.3702,0.02,0.02
2012.02.29 05:46:56.736,0.36985,0.37022,0.02,0.02
2012.02.29 05:46:57.218,0.36983,0.3702,0.02,0.02
2012.02.29 05:47:00.577,0.36981,0.37017,0.02,0.02
2012.02.29 05:47:01.119,0.36979,0.37017,0.02,0.04
2012.02.29 05:47:01.448,0.36977,0.37013,0.02,0.02
2012.02.29 05:47:02.105,0.36978,0.37016,0.02,0.02
2012.02.29 05:47:03.114,0.36975,0.37013,0.02,0.02
2012.02.29 05:47:07.096,0.36977,0.37015,0.02,0.02
2012.02.29 05:47:08.297,0.3698,0.37017,0.02,0.02
2012.02.29 05:47:09.286,0.36979,0.37016,0.02,0.03
2012.02.29 05:47:09.814,0.36982,0.37021,0.02,0.02
2012.02.29 05:47:10.194,0.36978,0.37015,0.02,0.02
2012.02.29 05:47:13.191,0.36973,0.37011,0.03,0.02
2012.02.29 05:47:13.396,0.36975,0.37011,0.02,0.02
2012.02.29 05:47:15.125,0.36977,0.37016,0.02,0.07
2012.02.29 05:47:15.185,0.36975,0.37014,0.02,0.02
2012.02.29 05:47:16.153,0.36974,0.37011,0.02,0.02
2012.02.29 05:47:21.542,0.36971,0.37009,0.02,0.02
2012.02.29 05:47:28.745,0.36973,0.3701,0.02,0.02
2012.02.29 05:47:37.111,0.36974,0.37012,0.02,0.02
2012.02.29 05:47:37.235,0.36978,0.37015,0.02,0.02
2012.02.29 05:47:38.504,0.36976,0.37013,0.02,0.02
2012.02.29 05:47:43.117,0.3698,0.37017,0.02,0.02
2012.02.29 05:47:44.594,0.36977,0.37015,0.02,0.02
2012.02.29 05:47:47.205,0.36978,0.37017,0.02,0.02
2012.02.29 05:47:51.127,0.36978,0.37016,0.02,0.02
2012.02.29 05:47:57.315,0.36976,0.37014,0.02,0.02
2012.02.29 05:48:01.223,0.36977,0.37016,0.02,0.02
2012.02.29 05:48:02.203,0.36977,0.37014,0.02,0.02
2012.02.29 05:48:06.145,0.36981,0.37018,0.02,0.02
2012.02.29 05:48:08.105,0.36981,0.3702,0.02,0.02
2012.02.29 05:48:18.205,0.36983,0.37022,0.02,0.02
2012.02.29 05:48:18.584,0.36985,0.37024,0.02,0.02
2012.02.29 05:48:19.039,0.36988,0.37025,0.03,0.02
2012.02.29 05:48:21.915,0.36986,0.37023,0.03,0.02
2012.02.29 05:48:22.355,0.36986,0.37022,0.02,0.02
2012.02.29 05:48:32.666,0.36987,0.37025,0.02,0.02
2012.02.29 05:48:35.862,0.36994,0.37025,0.02,0.02
2012.02.29 05:48:36.155,0.37004,0.37042,0.03,0.02
2012.02.29 05:48:36.733,0.37004,0.37043,0.03,0.02
2012.02.29 05:48:43.625,0.37004,0.3704,0.02,0.02
2012.02.29 05:48:50.974,0.37,0.37038,0.03,0.02
2012.02.29 05:48:57.265,0.37002,0.3704,0.02,0.02
2012.02.29 05:48:58.143,0.37001,0.37037,0.02,0.02
2012.02.29 05:48:58.522,0.37005,0.37042,0.02,0.02
2012.02.29 05:49:06.146,0.37001,0.3704,0.03,0.02
2012.02.29 05:49:07.296,0.37007,0.37044,0.02,0.02
2012.02.29 05:49:07.788,0.37008,0.37047,0.02,0.02
2012.02.29 05:49:10.835,0.37015,0.37052,0.02,0.02
2012.02.29 05:49:11.665,0.37017,0.37055,0.02,0.02
2012.02.29 05:49:11.826,0.37016,0.37053,0.02,0.02
2012.02.29 05:49:12.391,0.37018,0.37055,0.02,0.02
2012.02.29 05:49:13.198,0.37016,0.37052,0.02,0.02
2012.02.29 05:49:13.525,0.37016,0.37055,0.03,0.02
2012.02.29 05:49:23.093,0.37016,0.37054,0.02,0.02
2012.02.29 05:49:31.509,0.37013,0.37052,0.03,0.02
2012.02.29 05:49:32.599,0.37011,0.3705,0.03,0.02
2012.02.29 05:49:34.100,0.3701,0.37047,0.02,0.02
2012.02.29 05:49:35.332,0.3701,0.37046,0.02,0.02
2012.02.29 05:49:35.519,0.37008,0.37046,0.02,0.02
2012.02.29 05:49:37.286,0.3701,0.37047,0.02,0.02
2012.02.29 05:49:47.321,0.37011,0.3705,0.02,0.02
2012.02.29 05:49:48.273,0.37012,0.37049,0.02,0.02
2012.02.29 05:49:49.445,0.37007,0.37044,0.02,0.02
2012.02.29 05:49:56.869,0.37004,0.37043,0.02,0.02
2012.02.29 05:49:57.817,0.37003,0.37041,0.02,0.02
2012.02.29 05:49:58.651,0.37001,0.3704,0.02,0.02
2012.02.29 05:50:00.528,0.36999,0.37038,0.03,0.02
2012.02.29 05:50:00.948,0.36999,0.37037,0.02,0.02
2012.02.29 05:50:01.356,0.36995,0.37034,0.02,0.02
2012.02.29 05:50:03.407,0.36993,0.37032,0.02,0.02
2012.02.29 05:50:04.017,0.36993,0.3703,0.02,0.02
2012.02.29 05:50:06.082,0.36989,0.37028,0.02,0.02
2012.02.29 05:50:07.304,0.36992,0.3703,0.02,0.02
2012.02.29 05:50:08.739,0.36996,0.37034,0.02,0.02
2012.02.29 05:50:09.629,0.36998,0.37036,0.02,0.08
2012.02.29 05:50:09.687,0.36998,0.37036,0.02,0.05
2012.02.29 05:50:10.176,0.37002,0.37039,0.02,0.04
2012.02.29 05:50:11.176,0.37002,0.37038,0.02,0.02
2012.02.29 05:50:11.653,0.37003,0.37041,0.02,0.02
2012.02.29 05:50:19.667,0.37006,0.37043,0.02,0.02
2012.02.29 05:50:25.270,0.37004,0.37041,0.02,0.02
2012.02.29 05:50:37.906,0.37004,0.37043,0.02,0.02
2012.02.29 05:50:40.505,0.37,0.37039,0.02,0.02
2012.02.29 05:50:47.377,0.37001,0.37039,0.02,0.02
2012.02.29 05:50:55.210,0.37,0.37037,0.02,0.02
2012.02.29 05:50:56.584,0.36998,0.37035,0.02,0.02
2012.02.29 05:50:58.045,0.36995,0.37034,0.02,0.02
2012.02.29 05:50:59.208,0.36999,0.37037,0.02,0.06
2012.02.29 05:51:07.615,0.37004,0.37041,0.02,0.02
2012.02.29 05:51:09.327,0.37005,0.37044,0.02,0.02
2012.02.29 05:51:10.115,0.37003,0.37042,0.03,0.02
2012.02.29 05:51:10.946,0.37002,0.37039,0.03,0.02
2012.02.29 05:51:11.311,0.36999,0.37036,0.02,0.02
2012.02.29 05:51:27.252,0.36996,0.37034,0.02,0.02
2012.02.29 05:51:29.392,0.36998,0.37035,0.02,0.02
2012.02.29 05:51:31.212,0.36996,0.37033,0.02,0.02
2012.02.29 05:51:33.580,0.36994,0.3703,0.02,0.02
2012.02.29 05:51:34.010,0.36993,0.37029,0.02,0.02
2012.02.29 05:51:37.555,0.36988,0.37026,0.03,0.02
2012.02.29 05:51:45.656,0.36991,0.37028,0.02,0.02
2012.02.29 05:51:45.715,0.36992,0.3703,0.02,0.02
2012.02.29 05:51:46.937,0.36997,0.37034,0.02,0.02
2012.02.29 05:51:48.855,0.36994,0.37033,0.02,0.02
2012.02.29 05:51:49.917,0.36996,0.37035,0.02,0.02
2012.02.29 05:51:50.727,0.36994,0.37033,0.02,0.02
2012.02.29 05:52:02.538,0.37,0.37037,0.02,0.02
2012.02.29 05:52:02.840,0.36999,0.37036,0.02,0.02
2012.02.29 05:52:04.622,0.36997,0.37035,0.02,0.02
2012.02.29 05:52:05.332,0.36996,0.37035,0.02,0.02
2012.02.29 05:52:08.917,0.36994,0.3703,0.02,0.02
2012.02.29 05:52:10.835,0.36991,0.37029,0.02,0.03
2012.02.29 05:52:35.065,0.36992,0.37031,0.02,0.02
2012.02.29 05:52:35.546,0.36994,0.37033,0.02,0.02
2012.02.29 05:52:37.067,0.37,0.37038,0.02,0.02
2012.02.29 05:52:38.157,0.37002,0.3704,0.02,0.02
2012.02.29 05:52:45.415,0.37007,0.37045,0.02,0.03
2012.02.29 05:52:51.046,0.37005,0.37043,0.02,0.02
2012.02.29 05:53:00.306,0.37004,0.3704,0.02,0.02
2012.02.29 05:53:05.268,0.37001,0.37039,0.02,0.02
2012.02.29 05:53:06.738,0.37003,0.37041,0.02,0.02
2012.02.29 05:53:07.755,0.36998,0.37036,0.03,0.04
2012.02.29 05:53:10.428,0.36997,0.37035,0.02,0.03
2012.02.29 05:53:14.157,0.36998,0.37036,0.02,0.02
2012.02.29 05:53:15.017,0.36998,0.37036,0.02,0.02
2012.02.29 05:53:16.336,0.36997,0.37033,0.02,0.02
2012.02.29 05:53:32.060,0.3699,0.37028,0.02,0.02
2012.02.29 05:53:49.648,0.36988,0.37025,0.02,0.02
2012.02.29 05:53:54.940,0.36989,0.37026,0.03,0.02
2012.02.29 05:54:01.127,0.36992,0.37029,0.02,0.02
2012.02.29 05:54:08.965,0.36991,0.37028,0.02,0.02
2012.02.29 05:54:14.033,0.36994,0.37033,0.02,0.02
2012.02.29 05:54:14.858,0.36995,0.37032,0.02,0.02
2012.02.29 05:54:15.021,0.36992,0.37031,0.03,0.03
2012.02.29 05:54:20.836,0.3699,0.37028,0.02,0.02
2012.02.29 05:54:40.046,0.36984,0.37022,0.03,0.02
2012.02.29 05:54:40.618,0.36978,0.37014,0.05,0.02
2012.02.29 05:54:47.438,0.36974,0.37012,0.03,0.02
2012.02.29 05:54:49.374,0.36979,0.37016,0.02,0.02
2012.02.29 05:54:49.719,0.36982,0.37019,0.02,0.02
2012.02.29 05:54:50.796,0.36977,0.37015,0.02,0.02
2012.02.29 05:54:50.919,0.3698,0.37016,0.02,0.02
2012.02.29 05:54:51.393,0.36982,0.37018,0.02,0.02
2012.02.29 05:54:54.390,0.3698,0.37016,0.02,0.02
2012.02.29 05:54:59.020,0.36981,0.37018,0.02,0.02
2012.02.29 05:55:04.579,0.36982,0.3702,0.02,0.02
2012.02.29 05:55:04.696,0.36986,0.37023,0.02,0.02
2012.02.29 05:55:10.301,0.36985,0.37021,0.02,0.02
2012.02.29 05:55:23.659,0.36986,0.37023,0.02,0.02
2012.02.29 05:55:25.303,0.36987,0.37026,0.02,0.02
2012.02.29 05:55:25.369,0.36991,0.37028,0.02,0.02
2012.02.29 05:55:26.793,0.36993,0.37031,0.02,0.02
2012.02.29 05:55:26.977,0.36992,0.37029,0.02,0.02
2012.02.29 05:55:29.579,0.3699,0.37028,0.02,0.03
2012.02.29 05:55:30.409,0.36992,0.37029,0.02,0.02
2012.02.29 05:55:31.526,0.3699,0.37027,0.03,0.02
2012.02.29 05:55:32.259,0.36991,0.3703,0.03,0.02
2012.02.29 05:55:37.430,0.36996,0.37033,0.02,0.02
2012.02.29 05:55:39.867,0.36999,0.37037,0.02,0.03
2012.02.29 05:55:40.692,0.36998,0.37033,0.02,0.02
2012.02.29 05:55:43.290,0.36995,0.37033,0.02,0.02
2012.02.29 05:55:47.015,0.36988,0.37023,0.02,0.02
2012.02.29 05:55:47.518,0.36988,0.37026,0.03,0.02
2012.02.29 05:55:48.711,0.36987,0.37025,0.02,0.02
2012.02.29 05:55:48.836,0.36985,0.37021,0.02,0.02
2012.02.29 05:55:49.778,0.36986,0.37024,0.02,0.02
2012.02.29 05:55:50.406,0.36988,0.37025,0.02,0.02
2012.02.29 05:55:50.887,0.36994,0.37029,0.02,0.02
2012.02.29 05:55:50.947,0.36996,0.37033,0.02,0.02
2012.02.29 05:55:51.868,0.36995,0.3703,0.02,0.02
2012.02.29 05:55:52.419,0.36992,0.3703,0.02,0.02
2012.02.29 05:55:53.950,0.36994,0.37031,0.02,0.02
2012.02.29 05:55:54.302,0.36992,0.37028,0.02,0.02
2012.02.29 05:55:56.806,0.36994,0.37031,0.02,0.02
2012.02.29 05:55:59.186,0.36998,0.37036,0.02,0.04
2012.02.29 05:55:59.310,0.36996,0.37033,0.02,0.02
2012.02.29 05:56:00.276,0.36998,0.37036,0.02,0.02
2012.02.29 05:56:00.987,0.36999,0.37037,0.02,0.02
2012.02.29 05:56:03.984,0.36999,0.37035,0.02,0.02
2012.02.29 05:56:10.324,0.36999,0.37038,0.02,0.03
2012.02.29 05:56:10.980,0.37002,0.37038,0.02,0.02
2012.02.29 05:56:21.362,0.37005,0.3704,0.02,0.02
2012.02.29 05:56:21.486,0.37006,0.37043,0.02,0.02
2012.02.29 05:56:21.696,0.37003,0.3704,0.03,0.02
2012.02.29 05:56:22.719,0.36997,0.37033,0.02,0.02
2012.02.29 05:56:25.298,0.37,0.3704,0.02,0.03
2012.02.29 05:56:25.427,0.36999,0.37038,0.02,0.02
2012.02.29 05:56:31.287,0.37001,0.3704,0.03,0.02
2012.02.29 05:56:35.446,0.3701,0.37048,0.02,0.03
2012.02.29 05:56:40.035,0.37009,0.37045,0.02,0.02
2012.02.29 05:56:40.377,0.37022,0.3706,0.02,0.06
2012.02.29 05:56:40.739,0.37026,0.37062,0.02,0.04
2012.02.29 05:56:41.086,0.37023,0.3706,0.02,0.06
2012.02.29 05:56:41.866,0.37027,0.37064,0.02,0.02
2012.02.29 05:56:42.309,0.37024,0.37062,0.02,0.02
2012.02.29 05:56:42.870,0.37021,0.3706,0.02,0.03
2012.02.29 05:56:43.380,0.37021,0.37058,0.03,0.02
2012.02.29 05:56:44.048,0.37023,0.3706,0.02,0.02
2012.02.29 05:56:44.538,0.37024,0.37062,0.02,0.02
2012.02.29 05:56:45.030,0.37022,0.37058,0.02,0.02
2012.02.29 05:56:49.587,0.37018,0.37056,0.03,0.02
2012.02.29 05:56:54.536,0.3702,0.37056,0.02,0.02
2012.02.29 05:56:54.657,0.37024,0.37059,0.02,0.02
2012.02.29 05:56:59.920,0.37025,0.37062,0.02,0.02
2012.02.29 05:57:07.427,0.37026,0.37064,0.02,0.02
2012.02.29 05:57:08.658,0.3703,0.37066,0.02,0.02
2012.02.29 05:57:09.686,0.37028,0.37063,0.02,0.02
2012.02.29 05:57:13.111,0.3703,0.37065,0.02,0.02
2012.02.29 05:57:14.587,0.37032,0.37069,0.02,0.02
2012.02.29 05:57:14.648,0.37031,0.37066,0.02,0.02
2012.02.29 05:57:16.806,0.37029,0.37068,0.02,0.02
2012.02.29 05:57:17.807,0.37034,0.37069,0.02,0.02
2012.02.29 05:57:18.851,0.37031,0.37067,0.02,0.02
2012.02.29 05:57:19.616,0.37031,0.3707,0.02,0.02
2012.02.29 05:57:19.718,0.37034,0.37072,0.02,0.03
2012.02.29 05:57:20.405,0.37031,0.37069,0.02,0.02
2012.02.29 05:57:20.969,0.37035,0.3707,0.02,0.02
2012.02.29 05:57:23.906,0.37041,0.37078,0.02,0.02
2012.02.29 05:57:24.379,0.37041,0.37076,0.02,0.02
2012.02.29 05:57:24.698,0.37048,0.37085,0.03,0.02
2012.02.29 05:57:26.298,0.3705,0.37088,0.02,0.02
2012.02.29 05:57:26.904,0.37047,0.37085,0.02,0.02
2012.02.29 05:57:28.382,0.3705,0.37088,0.02,0.02
2012.02.29 05:57:29.077,0.37049,0.37085,0.02,0.02
2012.02.29 05:57:33.653,0.37052,0.37089,0.02,0.02
2012.02.29 05:57:34.027,0.37055,0.37093,0.02,0.02
2012.02.29 05:57:34.245,0.37063,0.37099,0.02,0.06
2012.02.29 05:57:34.546,0.3706,0.37098,0.02,0.02
2012.02.29 05:57:42.928,0.37063,0.37099,0.05,0.02
2012.02.29 05:57:43.272,0.37065,0.37103,0.02,0.02
2012.02.29 05:57:43.589,0.37069,0.37105,0.02,0.02
2012.02.29 05:57:46.280,0.37067,0.37105,0.02,0.02
2012.02.29 05:57:47.809,0.37065,0.37103,0.02,0.02
2012.02.29 05:57:48.274,0.37061,0.37097,0.02,0.02
2012.02.29 05:57:48.637,0.37061,0.371,0.02,0.02
2012.02.29 05:57:48.697,0.37064,0.371,0.02,0.02
2012.02.29 05:57:49.253,0.37063,0.37098,0.02,0.02
2012.02.29 05:57:49.496,0.3706,0.37096,0.02,0.02
2012.02.29 05:57:49.686,0.37062,0.371,0.02,0.02
2012.02.29 05:57:51.780,0.3706,0.37099,0.02,0.02
2012.02.29 05:57:51.970,0.3706,0.37096,0.02,0.02
2012.02.29 05:57:52.578,0.37055,0.37094,0.02,0.02
2012.02.29 05:57:55.378,0.37058,0.37096,0.02,0.02
2012.02.29 05:57:58.927,0.37062,0.37097,0.02,0.02
2012.02.29 05:57:59.447,0.37066,0.37103,0.02,0.02
2012.02.29 05:57:59.757,0.37065,0.37101,0.02,0.02
2012.02.29 05:58:01.546,0.37063,0.37098,0.03,0.02
2012.02.29 05:58:03.275,0.37063,0.37098,0.02,0.02
2012.02.29 05:58:04.206,0.37064,0.371,0.02,0.02
2012.02.29 05:58:04.748,0.37067,0.37104,0.02,0.02
2012.02.29 05:58:05.310,0.37068,0.37106,0.02,0.02
2012.02.29 05:58:08.908,0.37068,0.37104,0.02,0.02
2012.02.29 05:58:10.044,0.37071,0.37109,0.02,0.02
2012.02.29 05:58:11.152,0.37071,0.37108,0.02,0.02
2012.02.29 05:58:11.880,0.37068,0.37104,0.02,0.02
2012.02.29 05:58:15.383,0.3707,0.37107,0.02,0.02
2012.02.29 05:58:17.776,0.37075,0.37116,0.03,0.02
2012.02.29 05:58:17.840,0.37082,0.37117,0.02,0.04
2012.02.29 05:58:19.379,0.37085,0.37122,0.02,0.02
2012.02.29 05:58:20.084,0.37083,0.3712,0.03,0.02
2012.02.29 05:58:20.633,0.37084,0.37122,0.02,0.02
2012.02.29 05:58:21.240,0.37084,0.3712,0.03,0.02
2012.02.29 05:58:23.119,0.37085,0.37122,0.02,0.02
2012.02.29 05:58:23.436,0.37084,0.3712,0.02,0.02
2012.02.29 05:58:24.479,0.37085,0.37122,0.02,0.02
2012.02.29 05:58:25.831,0.37083,0.37121,0.03,0.02
2012.02.29 05:58:27.349,0.37084,0.37116,0.03,0.02
2012.02.29 05:58:27.407,0.37084,0.37116,0.03,0.02
2012.02.29 05:58:27.466,0.37078,0.37116,0.02,0.02
2012.02.29 05:58:27.587,0.37077,0.37112,0.05,0.02
2012.02.29 05:58:28.449,0.37076,0.37112,0.02,0.02
2012.02.29 05:58:28.566,0.37073,0.37111,0.03,0.02
2012.02.29 05:58:30.693,0.37078,0.37113,0.02,0.02
2012.02.29 05:58:34.826,0.37076,0.37112,0.02,0.02
2012.02.29 05:58:40.217,0.37073,0.37111,0.02,0.02
2012.02.29 05:58:43.046,0.37071,0.37108,0.02,0.02
2012.02.29 05:58:46.576,0.37069,0.37107,0.02,0.02
2012.02.29 05:58:47.566,0.37073,0.37109,0.02,0.02
2012.02.29 05:58:47.675,0.37075,0.37111,0.02,0.02
2012.02.29 05:58:48.737,0.37076,0.37114,0.02,0.02
2012.02.29 05:58:54.158,0.37075,0.37111,0.02,0.02
2012.02.29 05:58:57.937,0.37073,0.37109,0.02,0.02
2012.02.29 05:59:01.240,0.37076,0.37112,0.02,0.02
2012.02.29 05:59:09.667,0.37073,0.37111,0.02,0.02
2012.02.29 05:59:12.877,0.37072,0.37108,0.02,0.02
2012.02.29 05:59:14.854,0.37071,0.37107,0.02,0.02
2012.02.29 05:59:26.281,0.37073,0.37109,0.02,0.02
2012.02.29 05:59:26.942,0.37069,0.37108,0.02,0.02
2012.02.29 05:59:35.496,0.37073,0.37109,0.02,0.02
2012.02.29 05:59:39.471,0.37071,0.37108,0.02,0.02
2012.02.29 05:59:51.298,0.37072,0.3711,0.02,0.02
2012.02.29 05:59:52.737,0.37072,0.37108,0.02,0.02
2012.02.29 05:59:53.182,0.37073,0.37111,0.02,0.03
2012.02.29 05:59:55.176,0.37072,0.37108,0.02,0.02
